version,series,date,equity
V2,BH,2019-03-01,10017.90
V2,BH,2019-03-02,10009.86
V2,BH,2019-03-03,9977.94
V2,BH,2019-03-04,9735.68
V2,BH,2019-03-05,10108.91
V2,BH,2019-03-06,10119.68
V2,BH,2019-03-07,10150.60
V2,BH,2019-03-08,10127.67
V2,BH,2019-03-09,10332.46
V2,BH,2019-03-10,10263.75
V2,BH,2019-03-11,10145.28
V2,BH,2019-03-12,10174.42
V2,BH,2019-03-13,10130.58
V2,BH,2019-03-14,10159.72
V2,BH,2019-03-15,10281.94
V2,BH,2019-03-16,10497.39
V2,BH,2019-03-17,10432.30
V2,BH,2019-03-18,10449.78
V2,BH,2019-03-19,10522.41
V2,BH,2019-03-20,10594.50
V2,BH,2019-03-21,10430.99
V2,BH,2019-03-22,10447.47
V2,BH,2019-03-23,10497.47
V2,BH,2019-03-24,10461.23
V2,BH,2019-03-25,10314.33
V2,BH,2019-03-26,10346.90
V2,BH,2019-03-27,10581.43
V2,BH,2019-03-28,10554.59
V2,BH,2019-03-29,10752.28
V2,BH,2019-03-30,10762.03
V2,BH,2019-03-31,10754.11
V2,BH,2019-04-01,10860.53
V2,BH,2019-04-02,12728.19
V2,BH,2019-04-03,12925.53
V2,BH,2019-04-04,12836.59
V2,BH,2019-04-05,13115.12
V2,BH,2019-04-06,13217.16
V2,BH,2019-04-07,13548.33
V2,BH,2019-04-08,13722.93
V2,BH,2019-04-09,13495.21
V2,BH,2019-04-10,13909.90
V2,BH,2019-04-11,13147.67
V2,BH,2019-04-12,13227.96
V2,BH,2019-04-13,13220.64
V2,BH,2019-04-14,13446.21
V2,BH,2019-04-15,13167.53
V2,BH,2019-04-16,13557.37
V2,BH,2019-04-17,13633.62
V2,BH,2019-04-18,13779.37
V2,BH,2019-04-19,13780.00
V2,BH,2019-04-20,13866.61
V2,BH,2019-04-21,13773.35
V2,BH,2019-04-22,14038.01
V2,BH,2019-04-23,14394.83
V2,BH,2019-04-24,14189.63
V2,BH,2019-04-25,13678.38
V2,BH,2019-04-26,13925.23
V2,BH,2019-04-27,13876.98
V2,BH,2019-04-28,13907.98
V2,BH,2019-04-29,13726.18
V2,BH,2019-04-30,13942.81
V2,BH,2019-05-01,14106.30
V2,BH,2019-05-02,14393.68
V2,BH,2019-05-03,15126.93
V2,BH,2019-05-04,15275.66
V2,BH,2019-05-05,15134.61
V2,BH,2019-05-06,15061.68
V2,BH,2019-05-07,15319.92
V2,BH,2019-05-08,15689.27
V2,BH,2019-05-09,16270.72
V2,BH,2019-05-10,16700.86
V2,BH,2019-05-11,18542.74
V2,BH,2019-05-12,18257.35
V2,BH,2019-05-13,20415.01
V2,BH,2019-05-14,20826.02
V2,BH,2019-05-15,21408.57
V2,BH,2019-05-16,20613.85
V2,BH,2019-05-17,19273.94
V2,BH,2019-05-18,19017.64
V2,BH,2019-05-19,21352.52
V2,BH,2019-05-20,20801.36
V2,BH,2019-05-21,20714.16
V2,BH,2019-05-22,19989.76
V2,BH,2019-05-23,20574.33
V2,BH,2019-05-24,20871.38
V2,BH,2019-05-25,21030.02
V2,BH,2019-05-26,22573.51
V2,BH,2019-05-27,22945.32
V2,BH,2019-05-28,22838.72
V2,BH,2019-05-29,22655.40
V2,BH,2019-05-30,21669.75
V2,BH,2019-05-31,22417.78
V2,BH,2019-06-01,22389.13
V2,BH,2019-06-02,22865.82
V2,BH,2019-06-03,21266.94
V2,BH,2019-06-04,20143.32
V2,BH,2019-06-05,20377.77
V2,BH,2019-06-06,20404.50
V2,BH,2019-06-07,20912.42
V2,BH,2019-06-08,20684.68
V2,BH,2019-06-09,19988.98
V2,BH,2019-06-10,20918.23
V2,BH,2019-06-11,20661.83
V2,BH,2019-06-12,21297.91
V2,BH,2019-06-13,21536.11
V2,BH,2019-06-14,22666.72
V2,BH,2019-06-15,23082.58
V2,BH,2019-06-16,23461.57
V2,BH,2019-06-17,24406.58
V2,BH,2019-06-18,23797.56
V2,BH,2019-06-19,24253.36
V2,BH,2019-06-20,24938.94
V2,BH,2019-06-21,26623.20
V2,BH,2019-06-22,28115.90
V2,BH,2019-06-23,28578.59
V2,BH,2019-06-24,28973.02
V2,BH,2019-06-25,30975.73
V2,BH,2019-06-26,34311.38
V2,BH,2019-06-27,29689.44
V2,BH,2019-06-28,32494.98
V2,BH,2019-06-29,31191.31
V2,BH,2019-06-30,28442.41
V2,BH,2019-07-01,27841.88
V2,BH,2019-07-02,28412.93
V2,BH,2019-07-03,31287.93
V2,BH,2019-07-04,29206.44
V2,BH,2019-07-05,28748.03
V2,BH,2019-07-06,29496.84
V2,BH,2019-07-07,29889.25
V2,BH,2019-07-08,32070.39
V2,BH,2019-07-09,32869.12
V2,BH,2019-07-10,31729.13
V2,BH,2019-07-11,29723.25
V2,BH,2019-07-12,30808.97
V2,BH,2019-07-13,29756.97
V2,BH,2019-07-14,26660.72
V2,BH,2019-07-15,28402.10
V2,BH,2019-07-16,24735.78
V2,BH,2019-07-17,25334.10
V2,BH,2019-07-18,27847.73
V2,BH,2019-07-19,27525.75
V2,BH,2019-07-20,28144.02
V2,BH,2019-07-21,27748.91
V2,BH,2019-07-22,27096.05
V2,BH,2019-07-23,25850.30
V2,BH,2019-07-24,25583.99
V2,BH,2019-07-25,25889.50
V2,BH,2019-07-26,25743.10
V2,BH,2019-07-27,24832.55
V2,BH,2019-07-28,25002.93
V2,BH,2019-07-29,24914.10
V2,BH,2019-07-30,25088.54
V2,BH,2019-07-31,26415.32
V2,BH,2019-08-01,27186.93
V2,BH,2019-08-02,27576.75
V2,BH,2019-08-03,28344.82
V2,BH,2019-08-04,28639.28
V2,BH,2019-08-05,30996.54
V2,BH,2019-08-06,30086.96
V2,BH,2019-08-07,31379.72
V2,BH,2019-08-08,31444.55
V2,BH,2019-08-09,31130.68
V2,BH,2019-08-10,29635.25
V2,BH,2019-08-11,30265.88
V2,BH,2019-08-12,29862.63
V2,BH,2019-08-13,28543.58
V2,BH,2019-08-14,26336.29
V2,BH,2019-08-15,26974.52
V2,BH,2019-08-16,27073.07
V2,BH,2019-08-17,26770.36
V2,BH,2019-08-18,27008.19
V2,BH,2019-08-19,28603.40
V2,BH,2019-08-20,28197.16
V2,BH,2019-08-21,26577.89
V2,BH,2019-08-22,26466.03
V2,BH,2019-08-23,27225.08
V2,BH,2019-08-24,26556.35
V2,BH,2019-08-25,26578.21
V2,BH,2019-08-26,27179.75
V2,BH,2019-08-27,26689.21
V2,BH,2019-08-28,25473.20
V2,BH,2019-08-29,24889.99
V2,BH,2019-08-30,25115.61
V2,BH,2019-08-31,25123.29
V2,BH,2019-09-01,25483.63
V2,BH,2019-09-02,27095.24
V2,BH,2019-09-03,27816.59
V2,BH,2019-09-04,27690.13
V2,BH,2019-09-05,27683.50
V2,BH,2019-09-06,26987.10
V2,BH,2019-09-07,27398.90
V2,BH,2019-09-08,27203.15
V2,BH,2019-09-09,26998.60
V2,BH,2019-09-10,26461.49
V2,BH,2019-09-11,26619.19
V2,BH,2019-09-12,27291.80
V2,BH,2019-09-13,27100.64
V2,BH,2019-09-14,27082.19
V2,BH,2019-09-15,26995.69
V2,BH,2019-09-16,26862.84
V2,BH,2019-09-17,26696.47
V2,BH,2019-09-18,26615.68
V2,BH,2019-09-19,26844.44
V2,BH,2019-09-20,26646.07
V2,BH,2019-09-21,26168.63
V2,BH,2019-09-22,26279.95
V2,BH,2019-09-23,25424.06
V2,BH,2019-09-24,22255.68
V2,BH,2019-09-25,22090.35
V2,BH,2019-09-26,21130.44
V2,BH,2019-09-27,21429.64
V2,BH,2019-09-28,21484.40
V2,BH,2019-09-29,21078.26
V2,BH,2019-09-30,21721.63
V2,BH,2019-10-01,21729.76
V2,BH,2019-10-02,21906.63
V2,BH,2019-10-03,21550.31
V2,BH,2019-10-04,21322.78
V2,BH,2019-10-05,21294.11
V2,BH,2019-10-06,20581.51
V2,BH,2019-10-07,21461.55
V2,BH,2019-10-08,21404.69
V2,BH,2019-10-09,22432.82
V2,BH,2019-10-10,22425.72
V2,BH,2019-10-11,21640.82
V2,BH,2019-10-12,21749.80
V2,BH,2019-10-13,21684.08
V2,BH,2019-10-14,21875.87
V2,BH,2019-10-15,21380.85
V2,BH,2019-10-16,20941.79
V2,BH,2019-10-17,21148.39
V2,BH,2019-10-18,20824.58
V2,BH,2019-10-19,20827.20
V2,BH,2019-10-20,21548.71
V2,BH,2019-10-21,21480.37
V2,BH,2019-10-22,21015.85
V2,BH,2019-10-23,19565.75
V2,BH,2019-10-24,19423.70
V2,BH,2019-10-25,22679.87
V2,BH,2019-10-26,24186.57
V2,BH,2019-10-27,24972.51
V2,BH,2019-10-28,24121.42
V2,BH,2019-10-29,24652.01
V2,BH,2019-10-30,23989.30
V2,BH,2019-10-31,23952.95
V2,BH,2019-11-01,24190.78
V2,BH,2019-11-02,24342.53
V2,BH,2019-11-03,24094.09
V2,BH,2019-11-04,24614.61
V2,BH,2019-11-05,24392.69
V2,BH,2019-11-06,24472.32
V2,BH,2019-11-07,24150.40
V2,BH,2019-11-08,22990.94
V2,BH,2019-11-09,23084.44
V2,BH,2019-11-10,23687.30
V2,BH,2019-11-11,22884.92
V2,BH,2019-11-12,23117.27
V2,BH,2019-11-13,22999.83
V2,BH,2019-11-14,22658.02
V2,BH,2019-11-15,22199.57
V2,BH,2019-11-16,22250.12
V2,BH,2019-11-17,22279.94
V2,BH,2019-11-18,21453.90
V2,BH,2019-11-19,21313.63
V2,BH,2019-11-20,21220.27
V2,BH,2019-11-21,19987.96
V2,BH,2019-11-22,19045.89
V2,BH,2019-11-23,19159.45
V2,BH,2019-11-24,18089.56
V2,BH,2019-11-25,18630.13
V2,BH,2019-11-26,18752.16
V2,BH,2019-11-27,19675.55
V2,BH,2019-11-28,19442.25
V2,BH,2019-11-29,20281.29
V2,BH,2019-11-30,19762.99
V2,BH,2019-12-01,19367.31
V2,BH,2019-12-02,19114.15
V2,BH,2019-12-03,19110.03
V2,BH,2019-12-04,18852.21
V2,BH,2019-12-05,19362.35
V2,BH,2019-12-06,19725.21
V2,BH,2019-12-07,19622.33
V2,BH,2019-12-08,19679.71
V2,BH,2019-12-09,19230.39
V2,BH,2019-12-10,18930.32
V2,BH,2019-12-11,18893.30
V2,BH,2019-12-12,18862.06
V2,BH,2019-12-13,19020.34
V2,BH,2019-12-14,18510.85
V2,BH,2019-12-15,18653.76
V2,BH,2019-12-16,18059.27
V2,BH,2019-12-17,17357.25
V2,BH,2019-12-18,19071.04
V2,BH,2019-12-19,18736.86
V2,BH,2019-12-20,18835.20
V2,BH,2019-12-21,18690.87
V2,BH,2019-12-22,19657.00
V2,BH,2019-12-23,19173.92
V2,BH,2019-12-24,19013.23
V2,BH,2019-12-25,18879.23
V2,BH,2019-12-26,18872.33
V2,BH,2019-12-27,19010.54
V2,BH,2019-12-28,19171.43
V2,BH,2019-12-29,19360.36
V2,BH,2019-12-30,18987.63
V2,BH,2019-12-31,18854.59
V2,BH,2020-01-01,18869.32
V2,BH,2020-01-02,18253.15
V2,BH,2020-01-03,19246.95
V2,BH,2020-01-04,19270.93
V2,BH,2020-01-05,19283.09
V2,BH,2020-01-06,20329.29
V2,BH,2020-01-07,21344.13
V2,BH,2020-01-08,21110.13
V2,BH,2020-01-09,20485.89
V2,BH,2020-01-10,21479.71
V2,BH,2020-01-11,21015.87
V2,BH,2020-01-12,21448.16
V2,BH,2020-01-13,21252.58
V2,BH,2020-01-14,23086.01
V2,BH,2020-01-15,23115.88
V2,BH,2020-01-16,22850.17
V2,BH,2020-01-17,23356.62
V2,BH,2020-01-18,23363.65
V2,BH,2020-01-19,22802.19
V2,BH,2020-01-20,22646.67
V2,BH,2020-01-21,22892.15
V2,BH,2020-01-22,22751.51
V2,BH,2020-01-23,22023.45
V2,BH,2020-01-24,22113.81
V2,BH,2020-01-25,21855.90
V2,BH,2020-01-26,22575.00
V2,BH,2020-01-27,23341.66
V2,BH,2020-01-28,24564.46
V2,BH,2020-01-29,24374.01
V2,BH,2020-01-30,24928.70
V2,BH,2020-01-31,24508.59
V2,BH,2020-02-01,24591.71
V2,BH,2020-02-02,24452.57
V2,BH,2020-02-03,24349.66
V2,BH,2020-02-04,24100.14
V2,BH,2020-02-05,25187.67
V2,BH,2020-02-06,25606.84
V2,BH,2020-02-07,25716.19
V2,BH,2020-02-08,25929.28
V2,BH,2020-02-09,26601.95
V2,BH,2020-02-10,25816.03
V2,BH,2020-02-11,26788.86
V2,BH,2020-02-12,27059.76
V2,BH,2020-02-13,26806.03
V2,BH,2020-02-14,27106.67
V2,BH,2020-02-15,25954.62
V2,BH,2020-02-16,25987.51
V2,BH,2020-02-17,25433.89
V2,BH,2020-02-18,26635.91
V2,BH,2020-02-19,25139.85
V2,BH,2020-02-20,25146.74
V2,BH,2020-02-21,25358.03
V2,BH,2020-02-22,25289.40
V2,BH,2020-02-23,26037.64
V2,BH,2020-02-24,25303.21
V2,BH,2020-02-25,24411.50
V2,BH,2020-02-26,23021.13
V2,BH,2020-02-27,23120.60
V2,BH,2020-02-28,22779.16
V2,BH,2020-02-29,22335.52
V2,BH,2020-03-01,22357.19
V2,BH,2020-03-02,23361.76
V2,BH,2020-03-03,22955.15
V2,BH,2020-03-04,22931.04
V2,BH,2020-03-05,23727.15
V2,BH,2020-03-06,23929.45
V2,BH,2020-03-07,23286.87
V2,BH,2020-03-08,21050.72
V2,BH,2020-03-09,20779.67
V2,BH,2020-03-10,20687.14
V2,BH,2020-03-11,20791.85
V2,BH,2020-03-12,12578.06
V2,BH,2020-03-13,14618.33
V2,BH,2020-03-14,13553.02
V2,BH,2020-03-15,14048.91
V2,BH,2020-03-16,13178.06
V2,BH,2020-03-17,13921.40
V2,BH,2020-03-18,14132.08
V2,BH,2020-03-19,16148.06
V2,BH,2020-03-20,16268.57
V2,BH,2020-03-21,16212.55
V2,BH,2020-03-22,15240.92
V2,BH,2020-03-23,16947.13
V2,BH,2020-03-24,17674.06
V2,BH,2020-03-25,17497.74
V2,BH,2020-03-26,17654.78
V2,BH,2020-03-27,16663.60
V2,BH,2020-03-28,16342.70
V2,BH,2020-03-29,15411.85
V2,BH,2020-03-30,16756.02
V2,BH,2020-03-31,16798.11
V2,BH,2020-04-01,17407.30
V2,BH,2020-04-02,17803.43
V2,BH,2020-04-03,17646.24
V2,BH,2020-04-04,17968.26
V2,BH,2020-04-05,17747.59
V2,BH,2020-04-06,19207.49
V2,BH,2020-04-07,18860.07
V2,BH,2020-04-08,19289.72
V2,BH,2020-04-09,19086.00
V2,BH,2020-04-10,17973.32
V2,BH,2020-04-11,18020.25
V2,BH,2020-04-12,18090.90
V2,BH,2020-04-13,17918.26
V2,BH,2020-04-14,17998.95
V2,BH,2020-04-15,17350.49
V2,BH,2020-04-16,18610.13
V2,BH,2020-04-17,18415.20
V2,BH,2020-04-18,18994.45
V2,BH,2020-04-19,18659.40
V2,BH,2020-04-20,17889.23
V2,BH,2020-04-21,17927.33
V2,BH,2020-04-22,18670.93
V2,BH,2020-04-23,19607.08
V2,BH,2020-04-24,19666.32
V2,BH,2020-04-25,19754.55
V2,BH,2020-04-26,20159.23
V2,BH,2020-04-27,20372.84
V2,BH,2020-04-28,20279.45
V2,BH,2020-04-29,23003.63
V2,BH,2020-04-30,22588.10
V2,BH,2020-05-01,23130.43
V2,BH,2020-05-02,23510.63
V2,BH,2020-05-03,23306.52
V2,BH,2020-05-04,23248.35
V2,BH,2020-05-05,23641.07
V2,BH,2020-05-06,23958.38
V2,BH,2020-05-07,26168.66
V2,BH,2020-05-08,25680.24
V2,BH,2020-05-09,24997.33
V2,BH,2020-05-10,22857.41
V2,BH,2020-05-11,22434.86
V2,BH,2020-05-12,23088.06
V2,BH,2020-05-13,24394.55
V2,BH,2020-05-14,25659.19
V2,BH,2020-05-15,24413.02
V2,BH,2020-05-16,24582.96
V2,BH,2020-05-17,25365.86
V2,BH,2020-05-18,25507.08
V2,BH,2020-05-19,25616.09
V2,BH,2020-05-20,24924.03
V2,BH,2020-05-21,23763.76
V2,BH,2020-05-22,24029.34
V2,BH,2020-05-23,24053.32
V2,BH,2020-05-24,22851.04
V2,BH,2020-05-25,23322.74
V2,BH,2020-05-26,23167.69
V2,BH,2020-05-27,24118.62
V2,BH,2020-05-28,25092.95
V2,BH,2020-05-29,24702.97
V2,BH,2020-05-30,25412.19
V2,BH,2020-05-31,24758.53
V2,BH,2020-06-01,26730.40
V2,BH,2020-06-02,24941.35
V2,BH,2020-06-03,25329.70
V2,BH,2020-06-04,25651.54
V2,BH,2020-06-05,25211.57
V2,BH,2020-06-06,25329.86
V2,BH,2020-06-07,25541.30
V2,BH,2020-06-08,25633.07
V2,BH,2020-06-09,25607.97
V2,BH,2020-06-10,25902.95
V2,BH,2020-06-11,24318.64
V2,BH,2020-06-12,24802.71
V2,BH,2020-06-13,24824.22
V2,BH,2020-06-14,24480.32
V2,BH,2020-06-15,24700.22
V2,BH,2020-06-16,24961.14
V2,BH,2020-06-17,24802.73
V2,BH,2020-06-18,24596.19
V2,BH,2020-06-19,24396.80
V2,BH,2020-06-20,24524.47
V2,BH,2020-06-21,24356.08
V2,BH,2020-06-22,25380.67
V2,BH,2020-06-23,25221.35
V2,BH,2020-06-24,24360.80
V2,BH,2020-06-25,24237.64
V2,BH,2020-06-26,24008.93
V2,BH,2020-06-27,23615.31
V2,BH,2020-06-28,23888.75
V2,BH,2020-06-29,24088.46
V2,BH,2020-06-30,23946.93
V2,BH,2020-07-01,24191.81
V2,BH,2020-07-02,23810.64
V2,BH,2020-07-03,23736.53
V2,BH,2020-07-04,23938.83
V2,BH,2020-07-05,23765.75
V2,BH,2020-07-06,24485.82
V2,BH,2020-07-07,24258.34
V2,BH,2020-07-08,24726.53
V2,BH,2020-07-09,24192.93
V2,BH,2020-07-10,24339.44
V2,BH,2020-07-11,24197.13
V2,BH,2020-07-12,24377.20
V2,BH,2020-07-13,24219.64
V2,BH,2020-07-14,24254.30
V2,BH,2020-07-15,24101.66
V2,BH,2020-07-16,23934.27
V2,BH,2020-07-17,23988.25
V2,BH,2020-07-18,24030.07
V2,BH,2020-07-19,24131.51
V2,BH,2020-07-20,24005.18
V2,BH,2020-07-21,24605.83
V2,BH,2020-07-22,24941.67
V2,BH,2020-07-23,25164.69
V2,BH,2020-07-24,24993.13
V2,BH,2020-07-25,25419.27
V2,BH,2020-07-26,26024.90
V2,BH,2020-07-27,28903.23
V2,BH,2020-07-28,28579.11
V2,BH,2020-07-29,29088.16
V2,BH,2020-07-30,29085.75
V2,BH,2020-07-31,29703.78
V2,BH,2020-08-01,30924.14
V2,BH,2020-08-02,29011.69
V2,BH,2020-08-03,29400.72
V2,BH,2020-08-04,29327.77
V2,BH,2020-08-05,30776.71
V2,BH,2020-08-06,30822.70
V2,BH,2020-08-07,30381.86
V2,BH,2020-08-08,30819.95
V2,BH,2020-08-09,30611.02
V2,BH,2020-08-10,31164.56
V2,BH,2020-08-11,29852.14
V2,BH,2020-08-12,30303.51
V2,BH,2020-08-13,30868.66
V2,BH,2020-08-14,30817.67
V2,BH,2020-08-15,31058.38
V2,BH,2020-08-16,31211.94
V2,BH,2020-08-17,32181.84
V2,BH,2020-08-18,31301.06
V2,BH,2020-08-19,30802.08
V2,BH,2020-08-20,31061.39
V2,BH,2020-08-21,30217.07
V2,BH,2020-08-22,30561.97
V2,BH,2020-08-23,30523.11
V2,BH,2020-08-24,30785.33
V2,BH,2020-08-25,29659.12
V2,BH,2020-08-26,30033.87
V2,BH,2020-08-27,29690.46
V2,BH,2020-08-28,30205.46
V2,BH,2020-08-29,30045.43
V2,BH,2020-08-30,30688.27
V2,BH,2020-08-31,30526.72
V2,BH,2020-09-01,31240.68
V2,BH,2020-09-02,29842.87
V2,BH,2020-09-03,26573.38
V2,BH,2020-09-04,27373.66
V2,BH,2020-09-05,26641.10
V2,BH,2020-09-06,26875.65
V2,BH,2020-09-07,27182.87
V2,BH,2020-09-08,26536.17
V2,BH,2020-09-09,26778.69
V2,BH,2020-09-10,27087.04
V2,BH,2020-09-11,27220.73
V2,BH,2020-09-12,27359.70
V2,BH,2020-09-13,27076.45
V2,BH,2020-09-14,27964.62
V2,BH,2020-09-15,28262.15
V2,BH,2020-09-16,28704.21
V2,BH,2020-09-17,28667.47
V2,BH,2020-09-18,28650.18
V2,BH,2020-09-19,29036.06
V2,BH,2020-09-20,28615.83
V2,BH,2020-09-21,27297.59
V2,BH,2020-09-22,27592.10
V2,BH,2020-09-23,26837.03
V2,BH,2020-09-24,28133.77
V2,BH,2020-09-25,28003.67
V2,BH,2020-09-26,28113.54
V2,BH,2020-09-27,28233.16
V2,BH,2020-09-28,28028.43
V2,BH,2020-09-29,28406.72
V2,BH,2020-09-30,28239.30
V2,BH,2020-10-01,27826.68
V2,BH,2020-10-02,27698.99
V2,BH,2020-10-03,27624.73
V2,BH,2020-10-04,27951.15
V2,BH,2020-10-05,28280.23
V2,BH,2020-10-06,27775.66
V2,BH,2020-10-07,27950.52
V2,BH,2020-10-08,28629.69
V2,BH,2020-10-09,28957.42
V2,BH,2020-10-10,29593.09
V2,BH,2020-10-11,29791.72
V2,BH,2020-10-12,30208.97
V2,BH,2020-10-13,29926.77
V2,BH,2020-10-14,29919.78
V2,BH,2020-10-15,30148.36
V2,BH,2020-10-16,29661.48
V2,BH,2020-10-17,29768.60
V2,BH,2020-10-18,30143.17
V2,BH,2020-10-19,30793.90
V2,BH,2020-10-20,31209.29
V2,BH,2020-10-21,33491.61
V2,BH,2020-10-22,33983.09
V2,BH,2020-10-23,33864.00
V2,BH,2020-10-24,34358.37
V2,BH,2020-10-25,34141.13
V2,BH,2020-10-26,34202.35
V2,BH,2020-10-27,35732.62
V2,BH,2020-10-28,34763.67
V2,BH,2020-10-29,35259.72
V2,BH,2020-10-30,35533.29
V2,BH,2020-10-31,36138.35
V2,BH,2020-11-01,36061.04
V2,BH,2020-11-02,35505.17
V2,BH,2020-11-03,36747.67
V2,BH,2020-11-04,37063.38
V2,BH,2020-11-05,40852.55
V2,BH,2020-11-06,40826.08
V2,BH,2020-11-07,38830.31
V2,BH,2020-11-08,40551.41
V2,BH,2020-11-09,40167.02
V2,BH,2020-11-10,40085.26
V2,BH,2020-11-11,41099.45
V2,BH,2020-11-12,42691.67
V2,BH,2020-11-13,42767.25
V2,BH,2020-11-14,42111.48
V2,BH,2020-11-15,41814.20
V2,BH,2020-11-16,43796.73
V2,BH,2020-11-17,46275.16
V2,BH,2020-11-18,46581.07
V2,BH,2020-11-19,46651.04
V2,BH,2020-11-20,48885.87
V2,BH,2020-11-21,49011.99
V2,BH,2020-11-22,48253.72
V2,BH,2020-11-23,48132.05
V2,BH,2020-11-24,50207.46
V2,BH,2020-11-25,49052.11
V2,BH,2020-11-26,44938.98
V2,BH,2020-11-27,44912.91
V2,BH,2020-11-28,46433.62
V2,BH,2020-11-29,47652.49
V2,BH,2020-11-30,51611.64
V2,BH,2020-12-01,49172.26
V2,BH,2020-12-02,50322.97
V2,BH,2020-12-03,50893.72
V2,BH,2020-12-04,48872.38
V2,BH,2020-12-05,50175.10
V2,BH,2020-12-06,50729.95
V2,BH,2020-12-07,50225.51
V2,BH,2020-12-08,48017.04
V2,BH,2020-12-09,48586.12
V2,BH,2020-12-10,47834.97
V2,BH,2020-12-11,47263.46
V2,BH,2020-12-12,49286.85
V2,BH,2020-12-13,50246.71
V2,BH,2020-12-14,50503.91
V2,BH,2020-12-15,50905.59
V2,BH,2020-12-16,55908.23
V2,BH,2020-12-17,59738.35
V2,BH,2020-12-18,60551.29
V2,BH,2020-12-19,62422.85
V2,BH,2020-12-20,61463.54
V2,BH,2020-12-21,59535.40
V2,BH,2020-12-22,62394.50
V2,BH,2020-12-23,60879.81
V2,BH,2020-12-24,62180.70
V2,BH,2020-12-25,64757.29
V2,BH,2020-12-26,69424.06
V2,BH,2020-12-27,68869.24
V2,BH,2020-12-28,70959.69
V2,BH,2020-12-29,71760.47
V2,BH,2020-12-30,75666.32
V2,BH,2020-12-31,75792.34
V2,BH,2021-01-01,76861.63
V2,BH,2021-01-02,84321.05
V2,BH,2021-01-03,86474.31
V2,BH,2021-01-04,83824.16
V2,BH,2021-01-05,88962.36
V2,BH,2021-01-06,96351.52
V2,BH,2021-01-07,103329.52
V2,BH,2021-01-08,106344.40
V2,BH,2021-01-09,105048.36
V2,BH,2021-01-10,99969.44
V2,BH,2021-01-11,92774.92
V2,BH,2021-01-12,89228.88
V2,BH,2021-01-13,97929.07
V2,BH,2021-01-14,102575.41
V2,BH,2021-01-15,96280.40
V2,BH,2021-01-16,94322.31
V2,BH,2021-01-17,93886.35
V2,BH,2021-01-18,95989.67
V2,BH,2021-01-19,94051.12
V2,BH,2021-01-20,92942.00
V2,BH,2021-01-21,80840.60
V2,BH,2021-01-22,86330.50
V2,BH,2021-01-23,84058.14
V2,BH,2021-01-24,84534.80
V2,BH,2021-01-25,84519.86
V2,BH,2021-01-26,85079.51
V2,BH,2021-01-27,79572.36
V2,BH,2021-01-28,87430.27
V2,BH,2021-01-29,89755.48
V2,BH,2021-01-30,89783.47
V2,BH,2021-01-31,86717.83
V2,BH,2021-02-01,87853.49
V2,BH,2021-02-02,92936.79
V2,BH,2021-02-03,98577.60
V2,BH,2021-02-04,96789.92
V2,BH,2021-02-05,100336.88
V2,BH,2021-02-06,102686.62
V2,BH,2021-02-07,101661.38
V2,BH,2021-02-08,121522.08
V2,BH,2021-02-09,121641.44
V2,BH,2021-02-10,117415.11
V2,BH,2021-02-11,125700.73
V2,BH,2021-02-12,123913.83
V2,BH,2021-02-13,123562.93
V2,BH,2021-02-14,127294.68
V2,BH,2021-02-15,125547.67
V2,BH,2021-02-16,128750.75
V2,BH,2021-02-17,136576.03
V2,BH,2021-02-18,135089.96
V2,BH,2021-02-19,146497.74
V2,BH,2021-02-20,146327.91
V2,BH,2021-02-21,150435.12
V2,BH,2021-02-22,141732.93
V2,BH,2021-02-23,128115.43
V2,BH,2021-02-24,130172.99
V2,BH,2021-02-25,123353.40
V2,BH,2021-02-26,121265.28
V2,BH,2021-02-27,120818.66
V2,BH,2021-02-28,118274.82
V2,BH,2021-03-01,129939.32
V2,BH,2021-03-02,126935.32
V2,BH,2021-03-03,131936.98
V2,BH,2021-03-04,126760.90
V2,BH,2021-03-05,127750.43
V2,BH,2021-03-06,128092.37
V2,BH,2021-03-07,133567.89
V2,BH,2021-03-08,137245.45
V2,BH,2021-03-09,143820.97
V2,BH,2021-03-10,146355.16
V2,BH,2021-03-11,151390.50
V2,BH,2021-03-12,149945.49
V2,BH,2021-03-13,160339.87
V2,BH,2021-03-14,154522.31
V2,BH,2021-03-15,145709.51
V2,BH,2021-03-16,149104.41
V2,BH,2021-03-17,154377.29
V2,BH,2021-03-18,151062.95
V2,BH,2021-03-19,152063.56
V2,BH,2021-03-20,152252.94
V2,BH,2021-03-21,150285.73
V2,BH,2021-03-22,141721.35
V2,BH,2021-03-23,142396.48
V2,BH,2021-03-24,137058.04
V2,BH,2021-03-25,134411.74
V2,BH,2021-03-26,144190.69
V2,BH,2021-03-27,146264.89
V2,BH,2021-03-28,146161.36
V2,BH,2021-03-29,151029.69
V2,BH,2021-03-30,153941.25
V2,BH,2021-03-31,153925.48
V2,BH,2021-04-01,153872.78
V2,BH,2021-04-02,154474.35
V2,BH,2021-04-03,149500.60
V2,BH,2021-04-04,152514.27
V2,BH,2021-04-05,154945.98
V2,BH,2021-04-06,151961.73
V2,BH,2021-04-07,146622.08
V2,BH,2021-04-08,152188.06
V2,BH,2021-04-09,152358.44
V2,BH,2021-04-10,156620.80
V2,BH,2021-04-11,157232.15
V2,BH,2021-04-12,156858.92
V2,BH,2021-04-13,166593.82
V2,BH,2021-04-14,164981.02
V2,BH,2021-04-15,165506.28
V2,BH,2021-04-16,160723.53
V2,BH,2021-04-17,157243.23
V2,BH,2021-04-18,147137.15
V2,BH,2021-04-19,145782.73
V2,BH,2021-04-20,147857.74
V2,BH,2021-04-21,140946.70
V2,BH,2021-04-22,135452.52
V2,BH,2021-04-23,133969.83
V2,BH,2021-04-24,131146.84
V2,BH,2021-04-25,128576.02
V2,BH,2021-04-26,141506.84
V2,BH,2021-04-27,144155.00
V2,BH,2021-04-28,143720.66
V2,BH,2021-04-29,140337.11
V2,BH,2021-04-30,151183.78
V2,BH,2021-05-01,151461.80
V2,BH,2021-05-02,148259.22
V2,BH,2021-05-03,149808.36
V2,BH,2021-05-04,139406.88
V2,BH,2021-05-05,150507.29
V2,BH,2021-05-06,147775.67
V2,BH,2021-05-07,150189.27
V2,BH,2021-05-08,154243.86
V2,BH,2021-05-09,152616.02
V2,BH,2021-05-10,146262.27
V2,BH,2021-05-11,148499.80
V2,BH,2021-05-12,130055.38
V2,BH,2021-05-13,130159.28
V2,BH,2021-05-14,130606.01
V2,BH,2021-05-15,122539.13
V2,BH,2021-05-16,121670.48
V2,BH,2021-05-17,114088.37
V2,BH,2021-05-18,112284.83
V2,BH,2021-05-19,96143.80
V2,BH,2021-05-20,106197.21
V2,BH,2021-05-21,97616.27
V2,BH,2021-05-22,98134.38
V2,BH,2021-05-23,90811.64
V2,BH,2021-05-24,101662.95
V2,BH,2021-05-25,100427.23
V2,BH,2021-05-26,102830.66
V2,BH,2021-05-27,100965.10
V2,BH,2021-05-28,93453.67
V2,BH,2021-05-29,90680.36
V2,BH,2021-05-30,93395.44
V2,BH,2021-05-31,97620.99
V2,BH,2021-06-01,96151.66
V2,BH,2021-06-02,98446.08
V2,BH,2021-06-03,102843.45
V2,BH,2021-06-04,96507.80
V2,BH,2021-06-05,93059.84
V2,BH,2021-06-06,93801.71
V2,BH,2021-06-07,87922.73
V2,BH,2021-06-08,87472.06
V2,BH,2021-06-09,97972.75
V2,BH,2021-06-10,96106.14
V2,BH,2021-06-11,97825.83
V2,BH,2021-06-12,93146.08
V2,BH,2021-06-13,102250.66
V2,BH,2021-06-14,106170.09
V2,BH,2021-06-15,105194.63
V2,BH,2021-06-16,100490.88
V2,BH,2021-06-17,99819.95
V2,BH,2021-06-18,93863.37
V2,BH,2021-06-19,92982.59
V2,BH,2021-06-20,93287.71
V2,BH,2021-06-21,82828.98
V2,BH,2021-06-22,85189.01
V2,BH,2021-06-23,88251.01
V2,BH,2021-06-24,90832.19
V2,BH,2021-06-25,82764.83
V2,BH,2021-06-26,84597.03
V2,BH,2021-06-27,90929.80
V2,BH,2021-06-28,90391.43
V2,BH,2021-06-29,94104.16
V2,BH,2021-06-30,91832.96
V2,BH,2021-07-01,87796.68
V2,BH,2021-07-02,88535.28
V2,BH,2021-07-03,90848.02
V2,BH,2021-07-04,92465.82
V2,BH,2021-07-05,88282.64
V2,BH,2021-07-06,89671.13
V2,BH,2021-07-07,88733.30
V2,BH,2021-07-08,86148.49
V2,BH,2021-07-09,88611.95
V2,BH,2021-07-10,87791.91
V2,BH,2021-07-11,89773.27
V2,BH,2021-07-12,86701.19
V2,BH,2021-07-13,85766.06
V2,BH,2021-07-14,86002.55
V2,BH,2021-07-15,83539.30
V2,BH,2021-07-16,82239.22
V2,BH,2021-07-17,82596.13
V2,BH,2021-07-18,83273.48
V2,BH,2021-07-19,80813.13
V2,BH,2021-07-20,78063.52
V2,BH,2021-07-21,84232.43
V2,BH,2021-07-22,84607.99
V2,BH,2021-07-23,88135.77
V2,BH,2021-07-24,89771.05
V2,BH,2021-07-25,92713.47
V2,BH,2021-07-26,97578.51
V2,BH,2021-07-27,103396.57
V2,BH,2021-07-28,104868.44
V2,BH,2021-07-29,104860.37
V2,BH,2021-07-30,110598.82
V2,BH,2021-07-31,108647.81
V2,BH,2021-08-01,104412.17
V2,BH,2021-08-02,102584.11
V2,BH,2021-08-03,100118.89
V2,BH,2021-08-04,104091.80
V2,BH,2021-08-05,107077.20
V2,BH,2021-08-06,112251.00
V2,BH,2021-08-07,116799.21
V2,BH,2021-08-08,114760.07
V2,BH,2021-08-09,121203.78
V2,BH,2021-08-10,119452.26
V2,BH,2021-08-11,119258.37
V2,BH,2021-08-12,116344.46
V2,BH,2021-08-13,125256.54
V2,BH,2021-08-14,123339.72
V2,BH,2021-08-15,123091.59
V2,BH,2021-08-16,120281.10
V2,BH,2021-08-17,117122.59
V2,BH,2021-08-18,117147.07
V2,BH,2021-08-19,122532.92
V2,BH,2021-08-20,129246.06
V2,BH,2021-08-21,127934.28
V2,BH,2021-08-22,129027.91
V2,BH,2021-08-23,129682.05
V2,BH,2021-08-24,124926.39
V2,BH,2021-08-25,128331.14
V2,BH,2021-08-26,122751.07
V2,BH,2021-08-27,128584.22
V2,BH,2021-08-28,128126.82
V2,BH,2021-08-29,127792.67
V2,BH,2021-08-30,123115.41
V2,BH,2021-08-31,123424.57
V2,BH,2021-09-01,127904.53
V2,BH,2021-09-02,129047.36
V2,BH,2021-09-03,131019.23
V2,BH,2021-09-04,130800.42
V2,BH,2021-09-05,135625.26
V2,BH,2021-09-06,138002.05
V2,BH,2021-09-07,122803.11
V2,BH,2021-09-08,120666.36
V2,BH,2021-09-09,121575.20
V2,BH,2021-09-10,117528.65
V2,BH,2021-09-11,118374.48
V2,BH,2021-09-12,120605.90
V2,BH,2021-09-13,117764.02
V2,BH,2021-09-14,123452.42
V2,BH,2021-09-15,126098.77
V2,BH,2021-09-16,125093.60
V2,BH,2021-09-17,123946.27
V2,BH,2021-09-18,126547.73
V2,BH,2021-09-19,123793.68
V2,BH,2021-09-20,112719.41
V2,BH,2021-09-21,106741.58
V2,BH,2021-09-22,114102.97
V2,BH,2021-09-23,117566.26
V2,BH,2021-09-24,112182.09
V2,BH,2021-09-25,111815.41
V2,BH,2021-09-26,113100.10
V2,BH,2021-09-27,110444.17
V2,BH,2021-09-28,107507.16
V2,BH,2021-09-29,108811.45
V2,BH,2021-09-30,114837.97
V2,BH,2021-10-01,126151.70
V2,BH,2021-10-02,124823.90
V2,BH,2021-10-03,126304.74
V2,BH,2021-10-04,128990.49
V2,BH,2021-10-05,134878.73
V2,BH,2021-10-06,144949.07
V2,BH,2021-10-07,140940.39
V2,BH,2021-10-08,141375.93
V2,BH,2021-10-09,143991.88
V2,BH,2021-10-10,143230.06
V2,BH,2021-10-11,150599.63
V2,BH,2021-10-12,146736.02
V2,BH,2021-10-13,150326.19
V2,BH,2021-10-14,150276.24
V2,BH,2021-10-15,161608.24
V2,BH,2021-10-16,159520.15
V2,BH,2021-10-17,161230.66
V2,BH,2021-10-18,162492.42
V2,BH,2021-10-19,168442.76
V2,BH,2021-10-20,172952.05
V2,BH,2021-10-21,162972.77
V2,BH,2021-10-22,159029.21
V2,BH,2021-10-23,160597.62
V2,BH,2021-10-24,159458.96
V2,BH,2021-10-25,165293.51
V2,BH,2021-10-26,158087.40
V2,BH,2021-10-27,153068.31
V2,BH,2021-10-28,158734.86
V2,BH,2021-10-29,163131.47
V2,BH,2021-10-30,162097.66
V2,BH,2021-10-31,160631.81
V2,BH,2021-11-01,159613.28
V2,BH,2021-11-02,165663.54
V2,BH,2021-11-03,164815.80
V2,BH,2021-11-04,160881.30
V2,BH,2021-11-05,159681.44
V2,BH,2021-11-06,161079.41
V2,BH,2021-11-07,165803.99
V2,BH,2021-11-08,176946.69
V2,BH,2021-11-09,175431.63
V2,BH,2021-11-10,170019.84
V2,BH,2021-11-11,169736.39
V2,BH,2021-11-12,168027.79
V2,BH,2021-11-13,168703.26
V2,BH,2021-11-14,171688.19
V2,BH,2021-11-15,166676.99
V2,BH,2021-11-16,157380.04
V2,BH,2021-11-17,158129.49
V2,BH,2021-11-18,149080.49
V2,BH,2021-11-19,152121.81
V2,BH,2021-11-20,156459.33
V2,BH,2021-11-21,153614.88
V2,BH,2021-11-22,147391.78
V2,BH,2021-11-23,150782.85
V2,BH,2021-11-24,149726.87
V2,BH,2021-11-25,154501.48
V2,BH,2021-11-26,140786.59
V2,BH,2021-11-27,143392.61
V2,BH,2021-11-28,150084.79
V2,BH,2021-11-29,151398.60
V2,BH,2021-11-30,149234.94
V2,BH,2021-12-01,149846.83
V2,BH,2021-12-02,148002.76
V2,BH,2021-12-03,140457.78
V2,BH,2021-12-04,128800.59
V2,BH,2021-12-05,129439.61
V2,BH,2021-12-06,132179.50
V2,BH,2021-12-07,132564.78
V2,BH,2021-12-08,132256.20
V2,BH,2021-12-09,124589.87
V2,BH,2021-12-10,123528.47
V2,BH,2021-12-11,129422.99
V2,BH,2021-12-12,131162.72
V2,BH,2021-12-13,122381.27
V2,BH,2021-12-14,126680.16
V2,BH,2021-12-15,128047.24
V2,BH,2021-12-16,124817.30
V2,BH,2021-12-17,120883.56
V2,BH,2021-12-18,122726.46
V2,BH,2021-12-19,122324.88
V2,BH,2021-12-20,122935.26
V2,BH,2021-12-21,128112.49
V2,BH,2021-12-22,127321.86
V2,BH,2021-12-23,133219.53
V2,BH,2021-12-24,133170.23
V2,BH,2021-12-25,132068.76
V2,BH,2021-12-26,133053.60
V2,BH,2021-12-27,132859.56
V2,BH,2021-12-28,124585.03
V2,BH,2021-12-29,121757.37
V2,BH,2021-12-30,123476.92
V2,BH,2021-12-31,121108.21
V2,BH,2022-01-01,125053.85
V2,BH,2022-01-02,123910.11
V2,BH,2022-01-03,121708.74
V2,BH,2022-01-04,120099.56
V2,BH,2022-01-05,113860.63
V2,BH,2022-01-06,112894.16
V2,BH,2022-01-07,108922.04
V2,BH,2022-01-08,109218.83
V2,BH,2022-01-09,109703.29
V2,BH,2022-01-10,109592.89
V2,BH,2022-01-11,111969.10
V2,BH,2022-01-12,115043.83
V2,BH,2022-01-13,111525.77
V2,BH,2022-01-14,112835.60
V2,BH,2022-01-15,112899.35
V2,BH,2022-01-16,112866.25
V2,BH,2022-01-17,110586.38
V2,BH,2022-01-18,110980.75
V2,BH,2022-01-19,109167.13
V2,BH,2022-01-20,106601.46
V2,BH,2022-01-21,95502.37
V2,BH,2022-01-22,91902.19
V2,BH,2022-01-23,94976.29
V2,BH,2022-01-24,96065.87
V2,BH,2022-01-25,96846.68
V2,BH,2022-01-26,96456.29
V2,BH,2022-01-27,97375.43
V2,BH,2022-01-28,98833.59
V2,BH,2022-01-29,100013.52
V2,BH,2022-01-30,99266.49
V2,BH,2022-01-31,100799.81
V2,BH,2022-02-01,101396.45
V2,BH,2022-02-02,96684.32
V2,BH,2022-02-03,97772.45
V2,BH,2022-02-04,108942.40
V2,BH,2022-02-05,108440.17
V2,BH,2022-02-06,111056.09
V2,BH,2022-02-07,114879.61
V2,BH,2022-02-08,115411.56
V2,BH,2022-02-09,116275.59
V2,BH,2022-02-10,113976.74
V2,BH,2022-02-11,111037.38
V2,BH,2022-02-12,110628.96
V2,BH,2022-02-13,110198.66
V2,BH,2022-02-14,111462.44
V2,BH,2022-02-15,116726.67
V2,BH,2022-02-16,114967.58
V2,BH,2022-02-17,106168.54
V2,BH,2022-02-18,104750.21
V2,BH,2022-02-19,105024.65
V2,BH,2022-02-20,100590.14
V2,BH,2022-02-21,96977.28
V2,BH,2022-02-22,100179.89
V2,BH,2022-02-23,97611.03
V2,BH,2022-02-24,100433.76
V2,BH,2022-02-25,102771.08
V2,BH,2022-02-26,102502.61
V2,BH,2022-02-27,98787.76
V2,BH,2022-02-28,113097.74
V2,BH,2022-03-01,116402.63
V2,BH,2022-03-02,115018.47
V2,BH,2022-03-03,111247.72
V2,BH,2022-03-04,102586.31
V2,BH,2022-03-05,103239.58
V2,BH,2022-03-06,100679.03
V2,BH,2022-03-07,99544.88
V2,BH,2022-03-08,101490.89
V2,BH,2022-03-09,109905.30
V2,BH,2022-03-10,103302.58
V2,BH,2022-03-11,101488.11
V2,BH,2022-03-12,101691.96
V2,BH,2022-03-13,98992.86
V2,BH,2022-03-14,103956.03
V2,BH,2022-03-15,102931.34
V2,BH,2022-03-16,107736.34
V2,BH,2022-03-17,107222.48
V2,BH,2022-03-18,109422.62
V2,BH,2022-03-19,110585.09
V2,BH,2022-03-20,108124.46
V2,BH,2022-03-21,107443.51
V2,BH,2022-03-22,111012.22
V2,BH,2022-03-23,112371.26
V2,BH,2022-03-24,115276.53
V2,BH,2022-03-25,116119.52
V2,BH,2022-03-26,116638.65
V2,BH,2022-03-27,122708.85
V2,BH,2022-03-28,123480.44
V2,BH,2022-03-29,124299.56
V2,BH,2022-03-30,123338.36
V2,BH,2022-03-31,119256.64
V2,BH,2022-04-01,121282.63
V2,BH,2022-04-02,120044.50
V2,BH,2022-04-03,121607.20
V2,BH,2022-04-04,122060.95
V2,BH,2022-04-05,119223.13
V2,BH,2022-04-06,113125.18
V2,BH,2022-04-07,113842.44
V2,BH,2022-04-08,110718.42
V2,BH,2022-04-09,112033.77
V2,BH,2022-04-10,110474.30
V2,BH,2022-04-11,103586.76
V2,BH,2022-04-12,105013.56
V2,BH,2022-04-13,107824.89
V2,BH,2022-04-14,104666.20
V2,BH,2022-04-15,106263.40
V2,BH,2022-04-16,105809.57
V2,BH,2022-04-17,103973.72
V2,BH,2022-04-18,106916.49
V2,BH,2022-04-19,108729.96
V2,BH,2022-04-20,108376.23
V2,BH,2022-04-21,106075.02
V2,BH,2022-04-22,104055.11
V2,BH,2022-04-23,103353.94
V2,BH,2022-04-24,103376.29
V2,BH,2022-04-25,105933.70
V2,BH,2022-04-26,99871.52
V2,BH,2022-04-27,102814.44
V2,BH,2022-04-28,104141.30
V2,BH,2022-04-29,101138.39
V2,BH,2022-04-30,98608.86
V2,BH,2022-05-01,100803.60
V2,BH,2022-05-02,100952.47
V2,BH,2022-05-03,98866.06
V2,BH,2022-05-04,104004.85
V2,BH,2022-05-05,95784.49
V2,BH,2022-05-06,94371.55
V2,BH,2022-05-07,92952.90
V2,BH,2022-05-08,89195.23
V2,BH,2022-05-09,78812.85
V2,BH,2022-05-10,81278.13
V2,BH,2022-05-11,76264.83
V2,BH,2022-05-12,76070.42
V2,BH,2022-05-13,76744.65
V2,BH,2022-05-14,78840.19
V2,BH,2022-05-15,82095.15
V2,BH,2022-05-16,78282.74
V2,BH,2022-05-17,79778.80
V2,BH,2022-05-18,75246.48
V2,BH,2022-05-19,79449.41
V2,BH,2022-05-20,76519.19
V2,BH,2022-05-21,77158.71
V2,BH,2022-05-22,79383.14
V2,BH,2022-05-23,76278.48
V2,BH,2022-05-24,77707.74
V2,BH,2022-05-25,77413.13
V2,BH,2022-05-26,76520.08
V2,BH,2022-05-27,75022.38
V2,BH,2022-05-28,76074.56
V2,BH,2022-05-29,77219.08
V2,BH,2022-05-30,83157.29
V2,BH,2022-05-31,83332.39
V2,BH,2022-06-01,78104.08
V2,BH,2022-06-02,79798.95
V2,BH,2022-06-03,77827.31
V2,BH,2022-06-04,78256.62
V2,BH,2022-06-05,78401.19
V2,BH,2022-06-06,82211.00
V2,BH,2022-06-07,81561.74
V2,BH,2022-06-08,79149.47
V2,BH,2022-06-09,78900.95
V2,BH,2022-06-10,76233.22
V2,BH,2022-06-11,74484.93
V2,BH,2022-06-12,69636.69
V2,BH,2022-06-13,58926.68
V2,BH,2022-06-14,58006.91
V2,BH,2022-06-15,59179.05
V2,BH,2022-06-16,53460.20
V2,BH,2022-06-17,53637.08
V2,BH,2022-06-18,49711.62
V2,BH,2022-06-19,53912.72
V2,BH,2022-06-20,53912.43
V2,BH,2022-06-21,54304.53
V2,BH,2022-06-22,52377.12
V2,BH,2022-06-23,55317.61
V2,BH,2022-06-24,55651.87
V2,BH,2022-06-25,56316.15
V2,BH,2022-06-26,55128.78
V2,BH,2022-06-27,54354.42
V2,BH,2022-06-28,53145.69
V2,BH,2022-06-29,52730.93
V2,BH,2022-06-30,52257.16
V2,BH,2022-07-01,50521.36
V2,BH,2022-07-02,50450.63
V2,BH,2022-07-03,50615.77
V2,BH,2022-07-04,53028.87
V2,BH,2022-07-05,52869.34
V2,BH,2022-07-06,53887.85
V2,BH,2022-07-07,56666.74
V2,BH,2022-07-08,56587.52
V2,BH,2022-07-09,56579.87
V2,BH,2022-07-10,54668.63
V2,BH,2022-07-11,52313.24
V2,BH,2022-07-12,50649.63
V2,BH,2022-07-13,53024.05
V2,BH,2022-07-14,53951.61
V2,BH,2022-07-15,54583.65
V2,BH,2022-07-16,55541.58
V2,BH,2022-07-17,54500.12
V2,BH,2022-07-18,58783.00
V2,BH,2022-07-19,61309.20
V2,BH,2022-07-20,60855.02
V2,BH,2022-07-21,60668.69
V2,BH,2022-07-22,59444.00
V2,BH,2022-07-23,58831.45
V2,BH,2022-07-24,59168.46
V2,BH,2022-07-25,55843.71
V2,BH,2022-07-26,55696.37
V2,BH,2022-07-27,60145.28
V2,BH,2022-07-28,62478.72
V2,BH,2022-07-29,62297.44
V2,BH,2022-07-30,61956.15
V2,BH,2022-07-31,61038.51
V2,BH,2022-08-01,60972.18
V2,BH,2022-08-02,60237.89
V2,BH,2022-08-03,59793.93
V2,BH,2022-08-04,59281.93
V2,BH,2022-08-05,61088.56
V2,BH,2022-08-06,60149.89
V2,BH,2022-08-07,60726.86
V2,BH,2022-08-08,62392.43
V2,BH,2022-08-09,60662.82
V2,BH,2022-08-10,62769.90
V2,BH,2022-08-11,62718.39
V2,BH,2022-08-12,63948.13
V2,BH,2022-08-13,64046.92
V2,BH,2022-08-14,63690.17
V2,BH,2022-08-15,63138.78
V2,BH,2022-08-16,62509.67
V2,BH,2022-08-17,61167.80
V2,BH,2022-08-18,60770.91
V2,BH,2022-08-19,54595.05
V2,BH,2022-08-20,55396.07
V2,BH,2022-08-21,56380.14
V2,BH,2022-08-22,56076.75
V2,BH,2022-08-23,56415.54
V2,BH,2022-08-24,55993.55
V2,BH,2022-08-25,56493.95
V2,BH,2022-08-26,53040.25
V2,BH,2022-08-27,52507.12
V2,BH,2022-08-28,51244.10
V2,BH,2022-08-29,53157.33
V2,BH,2022-08-30,51915.06
V2,BH,2022-08-31,52539.67
V2,BH,2022-09-01,52753.07
V2,BH,2022-09-02,52282.45
V2,BH,2022-09-03,51968.10
V2,BH,2022-09-04,52409.38
V2,BH,2022-09-05,51876.23
V2,BH,2022-09-06,49239.47
V2,BH,2022-09-07,50555.53
V2,BH,2022-09-08,50626.10
V2,BH,2022-09-09,55972.67
V2,BH,2022-09-10,56727.95
V2,BH,2022-09-11,57195.78
V2,BH,2022-09-12,58686.46
V2,BH,2022-09-13,52863.42
V2,BH,2022-09-14,53002.67
V2,BH,2022-09-15,51627.39
V2,BH,2022-09-16,51893.15
V2,BH,2022-09-17,52706.33
V2,BH,2022-09-18,50878.73
V2,BH,2022-09-19,51195.39
V2,BH,2022-09-20,49460.61
V2,BH,2022-09-21,48376.70
V2,BH,2022-09-22,50840.61
V2,BH,2022-09-23,50547.85
V2,BH,2022-09-24,49579.84
V2,BH,2022-09-25,49283.42
V2,BH,2022-09-26,50385.15
V2,BH,2022-09-27,49995.52
V2,BH,2022-09-28,50869.93
V2,BH,2022-09-29,51338.17
V2,BH,2022-09-30,50895.58
V2,BH,2022-10-01,50602.99
V2,BH,2022-10-02,49937.00
V2,BH,2022-10-03,51436.62
V2,BH,2022-10-04,53293.83
V2,BH,2022-10-05,52823.30
V2,BH,2022-10-06,52305.53
V2,BH,2022-10-07,51177.23
V2,BH,2022-10-08,50883.40
V2,BH,2022-10-09,50938.58
V2,BH,2022-10-10,50133.72
V2,BH,2022-10-11,49945.39
V2,BH,2022-10-12,50195.72
V2,BH,2022-10-13,50771.17
V2,BH,2022-10-14,50251.80
V2,BH,2022-10-15,49969.99
V2,BH,2022-10-16,50477.28
V2,BH,2022-10-17,51229.03
V2,BH,2022-10-18,50646.20
V2,BH,2022-10-19,50113.02
V2,BH,2022-10-20,49898.01
V2,BH,2022-10-21,50218.88
V2,BH,2022-10-22,50323.65
V2,BH,2022-10-23,51282.86
V2,BH,2022-10-24,50652.17
V2,BH,2022-10-25,52618.41
V2,BH,2022-10-26,54430.49
V2,BH,2022-10-27,53181.91
V2,BH,2022-10-28,53959.47
V2,BH,2022-10-29,54530.28
V2,BH,2022-10-30,54052.86
V2,BH,2022-10-31,53694.54
V2,BH,2022-11-01,53675.89
V2,BH,2022-11-02,52806.48
V2,BH,2022-11-03,52953.17
V2,BH,2022-11-04,55418.21
V2,BH,2022-11-05,55813.50
V2,BH,2022-11-06,54781.60
V2,BH,2022-11-07,53957.61
V2,BH,2022-11-08,48601.71
V2,BH,2022-11-09,41724.60
V2,BH,2022-11-10,46122.58
V2,BH,2022-11-11,44731.55
V2,BH,2022-11-12,44054.87
V2,BH,2022-11-13,42791.22
V2,BH,2022-11-14,43550.13
V2,BH,2022-11-15,44286.75
V2,BH,2022-11-16,43663.59
V2,BH,2022-11-17,43741.68
V2,BH,2022-11-18,43762.35
V2,BH,2022-11-19,43762.96
V2,BH,2022-11-20,42661.20
V2,BH,2022-11-21,41353.76
V2,BH,2022-11-22,42521.55
V2,BH,2022-11-23,43507.28
V2,BH,2022-11-24,43496.38
V2,BH,2022-11-25,43295.11
V2,BH,2022-11-26,43128.52
V2,BH,2022-11-27,43050.46
V2,BH,2022-11-28,42484.79
V2,BH,2022-11-29,43086.49
V2,BH,2022-11-30,44976.11
V2,BH,2022-12-01,44488.00
V2,BH,2022-12-02,44790.32
V2,BH,2022-12-03,44246.48
V2,BH,2022-12-04,44824.28
V2,BH,2022-12-05,44459.13
V2,BH,2022-12-06,44780.42
V2,BH,2022-12-07,44119.23
V2,BH,2022-12-08,45134.54
V2,BH,2022-12-09,44884.19
V2,BH,2022-12-10,44881.38
V2,BH,2022-12-11,44770.17
V2,BH,2022-12-12,45097.15
V2,BH,2022-12-13,46577.35
V2,BH,2022-12-14,46651.90
V2,BH,2022-12-15,45481.07
V2,BH,2022-12-16,43583.30
V2,BH,2022-12-17,43961.69
V2,BH,2022-12-18,43861.30
V2,BH,2022-12-19,43076.93
V2,BH,2022-12-20,44273.63
V2,BH,2022-12-21,44087.86
V2,BH,2022-12-22,44079.37
V2,BH,2022-12-23,43966.88
V2,BH,2022-12-24,44117.87
V2,BH,2022-12-25,44107.36
V2,BH,2022-12-26,44336.07
V2,BH,2022-12-27,43777.84
V2,BH,2022-12-28,43361.06
V2,BH,2022-12-29,43586.84
V2,BH,2022-12-30,43518.73
V2,BH,2022-12-31,43348.20
V2,BH,2023-01-01,43543.02
V2,BH,2023-01-02,43690.08
V2,BH,2023-01-03,43696.14
V2,BH,2023-01-04,44155.18
V2,BH,2023-01-05,44106.68
V2,BH,2023-01-06,44417.99
V2,BH,2023-01-07,44399.43
V2,BH,2023-01-08,44882.27
V2,BH,2023-01-09,45014.42
V2,BH,2023-01-10,45702.02
V2,BH,2023-01-11,47019.05
V2,BH,2023-01-12,49386.24
V2,BH,2023-01-13,52225.19
V2,BH,2023-01-14,54910.89
V2,BH,2023-01-15,54692.30
V2,BH,2023-01-16,55515.51
V2,BH,2023-01-17,55382.28
V2,BH,2023-01-18,54183.86
V2,BH,2023-01-19,55216.62
V2,BH,2023-01-20,59397.83
V2,BH,2023-01-21,59702.69
V2,BH,2023-01-22,59504.40
V2,BH,2023-01-23,60050.95
V2,BH,2023-01-24,59307.90
V2,BH,2023-01-25,60429.57
V2,BH,2023-01-26,60295.17
V2,BH,2023-01-27,60464.21
V2,BH,2023-01-28,60329.10
V2,BH,2023-01-29,62215.03
V2,BH,2023-01-30,59814.32
V2,BH,2023-01-31,60597.78
V2,BH,2023-02-01,62189.77
V2,BH,2023-02-02,61551.11
V2,BH,2023-02-03,61401.65
V2,BH,2023-02-04,61126.34
V2,BH,2023-02-05,60094.08
V2,BH,2023-02-06,59647.58
V2,BH,2023-02-07,60899.99
V2,BH,2023-02-08,60172.93
V2,BH,2023-02-09,57115.80
V2,BH,2023-02-10,56667.29
V2,BH,2023-02-11,57289.27
V2,BH,2023-02-12,57082.23
V2,BH,2023-02-13,57057.16
V2,BH,2023-02-14,58173.12
V2,BH,2023-02-15,63739.46
V2,BH,2023-02-16,61626.53
V2,BH,2023-02-17,64383.88
V2,BH,2023-02-18,64546.29
V2,BH,2023-02-19,63602.44
V2,BH,2023-02-20,65097.24
V2,BH,2023-02-21,64075.17
V2,BH,2023-02-22,63367.78
V2,BH,2023-02-23,62733.61
V2,BH,2023-02-24,60755.42
V2,BH,2023-02-25,60681.47
V2,BH,2023-02-26,61723.83
V2,BH,2023-02-27,61559.37
V2,BH,2023-02-28,60640.86
V2,BH,2023-03-01,61918.05
V2,BH,2023-03-02,61489.22
V2,BH,2023-03-03,58577.98
V2,BH,2023-03-04,58557.61
V2,BH,2023-03-05,58776.87
V2,BH,2023-03-06,58723.83
V2,BH,2023-03-07,58168.19
V2,BH,2023-03-08,56877.58
V2,BH,2023-03-09,53357.77
V2,BH,2023-03-10,52803.47
V2,BH,2023-03-11,53602.80
V2,BH,2023-03-12,57641.88
V2,BH,2023-03-13,63187.68
V2,BH,2023-03-14,64647.07
V2,BH,2023-03-15,63638.86
V2,BH,2023-03-16,65507.54
V2,BH,2023-03-17,71787.01
V2,BH,2023-03-18,70509.18
V2,BH,2023-03-19,73300.94
V2,BH,2023-03-20,72630.47
V2,BH,2023-03-21,73648.41
V2,BH,2023-03-22,71409.25
V2,BH,2023-03-23,74146.13
V2,BH,2023-03-24,71942.51
V2,BH,2023-03-25,71964.73
V2,BH,2023-03-26,73288.31
V2,BH,2023-03-27,71078.92
V2,BH,2023-03-28,71435.72
V2,BH,2023-03-29,74285.51
V2,BH,2023-03-30,73446.79
V2,BH,2023-03-31,74591.47
V2,BH,2023-04-01,74558.38
V2,BH,2023-04-02,73822.40
V2,BH,2023-04-03,72847.94
V2,BH,2023-04-04,73805.63
V2,BH,2023-04-05,73817.53
V2,BH,2023-04-06,73460.65
V2,BH,2023-04-07,73126.57
V2,BH,2023-04-08,73210.56
V2,BH,2023-04-09,74220.42
V2,BH,2023-04-10,77662.56
V2,BH,2023-04-11,79138.08
V2,BH,2023-04-12,78319.58
V2,BH,2023-04-13,79592.51
V2,BH,2023-04-14,79836.45
V2,BH,2023-04-15,79386.15
V2,BH,2023-04-16,79411.20
V2,BH,2023-04-17,77119.95
V2,BH,2023-04-18,79608.68
V2,BH,2023-04-19,75460.77
V2,BH,2023-04-20,74010.50
V2,BH,2023-04-21,71440.35
V2,BH,2023-04-22,72892.10
V2,BH,2023-04-23,72299.23
V2,BH,2023-04-24,72090.46
V2,BH,2023-04-25,74160.23
V2,BH,2023-04-26,74460.27
V2,BH,2023-04-27,77231.32
V2,BH,2023-04-28,76809.25
V2,BH,2023-04-29,76596.34
V2,BH,2023-04-30,76603.57
V2,BH,2023-05-01,73550.90
V2,BH,2023-05-02,75127.35
V2,BH,2023-05-03,76061.01
V2,BH,2023-05-04,75568.37
V2,BH,2023-05-05,77317.38
V2,BH,2023-05-06,75594.68
V2,BH,2023-05-07,74499.08
V2,BH,2023-05-08,72504.12
V2,BH,2023-05-09,72397.94
V2,BH,2023-05-10,72320.58
V2,BH,2023-05-11,70669.37
V2,BH,2023-05-12,70214.44
V2,BH,2023-05-13,70162.74
V2,BH,2023-05-14,70535.73
V2,BH,2023-05-15,71176.48
V2,BH,2023-05-16,70840.28
V2,BH,2023-05-17,71814.47
V2,BH,2023-05-18,70283.28
V2,BH,2023-05-19,70437.83
V2,BH,2023-05-20,71020.01
V2,BH,2023-05-21,70090.68
V2,BH,2023-05-22,70356.62
V2,BH,2023-05-23,71327.07
V2,BH,2023-05-24,68993.32
V2,BH,2023-05-25,69372.70
V2,BH,2023-05-26,69980.98
V2,BH,2023-05-27,70369.73
V2,BH,2023-05-28,73542.36
V2,BH,2023-05-29,72681.28
V2,BH,2023-05-30,72571.23
V2,BH,2023-05-31,71302.81
V2,BH,2023-06-01,70274.50
V2,BH,2023-06-02,71387.29
V2,BH,2023-06-03,70932.99
V2,BH,2023-06-04,71053.50
V2,BH,2023-06-05,67418.94
V2,BH,2023-06-06,71354.51
V2,BH,2023-06-07,69020.39
V2,BH,2023-06-08,69437.74
V2,BH,2023-06-09,69383.24
V2,BH,2023-06-10,67715.07
V2,BH,2023-06-11,67936.08
V2,BH,2023-06-12,67882.73
V2,BH,2023-06-13,67958.88
V2,BH,2023-06-14,65847.73
V2,BH,2023-06-15,67079.04
V2,BH,2023-06-16,69035.22
V2,BH,2023-06-17,69485.91
V2,BH,2023-06-18,69022.04
V2,BH,2023-06-19,70343.73
V2,BH,2023-06-20,74179.10
V2,BH,2023-06-21,78596.88
V2,BH,2023-06-22,78311.33
V2,BH,2023-06-23,80417.06
V2,BH,2023-06-24,79994.98
V2,BH,2023-06-25,79825.26
V2,BH,2023-06-26,79315.14
V2,BH,2023-06-27,80427.38
V2,BH,2023-06-28,78815.74
V2,BH,2023-06-29,79785.03
V2,BH,2023-06-30,79849.73
V2,BH,2023-07-01,80148.20
V2,BH,2023-07-02,80229.77
V2,BH,2023-07-03,81642.63
V2,BH,2023-07-04,80621.48
V2,BH,2023-07-05,79935.71
V2,BH,2023-07-06,78338.87
V2,BH,2023-07-07,79516.15
V2,BH,2023-07-08,79358.74
V2,BH,2023-07-09,79034.02
V2,BH,2023-07-10,79691.38
V2,BH,2023-07-11,80243.06
V2,BH,2023-07-12,79608.65
V2,BH,2023-07-13,82423.60
V2,BH,2023-07-14,79430.49
V2,BH,2023-07-15,79371.56
V2,BH,2023-07-16,79220.80
V2,BH,2023-07-17,78974.51
V2,BH,2023-07-18,78243.75
V2,BH,2023-07-19,78374.98
V2,BH,2023-07-20,78088.80
V2,BH,2023-07-21,78355.35
V2,BH,2023-07-22,78073.08
V2,BH,2023-07-23,78832.35
V2,BH,2023-07-24,76454.97
V2,BH,2023-07-25,76592.30
V2,BH,2023-07-26,76914.75
V2,BH,2023-07-27,76576.24
V2,BH,2023-07-28,76815.64
V2,BH,2023-07-29,76917.21
V2,BH,2023-07-30,76729.04
V2,BH,2023-07-31,76601.05
V2,BH,2023-08-01,77842.46
V2,BH,2023-08-02,76479.89
V2,BH,2023-08-03,76499.88
V2,BH,2023-08-04,76291.16
V2,BH,2023-08-05,76181.47
V2,BH,2023-08-06,76224.16
V2,BH,2023-08-07,76545.53
V2,BH,2023-08-08,78011.29
V2,BH,2023-08-09,77517.52
V2,BH,2023-08-10,77186.72
V2,BH,2023-08-11,77108.84
V2,BH,2023-08-12,77119.69
V2,BH,2023-08-13,76788.65
V2,BH,2023-08-14,77121.68
V2,BH,2023-08-15,76516.55
V2,BH,2023-08-16,75286.28
V2,BH,2023-08-17,69764.77
V2,BH,2023-08-18,68272.67
V2,BH,2023-08-19,68393.24
V2,BH,2023-08-20,68629.03
V2,BH,2023-08-21,68463.76
V2,BH,2023-08-22,68277.91
V2,BH,2023-08-23,69265.08
V2,BH,2023-08-24,68602.98
V2,BH,2023-08-25,68288.42
V2,BH,2023-08-26,68176.69
V2,BH,2023-08-27,68397.85
V2,BH,2023-08-28,68445.62
V2,BH,2023-08-29,72628.72
V2,BH,2023-08-30,71537.70
V2,BH,2023-08-31,67975.99
V2,BH,2023-09-01,67620.32
V2,BH,2023-09-02,67789.23
V2,BH,2023-09-03,68055.73
V2,BH,2023-09-04,67675.27
V2,BH,2023-09-05,67586.38
V2,BH,2023-09-06,67502.14
V2,BH,2023-09-07,68799.38
V2,BH,2023-09-08,67896.64
V2,BH,2023-09-09,67873.35
V2,BH,2023-09-10,67716.12
V2,BH,2023-09-11,65936.61
V2,BH,2023-09-12,67712.16
V2,BH,2023-09-13,68712.91
V2,BH,2023-09-14,69500.95
V2,BH,2023-09-15,69703.43
V2,BH,2023-09-16,69597.75
V2,BH,2023-09-17,69513.47
V2,BH,2023-09-18,70129.27
V2,BH,2023-09-19,71302.57
V2,BH,2023-09-20,71079.15
V2,BH,2023-09-21,69619.78
V2,BH,2023-09-22,69651.39
V2,BH,2023-09-23,69640.43
V2,BH,2023-09-24,68782.03
V2,BH,2023-09-25,68929.90
V2,BH,2023-09-26,68712.04
V2,BH,2023-09-27,69108.56
V2,BH,2023-09-28,70807.65
V2,BH,2023-09-29,70507.80
V2,BH,2023-09-30,70653.49
V2,BH,2023-10-01,73352.56
V2,BH,2023-10-02,72047.43
V2,BH,2023-10-03,71869.11
V2,BH,2023-10-04,72791.79
V2,BH,2023-10-05,71827.00
V2,BH,2023-10-06,73191.46
V2,BH,2023-10-07,73258.49
V2,BH,2023-10-08,73154.67
V2,BH,2023-10-09,72297.97
V2,BH,2023-10-10,71773.88
V2,BH,2023-10-11,70425.41
V2,BH,2023-10-12,70121.73
V2,BH,2023-10-13,70389.98
V2,BH,2023-10-14,70365.03
V2,BH,2023-10-15,71155.54
V2,BH,2023-10-16,74684.29
V2,BH,2023-10-17,74409.48
V2,BH,2023-10-18,74210.57
V2,BH,2023-10-19,75242.26
V2,BH,2023-10-20,77745.63
V2,BH,2023-10-21,78376.53
V2,BH,2023-10-22,78593.13
V2,BH,2023-10-23,86657.58
V2,BH,2023-10-24,88892.13
V2,BH,2023-10-25,90394.47
V2,BH,2023-10-26,89492.02
V2,BH,2023-10-27,88811.65
V2,BH,2023-10-28,89306.86
V2,BH,2023-10-29,90472.67
V2,BH,2023-10-30,90338.60
V2,BH,2023-10-31,90771.08
V2,BH,2023-11-01,92819.37
V2,BH,2023-11-02,91561.98
V2,BH,2023-11-03,90972.88
V2,BH,2023-11-04,91877.69
V2,BH,2023-11-05,91746.17
V2,BH,2023-11-06,91835.81
V2,BH,2023-11-07,92760.90
V2,BH,2023-11-08,93352.07
V2,BH,2023-11-09,96172.62
V2,BH,2023-11-10,97746.30
V2,BH,2023-11-11,97296.55
V2,BH,2023-11-12,97123.95
V2,BH,2023-11-13,95548.54
V2,BH,2023-11-14,93159.39
V2,BH,2023-11-15,99204.75
V2,BH,2023-11-16,94763.93
V2,BH,2023-11-17,95944.20
V2,BH,2023-11-18,95824.13
V2,BH,2023-11-19,97898.88
V2,BH,2023-11-20,98131.89
V2,BH,2023-11-21,93658.48
V2,BH,2023-11-22,98025.92
V2,BH,2023-11-23,97727.04
V2,BH,2023-11-24,98825.76
V2,BH,2023-11-25,99001.59
V2,BH,2023-11-26,98128.36
V2,BH,2023-11-27,97591.88
V2,BH,2023-11-28,99101.69
V2,BH,2023-11-29,99195.42
V2,BH,2023-11-30,98852.98
V2,BH,2023-12-01,101364.82
V2,BH,2023-12-02,103376.87
V2,BH,2023-12-03,104744.50
V2,BH,2023-12-04,110034.72
V2,BH,2023-12-05,115491.03
V2,BH,2023-12-06,114677.05
V2,BH,2023-12-07,113394.22
V2,BH,2023-12-08,115746.97
V2,BH,2023-12-09,114548.41
V2,BH,2023-12-10,114747.33
V2,BH,2023-12-11,108101.63
V2,BH,2023-12-12,108727.89
V2,BH,2023-12-13,112335.28
V2,BH,2023-12-14,112736.81
V2,BH,2023-12-15,109901.61
V2,BH,2023-12-16,110786.60
V2,BH,2023-12-17,108419.36
V2,BH,2023-12-18,111781.76
V2,BH,2023-12-19,110781.26
V2,BH,2023-12-20,114431.36
V2,BH,2023-12-21,114936.76
V2,BH,2023-12-22,115217.78
V2,BH,2023-12-23,114518.44
V2,BH,2023-12-24,112656.20
V2,BH,2023-12-25,114188.18
V2,BH,2023-12-26,111391.66
V2,BH,2023-12-27,113802.25
V2,BH,2023-12-28,111535.34
V2,BH,2023-12-29,110233.48
V2,BH,2023-12-30,110425.64
V2,BH,2023-12-31,110801.15
V2,BH,2024-01-01,115769.40
V2,BH,2024-01-02,117780.22
V2,BH,2024-01-03,112272.91
V2,BH,2024-01-04,115694.85
V2,BH,2024-01-05,115679.16
V2,BH,2024-01-06,115215.89
V2,BH,2024-01-07,115112.91
V2,BH,2024-01-08,123031.90
V2,BH,2024-01-09,120828.01
V2,BH,2024-01-10,122253.50
V2,BH,2024-01-11,121428.51
V2,BH,2024-01-12,112109.13
V2,BH,2024-01-13,112280.14
V2,BH,2024-01-14,109356.69
V2,BH,2024-01-15,111397.35
V2,BH,2024-01-16,113039.96
V2,BH,2024-01-17,112091.76
V2,BH,2024-01-18,108295.81
V2,BH,2024-01-19,109164.56
V2,BH,2024-01-20,109261.54
V2,BH,2024-01-21,108958.33
V2,BH,2024-01-22,103685.21
V2,BH,2024-01-23,104548.85
V2,BH,2024-01-24,105039.61
V2,BH,2024-01-25,104715.23
V2,BH,2024-01-26,109595.57
V2,BH,2024-01-27,110374.15
V2,BH,2024-01-28,110139.44
V2,BH,2024-01-29,113471.68
V2,BH,2024-01-30,112524.13
V2,BH,2024-01-31,111577.89
V2,BH,2024-02-01,112895.81
V2,BH,2024-02-02,113202.56
V2,BH,2024-02-03,112707.54
V2,BH,2024-02-04,111585.44
V2,BH,2024-02-05,111915.14
V2,BH,2024-02-06,112937.77
V2,BH,2024-02-07,116215.01
V2,BH,2024-02-08,118675.72
V2,BH,2024-02-09,123508.11
V2,BH,2024-02-10,125128.37
V2,BH,2024-02-11,126566.73
V2,BH,2024-02-12,130804.69
V2,BH,2024-02-13,130234.28
V2,BH,2024-02-14,135725.60
V2,BH,2024-02-15,135947.89
V2,BH,2024-02-16,136587.56
V2,BH,2024-02-17,135325.91
V2,BH,2024-02-18,136623.10
V2,BH,2024-02-19,135672.04
V2,BH,2024-02-20,136940.56
V2,BH,2024-02-21,135867.68
V2,BH,2024-02-22,134397.70
V2,BH,2024-02-23,132971.48
V2,BH,2024-02-24,135130.89
V2,BH,2024-02-25,135551.81
V2,BH,2024-02-26,142751.76
V2,BH,2024-02-27,149462.34
V2,BH,2024-02-28,163598.93
V2,BH,2024-02-29,160189.43
V2,BH,2024-03-01,163483.10
V2,BH,2024-03-02,162433.31
V2,BH,2024-03-03,165385.72
V2,BH,2024-03-04,178833.08
V2,BH,2024-03-05,166984.29
V2,BH,2024-03-06,173142.37
V2,BH,2024-03-07,175105.42
V2,BH,2024-03-08,178514.65
V2,BH,2024-03-09,179010.12
V2,BH,2024-03-10,180694.03
V2,BH,2024-03-11,188875.59
V2,BH,2024-03-12,187234.97
V2,BH,2024-03-13,191481.11
V2,BH,2024-03-14,187069.70
V2,BH,2024-03-15,182119.47
V2,BH,2024-03-16,171115.71
V2,BH,2024-03-17,179220.30
V2,BH,2024-03-18,177167.22
V2,BH,2024-03-19,162302.60
V2,BH,2024-03-20,177771.28
V2,BH,2024-03-21,171641.47
V2,BH,2024-03-22,167174.61
V2,BH,2024-03-23,167681.32
V2,BH,2024-03-24,176119.05
V2,BH,2024-03-25,183115.65
V2,BH,2024-03-26,183398.63
V2,BH,2024-03-27,182041.22
V2,BH,2024-03-28,185475.58
V2,BH,2024-03-29,183038.43
V2,BH,2024-03-30,182335.21
V2,BH,2024-03-31,186784.25
V2,BH,2024-04-01,182512.40
V2,BH,2024-04-02,171543.78
V2,BH,2024-04-03,172852.13
V2,BH,2024-04-04,179467.44
V2,BH,2024-04-05,177719.16
V2,BH,2024-04-06,180537.12
V2,BH,2024-04-07,181754.02
V2,BH,2024-04-08,187675.17
V2,BH,2024-04-09,181192.23
V2,BH,2024-04-10,185083.78
V2,BH,2024-04-11,183446.40
V2,BH,2024-04-12,175874.12
V2,BH,2024-04-13,167509.68
V2,BH,2024-04-14,172062.23
V2,BH,2024-04-15,166187.62
V2,BH,2024-04-16,167166.09
V2,BH,2024-04-17,160573.04
V2,BH,2024-04-18,166318.88
V2,BH,2024-04-19,167230.61
V2,BH,2024-04-20,170172.25
V2,BH,2024-04-21,170173.72
V2,BH,2024-04-22,175095.33
V2,BH,2024-04-23,174033.21
V2,BH,2024-04-24,168466.35
V2,BH,2024-04-25,169013.36
V2,BH,2024-04-26,167104.83
V2,BH,2024-04-27,166297.65
V2,BH,2024-04-28,165397.90
V2,BH,2024-04-29,167356.36
V2,BH,2024-04-30,158986.71
V2,BH,2024-05-01,152941.30
V2,BH,2024-05-02,154764.17
V2,BH,2024-05-03,164777.88
V2,BH,2024-05-04,167424.60
V2,BH,2024-05-05,167738.94
V2,BH,2024-05-06,165519.94
V2,BH,2024-05-07,163284.42
V2,BH,2024-05-08,160352.03
V2,BH,2024-05-09,165281.01
V2,BH,2024-05-10,159322.10
V2,BH,2024-05-11,159390.23
V2,BH,2024-05-12,161114.47
V2,BH,2024-05-13,164930.05
V2,BH,2024-05-14,161359.48
V2,BH,2024-05-15,173489.48
V2,BH,2024-05-16,170944.28
V2,BH,2024-05-17,175631.68
V2,BH,2024-05-18,175346.57
V2,BH,2024-05-19,173666.38
V2,BH,2024-05-20,187220.84
V2,BH,2024-05-21,183818.79
V2,BH,2024-05-22,181246.26
V2,BH,2024-05-23,178109.69
V2,BH,2024-05-24,179630.43
V2,BH,2024-05-25,181571.06
V2,BH,2024-05-26,179519.53
V2,BH,2024-05-27,181953.28
V2,BH,2024-05-28,179233.17
V2,BH,2024-05-29,177278.41
V2,BH,2024-05-30,179112.05
V2,BH,2024-05-31,176983.84
V2,BH,2024-06-01,177578.26
V2,BH,2024-06-02,177575.07
V2,BH,2024-06-03,180311.50
V2,BH,2024-06-04,184839.45
V2,BH,2024-06-05,186333.51
V2,BH,2024-06-06,185523.96
V2,BH,2024-06-07,181741.47
V2,BH,2024-06-08,181623.18
V2,BH,2024-06-09,182508.05
V2,BH,2024-06-10,182224.68
V2,BH,2024-06-11,176392.23
V2,BH,2024-06-12,178880.98
V2,BH,2024-06-13,174973.98
V2,BH,2024-06-14,173063.63
V2,BH,2024-06-15,173546.47
V2,BH,2024-06-16,174722.05
V2,BH,2024-06-17,174269.92
V2,BH,2024-06-18,170787.34
V2,BH,2024-06-19,170260.77
V2,BH,2024-06-20,169987.25
V2,BH,2024-06-21,168083.69
V2,BH,2024-06-22,168394.08
V2,BH,2024-06-23,165637.38
V2,BH,2024-06-24,157994.35
V2,BH,2024-06-25,161958.30
V2,BH,2024-06-26,159492.42
V2,BH,2024-06-27,161697.46
V2,BH,2024-06-28,158346.90
V2,BH,2024-06-29,159811.30
V2,BH,2024-06-30,164489.64
V2,BH,2024-07-01,164825.00
V2,BH,2024-07-02,162821.63
V2,BH,2024-07-03,157772.35
V2,BH,2024-07-04,149495.54
V2,BH,2024-07-05,148391.76
V2,BH,2024-07-06,152587.96
V2,BH,2024-07-07,146371.46
V2,BH,2024-07-08,148616.67
V2,BH,2024-07-09,152115.94
V2,BH,2024-07-10,151266.53
V2,BH,2024-07-11,150255.15
V2,BH,2024-07-12,151694.31
V2,BH,2024-07-13,155139.97
V2,BH,2024-07-14,159316.65
V2,BH,2024-07-15,169605.06
V2,BH,2024-07-16,170443.20
V2,BH,2024-07-17,167938.07
V2,BH,2024-07-18,167675.84
V2,BH,2024-07-19,174677.84
V2,BH,2024-07-20,175935.54
V2,BH,2024-07-21,178622.48
V2,BH,2024-07-22,176962.88
V2,BH,2024-07-23,172780.68
V2,BH,2024-07-24,171313.21
V2,BH,2024-07-25,172424.14
V2,BH,2024-07-26,177948.11
V2,BH,2024-07-27,177918.00
V2,BH,2024-07-28,178844.01
V2,BH,2024-07-29,175004.58
V2,BH,2024-07-30,173441.00
V2,BH,2024-07-31,169353.13
V2,BH,2024-08-01,171255.61
V2,BH,2024-08-02,161152.05
V2,BH,2024-08-03,159054.81
V2,BH,2024-08-04,152406.81
V2,BH,2024-08-05,141552.49
V2,BH,2024-08-06,146801.74
V2,BH,2024-08-07,144475.19
V2,BH,2024-08-08,161643.80
V2,BH,2024-08-09,159421.67
V2,BH,2024-08-10,159645.77
V2,BH,2024-08-11,153852.21
V2,BH,2024-08-12,155513.70
V2,BH,2024-08-13,158764.36
V2,BH,2024-08-14,153775.70
V2,BH,2024-08-15,150782.30
V2,BH,2024-08-16,154276.75
V2,BH,2024-08-17,155894.57
V2,BH,2024-08-18,153104.76
V2,BH,2024-08-19,155754.41
V2,BH,2024-08-20,154641.51
V2,BH,2024-08-21,160255.07
V2,BH,2024-08-22,158210.64
V2,BH,2024-08-23,167805.08
V2,BH,2024-08-24,168118.93
V2,BH,2024-08-25,168283.99
V2,BH,2024-08-26,164652.08
V2,BH,2024-08-27,155692.83
V2,BH,2024-08-28,154696.80
V2,BH,2024-08-29,155546.11
V2,BH,2024-08-30,154930.26
V2,BH,2024-08-31,154537.19
V2,BH,2024-09-01,150155.49
V2,BH,2024-09-02,154951.59
V2,BH,2024-09-03,150642.55
V2,BH,2024-09-04,151908.67
V2,BH,2024-09-05,147215.74
V2,BH,2024-09-06,141406.17
V2,BH,2024-09-07,141924.72
V2,BH,2024-09-08,143782.84
V2,BH,2024-09-09,149474.55
V2,BH,2024-09-10,151031.06
V2,BH,2024-09-11,150250.20
V2,BH,2024-09-12,152331.65
V2,BH,2024-09-13,158530.75
V2,BH,2024-09-14,157207.51
V2,BH,2024-09-15,154951.25
V2,BH,2024-09-16,152545.67
V2,BH,2024-09-17,158048.57
V2,BH,2024-09-18,161837.71
V2,BH,2024-09-19,164950.78
V2,BH,2024-09-20,165613.91
V2,BH,2024-09-21,166001.49
V2,BH,2024-09-22,166603.67
V2,BH,2024-09-23,165977.99
V2,BH,2024-09-24,168395.88
V2,BH,2024-09-25,165485.40
V2,BH,2024-09-26,170783.86
V2,BH,2024-09-27,172345.53
V2,BH,2024-09-28,172576.26
V2,BH,2024-09-29,171905.45
V2,BH,2024-09-30,165945.49
V2,BH,2024-10-01,159337.27
V2,BH,2024-10-02,158927.17
V2,BH,2024-10-03,159198.20
V2,BH,2024-10-04,162692.00
V2,BH,2024-10-05,162618.62
V2,BH,2024-10-06,164615.15
V2,BH,2024-10-07,163053.61
V2,BH,2024-10-08,162887.19
V2,BH,2024-10-09,158892.42
V2,BH,2024-10-10,158081.06
V2,BH,2024-10-11,163881.67
V2,BH,2024-10-12,165627.45
V2,BH,2024-10-13,164746.46
V2,BH,2024-10-14,173168.45
V2,BH,2024-10-15,175763.07
V2,BH,2024-10-16,177193.48
V2,BH,2024-10-17,176674.03
V2,BH,2024-10-18,179310.76
V2,BH,2024-10-19,179179.74
V2,BH,2024-10-20,180893.47
V2,BH,2024-10-21,176558.00
V2,BH,2024-10-22,176685.09
V2,BH,2024-10-23,174700.51
V2,BH,2024-10-24,178708.80
V2,BH,2024-10-25,174778.28
V2,BH,2024-10-26,175811.86
V2,BH,2024-10-27,178246.08
V2,BH,2024-10-28,183331.05
V2,BH,2024-10-29,190600.67
V2,BH,2024-10-30,189574.30
V2,BH,2024-10-31,184195.27
V2,BH,2024-11-01,182109.41
V2,BH,2024-11-02,181791.63
V2,BH,2024-11-03,180222.64
V2,BH,2024-11-04,177796.18
V2,BH,2024-11-05,181784.47
V2,BH,2024-11-06,198031.08
V2,BH,2024-11-07,198780.26
V2,BH,2024-11-08,200488.50
V2,BH,2024-11-09,200927.89
V2,BH,2024-11-10,210603.96
V2,BH,2024-11-11,232295.82
V2,BH,2024-11-12,230472.05
V2,BH,2024-11-13,236821.85
V2,BH,2024-11-14,228830.57
V2,BH,2024-11-15,238543.14
V2,BH,2024-11-16,237376.65
V2,BH,2024-11-17,235461.30
V2,BH,2024-11-18,237054.76
V2,BH,2024-11-19,241893.93
V2,BH,2024-11-20,247071.30
V2,BH,2024-11-21,257633.10
V2,BH,2024-11-22,259139.53
V2,BH,2024-11-23,255943.65
V2,BH,2024-11-24,256540.17
V2,BH,2024-11-25,243726.19
V2,BH,2024-11-26,240988.23
V2,BH,2024-11-27,251202.54
V2,BH,2024-11-28,250628.32
V2,BH,2024-11-29,255387.07
V2,BH,2024-11-30,252630.36
V2,BH,2024-12-01,254666.93
V2,BH,2024-12-02,251143.60
V2,BH,2024-12-03,251167.37
V2,BH,2024-12-04,258341.14
V2,BH,2024-12-05,254039.20
V2,BH,2024-12-06,261363.85
V2,BH,2024-12-07,261602.71
V2,BH,2024-12-08,264950.57
V2,BH,2024-12-09,254906.15
V2,BH,2024-12-10,253115.16
V2,BH,2024-12-11,264990.95
V2,BH,2024-12-12,262054.21
V2,BH,2024-12-13,265775.11
V2,BH,2024-12-14,265763.98
V2,BH,2024-12-15,273740.54
V2,BH,2024-12-16,277919.26
V2,BH,2024-12-17,278116.00
V2,BH,2024-12-18,262577.56
V2,BH,2024-12-19,255391.95
V2,BH,2024-12-20,256292.27
V2,BH,2024-12-21,254946.82
V2,BH,2024-12-22,249428.92
V2,BH,2024-12-23,248630.22
V2,BH,2024-12-24,258540.97
V2,BH,2024-12-25,260548.27
V2,BH,2024-12-26,251015.15
V2,BH,2024-12-27,247103.97
V2,BH,2024-12-28,249726.95
V2,BH,2024-12-29,245634.36
V2,BH,2024-12-30,243155.04
V2,BH,2024-12-31,245209.33
V2,BH,2025-01-01,247871.13
V2,BH,2025-01-02,254141.82
V2,BH,2025-01-03,257258.53
V2,BH,2025-01-04,257379.91
V2,BH,2025-01-05,257754.92
V2,BH,2025-01-06,267901.20
V2,BH,2025-01-07,254062.73
V2,BH,2025-01-08,249099.64
V2,BH,2025-01-09,242527.29
V2,BH,2025-01-10,248223.11
V2,BH,2025-01-11,247892.62
V2,BH,2025-01-12,247748.68
V2,BH,2025-01-13,247725.20
V2,BH,2025-01-14,253030.94
V2,BH,2025-01-15,263346.24
V2,BH,2025-01-16,262009.69
V2,BH,2025-01-17,272727.71
V2,BH,2025-01-18,273982.25
V2,BH,2025-01-19,265532.25
V2,BH,2025-01-20,267965.16
V2,BH,2025-01-21,278142.41
V2,BH,2025-01-22,271756.01
V2,BH,2025-01-23,272289.74
V2,BH,2025-01-24,274805.77
V2,BH,2025-01-25,274481.75
V2,BH,2025-01-26,268908.49
V2,BH,2025-01-27,267500.87
V2,BH,2025-01-28,265542.60
V2,BH,2025-01-29,271825.66
V2,BH,2025-01-30,274419.10
V2,BH,2025-01-31,268409.46
V2,BH,2025-02-01,263708.64
V2,BH,2025-02-02,256017.52
V2,BH,2025-02-03,265524.26
V2,BH,2025-02-04,256181.40
V2,BH,2025-02-05,253166.08
V2,BH,2025-02-06,253013.88
V2,BH,2025-02-07,252889.28
V2,BH,2025-02-08,252726.66
V2,BH,2025-02-09,252773.85
V2,BH,2025-02-10,255310.61
V2,BH,2025-02-11,250980.04
V2,BH,2025-02-12,256461.42
V2,BH,2025-02-13,253154.83
V2,BH,2025-02-14,255493.15
V2,BH,2025-02-15,255674.43
V2,BH,2025-02-16,251870.77
V2,BH,2025-02-17,250984.75
V2,BH,2025-02-18,250701.06
V2,BH,2025-02-19,253249.77
V2,BH,2025-02-20,257601.34
V2,BH,2025-02-21,252038.11
V2,BH,2025-02-22,253005.13
V2,BH,2025-02-23,252237.32
V2,BH,2025-02-24,239907.88
V2,BH,2025-02-25,232380.75
V2,BH,2025-02-26,220771.43
V2,BH,2025-02-27,221972.87
V2,BH,2025-02-28,221033.08
V2,BH,2025-03-01,225526.05
V2,BH,2025-03-02,247027.90
V2,BH,2025-03-03,225935.04
V2,BH,2025-03-04,228716.29
V2,BH,2025-03-05,237426.68
V2,BH,2025-03-06,235660.19
V2,BH,2025-03-07,227457.88
V2,BH,2025-03-08,225939.86
V2,BH,2025-03-09,211558.74
V2,BH,2025-03-10,205954.92
V2,BH,2025-03-11,217320.07
V2,BH,2025-03-12,219277.87
V2,BH,2025-03-13,212558.20
V2,BH,2025-03-14,220072.07
V2,BH,2025-03-15,221002.95
V2,BH,2025-03-16,216380.75
V2,BH,2025-03-17,220142.37
V2,BH,2025-03-18,216748.92
V2,BH,2025-03-19,227573.68
V2,BH,2025-03-20,220701.47
V2,BH,2025-03-21,220348.76
V2,BH,2025-03-22,219698.37
V2,BH,2025-03-23,225573.14
V2,BH,2025-03-24,229282.77
V2,BH,2025-03-25,229006.87
V2,BH,2025-03-26,227739.37
V2,BH,2025-03-27,228585.35
V2,BH,2025-03-28,221228.15
V2,BH,2025-03-29,216574.68
V2,BH,2025-03-30,215897.17
V2,BH,2025-03-31,216316.49
V2,BH,2025-04-01,223151.44
V2,BH,2025-04-02,216228.13
V2,BH,2025-04-03,218054.05
V2,BH,2025-04-04,219827.50
V2,BH,2025-04-05,218905.43
V2,BH,2025-04-06,205520.30
V2,BH,2025-04-07,207441.70
V2,BH,2025-04-08,199997.53
V2,BH,2025-04-09,216487.37
V2,BH,2025-04-10,208605.33
V2,BH,2025-04-11,218606.30
V2,BH,2025-04-12,223462.12
V2,BH,2025-04-13,219487.19
V2,BH,2025-04-14,221666.28
V2,BH,2025-04-15,219183.19
V2,BH,2025-04-16,220195.70
V2,BH,2025-04-17,222600.02
V2,BH,2025-04-18,221359.98
V2,BH,2025-04-19,222938.32
V2,BH,2025-04-20,223206.21
V2,BH,2025-04-21,229330.12
V2,BH,2025-04-22,244860.78
V2,BH,2025-04-23,245510.88
V2,BH,2025-04-24,246269.21
V2,BH,2025-04-25,247994.00
V2,BH,2025-04-26,247966.02
V2,BH,2025-04-27,245663.45
V2,BH,2025-04-28,248970.11
V2,BH,2025-04-29,246993.37
V2,BH,2025-04-30,246771.10
V2,BH,2025-05-01,252845.02
V2,BH,2025-05-02,253885.93
V2,BH,2025-05-03,251185.01
V2,BH,2025-05-04,247047.87
V2,BH,2025-05-05,248242.94
V2,BH,2025-05-06,253746.74
V2,BH,2025-05-07,254261.60
V2,BH,2025-05-08,270589.76
V2,BH,2025-05-09,269830.86
V2,BH,2025-05-10,274646.00
V2,BH,2025-05-11,272833.89
V2,BH,2025-05-12,269357.42
V2,BH,2025-05-13,272796.47
V2,BH,2025-05-14,271234.96
V2,BH,2025-05-15,271905.50
V2,BH,2025-05-16,271119.87
V2,BH,2025-05-17,270236.13
V2,BH,2025-05-18,278955.90
V2,BH,2025-05-19,276648.56
V2,BH,2025-05-20,279992.88
V2,BH,2025-05-21,287314.36
V2,BH,2025-05-22,292692.06
V2,BH,2025-05-23,281220.06
V2,BH,2025-05-24,282382.50
V2,BH,2025-05-25,285637.81
V2,BH,2025-05-26,286766.17
V2,BH,2025-05-27,285464.81
V2,BH,2025-05-28,282434.57
V2,BH,2025-05-29,276690.51
V2,BH,2025-05-30,272486.64
V2,BH,2025-05-31,274075.66
V2,BH,2025-06-01,276829.87
V2,BH,2025-06-02,277393.42
V2,BH,2025-06-03,276132.73
V2,BH,2025-06-04,274350.76
V2,BH,2025-06-05,265996.35
V2,BH,2025-06-06,273280.52
V2,BH,2025-06-07,276591.98
V2,BH,2025-06-08,277068.51
V2,BH,2025-06-09,288936.49
V2,BH,2025-06-10,288966.28
V2,BH,2025-06-11,284696.89
V2,BH,2025-06-12,276905.33
V2,BH,2025-06-13,277940.04
V2,BH,2025-06-14,276231.65
V2,BH,2025-06-15,276701.67
V2,BH,2025-06-16,279847.55
V2,BH,2025-06-17,273968.99
V2,BH,2025-06-18,274848.43
V2,BH,2025-06-19,274250.47
V2,BH,2025-06-20,270685.12
V2,BH,2025-06-21,267598.30
V2,BH,2025-06-22,264568.72
V2,BH,2025-06-23,276020.15
V2,BH,2025-06-24,277983.04
V2,BH,2025-06-25,281278.44
V2,BH,2025-06-26,280247.25
V2,BH,2025-06-27,280510.68
V2,BH,2025-06-28,281163.69
V2,BH,2025-06-29,283941.71
V2,BH,2025-06-30,280769.87
V2,BH,2025-07-01,276929.99
V2,BH,2025-07-02,285232.72
V2,BH,2025-07-03,287159.21
V2,BH,2025-07-04,282965.10
V2,BH,2025-07-05,283525.56
V2,BH,2025-07-06,286160.98
V2,BH,2025-07-07,283695.42
V2,BH,2025-07-08,285425.01
V2,BH,2025-07-09,291480.85
V2,BH,2025-07-10,303996.04
V2,BH,2025-07-11,307972.97
V2,BH,2025-07-12,307690.85
V2,BH,2025-07-13,312058.16
V2,BH,2025-07-14,314035.38
V2,BH,2025-07-15,308576.79
V2,BH,2025-07-16,310862.70
V2,BH,2025-07-17,312296.41
V2,BH,2025-07-18,309013.75
V2,BH,2025-07-19,308791.43
V2,BH,2025-07-20,307285.00
V2,BH,2025-07-21,307586.98
V2,BH,2025-07-22,314332.12
V2,BH,2025-07-23,311191.72
V2,BH,2025-07-24,310104.24
V2,BH,2025-07-25,308200.03
V2,BH,2025-07-26,309001.04
V2,BH,2025-07-27,312920.05
V2,BH,2025-07-28,309374.00
V2,BH,2025-07-29,309081.67
V2,BH,2025-07-30,308792.22
V2,BH,2025-07-31,303351.63
V2,BH,2025-08-01,296889.26
V2,BH,2025-08-02,294919.79
V2,BH,2025-08-03,299276.13
V2,BH,2025-08-04,301493.61
V2,BH,2025-08-05,299068.98
V2,BH,2025-08-06,301329.15
V2,BH,2025-08-07,307827.14
V2,BH,2025-08-08,305737.95
V2,BH,2025-08-09,305181.13
V2,BH,2025-08-10,312601.56
V2,BH,2025-08-11,311008.31
V2,BH,2025-08-12,314802.91
V2,BH,2025-08-13,323115.83
V2,BH,2025-08-14,309983.96
V2,BH,2025-08-15,307486.59
V2,BH,2025-08-16,307587.76
V2,BH,2025-08-17,307651.57
V2,BH,2025-08-18,304564.81
V2,BH,2025-08-19,295775.60
V2,BH,2025-08-20,299439.75
V2,BH,2025-08-21,294798.34
V2,BH,2025-08-22,306422.54
V2,BH,2025-08-23,302497.29
V2,BH,2025-08-24,297401.97
V2,BH,2025-08-25,288540.70
V2,BH,2025-08-26,292867.66
V2,BH,2025-08-27,291554.27
V2,BH,2025-08-28,294973.64
V2,BH,2025-08-29,283995.35
V2,BH,2025-08-30,285145.54
V2,BH,2025-08-31,283651.95
V2,BH,2025-09-01,286248.97
V2,BH,2025-09-02,291496.62
V2,BH,2025-09-03,292716.95
V2,BH,2025-09-04,290162.46
V2,BH,2025-09-05,289976.72
V2,BH,2025-09-06,288739.82
V2,BH,2025-09-07,291227.58
V2,BH,2025-09-08,293659.05
V2,BH,2025-09-09,292299.47
V2,BH,2025-09-10,298624.16
V2,BH,2025-09-11,302614.27
V2,BH,2025-09-12,304046.93
V2,BH,2025-09-13,303755.72
V2,BH,2025-09-14,302051.71
V2,BH,2025-09-15,302265.80
V2,BH,2025-09-16,306037.25
V2,BH,2025-09-17,305142.72
V2,BH,2025-09-18,306782.95
V2,BH,2025-09-19,303006.52
V2,BH,2025-09-20,303146.06
V2,BH,2025-09-21,301958.11
V2,BH,2025-09-22,295193.99
V2,BH,2025-09-23,293484.98
V2,BH,2025-09-24,296913.02
V2,BH,2025-09-25,285612.39
V2,BH,2025-09-26,287312.97
V2,BH,2025-09-27,287293.03
V2,BH,2025-09-28,293917.74
V2,BH,2025-09-29,299546.45
V2,BH,2025-09-30,298857.20
V2,BH,2025-10-01,310769.83
V2,BH,2025-10-02,315838.68
V2,BH,2025-10-03,320300.36
V2,BH,2025-10-04,320717.01
V2,BH,2025-10-05,323576.71
V2,BH,2025-10-06,326658.93
V2,BH,2025-10-07,317944.46
V2,BH,2025-10-08,323114.70
V2,BH,2025-10-09,318807.76
V2,BH,2025-10-10,295517.64
V2,BH,2025-10-11,289935.87
V2,BH,2025-10-12,301241.45
V2,BH,2025-10-13,301784.40
V2,BH,2025-10-14,296182.29
V2,BH,2025-10-15,290247.38
V2,BH,2025-10-16,283515.50
V2,BH,2025-10-17,278896.73
V2,BH,2025-10-18,280870.78
V2,BH,2025-10-19,284690.76
V2,BH,2025-10-20,289641.57
V2,BH,2025-10-21,283786.43
V2,BH,2025-10-22,281872.91
V2,BH,2025-10-23,288452.13
V2,BH,2025-10-24,290880.51
V2,BH,2025-10-25,292561.20
V2,BH,2025-10-26,300194.85
V2,BH,2025-10-27,299011.07
V2,BH,2025-10-28,295842.45
V2,BH,2025-10-29,288303.05
V2,BH,2025-10-30,283852.49
V2,BH,2025-10-31,287220.08
V2,BH,2025-11-01,288504.33
V2,BH,2025-11-02,289664.08
V2,BH,2025-11-03,279293.36
V2,BH,2025-11-04,265966.32
V2,BH,2025-11-05,272223.75
V2,BH,2025-11-06,265570.17
V2,BH,2025-11-07,270792.79
V2,BH,2025-11-08,268103.86
V2,BH,2025-11-09,274419.15
V2,BH,2025-11-10,277794.71
V2,BH,2025-11-11,270058.83
V2,BH,2025-11-12,266378.13
V2,BH,2025-11-13,261235.93
V2,BH,2025-11-14,247876.92
V2,BH,2025-11-15,250503.22
V2,BH,2025-11-16,247005.47
V2,BH,2025-11-17,241643.29
V2,BH,2025-11-18,243597.32
V2,BH,2025-11-19,239913.33
V2,BH,2025-11-20,227026.77
V2,BH,2025-11-21,223075.68
V2,BH,2025-11-22,222054.53
V2,BH,2025-11-23,227531.91
V2,BH,2025-11-24,231383.96
V2,BH,2025-11-25,228946.83
V2,BH,2025-11-26,237107.01
V2,BH,2025-11-27,239334.19
V2,BH,2025-11-28,238172.69
V2,BH,2025-11-29,237941.41
V2,BH,2025-11-30,236782.02
V2,BH,2025-12-01,226106.42
V2,BH,2025-12-02,239187.26
V2,BH,2025-12-03,244826.61
V2,BH,2025-12-04,241284.08
V2,BH,2025-12-05,234083.09
V2,BH,2025-12-06,233838.73
V2,BH,2025-12-07,236874.55
V2,BH,2025-12-08,237500.91
V2,BH,2025-12-09,242858.28
V2,BH,2025-12-10,241119.80
V2,BH,2025-12-11,242424.80
V2,BH,2025-12-12,236542.04
V2,BH,2025-12-13,236467.60
V2,BH,2025-12-14,231048.97
V2,BH,2025-12-15,226489.19
V2,BH,2025-12-16,230239.91
V2,BH,2025-12-17,225994.29
V2,BH,2025-12-18,224089.74
V2,BH,2025-12-19,230956.65
V2,BH,2025-12-20,231543.52
V2,BH,2025-12-21,232324.31
V2,BH,2025-12-22,232224.55
V2,BH,2025-12-23,229250.91
V2,BH,2025-12-24,229731.63
V2,BH,2025-12-25,228567.68
V2,BH,2025-12-26,228945.79
V2,BH,2025-12-27,230275.52
V2,BH,2025-12-28,230473.89
V2,BH,2025-12-29,228598.76
V2,BH,2025-12-30,231870.00
V2,BH,2025-12-31,229675.99
V2,BH,2026-01-01,232796.45
V2,BH,2026-01-02,235825.91
V2,BH,2026-01-03,237484.32
V2,BH,2026-01-04,239847.22
V2,BH,2026-01-05,245952.77
V2,BH,2026-01-06,245659.96
V2,BH,2026-01-07,239413.35
V2,BH,2026-01-08,238721.11
V2,BH,2026-01-09,237519.10
V2,BH,2026-01-10,237161.20
V2,BH,2026-01-11,238494.87
V2,BH,2026-01-12,239235.27
V2,BH,2026-01-13,250025.67
V2,BH,2026-01-14,254055.32
V2,BH,2026-01-15,250525.65
V2,BH,2026-01-16,250384.52
V2,BH,2026-01-17,249328.04
V2,BH,2026-01-18,245463.87
V2,BH,2026-01-19,242733.02
V2,BH,2026-01-20,231718.46
V2,BH,2026-01-21,234409.83
V2,BH,2026-01-22,234684.81
V2,BH,2026-01-23,234791.18
V2,BH,2026-01-24,233808.73
V2,BH,2026-01-25,227113.58
V2,BH,2026-01-26,231507.31
V2,BH,2026-01-27,233873.35
V2,BH,2026-01-28,234004.34
V2,BH,2026-01-29,221819.79
V2,BH,2026-01-30,220798.69
V2,BH,2026-01-31,206335.49
V2,BH,2026-02-01,201689.78
V2,BH,2026-02-02,206328.99
V2,BH,2026-02-03,198550.50
V2,BH,2026-02-04,191725.91
V2,BH,2026-02-05,164850.86
V2,BH,2026-02-06,184950.61
V2,BH,2026-02-07,181567.95
V2,BH,2026-02-08,184295.81
V2,BH,2026-02-09,183791.69
V2,BH,2026-02-10,180393.76
V2,BH,2026-02-11,175785.02
V2,BH,2026-02-12,173661.56
V2,BH,2026-02-13,180426.96
V2,BH,2026-02-14,182966.13
V2,BH,2026-02-15,180370.93
V2,BH,2026-02-16,180527.77
V2,BH,2026-02-17,176888.23
V2,BH,2026-02-18,174156.38
V2,BH,2026-02-19,175578.56
V2,BH,2026-02-20,178241.65
V2,BH,2026-02-21,178126.14
V2,BH,2026-02-22,177254.77
V2,BH,2026-02-23,169426.55
V2,BH,2026-02-24,167859.88
V2,BH,2026-02-25,178157.88
V2,BH,2026-02-26,176840.17
V2,BH,2026-02-27,172613.20
V2,BH,2026-02-28,175498.72
V2,BH,2026-03-01,172362.61
V2,BH,2026-03-02,180364.33
V2,BH,2026-03-03,179074.92
V2,BH,2026-03-04,190418.16
V2,BH,2026-03-05,185764.14
V2,BH,2026-03-06,178488.00
V2,BH,2026-03-07,176257.72
V2,BH,2026-03-08,172872.89
V2,BH,2026-03-09,179321.66
V2,BH,2026-03-10,183295.46
V2,BH,2026-03-11,183932.83
V2,BH,2026-03-12,184848.62
V2,BH,2026-03-13,185867.08
V2,BH,2026-03-14,186605.91
V2,BH,2026-03-15,190807.21
V2,BH,2026-03-16,196230.01
V2,BH,2026-03-17,193674.28
V2,BH,2026-03-18,186696.55
V2,BH,2026-03-19,183246.65
V2,BH,2026-03-20,184768.41
V2,BH,2026-03-21,180595.09
V2,BH,2026-03-22,177819.74
V2,BH,2026-03-23,185805.36
V2,BH,2026-03-24,184888.97
V2,BH,2026-03-25,186932.36
V2,BH,2026-03-26,180338.78
V2,BH,2026-03-27,174015.61
V2,BH,2026-03-28,173936.34
V2,BH,2026-03-29,172977.00
V2,BH,2026-03-30,175037.81
V2,BH,2026-03-31,178934.68
V2,BH,2026-04-01,178487.74
V2,BH,2026-04-02,175311.96
V2,BH,2026-04-03,175475.24
V2,BH,2026-04-04,176356.02
V2,BH,2026-04-05,180899.21
V2,BH,2026-04-06,180426.17
V2,BH,2026-04-07,188472.36
V2,BH,2026-04-08,186233.75
V2,BH,2026-04-09,188115.33
V2,BH,2026-04-10,191193.62
V2,BH,2026-04-11,191404.46
V2,BH,2026-04-12,185371.76
V2,BH,2026-04-13,195007.11
V2,BH,2026-04-14,194256.51
V2,BH,2026-04-15,196034.32
V2,BH,2026-04-16,196936.53
V2,BH,2026-04-17,201961.75
V2,BH,2026-04-18,198344.93
V2,BH,2026-04-19,193392.40
V2,BH,2026-04-20,198735.93
V2,BH,2026-04-21,200033.51
V2,BH,2026-04-22,204860.55
V2,BH,2026-04-23,205068.22
V2,BH,2026-04-24,202918.55
V2,BH,2026-04-25,203410.85
V2,BH,2026-04-26,206116.58
V2,BH,2026-04-27,202746.10
V2,BH,2026-04-28,200050.86
V2,BH,2026-04-29,198576.16
V2,BH,2026-04-30,200060.82
V2,BH,2026-05-01,204999.17
V2,BH,2026-05-02,206193.35
V2,BH,2026-05-03,205883.41
V2,BH,2026-05-04,209270.16
V2,BH,2026-05-05,212007.22
V2,BH,2026-05-06,213426.16
V2,BH,2026-05-07,209650.09
V2,BH,2026-05-08,210140.56
V2,BH,2026-05-09,211412.07
V2,BH,2026-05-10,215425.71
V2,BH,2026-05-11,214208.73
V2,BH,2026-05-12,210956.30
V2,BH,2026-05-13,207835.74
V2,BH,2026-05-14,212490.61
V2,BH,2026-05-15,207310.60
V2,BH,2026-05-16,204781.47
V2,BH,2026-05-17,202972.38
V2,BH,2026-05-18,201777.98
V2,BH,2026-05-19,201339.04
V2,BH,2026-05-20,203220.16
V2,BH,2026-05-21,203386.01
V2,BH,2026-05-22,197945.95
V2,BH,2026-05-23,201123.24
V2,BH,2026-05-24,201943.31
V2,BH,2026-05-25,202616.89
V2,BH,2026-05-26,198969.25
V2,BH,2026-05-27,195089.15
V2,BH,2026-05-28,192909.51
V2,BH,2026-05-29,192498.81
V2,BH,2026-05-30,193608.82
V2,BH,2026-05-31,193058.56
V2,BH,2026-06-01,187122.00
V2,BH,2026-06-02,174942.06
V2,BH,2026-06-03,168081.56
V2,BH,2026-06-04,167408.74
V2,BH,2026-06-05,159994.18
V2,BH,2026-06-06,159543.86
V2,BH,2026-06-07,165957.08
V2,BH,2026-06-08,165312.40
V2,BH,2026-06-09,161759.12
V2,BH,2026-06-10,161185.22
V2,BH,2026-06-11,166727.43
V2,BH,2026-06-12,166606.94
V2,BH,2026-06-13,168907.68
V2,BH,2026-06-14,172283.95
V2,BH,2026-06-15,173809.80
V2,BH,2026-06-16,172096.74
V2,BH,2026-06-17,169042.34
V2,BH,2026-06-18,164977.04
V2,BH,2026-06-19,166512.35
V2,BH,2026-06-20,168488.41
V2,BH,2026-06-21,165904.62
V2,BH,2026-06-22,167759.93
V2,BH,2026-06-23,164391.53
V2,BH,2026-06-24,160050.58
V2,BH,2026-06-25,156685.97
V2,BH,2026-06-26,157480.67
V2,BH,2026-06-27,157301.77
V2,BH,2026-06-28,156117.36
V2,BH,2026-06-29,157907.64
V2,BH,2026-06-30,153621.93
V2,BH,2026-07-01,157288.67
V2,BH,2026-07-02,161313.65
V2,BH,2026-07-03,163995.03
V2,BH,2026-07-04,165464.44
V2,BH,2026-07-05,166790.35
V2,BH,2026-07-06,167817.61
V2,BH,2026-07-07,166040.88
V2,BH,2026-07-08,163226.56
V2,BH,2026-07-09,165689.77
V2,BH,2026-07-10,168131.27
V2,BH,2026-07-11,167233.20
V2,BH,2026-07-12,167131.00
V2,BH,2026-07-13,163343.22
V2,BH,2026-07-14,170443.17
V2,BH,2026-07-15,169689.28
V2,BH,2026-07-16,167262.55
V2,BH,2026-07-17,167528.44
V2,BH,2026-07-18,169893.51
V2,BH,2026-07-19,169600.86
V2,BH,2026-07-20,170997.47
V2,BH,2026-07-21,174405.74
V2,BH,2026-07-22,173248.37
V2,BH,2026-07-23,170587.27
V2,BH,2026-07-24,168074.33
V2,BH,2026-07-25,168690.16
V2,BH,2026-07-26,171376.07
V2,BH,2026-07-27,167067.75
V2,BH,2026-07-28,167484.76
V2,BH,2026-07-29,167666.30
V2,BH,2026-07-30,169751.49
V2,BH,2026-07-31,164793.27
V2,BH,2026-08-01,164624.93
V2,BH,2026-08-02,166580.71
V2,BH,2026-08-03,166449.69
V2,BH,2026-08-04,167986.73
V2,BH,2026-08-05,169450.69
V2,BH,2026-08-06,168555.49
V2,BH,2026-08-07,170126.65
V2,BH,2026-08-08,170229.92
V2,BH,2026-08-09,170070.05
V2,BH,2026-08-10,167628.91
V2,BH,2026-08-11,166659.33
V2,BH,2026-08-12,166344.85
V2,BH,2026-08-13,166373.33
V2,BH,2026-08-14,165201.21
V2,BH,2026-08-15,165312.45
V2,BH,2026-08-16,164825.03
V2,BH,2026-08-17,169101.83
V2,BH,2026-08-18,169608.41
V2,BH,2026-08-19,181686.94
V2,BH,2026-08-20,191357.27
V2,BH,2026-08-21,205279.30
V2,BH,2026-08-22,201969.43
V2,BH,2026-08-23,203696.48
V2,BH,2026-08-24,206994.94
V2,BH,2026-08-25,205806.29
V2,BH,2026-08-26,207076.18
V2,BH,2026-08-27,210288.38
V2,BH,2026-08-28,203914.82
V2,BH-x,2019-03-01,10011.14
V2,BH-x,2019-03-02,10003.41
V2,BH-x,2019-03-03,9978.96
V2,BH-x,2019-03-04,9807.15
V2,BH-x,2019-03-05,10068.45
V2,BH-x,2019-03-06,10073.85
V2,BH-x,2019-03-07,10093.29
V2,BH-x,2019-03-08,10075.20
V2,BH-x,2019-03-09,10215.79
V2,BH-x,2019-03-10,10166.06
V2,BH-x,2019-03-11,10081.72
V2,BH-x,2019-03-12,10099.89
V2,BH-x,2019-03-13,10067.28
V2,BH-x,2019-03-14,10085.45
V2,BH-x,2019-03-15,10168.32
V2,BH-x,2019-03-16,10315.43
V2,BH-x,2019-03-17,10268.46
V2,BH-x,2019-03-18,10278.35
V2,BH-x,2019-03-19,10326.24
V2,BH-x,2019-03-20,10373.63
V2,BH-x,2019-03-21,10259.30
V2,BH-x,2019-03-22,10268.50
V2,BH-x,2019-03-23,10300.76
V2,BH-x,2019-03-24,10273.69
V2,BH-x,2019-03-25,10170.47
V2,BH-x,2019-03-26,10190.83
V2,BH-x,2019-03-27,10350.49
V2,BH-x,2019-03-28,10329.93
V2,BH-x,2019-03-29,10463.29
V2,BH-x,2019-03-30,10467.74
V2,BH-x,2019-03-31,10460.15
V2,BH-x,2019-04-01,10530.45
V2,BH-x,2019-04-02,11796.75
V2,BH-x,2019-04-03,11922.40
V2,BH-x,2019-04-04,11862.43
V2,BH-x,2019-04-05,12040.23
V2,BH-x,2019-04-06,12103.32
V2,BH-x,2019-04-07,12313.21
V2,BH-x,2019-04-08,12421.78
V2,BH-x,2019-04-09,12274.78
V2,BH-x,2019-04-10,12536.41
V2,BH-x,2019-04-11,12052.56
V2,BH-x,2019-04-12,12101.59
V2,BH-x,2019-04-13,12094.36
V2,BH-x,2019-04-14,12236.36
V2,BH-x,2019-04-15,12056.14
V2,BH-x,2019-04-16,12303.64
V2,BH-x,2019-04-17,12349.53
V2,BH-x,2019-04-18,12439.41
V2,BH-x,2019-04-19,12437.20
V2,BH-x,2019-04-20,12489.34
V2,BH-x,2019-04-21,12427.87
V2,BH-x,2019-04-22,12592.55
V2,BH-x,2019-04-23,12814.11
V2,BH-x,2019-04-24,12683.46
V2,BH-x,2019-04-25,12360.69
V2,BH-x,2019-04-26,12514.34
V2,BH-x,2019-04-27,12481.34
V2,BH-x,2019-04-28,12498.25
V2,BH-x,2019-04-29,12381.18
V2,BH-x,2019-04-30,12515.46
V2,BH-x,2019-05-01,12615.63
V2,BH-x,2019-05-02,12793.01
V2,BH-x,2019-05-03,13246.84
V2,BH-x,2019-05-04,13335.29
V2,BH-x,2019-05-05,13246.23
V2,BH-x,2019-05-06,13198.74
V2,BH-x,2019-05-07,13354.48
V2,BH-x,2019-05-08,13577.21
V2,BH-x,2019-05-09,13926.83
V2,BH-x,2019-05-10,14181.80
V2,BH-x,2019-05-11,15274.43
V2,BH-x,2019-05-12,15106.54
V2,BH-x,2019-05-13,16353.95
V2,BH-x,2019-05-14,16581.15
V2,BH-x,2019-05-15,16902.56
V2,BH-x,2019-05-16,16459.49
V2,BH-x,2019-05-17,15706.59
V2,BH-x,2019-05-18,15556.99
V2,BH-x,2019-05-19,16891.65
V2,BH-x,2019-05-20,16582.68
V2,BH-x,2019-05-21,16530.50
V2,BH-x,2019-05-22,16122.08
V2,BH-x,2019-05-23,16448.95
V2,BH-x,2019-05-24,16611.85
V2,BH-x,2019-05-25,16696.81
V2,BH-x,2019-05-26,17551.71
V2,BH-x,2019-05-27,17750.53
V2,BH-x,2019-05-28,17689.04
V2,BH-x,2019-05-29,17585.86
V2,BH-x,2019-05-30,17046.22
V2,BH-x,2019-05-31,17454.83
V2,BH-x,2019-06-01,17435.54
V2,BH-x,2019-06-02,17691.91
V2,BH-x,2019-06-03,16821.62
V2,BH-x,2019-06-04,16195.52
V2,BH-x,2019-06-05,16324.16
V2,BH-x,2019-06-06,16335.73
V2,BH-x,2019-06-07,16617.14
V2,BH-x,2019-06-08,16486.88
V2,BH-x,2019-06-09,16094.99
V2,BH-x,2019-06-10,16615.74
V2,BH-x,2019-06-11,16469.57
V2,BH-x,2019-06-12,16821.28
V2,BH-x,2019-06-13,16949.53
V2,BH-x,2019-06-14,17569.28
V2,BH-x,2019-06-15,17791.38
V2,BH-x,2019-06-16,17992.27
V2,BH-x,2019-06-17,18496.13
V2,BH-x,2019-06-18,18168.95
V2,BH-x,2019-06-19,18408.90
V2,BH-x,2019-06-20,18769.54
V2,BH-x,2019-06-21,19653.54
V2,BH-x,2019-06-22,20421.30
V2,BH-x,2019-06-23,20652.42
V2,BH-x,2019-06-24,20847.74
V2,BH-x,2019-06-25,21852.82
V2,BH-x,2019-06-26,23496.64
V2,BH-x,2019-06-27,21274.56
V2,BH-x,2019-06-28,22678.33
V2,BH-x,2019-06-29,22036.24
V2,BH-x,2019-06-30,20671.21
V2,BH-x,2019-07-01,20361.14
V2,BH-x,2019-07-02,20649.40
V2,BH-x,2019-07-03,22108.69
V2,BH-x,2019-07-04,21073.75
V2,BH-x,2019-07-05,20837.62
V2,BH-x,2019-07-06,21213.44
V2,BH-x,2019-07-07,21406.67
V2,BH-x,2019-07-08,22496.43
V2,BH-x,2019-07-09,22884.18
V2,BH-x,2019-07-10,22323.40
V2,BH-x,2019-07-11,21330.13
V2,BH-x,2019-07-12,21871.43
V2,BH-x,2019-07-13,21343.70
V2,BH-x,2019-07-14,19783.54
V2,BH-x,2019-07-15,20684.54
V2,BH-x,2019-07-16,18809.83
V2,BH-x,2019-07-17,19124.58
V2,BH-x,2019-07-18,20449.76
V2,BH-x,2019-07-19,20279.84
V2,BH-x,2019-07-20,20594.66
V2,BH-x,2019-07-21,20387.80
V2,BH-x,2019-07-22,20047.51
V2,BH-x,2019-07-23,19397.67
V2,BH-x,2019-07-24,19253.60
V2,BH-x,2019-07-25,19410.62
V2,BH-x,2019-07-26,19329.65
V2,BH-x,2019-07-27,18846.66
V2,BH-x,2019-07-28,18933.28
V2,BH-x,2019-07-29,18882.18
V2,BH-x,2019-07-30,18970.82
V2,BH-x,2019-07-31,19669.60
V2,BH-x,2019-08-01,20067.94
V2,BH-x,2019-08-02,20265.29
V2,BH-x,2019-08-03,20656.41
V2,BH-x,2019-08-04,20802.38
V2,BH-x,2019-08-05,21997.40
V2,BH-x,2019-08-06,21540.61
V2,BH-x,2019-08-07,22184.42
V2,BH-x,2019-08-08,22211.86
V2,BH-x,2019-08-09,22051.88
V2,BH-x,2019-08-10,21305.22
V2,BH-x,2019-08-11,21618.32
V2,BH-x,2019-08-12,21412.01
V2,BH-x,2019-08-13,20745.00
V2,BH-x,2019-08-14,19616.90
V2,BH-x,2019-08-15,19945.79
V2,BH-x,2019-08-16,19992.64
V2,BH-x,2019-08-17,19831.85
V2,BH-x,2019-08-18,19951.10
V2,BH-x,2019-08-19,20772.36
V2,BH-x,2019-08-20,20561.33
V2,BH-x,2019-08-21,19729.90
V2,BH-x,2019-08-22,19667.58
V2,BH-x,2019-08-23,20058.58
V2,BH-x,2019-08-24,19709.23
V2,BH-x,2019-08-25,19716.45
V2,BH-x,2019-08-26,20024.90
V2,BH-x,2019-08-27,19767.52
V2,BH-x,2019-08-28,19132.47
V2,BH-x,2019-08-29,18821.62
V2,BH-x,2019-08-30,18937.17
V2,BH-x,2019-08-31,18937.25
V2,BH-x,2019-09-01,19123.53
V2,BH-x,2019-09-02,19966.68
V2,BH-x,2019-09-03,20334.84
V2,BH-x,2019-09-04,20265.81
V2,BH-x,2019-09-05,20258.15
V2,BH-x,2019-09-06,19896.92
V2,BH-x,2019-09-07,20105.41
V2,BH-x,2019-09-08,20000.57
V2,BH-x,2019-09-09,19891.02
V2,BH-x,2019-09-10,19609.65
V2,BH-x,2019-09-11,19687.39
V2,BH-x,2019-09-12,20031.71
V2,BH-x,2019-09-13,19929.22
V2,BH-x,2019-09-14,19915.53
V2,BH-x,2019-09-15,19866.79
V2,BH-x,2019-09-16,19794.12
V2,BH-x,2019-09-17,19704.09
V2,BH-x,2019-09-18,19658.18
V2,BH-x,2019-09-19,19772.41
V2,BH-x,2019-09-20,19665.90
V2,BH-x,2019-09-21,19414.94
V2,BH-x,2019-09-22,19468.71
V2,BH-x,2019-09-23,19020.47
V2,BH-x,2019-09-24,17356.06
V2,BH-x,2019-09-25,17262.10
V2,BH-x,2019-09-26,16733.03
V2,BH-x,2019-09-27,16895.48
V2,BH-x,2019-09-28,16922.18
V2,BH-x,2019-09-29,16694.54
V2,BH-x,2019-09-30,17047.97
V2,BH-x,2019-10-01,17048.86
V2,BH-x,2019-10-02,17142.49
V2,BH-x,2019-10-03,16943.56
V2,BH-x,2019-10-04,16814.69
V2,BH-x,2019-10-05,16795.32
V2,BH-x,2019-10-06,16398.08
V2,BH-x,2019-10-07,16885.79
V2,BH-x,2019-10-08,16850.91
V2,BH-x,2019-10-09,17414.34
V2,BH-x,2019-10-10,17406.82
V2,BH-x,2019-10-11,16976.39
V2,BH-x,2019-10-12,17032.71
V2,BH-x,2019-10-13,16993.08
V2,BH-x,2019-10-14,17094.79
V2,BH-x,2019-10-15,16820.23
V2,BH-x,2019-10-16,16574.74
V2,BH-x,2019-10-17,16685.80
V2,BH-x,2019-10-18,16503.33
V2,BH-x,2019-10-19,16501.32
V2,BH-x,2019-10-20,16898.29
V2,BH-x,2019-10-21,16857.19
V2,BH-x,2019-10-22,16598.29
V2,BH-x,2019-10-23,15792.55
V2,BH-x,2019-10-24,15708.91
V2,BH-x,2019-10-25,17550.30
V2,BH-x,2019-10-26,18363.32
V2,BH-x,2019-10-27,18777.46
V2,BH-x,2019-10-28,18325.23
V2,BH-x,2019-10-29,18603.74
V2,BH-x,2019-10-30,18249.51
V2,BH-x,2019-10-31,18226.30
V2,BH-x,2019-11-01,18349.24
V2,BH-x,2019-11-02,18426.01
V2,BH-x,2019-11-03,18290.41
V2,BH-x,2019-11-04,18563.36
V2,BH-x,2019-11-05,18442.22
V2,BH-x,2019-11-06,18480.52
V2,BH-x,2019-11-07,18306.35
V2,BH-x,2019-11-08,17686.85
V2,BH-x,2019-11-09,17733.51
V2,BH-x,2019-11-10,18054.19
V2,BH-x,2019-11-11,17622.01
V2,BH-x,2019-11-12,17743.63
V2,BH-x,2019-11-13,17676.76
V2,BH-x,2019-11-14,17489.03
V2,BH-x,2019-11-15,17237.48
V2,BH-x,2019-11-16,17261.35
V2,BH-x,2019-11-17,17273.92
V2,BH-x,2019-11-18,16821.67
V2,BH-x,2019-11-19,16741.10
V2,BH-x,2019-11-20,16686.21
V2,BH-x,2019-11-21,16003.92
V2,BH-x,2019-11-22,15472.18
V2,BH-x,2019-11-23,15533.56
V2,BH-x,2019-11-24,14922.68
V2,BH-x,2019-11-25,15231.91
V2,BH-x,2019-11-26,15298.60
V2,BH-x,2019-11-27,15823.08
V2,BH-x,2019-11-28,15688.34
V2,BH-x,2019-11-29,16159.29
V2,BH-x,2019-11-30,15866.63
V2,BH-x,2019-12-01,15640.77
V2,BH-x,2019-12-02,15494.26
V2,BH-x,2019-12-03,15488.67
V2,BH-x,2019-12-04,15339.04
V2,BH-x,2019-12-05,15626.57
V2,BH-x,2019-12-06,15828.42
V2,BH-x,2019-12-07,15767.27
V2,BH-x,2019-12-08,15796.26
V2,BH-x,2019-12-09,15540.30
V2,BH-x,2019-12-10,15367.17
V2,BH-x,2019-12-11,15342.89
V2,BH-x,2019-12-12,15321.90
V2,BH-x,2019-12-13,15408.74
V2,BH-x,2019-12-14,15116.37
V2,BH-x,2019-12-15,15194.95
V2,BH-x,2019-12-16,14852.54
V2,BH-x,2019-12-17,14444.98
V2,BH-x,2019-12-18,15441.01
V2,BH-x,2019-12-19,15248.23
V2,BH-x,2019-12-20,15301.09
V2,BH-x,2019-12-21,15215.74
V2,BH-x,2019-12-22,15763.48
V2,BH-x,2019-12-23,15488.80
V2,BH-x,2019-12-24,15394.62
V2,BH-x,2019-12-25,15315.38
V2,BH-x,2019-12-26,15308.25
V2,BH-x,2019-12-27,15383.56
V2,BH-x,2019-12-28,15471.53
V2,BH-x,2019-12-29,15575.08
V2,BH-x,2019-12-30,15361.76
V2,BH-x,2019-12-31,15283.13
V2,BH-x,2020-01-01,15288.29
V2,BH-x,2020-01-02,14935.37
V2,BH-x,2020-01-03,15501.84
V2,BH-x,2020-01-04,15512.11
V2,BH-x,2020-01-05,15515.70
V2,BH-x,2020-01-06,16102.12
V2,BH-x,2020-01-07,16661.80
V2,BH-x,2020-01-08,16530.34
V2,BH-x,2020-01-09,16184.46
V2,BH-x,2020-01-10,16731.05
V2,BH-x,2020-01-11,16474.45
V2,BH-x,2020-01-12,16708.37
V2,BH-x,2020-01-13,16598.12
V2,BH-x,2020-01-14,17597.67
V2,BH-x,2020-01-15,17609.92
V2,BH-x,2020-01-16,17464.43
V2,BH-x,2020-01-17,17731.90
V2,BH-x,2020-01-18,17731.91
V2,BH-x,2020-01-19,17429.69
V2,BH-x,2020-01-20,17342.76
V2,BH-x,2020-01-21,17470.80
V2,BH-x,2020-01-22,17391.94
V2,BH-x,2020-01-23,16998.43
V2,BH-x,2020-01-24,17043.71
V2,BH-x,2020-01-25,16900.89
V2,BH-x,2020-01-26,17286.86
V2,BH-x,2020-01-27,17694.46
V2,BH-x,2020-01-28,18340.07
V2,BH-x,2020-01-29,18236.61
V2,BH-x,2020-01-30,18523.49
V2,BH-x,2020-01-31,18300.93
V2,BH-x,2020-02-01,18340.56
V2,BH-x,2020-02-02,18264.01
V2,BH-x,2020-02-03,18206.34
V2,BH-x,2020-02-04,18071.82
V2,BH-x,2020-02-05,18639.27
V2,BH-x,2020-02-06,18852.64
V2,BH-x,2020-02-07,18905.07
V2,BH-x,2020-02-08,19010.84
V2,BH-x,2020-02-09,19352.31
V2,BH-x,2020-02-10,18947.75
V2,BH-x,2020-02-11,19443.93
V2,BH-x,2020-02-12,19577.57
V2,BH-x,2020-02-13,19444.87
V2,BH-x,2020-02-14,19593.54
V2,BH-x,2020-02-15,19006.10
V2,BH-x,2020-02-16,19018.98
V2,BH-x,2020-02-17,18731.17
V2,BH-x,2020-02-18,19347.34
V2,BH-x,2020-02-19,18582.06
V2,BH-x,2020-02-20,18581.73
V2,BH-x,2020-02-21,18687.19
V2,BH-x,2020-02-22,18647.83
V2,BH-x,2020-02-23,19030.40
V2,BH-x,2020-02-24,18650.39
V2,BH-x,2020-02-25,18186.07
V2,BH-x,2020-02-26,17456.68
V2,BH-x,2020-02-27,17505.85
V2,BH-x,2020-02-28,17321.08
V2,BH-x,2020-02-29,17081.13
V2,BH-x,2020-03-01,17089.15
V2,BH-x,2020-03-02,17623.44
V2,BH-x,2020-03-03,17404.87
V2,BH-x,2020-03-04,17388.41
V2,BH-x,2020-03-05,17807.63
V2,BH-x,2020-03-06,17910.24
V2,BH-x,2020-03-07,17569.58
V2,BH-x,2020-03-08,16384.07
V2,BH-x,2020-03-09,16232.84
V2,BH-x,2020-03-10,16178.80
V2,BH-x,2020-03-11,16232.76
V2,BH-x,2020-03-12,11737.30
V2,BH-x,2020-03-13,13068.49
V2,BH-x,2020-03-14,12398.62
V2,BH-x,2020-03-15,12713.80
V2,BH-x,2020-03-16,12159.08
V2,BH-x,2020-03-17,12636.96
V2,BH-x,2020-03-18,12768.27
V2,BH-x,2020-03-19,14041.47
V2,BH-x,2020-03-20,14111.93
V2,BH-x,2020-03-21,14074.92
V2,BH-x,2020-03-22,13481.09
V2,BH-x,2020-03-23,14535.43
V2,BH-x,2020-03-24,14969.12
V2,BH-x,2020-03-25,14861.36
V2,BH-x,2020-03-26,14951.67
V2,BH-x,2020-03-27,14360.53
V2,BH-x,2020-03-28,14163.79
V2,BH-x,2020-03-29,13595.70
V2,BH-x,2020-03-30,14423.46
V2,BH-x,2020-03-31,14445.81
V2,BH-x,2020-04-01,14809.75
V2,BH-x,2020-04-02,15042.72
V2,BH-x,2020-04-03,14946.51
V2,BH-x,2020-04-04,15134.44
V2,BH-x,2020-04-05,15001.06
V2,BH-x,2020-04-06,15862.29
V2,BH-x,2020-04-07,15657.98
V2,BH-x,2020-04-08,15904.55
V2,BH-x,2020-04-09,15783.55
V2,BH-x,2020-04-10,15135.68
V2,BH-x,2020-04-11,15160.18
V2,BH-x,2020-04-12,15198.63
V2,BH-x,2020-04-13,15093.84
V2,BH-x,2020-04-14,15138.28
V2,BH-x,2020-04-15,14753.05
V2,BH-x,2020-04-16,15500.23
V2,BH-x,2020-04-17,15383.24
V2,BH-x,2020-04-18,15718.96
V2,BH-x,2020-04-19,15521.43
V2,BH-x,2020-04-20,15069.40
V2,BH-x,2020-04-21,15088.71
V2,BH-x,2020-04-22,15523.95
V2,BH-x,2020-04-23,16065.92
V2,BH-x,2020-04-24,16096.55
V2,BH-x,2020-04-25,16143.75
V2,BH-x,2020-04-26,16372.02
V2,BH-x,2020-04-27,16490.10
V2,BH-x,2020-04-28,16433.68
V2,BH-x,2020-04-29,17976.61
V2,BH-x,2020-04-30,17745.37
V2,BH-x,2020-05-01,18040.08
V2,BH-x,2020-05-02,18244.01
V2,BH-x,2020-05-03,18129.23
V2,BH-x,2020-05-04,18093.72
V2,BH-x,2020-05-05,18304.02
V2,BH-x,2020-05-06,18472.27
V2,BH-x,2020-05-07,19662.13
V2,BH-x,2020-05-08,19400.93
V2,BH-x,2020-05-09,19035.45
V2,BH-x,2020-05-10,17889.97
V2,BH-x,2020-05-11,17654.55
V2,BH-x,2020-05-12,18010.90
V2,BH-x,2020-05-13,18721.05
V2,BH-x,2020-05-14,19396.96
V2,BH-x,2020-05-15,18732.99
V2,BH-x,2020-05-16,18820.40
V2,BH-x,2020-05-17,19236.30
V2,BH-x,2020-05-18,19307.28
V2,BH-x,2020-05-19,19361.02
V2,BH-x,2020-05-20,18990.55
V2,BH-x,2020-05-21,18367.29
V2,BH-x,2020-05-22,18507.22
V2,BH-x,2020-05-23,18516.26
V2,BH-x,2020-05-24,17864.06
V2,BH-x,2020-05-25,18118.62
V2,BH-x,2020-05-26,18030.43
V2,BH-x,2020-05-27,18545.05
V2,BH-x,2020-05-28,19065.94
V2,BH-x,2020-05-29,18854.38
V2,BH-x,2020-05-30,19229.59
V2,BH-x,2020-05-31,18879.07
V2,BH-x,2020-06-01,19928.36
V2,BH-x,2020-06-02,18989.87
V2,BH-x,2020-06-03,19193.00
V2,BH-x,2020-06-04,19359.79
V2,BH-x,2020-06-05,19123.12
V2,BH-x,2020-06-06,19181.95
V2,BH-x,2020-06-07,19290.08
V2,BH-x,2020-06-08,19334.58
V2,BH-x,2020-06-09,19317.25
V2,BH-x,2020-06-10,19469.06
V2,BH-x,2020-06-11,18630.83
V2,BH-x,2020-06-12,18886.70
V2,BH-x,2020-06-13,18894.20
V2,BH-x,2020-06-14,18706.88
V2,BH-x,2020-06-15,18820.66
V2,BH-x,2020-06-16,18955.97
V2,BH-x,2020-06-17,18867.72
V2,BH-x,2020-06-18,18753.69
V2,BH-x,2020-06-19,18643.26
V2,BH-x,2020-06-20,18707.68
V2,BH-x,2020-06-21,18613.77
V2,BH-x,2020-06-22,19158.36
V2,BH-x,2020-06-23,19070.09
V2,BH-x,2020-06-24,18610.30
V2,BH-x,2020-06-25,18540.48
V2,BH-x,2020-06-26,18414.03
V2,BH-x,2020-06-27,18198.69
V2,BH-x,2020-06-28,18342.48
V2,BH-x,2020-06-29,18446.03
V2,BH-x,2020-06-30,18366.24
V2,BH-x,2020-07-01,18493.94
V2,BH-x,2020-07-02,18285.94
V2,BH-x,2020-07-03,18242.23
V2,BH-x,2020-07-04,18347.30
V2,BH-x,2020-07-05,18250.52
V2,BH-x,2020-07-06,18634.04
V2,BH-x,2020-07-07,18508.85
V2,BH-x,2020-07-08,18755.20
V2,BH-x,2020-07-09,18467.74
V2,BH-x,2020-07-10,18542.20
V2,BH-x,2020-07-11,18462.36
V2,BH-x,2020-07-12,18554.73
V2,BH-x,2020-07-13,18466.82
V2,BH-x,2020-07-14,18481.45
V2,BH-x,2020-07-15,18396.09
V2,BH-x,2020-07-16,18302.73
V2,BH-x,2020-07-17,18327.80
V2,BH-x,2020-07-18,18346.33
V2,BH-x,2020-07-19,18396.72
V2,BH-x,2020-07-20,18325.39
V2,BH-x,2020-07-21,18642.74
V2,BH-x,2020-07-22,18817.06
V2,BH-x,2020-07-23,18930.97
V2,BH-x,2020-07-24,18836.59
V2,BH-x,2020-07-25,19057.60
V2,BH-x,2020-07-26,19371.66
V2,BH-x,2020-07-27,20868.38
V2,BH-x,2020-07-28,20700.07
V2,BH-x,2020-07-29,20953.99
V2,BH-x,2020-07-30,20948.37
V2,BH-x,2020-07-31,21255.78
V2,BH-x,2020-08-01,21863.03
V2,BH-x,2020-08-02,20911.32
V2,BH-x,2020-08-03,21103.35
V2,BH-x,2020-08-04,21062.23
V2,BH-x,2020-08-05,21786.72
V2,BH-x,2020-08-06,21804.95
V2,BH-x,2020-08-07,21581.91
V2,BH-x,2020-08-08,21795.37
V2,BH-x,2020-08-09,21687.29
V2,BH-x,2020-08-10,21957.44
V2,BH-x,2020-08-11,21305.10
V2,BH-x,2020-08-12,21526.28
V2,BH-x,2020-08-13,21802.97
V2,BH-x,2020-08-14,21773.16
V2,BH-x,2020-08-15,21887.71
V2,BH-x,2020-08-16,21958.92
V2,BH-x,2020-08-17,22432.29
V2,BH-x,2020-08-18,21997.51
V2,BH-x,2020-08-19,21747.25
V2,BH-x,2020-08-20,21870.93
V2,BH-x,2020-08-21,21449.89
V2,BH-x,2020-08-22,21616.88
V2,BH-x,2020-08-23,21593.09
V2,BH-x,2020-08-24,21718.49
V2,BH-x,2020-08-25,21157.38
V2,BH-x,2020-08-26,21340.19
V2,BH-x,2020-08-27,21164.78
V2,BH-x,2020-08-28,21417.49
V2,BH-x,2020-08-29,21333.51
V2,BH-x,2020-08-30,21648.76
V2,BH-x,2020-08-31,21564.38
V2,BH-x,2020-09-01,21913.14
V2,BH-x,2020-09-02,21221.73
V2,BH-x,2020-09-03,19588.64
V2,BH-x,2020-09-04,19997.77
V2,BH-x,2020-09-05,19618.68
V2,BH-x,2020-09-06,19735.55
V2,BH-x,2020-09-07,19889.43
V2,BH-x,2020-09-08,19553.79
V2,BH-x,2020-09-09,19674.87
V2,BH-x,2020-09-10,19829.43
V2,BH-x,2020-09-11,19893.82
V2,BH-x,2020-09-12,19960.78
V2,BH-x,2020-09-13,19811.83
V2,BH-x,2020-09-14,20262.90
V2,BH-x,2020-09-15,20409.65
V2,BH-x,2020-09-16,20628.99
V2,BH-x,2020-09-17,20606.16
V2,BH-x,2020-09-18,20593.12
V2,BH-x,2020-09-19,20783.08
V2,BH-x,2020-09-20,20568.01
V2,BH-x,2020-09-21,19899.98
V2,BH-x,2020-09-22,20046.19
V2,BH-x,2020-09-23,19657.70
V2,BH-x,2020-09-24,20318.93
V2,BH-x,2020-09-25,20248.84
V2,BH-x,2020-09-26,20300.24
V2,BH-x,2020-09-27,20356.48
V2,BH-x,2020-09-28,20248.80
V2,BH-x,2020-09-29,20435.98
V2,BH-x,2020-09-30,20347.31
V2,BH-x,2020-10-01,20134.78
V2,BH-x,2020-10-02,20065.83
V2,BH-x,2020-10-03,20023.93
V2,BH-x,2020-10-04,20185.46
V2,BH-x,2020-10-05,20347.69
V2,BH-x,2020-10-06,20089.11
V2,BH-x,2020-10-07,20173.48
V2,BH-x,2020-10-08,20512.61
V2,BH-x,2020-10-09,20672.79
V2,BH-x,2020-10-10,20986.33
V2,BH-x,2020-10-11,21080.59
V2,BH-x,2020-10-12,21282.98
V2,BH-x,2020-10-13,21139.24
V2,BH-x,2020-10-14,21131.33
V2,BH-x,2020-10-15,21239.98
V2,BH-x,2020-10-16,20995.24
V2,BH-x,2020-10-17,21043.94
V2,BH-x,2020-10-18,21225.00
V2,BH-x,2020-10-19,21541.51
V2,BH-x,2020-10-20,21740.53
V2,BH-x,2020-10-21,22849.65
V2,BH-x,2020-10-22,23079.73
V2,BH-x,2020-10-23,23018.22
V2,BH-x,2020-10-24,23248.78
V2,BH-x,2020-10-25,23140.93
V2,BH-x,2020-10-26,23165.13
V2,BH-x,2020-10-27,23886.28
V2,BH-x,2020-10-28,23427.54
V2,BH-x,2020-10-29,23656.78
V2,BH-x,2020-10-30,23780.39
V2,BH-x,2020-10-31,24059.04
V2,BH-x,2020-11-01,24017.93
V2,BH-x,2020-11-02,23753.54
V2,BH-x,2020-11-03,24330.84
V2,BH-x,2020-11-04,24472.15
V2,BH-x,2020-11-05,26219.56
V2,BH-x,2020-11-06,26202.16
V2,BH-x,2020-11-07,25299.40
V2,BH-x,2020-11-08,26079.59
V2,BH-x,2020-11-09,25900.94
V2,BH-x,2020-11-10,25858.57
V2,BH-x,2020-11-11,26311.42
V2,BH-x,2020-11-12,27019.92
V2,BH-x,2020-11-13,27047.74
V2,BH-x,2020-11-14,26751.54
V2,BH-x,2020-11-15,26613.63
V2,BH-x,2020-11-16,27491.94
V2,BH-x,2020-11-17,28575.95
V2,BH-x,2020-11-18,28702.27
V2,BH-x,2020-11-19,28726.44
V2,BH-x,2020-11-20,29684.38
V2,BH-x,2020-11-21,29731.79
V2,BH-x,2020-11-22,29403.33
V2,BH-x,2020-11-23,29345.21
V2,BH-x,2020-11-24,30225.40
V2,BH-x,2020-11-25,29731.84
V2,BH-x,2020-11-26,27979.21
V2,BH-x,2020-11-27,27961.96
V2,BH-x,2020-11-28,28619.29
V2,BH-x,2020-11-29,29139.51
V2,BH-x,2020-11-30,30829.29
V2,BH-x,2020-12-01,29802.11
V2,BH-x,2020-12-02,30284.38
V2,BH-x,2020-12-03,30518.63
V2,BH-x,2020-12-04,29663.14
V2,BH-x,2020-12-05,30210.78
V2,BH-x,2020-12-06,30438.45
V2,BH-x,2020-12-07,30220.04
V2,BH-x,2020-12-08,29282.87
V2,BH-x,2020-12-09,29519.82
V2,BH-x,2020-12-10,29193.93
V2,BH-x,2020-12-11,28943.46
V2,BH-x,2020-12-12,29805.35
V2,BH-x,2020-12-13,30205.70
V2,BH-x,2020-12-14,30307.65
V2,BH-x,2020-12-15,30470.14
V2,BH-x,2020-12-16,32561.27
V2,BH-x,2020-12-17,34117.00
V2,BH-x,2020-12-18,34435.05
V2,BH-x,2020-12-19,35173.38
V2,BH-x,2020-12-20,34787.34
V2,BH-x,2020-12-21,34015.59
V2,BH-x,2020-12-22,35152.73
V2,BH-x,2020-12-23,34547.56
V2,BH-x,2020-12-24,35057.42
V2,BH-x,2020-12-25,36067.64
V2,BH-x,2020-12-26,37880.79
V2,BH-x,2020-12-27,37660.77
V2,BH-x,2020-12-28,38453.62
V2,BH-x,2020-12-29,38749.52
V2,BH-x,2020-12-30,40218.78
V2,BH-x,2020-12-31,40257.24
V2,BH-x,2021-01-01,40646.63
V2,BH-x,2021-01-02,43401.35
V2,BH-x,2021-01-03,44168.59
V2,BH-x,2021-01-04,43211.11
V2,BH-x,2021-01-05,45057.44
V2,BH-x,2021-01-06,47669.51
V2,BH-x,2021-01-07,50077.82
V2,BH-x,2021-01-08,51090.81
V2,BH-x,2021-01-09,50643.91
V2,BH-x,2021-01-10,48918.08
V2,BH-x,2021-01-11,46441.73
V2,BH-x,2021-01-12,45188.54
V2,BH-x,2021-01-13,48265.45
V2,BH-x,2021-01-14,49859.43
V2,BH-x,2021-01-15,47705.55
V2,BH-x,2021-01-16,47015.91
V2,BH-x,2021-01-17,46853.81
V2,BH-x,2021-01-18,47579.23
V2,BH-x,2021-01-19,46896.15
V2,BH-x,2021-01-20,46498.90
V2,BH-x,2021-01-21,42248.13
V2,BH-x,2021-01-22,44249.01
V2,BH-x,2021-01-23,43423.85
V2,BH-x,2021-01-24,43587.21
V2,BH-x,2021-01-25,43572.66
V2,BH-x,2021-01-26,43765.60
V2,BH-x,2021-01-27,41771.97
V2,BH-x,2021-01-28,44652.75
V2,BH-x,2021-01-29,45475.23
V2,BH-x,2021-01-30,45475.60
V2,BH-x,2021-01-31,44378.36
V2,BH-x,2021-02-01,44776.15
V2,BH-x,2021-02-02,46581.56
V2,BH-x,2021-02-03,48552.25
V2,BH-x,2021-02-04,47925.28
V2,BH-x,2021-02-05,49145.45
V2,BH-x,2021-02-06,49941.33
V2,BH-x,2021-02-07,49581.55
V2,BH-x,2021-02-08,56356.30
V2,BH-x,2021-02-09,56383.23
V2,BH-x,2021-02-10,54999.13
V2,BH-x,2021-02-11,57706.25
V2,BH-x,2021-02-12,57119.50
V2,BH-x,2021-02-13,56994.19
V2,BH-x,2021-02-14,58187.96
V2,BH-x,2021-02-15,57616.33
V2,BH-x,2021-02-16,58633.92
V2,BH-x,2021-02-17,61117.92
V2,BH-x,2021-02-18,60639.24
V2,BH-x,2021-02-19,64213.51
V2,BH-x,2021-02-20,64147.87
V2,BH-x,2021-02-21,65395.65
V2,BH-x,2021-02-22,62732.00
V2,BH-x,2021-02-23,58496.83
V2,BH-x,2021-02-24,59142.62
V2,BH-x,2021-02-25,56959.80
V2,BH-x,2021-02-26,56272.41
V2,BH-x,2021-02-27,56115.40
V2,BH-x,2021-02-28,55275.97
V2,BH-x,2021-03-01,59083.03
V2,BH-x,2021-03-02,58113.80
V2,BH-x,2021-03-03,59705.62
V2,BH-x,2021-03-04,58052.29
V2,BH-x,2021-03-05,58357.53
V2,BH-x,2021-03-06,58454.69
V2,BH-x,2021-03-07,60192.75
V2,BH-x,2021-03-08,61341.02
V2,BH-x,2021-03-09,63386.79
V2,BH-x,2021-03-10,64155.85
V2,BH-x,2021-03-11,65688.54
V2,BH-x,2021-03-12,65235.54
V2,BH-x,2021-03-13,68389.58
V2,BH-x,2021-03-14,66637.04
V2,BH-x,2021-03-15,63960.85
V2,BH-x,2021-03-16,64991.29
V2,BH-x,2021-03-17,66587.59
V2,BH-x,2021-03-18,65572.20
V2,BH-x,2021-03-19,65862.66
V2,BH-x,2021-03-20,65906.28
V2,BH-x,2021-03-21,65295.93
V2,BH-x,2021-03-22,62675.66
V2,BH-x,2021-03-23,62871.63
V2,BH-x,2021-03-24,61207.33
V2,BH-x,2021-03-25,60366.64
V2,BH-x,2021-03-26,63430.43
V2,BH-x,2021-03-27,64056.26
V2,BH-x,2021-03-28,64011.04
V2,BH-x,2021-03-29,65491.09
V2,BH-x,2021-03-30,66361.72
V2,BH-x,2021-03-31,66343.01
V2,BH-x,2021-04-01,66313.16
V2,BH-x,2021-04-02,66480.83
V2,BH-x,2021-04-03,64967.43
V2,BH-x,2021-04-04,65871.16
V2,BH-x,2021-04-05,66593.01
V2,BH-x,2021-04-06,65680.59
V2,BH-x,2021-04-07,64050.13
V2,BH-x,2021-04-08,65739.86
V2,BH-x,2021-04-09,65777.60
V2,BH-x,2021-04-10,67052.81
V2,BH-x,2021-04-11,67222.06
V2,BH-x,2021-04-12,67096.16
V2,BH-x,2021-04-13,69998.96
V2,BH-x,2021-04-14,69509.55
V2,BH-x,2021-04-15,69649.97
V2,BH-x,2021-04-16,68225.44
V2,BH-x,2021-04-17,67176.23
V2,BH-x,2021-04-18,64137.79
V2,BH-x,2021-04-19,63710.74
V2,BH-x,2021-04-20,64332.58
V2,BH-x,2021-04-21,62212.71
V2,BH-x,2021-04-22,60500.89
V2,BH-x,2021-04-23,60024.27
V2,BH-x,2021-04-24,59125.66
V2,BH-x,2021-04-25,58301.36
V2,BH-x,2021-04-26,62396.31
V2,BH-x,2021-04-27,63201.15
V2,BH-x,2021-04-28,63054.48
V2,BH-x,2021-04-29,62001.37
V2,BH-x,2021-04-30,65345.15
V2,BH-x,2021-05-01,65415.60
V2,BH-x,2021-05-02,64432.95
V2,BH-x,2021-05-03,64891.02
V2,BH-x,2021-05-04,61721.32
V2,BH-x,2021-05-05,65150.99
V2,BH-x,2021-05-06,64309.00
V2,BH-x,2021-05-07,65031.25
V2,BH-x,2021-05-08,66247.37
V2,BH-x,2021-05-09,65743.70
V2,BH-x,2021-05-10,63812.60
V2,BH-x,2021-05-11,64483.02
V2,BH-x,2021-05-12,58859.17
V2,BH-x,2021-05-13,58879.74
V2,BH-x,2021-05-14,59008.92
V2,BH-x,2021-05-15,56443.46
V2,BH-x,2021-05-16,56151.32
V2,BH-x,2021-05-17,53688.39
V2,BH-x,2021-05-18,53082.59
V2,BH-x,2021-05-19,47726.23
V2,BH-x,2021-05-20,51212.04
V2,BH-x,2021-05-21,48302.63
V2,BH-x,2021-05-22,48472.06
V2,BH-x,2021-05-23,45928.23
V2,BH-x,2021-05-24,49762.92
V2,BH-x,2021-05-25,49328.76
V2,BH-x,2021-05-26,50145.35
V2,BH-x,2021-05-27,49497.55
V2,BH-x,2021-05-28,46907.64
V2,BH-x,2021-05-29,45922.69
V2,BH-x,2021-05-30,46876.19
V2,BH-x,2021-05-31,48351.98
V2,BH-x,2021-06-01,47832.02
V2,BH-x,2021-06-02,48621.51
V2,BH-x,2021-06-03,50132.62
V2,BH-x,2021-06-04,47958.69
V2,BH-x,2021-06-05,46748.37
V2,BH-x,2021-06-06,46999.60
V2,BH-x,2021-06-07,44926.30
V2,BH-x,2021-06-08,44755.56
V2,BH-x,2021-06-09,48509.70
V2,BH-x,2021-06-10,47852.09
V2,BH-x,2021-06-11,48441.83
V2,BH-x,2021-06-12,46808.38
V2,BH-x,2021-06-13,50003.49
V2,BH-x,2021-06-14,51335.61
V2,BH-x,2021-06-15,50994.44
V2,BH-x,2021-06-16,49386.46
V2,BH-x,2021-06-17,49145.11
V2,BH-x,2021-06-18,47080.49
V2,BH-x,2021-06-19,46761.13
V2,BH-x,2021-06-20,46858.80
V2,BH-x,2021-06-21,43168.95
V2,BH-x,2021-06-22,44021.49
V2,BH-x,2021-06-23,45120.61
V2,BH-x,2021-06-24,46035.56
V2,BH-x,2021-06-25,43161.80
V2,BH-x,2021-06-26,43822.04
V2,BH-x,2021-06-27,46110.74
V2,BH-x,2021-06-28,45909.81
V2,BH-x,2021-06-29,47221.07
V2,BH-x,2021-06-30,46412.81
V2,BH-x,2021-07-01,44974.10
V2,BH-x,2021-07-02,45229.67
V2,BH-x,2021-07-03,46047.80
V2,BH-x,2021-07-04,46612.53
V2,BH-x,2021-07-05,45125.57
V2,BH-x,2021-07-06,45613.24
V2,BH-x,2021-07-07,45269.48
V2,BH-x,2021-07-08,44336.23
V2,BH-x,2021-07-09,45215.01
V2,BH-x,2021-07-10,44912.40
V2,BH-x,2021-07-11,45612.99
V2,BH-x,2021-07-12,44510.01
V2,BH-x,2021-07-13,44164.38
V2,BH-x,2021-07-14,44240.40
V2,BH-x,2021-07-15,43343.50
V2,BH-x,2021-07-16,42861.89
V2,BH-x,2021-07-17,42983.18
V2,BH-x,2021-07-18,43221.07
V2,BH-x,2021-07-19,42317.47
V2,BH-x,2021-07-20,41300.00
V2,BH-x,2021-07-21,43577.51
V2,BH-x,2021-07-22,43704.45
V2,BH-x,2021-07-23,44971.76
V2,BH-x,2021-07-24,45546.80
V2,BH-x,2021-07-25,46582.98
V2,BH-x,2021-07-26,48285.46
V2,BH-x,2021-07-27,50292.02
V2,BH-x,2021-07-28,50782.94
V2,BH-x,2021-07-29,50769.53
V2,BH-x,2021-07-30,52705.07
V2,BH-x,2021-07-31,52042.72
V2,BH-x,2021-08-01,50610.57
V2,BH-x,2021-08-02,49979.23
V2,BH-x,2021-08-03,49127.40
V2,BH-x,2021-08-04,50482.66
V2,BH-x,2021-08-05,51486.26
V2,BH-x,2021-08-06,53218.08
V2,BH-x,2021-08-07,54717.36
V2,BH-x,2021-08-08,54036.69
V2,BH-x,2021-08-09,56150.71
V2,BH-x,2021-08-10,55570.51
V2,BH-x,2021-08-11,55495.65
V2,BH-x,2021-08-12,54534.15
V2,BH-x,2021-08-13,57448.89
V2,BH-x,2021-08-14,56820.98
V2,BH-x,2021-08-15,56728.97
V2,BH-x,2021-08-16,55809.73
V2,BH-x,2021-08-17,54771.41
V2,BH-x,2021-08-18,54767.92
V2,BH-x,2021-08-19,56520.21
V2,BH-x,2021-08-20,58677.43
V2,BH-x,2021-08-21,58247.93
V2,BH-x,2021-08-22,58584.48
V2,BH-x,2021-08-23,58780.22
V2,BH-x,2021-08-24,57257.91
V2,BH-x,2021-08-25,58339.00
V2,BH-x,2021-08-26,56549.82
V2,BH-x,2021-08-27,58420.33
V2,BH-x,2021-08-28,58262.48
V2,BH-x,2021-08-29,58143.80
V2,BH-x,2021-08-30,56640.88
V2,BH-x,2021-08-31,56728.61
V2,BH-x,2021-09-01,58159.06
V2,BH-x,2021-09-02,58510.85
V2,BH-x,2021-09-03,59124.83
V2,BH-x,2021-09-04,59043.24
V2,BH-x,2021-09-05,60556.45
V2,BH-x,2021-09-06,61287.10
V2,BH-x,2021-09-07,56546.00
V2,BH-x,2021-09-08,55844.91
V2,BH-x,2021-09-09,56127.81
V2,BH-x,2021-09-10,54807.38
V2,BH-x,2021-09-11,55072.16
V2,BH-x,2021-09-12,55787.79
V2,BH-x,2021-09-13,54855.24
V2,BH-x,2021-09-14,56699.80
V2,BH-x,2021-09-15,57539.27
V2,BH-x,2021-09-16,57205.89
V2,BH-x,2021-09-17,56826.34
V2,BH-x,2021-09-18,57649.88
V2,BH-x,2021-09-19,56758.91
V2,BH-x,2021-09-20,53190.24
V2,BH-x,2021-09-21,51203.10
V2,BH-x,2021-09-22,53665.91
V2,BH-x,2021-09-23,54795.64
V2,BH-x,2021-09-24,53026.27
V2,BH-x,2021-09-25,52893.72
V2,BH-x,2021-09-26,53308.30
V2,BH-x,2021-09-27,52420.20
V2,BH-x,2021-09-28,51432.70
V2,BH-x,2021-09-29,51858.99
V2,BH-x,2021-09-30,53860.05
V2,BH-x,2021-10-01,57565.70
V2,BH-x,2021-10-02,57129.17
V2,BH-x,2021-10-03,57591.92
V2,BH-x,2021-10-04,58437.66
V2,BH-x,2021-10-05,60294.01
V2,BH-x,2021-10-06,63434.72
V2,BH-x,2021-10-07,62192.49
V2,BH-x,2021-10-08,62314.05
V2,BH-x,2021-10-09,63108.64
V2,BH-x,2021-10-10,62861.49
V2,BH-x,2021-10-11,65113.94
V2,BH-x,2021-10-12,63930.09
V2,BH-x,2021-10-13,65012.34
V2,BH-x,2021-10-14,64983.55
V2,BH-x,2021-10-15,68402.48
V2,BH-x,2021-10-16,67769.01
V2,BH-x,2021-10-17,68263.80
V2,BH-x,2021-10-18,68623.67
V2,BH-x,2021-10-19,70369.54
V2,BH-x,2021-10-20,71674.35
V2,BH-x,2021-10-21,68762.35
V2,BH-x,2021-10-22,67582.36
V2,BH-x,2021-10-23,68035.05
V2,BH-x,2021-10-24,67682.86
V2,BH-x,2021-10-25,69403.39
V2,BH-x,2021-10-26,67269.33
V2,BH-x,2021-10-27,65759.15
V2,BH-x,2021-10-28,67450.59
V2,BH-x,2021-10-29,68745.09
V2,BH-x,2021-10-30,68425.47
V2,BH-x,2021-10-31,67977.65
V2,BH-x,2021-11-01,67661.43
V2,BH-x,2021-11-02,69443.80
V2,BH-x,2021-11-03,69180.28
V2,BH-x,2021-11-04,68008.90
V2,BH-x,2021-11-05,67639.31
V2,BH-x,2021-11-06,68039.90
V2,BH-x,2021-11-07,69423.54
V2,BH-x,2021-11-08,72677.12
V2,BH-x,2021-11-09,72225.94
V2,BH-x,2021-11-10,70650.04
V2,BH-x,2021-11-11,70552.68
V2,BH-x,2021-11-12,70040.37
V2,BH-x,2021-11-13,70222.88
V2,BH-x,2021-11-14,71078.47
V2,BH-x,2021-11-15,69610.28
V2,BH-x,2021-11-16,66875.83
V2,BH-x,2021-11-17,67084.86
V2,BH-x,2021-11-18,64381.62
V2,BH-x,2021-11-19,65288.13
V2,BH-x,2021-11-20,66578.43
V2,BH-x,2021-11-21,65716.56
V2,BH-x,2021-11-22,63837.88
V2,BH-x,2021-11-23,64853.29
V2,BH-x,2021-11-24,64521.51
V2,BH-x,2021-11-25,65949.22
V2,BH-x,2021-11-26,61834.54
V2,BH-x,2021-11-27,62623.31
V2,BH-x,2021-11-28,64657.44
V2,BH-x,2021-11-29,65040.32
V2,BH-x,2021-11-30,64375.55
V2,BH-x,2021-12-01,64546.92
V2,BH-x,2021-12-02,63976.93
V2,BH-x,2021-12-03,61678.87
V2,BH-x,2021-12-04,58080.10
V2,BH-x,2021-12-05,58269.75
V2,BH-x,2021-12-06,59121.50
V2,BH-x,2021-12-07,59229.79
V2,BH-x,2021-12-08,59120.76
V2,BH-x,2021-12-09,56707.77
V2,BH-x,2021-12-10,56357.45
V2,BH-x,2021-12-11,58229.40
V2,BH-x,2021-12-12,58765.46
V2,BH-x,2021-12-13,55997.11
V2,BH-x,2021-12-14,57363.21
V2,BH-x,2021-12-15,57784.79
V2,BH-x,2021-12-16,56751.61
V2,BH-x,2021-12-17,55486.81
V2,BH-x,2021-12-18,56067.69
V2,BH-x,2021-12-19,55927.40
V2,BH-x,2021-12-20,56111.13
V2,BH-x,2021-12-21,57754.62
V2,BH-x,2021-12-22,57492.81
V2,BH-x,2021-12-23,59346.22
V2,BH-x,2021-12-24,59318.36
V2,BH-x,2021-12-25,58962.22
V2,BH-x,2021-12-26,59257.82
V2,BH-x,2021-12-27,59184.83
V2,BH-x,2021-12-28,56590.35
V2,BH-x,2021-12-29,55678.75
V2,BH-x,2021-12-30,56217.87
V2,BH-x,2021-12-31,55450.61
V2,BH-x,2022-01-01,56704.42
V2,BH-x,2022-01-02,56329.22
V2,BH-x,2022-01-03,55616.38
V2,BH-x,2022-01-04,55089.60
V2,BH-x,2022-01-05,53073.36
V2,BH-x,2022-01-06,52746.64
V2,BH-x,2022-01-07,51435.54
V2,BH-x,2022-01-08,51522.91
V2,BH-x,2022-01-09,51672.17
V2,BH-x,2022-01-10,51624.89
V2,BH-x,2022-01-11,52398.12
V2,BH-x,2022-01-12,53395.03
V2,BH-x,2022-01-13,52240.03
V2,BH-x,2022-01-14,52658.83
V2,BH-x,2022-01-15,52668.61
V2,BH-x,2022-01-16,52646.72
V2,BH-x,2022-01-17,51890.72
V2,BH-x,2022-01-18,52009.45
V2,BH-x,2022-01-19,51403.15
V2,BH-x,2022-01-20,50546.10
V2,BH-x,2022-01-21,46848.98
V2,BH-x,2022-01-22,45602.01
V2,BH-x,2022-01-23,46660.94
V2,BH-x,2022-01-24,47026.11
V2,BH-x,2022-01-25,47283.97
V2,BH-x,2022-01-26,47140.51
V2,BH-x,2022-01-27,47445.27
V2,BH-x,2022-01-28,47932.98
V2,BH-x,2022-01-29,48323.76
V2,BH-x,2022-01-30,48060.77
V2,BH-x,2022-01-31,48570.69
V2,BH-x,2022-02-01,48761.87
V2,BH-x,2022-02-02,47164.26
V2,BH-x,2022-02-03,47526.18
V2,BH-x,2022-02-04,51319.57
V2,BH-x,2022-02-05,51143.05
V2,BH-x,2022-02-06,51996.52
V2,BH-x,2022-02-07,53239.60
V2,BH-x,2022-02-08,53401.10
V2,BH-x,2022-02-09,53669.92
V2,BH-x,2022-02-10,52915.36
V2,BH-x,2022-02-11,51948.32
V2,BH-x,2022-02-12,51803.56
V2,BH-x,2022-02-13,51651.53
V2,BH-x,2022-02-14,52055.61
V2,BH-x,2022-02-15,53766.84
V2,BH-x,2022-02-16,53187.95
V2,BH-x,2022-02-17,50325.26
V2,BH-x,2022-02-18,49843.74
V2,BH-x,2022-02-19,49924.74
V2,BH-x,2022-02-20,48437.62
V2,BH-x,2022-02-21,47208.79
V2,BH-x,2022-02-22,48290.96
V2,BH-x,2022-02-23,47413.39
V2,BH-x,2022-02-24,48363.88
V2,BH-x,2022-02-25,49142.14
V2,BH-x,2022-02-26,49041.89
V2,BH-x,2022-02-27,47786.57
V2,BH-x,2022-02-28,52625.43
V2,BH-x,2022-03-01,53691.58
V2,BH-x,2022-03-02,53233.06
V2,BH-x,2022-03-03,51999.39
V2,BH-x,2022-03-04,49152.52
V2,BH-x,2022-03-05,49361.45
V2,BH-x,2022-03-06,48493.49
V2,BH-x,2022-03-07,48100.64
V2,BH-x,2022-03-08,48749.22
V2,BH-x,2022-03-09,51570.14
V2,BH-x,2022-03-10,49389.08
V2,BH-x,2022-03-11,48771.03
V2,BH-x,2022-03-12,48829.40
V2,BH-x,2022-03-13,47911.29
V2,BH-x,2022-03-14,49583.87
V2,BH-x,2022-03-15,49231.09
V2,BH-x,2022-03-16,50830.60
V2,BH-x,2022-03-17,50650.09
V2,BH-x,2022-03-18,51367.47
V2,BH-x,2022-03-19,51738.94
V2,BH-x,2022-03-20,50921.63
V2,BH-x,2022-03-21,50686.29
V2,BH-x,2022-03-22,51854.93
V2,BH-x,2022-03-23,52288.72
V2,BH-x,2022-03-24,53224.71
V2,BH-x,2022-03-25,53486.17
V2,BH-x,2022-03-26,53642.43
V2,BH-x,2022-03-27,55586.72
V2,BH-x,2022-03-28,55819.88
V2,BH-x,2022-03-29,56067.53
V2,BH-x,2022-03-30,55752.04
V2,BH-x,2022-03-31,54447.89
V2,BH-x,2022-04-01,55084.39
V2,BH-x,2022-04-02,54678.91
V2,BH-x,2022-04-03,55166.02
V2,BH-x,2022-04-04,55298.61
V2,BH-x,2022-04-05,54386.41
V2,BH-x,2022-04-06,52426.41
V2,BH-x,2022-04-07,52648.24
V2,BH-x,2022-04-08,51625.14
V2,BH-x,2022-04-09,52043.91
V2,BH-x,2022-04-10,51525.52
V2,BH-x,2022-04-11,49264.46
V2,BH-x,2022-04-12,49729.44
V2,BH-x,2022-04-13,50651.56
V2,BH-x,2022-04-14,49601.51
V2,BH-x,2022-04-15,50121.30
V2,BH-x,2022-04-16,49960.82
V2,BH-x,2022-04-17,49343.11
V2,BH-x,2022-04-18,50311.01
V2,BH-x,2022-04-19,50898.21
V2,BH-x,2022-04-20,50771.52
V2,BH-x,2022-04-21,50005.68
V2,BH-x,2022-04-22,49328.15
V2,BH-x,2022-04-23,49084.94
V2,BH-x,2022-04-24,49082.07
V2,BH-x,2022-04-25,49922.31
V2,BH-x,2022-04-26,47910.61
V2,BH-x,2022-04-27,48889.49
V2,BH-x,2022-04-28,49321.18
V2,BH-x,2022-04-29,48314.60
V2,BH-x,2022-04-30,47457.99
V2,BH-x,2022-05-01,48187.93
V2,BH-x,2022-05-02,48227.65
V2,BH-x,2022-05-03,47519.31
V2,BH-x,2022-05-04,49239.48
V2,BH-x,2022-05-05,46502.97
V2,BH-x,2022-05-06,46012.68
V2,BH-x,2022-05-07,45518.49
V2,BH-x,2022-05-08,44219.94
V2,BH-x,2022-05-09,40605.07
V2,BH-x,2022-05-10,41486.25
V2,BH-x,2022-05-11,39685.05
V2,BH-x,2022-05-12,39605.84
V2,BH-x,2022-05-13,39843.42
V2,BH-x,2022-05-14,40597.13
V2,BH-x,2022-05-15,41762.68
V2,BH-x,2022-05-16,40395.36
V2,BH-x,2022-05-17,40927.65
V2,BH-x,2022-05-18,39290.31
V2,BH-x,2022-05-19,40819.33
V2,BH-x,2022-05-20,39756.18
V2,BH-x,2022-05-21,39980.57
V2,BH-x,2022-05-22,40779.56
V2,BH-x,2022-05-23,39653.80
V2,BH-x,2022-05-24,40165.93
V2,BH-x,2022-05-25,40050.82
V2,BH-x,2022-05-26,39718.76
V2,BH-x,2022-05-27,39165.85
V2,BH-x,2022-05-28,39542.39
V2,BH-x,2022-05-29,39950.81
V2,BH-x,2022-05-30,42094.49
V2,BH-x,2022-05-31,42147.74
V2,BH-x,2022-06-01,40286.53
V2,BH-x,2022-06-02,40890.45
V2,BH-x,2022-06-03,40174.15
V2,BH-x,2022-06-04,40320.94
V2,BH-x,2022-06-05,40364.64
V2,BH-x,2022-06-06,41730.15
V2,BH-x,2022-06-07,41490.52
V2,BH-x,2022-06-08,40622.22
V2,BH-x,2022-06-09,40524.33
V2,BH-x,2022-06-10,39556.03
V2,BH-x,2022-06-11,38912.26
V2,BH-x,2022-06-12,37129.88
V2,BH-x,2022-06-13,33121.92
V2,BH-x,2022-06-14,32752.81
V2,BH-x,2022-06-15,33209.54
V2,BH-x,2022-06-16,30954.51
V2,BH-x,2022-06-17,31019.75
V2,BH-x,2022-06-18,29422.98
V2,BH-x,2022-06-19,31158.58
V2,BH-x,2022-06-20,31151.91
V2,BH-x,2022-06-21,31304.07
V2,BH-x,2022-06-22,30519.21
V2,BH-x,2022-06-23,31712.99
V2,BH-x,2022-06-24,31840.56
V2,BH-x,2022-06-25,32100.10
V2,BH-x,2022-06-26,31619.26
V2,BH-x,2022-06-27,31301.50
V2,BH-x,2022-06-28,30807.33
V2,BH-x,2022-06-29,30632.44
V2,BH-x,2022-06-30,30433.21
V2,BH-x,2022-07-01,29718.70
V2,BH-x,2022-07-02,29683.31
V2,BH-x,2022-07-03,29745.13
V2,BH-x,2022-07-04,30732.24
V2,BH-x,2022-07-05,30661.02
V2,BH-x,2022-07-06,31068.34
V2,BH-x,2022-07-07,32184.09
V2,BH-x,2022-07-08,32145.81
V2,BH-x,2022-07-09,32136.01
V2,BH-x,2022-07-10,31368.85
V2,BH-x,2022-07-11,30415.52
V2,BH-x,2022-07-12,29731.59
V2,BH-x,2022-07-13,30701.68
V2,BH-x,2022-07-14,31071.44
V2,BH-x,2022-07-15,31319.89
V2,BH-x,2022-07-16,31698.34
V2,BH-x,2022-07-17,31275.32
V2,BH-x,2022-07-18,32990.39
V2,BH-x,2022-07-19,33976.58
V2,BH-x,2022-07-20,33793.13
V2,BH-x,2022-07-21,33713.55
V2,BH-x,2022-07-22,33229.74
V2,BH-x,2022-07-23,32982.90
V2,BH-x,2022-07-24,33108.32
V2,BH-x,2022-07-25,31798.17
V2,BH-x,2022-07-26,31732.71
V2,BH-x,2022-07-27,33501.61
V2,BH-x,2022-07-28,34405.03
V2,BH-x,2022-07-29,34327.87
V2,BH-x,2022-07-30,34188.93
V2,BH-x,2022-07-31,33827.03
V2,BH-x,2022-08-01,33794.17
V2,BH-x,2022-08-02,33501.98
V2,BH-x,2022-08-03,33321.98
V2,BH-x,2022-08-04,33115.11
V2,BH-x,2022-08-05,33815.08
V2,BH-x,2022-08-06,33444.00
V2,BH-x,2022-08-07,33661.69
V2,BH-x,2022-08-08,34301.34
V2,BH-x,2022-08-09,33628.05
V2,BH-x,2022-08-10,34439.19
V2,BH-x,2022-08-11,34412.15
V2,BH-x,2022-08-12,34877.56
V2,BH-x,2022-08-13,34907.98
V2,BH-x,2022-08-14,34764.44
V2,BH-x,2022-08-15,34546.31
V2,BH-x,2022-08-16,34297.92
V2,BH-x,2022-08-17,33774.98
V2,BH-x,2022-08-18,33614.36
V2,BH-x,2022-08-19,31214.38
V2,BH-x,2022-08-20,31528.63
V2,BH-x,2022-08-21,31914.34
V2,BH-x,2022-08-22,31787.33
V2,BH-x,2022-08-23,31915.18
V2,BH-x,2022-08-24,31741.24
V2,BH-x,2022-08-25,31933.28
V2,BH-x,2022-08-26,30559.06
V2,BH-x,2022-08-27,30337.48
V2,BH-x,2022-08-28,29819.92
V2,BH-x,2022-08-29,30593.54
V2,BH-x,2022-08-30,30086.29
V2,BH-x,2022-08-31,30333.53
V2,BH-x,2022-09-01,30413.46
V2,BH-x,2022-09-02,30217.01
V2,BH-x,2022-09-03,30083.40
V2,BH-x,2022-09-04,30256.01
V2,BH-x,2022-09-05,30034.05
V2,BH-x,2022-09-06,28958.40
V2,BH-x,2022-09-07,29494.48
V2,BH-x,2022-09-08,29517.13
V2,BH-x,2022-09-09,31694.54
V2,BH-x,2022-09-10,31987.46
V2,BH-x,2022-09-11,32165.53
V2,BH-x,2022-09-12,32746.01
V2,BH-x,2022-09-13,30463.13
V2,BH-x,2022-09-14,30512.93
V2,BH-x,2022-09-15,29951.92
V2,BH-x,2022-09-16,30053.63
V2,BH-x,2022-09-17,30377.21
V2,BH-x,2022-09-18,29632.98
V2,BH-x,2022-09-19,29755.94
V2,BH-x,2022-09-20,29043.39
V2,BH-x,2022-09-21,28591.44
V2,BH-x,2022-09-22,29605.49
V2,BH-x,2022-09-23,29479.86
V2,BH-x,2022-09-24,29078.20
V2,BH-x,2022-09-25,28950.31
V2,BH-x,2022-09-26,29397.57
V2,BH-x,2022-09-27,29232.15
V2,BH-x,2022-09-28,29584.14
V2,BH-x,2022-09-29,29768.68
V2,BH-x,2022-09-30,29582.65
V2,BH-x,2022-10-01,29457.30
V2,BH-x,2022-10-02,29179.54
V2,BH-x,2022-10-03,29787.22
V2,BH-x,2022-10-04,30534.35
V2,BH-x,2022-10-05,30339.09
V2,BH-x,2022-10-06,30124.41
V2,BH-x,2022-10-07,29662.88
V2,BH-x,2022-10-08,29537.35
V2,BH-x,2022-10-09,29553.58
V2,BH-x,2022-10-10,29220.26
V2,BH-x,2022-10-11,29137.23
V2,BH-x,2022-10-12,29233.41
V2,BH-x,2022-10-13,29462.02
V2,BH-x,2022-10-14,29244.71
V2,BH-x,2022-10-15,29123.69
V2,BH-x,2022-10-16,29324.68
V2,BH-x,2022-10-17,29624.44
V2,BH-x,2022-10-18,29382.12
V2,BH-x,2022-10-19,29159.27
V2,BH-x,2022-10-20,29065.50
V2,BH-x,2022-10-21,29190.32
V2,BH-x,2022-10-22,29226.85
V2,BH-x,2022-10-23,29610.94
V2,BH-x,2022-10-24,29349.62
V2,BH-x,2022-10-25,30141.53
V2,BH-x,2022-10-26,30862.32
V2,BH-x,2022-10-27,30359.92
V2,BH-x,2022-10-28,30664.47
V2,BH-x,2022-10-29,30885.26
V2,BH-x,2022-10-30,30689.35
V2,BH-x,2022-10-31,30540.39
V2,BH-x,2022-11-01,30526.54
V2,BH-x,2022-11-02,30173.77
V2,BH-x,2022-11-03,30226.15
V2,BH-x,2022-11-04,31205.43
V2,BH-x,2022-11-05,31354.79
V2,BH-x,2022-11-06,30942.13
V2,BH-x,2022-11-07,30609.61
V2,BH-x,2022-11-08,28474.85
V2,BH-x,2022-11-09,25646.47
V2,BH-x,2022-11-10,27534.69
V2,BH-x,2022-11-11,26947.19
V2,BH-x,2022-11-12,26655.98
V2,BH-x,2022-11-13,26114.79
V2,BH-x,2022-11-14,26433.73
V2,BH-x,2022-11-15,26741.38
V2,BH-x,2022-11-16,26472.18
V2,BH-x,2022-11-17,26499.78
V2,BH-x,2022-11-18,26502.98
V2,BH-x,2022-11-19,26497.67
V2,BH-x,2022-11-20,26024.81
V2,BH-x,2022-11-21,25460.64
V2,BH-x,2022-11-22,25958.93
V2,BH-x,2022-11-23,26375.01
V2,BH-x,2022-11-24,26364.84
V2,BH-x,2022-11-25,26273.84
V2,BH-x,2022-11-26,26197.51
V2,BH-x,2022-11-27,26158.79
V2,BH-x,2022-11-28,25912.52
V2,BH-x,2022-11-29,26164.15
V2,BH-x,2022-11-30,26962.44
V2,BH-x,2022-12-01,26751.80
V2,BH-x,2022-12-02,26873.52
V2,BH-x,2022-12-03,26639.30
V2,BH-x,2022-12-04,26877.39
V2,BH-x,2022-12-05,26718.37
V2,BH-x,2022-12-06,26848.01
V2,BH-x,2022-12-07,26564.68
V2,BH-x,2022-12-08,26987.33
V2,BH-x,2022-12-09,26876.80
V2,BH-x,2022-12-10,26869.97
V2,BH-x,2022-12-11,26817.69
V2,BH-x,2022-12-12,26949.25
V2,BH-x,2022-12-13,27563.20
V2,BH-x,2022-12-14,27588.31
V2,BH-x,2022-12-15,27097.50
V2,BH-x,2022-12-16,26299.77
V2,BH-x,2022-12-17,26454.19
V2,BH-x,2022-12-18,26406.32
V2,BH-x,2022-12-19,26069.98
V2,BH-x,2022-12-20,26571.82
V2,BH-x,2022-12-21,26488.14
V2,BH-x,2022-12-22,26479.00
V2,BH-x,2022-12-23,26426.10
V2,BH-x,2022-12-24,26484.12
V2,BH-x,2022-12-25,26474.13
V2,BH-x,2022-12-26,26564.73
V2,BH-x,2022-12-27,26324.85
V2,BH-x,2022-12-28,26143.76
V2,BH-x,2022-12-29,26233.62
V2,BH-x,2022-12-30,26199.40
V2,BH-x,2022-12-31,26121.98
V2,BH-x,2023-01-01,26198.73
V2,BH-x,2023-01-02,26255.20
V2,BH-x,2023-01-03,26252.23
V2,BH-x,2023-01-04,26439.90
V2,BH-x,2023-01-05,26414.00
V2,BH-x,2023-01-06,26539.05
V2,BH-x,2023-01-07,26525.70
V2,BH-x,2023-01-08,26722.20
V2,BH-x,2023-01-09,26771.69
V2,BH-x,2023-01-10,27052.53
V2,BH-x,2023-01-11,27592.94
V2,BH-x,2023-01-12,28560.24
V2,BH-x,2023-01-13,29704.29
V2,BH-x,2023-01-14,30768.08
V2,BH-x,2023-01-15,30675.82
V2,BH-x,2023-01-16,30992.80
V2,BH-x,2023-01-17,30934.19
V2,BH-x,2023-01-18,30458.79
V2,BH-x,2023-01-19,30859.06
V2,BH-x,2023-01-20,32489.45
V2,BH-x,2023-01-21,32599.43
V2,BH-x,2023-01-22,32516.74
V2,BH-x,2023-01-23,32719.12
V2,BH-x,2023-01-24,32428.65
V2,BH-x,2023-01-25,32851.45
V2,BH-x,2023-01-26,32793.37
V2,BH-x,2023-01-27,32850.88
V2,BH-x,2023-01-28,32792.55
V2,BH-x,2023-01-29,33503.74
V2,BH-x,2023-01-30,32591.10
V2,BH-x,2023-01-31,32883.28
V2,BH-x,2023-02-01,33481.51
V2,BH-x,2023-02-02,33233.62
V2,BH-x,2023-02-03,33170.11
V2,BH-x,2023-02-04,33058.96
V2,BH-x,2023-02-05,32660.94
V2,BH-x,2023-02-06,32484.09
V2,BH-x,2023-02-07,32955.04
V2,BH-x,2023-02-08,32672.52
V2,BH-x,2023-02-09,31502.87
V2,BH-x,2023-02-10,31322.97
V2,BH-x,2023-02-11,31557.21
V2,BH-x,2023-02-12,31470.69
V2,BH-x,2023-02-13,31454.40
V2,BH-x,2023-02-14,31878.73
V2,BH-x,2023-02-15,34008.77
V2,BH-x,2023-02-16,33211.91
V2,BH-x,2023-02-17,34245.85
V2,BH-x,2023-02-18,34299.17
V2,BH-x,2023-02-19,33940.63
V2,BH-x,2023-02-20,34492.26
V2,BH-x,2023-02-21,34105.66
V2,BH-x,2023-02-22,33834.74
V2,BH-x,2023-02-23,33590.44
V2,BH-x,2023-02-24,32841.41
V2,BH-x,2023-02-25,32806.51
V2,BH-x,2023-02-26,33194.37
V2,BH-x,2023-02-27,33125.44
V2,BH-x,2023-02-28,32772.25
V2,BH-x,2023-03-01,33248.87
V2,BH-x,2023-03-02,33080.58
V2,BH-x,2023-03-03,31976.51
V2,BH-x,2023-03-04,31962.00
V2,BH-x,2023-03-05,32039.11
V2,BH-x,2023-03-06,32012.13
V2,BH-x,2023-03-07,31793.23
V2,BH-x,2023-03-08,31292.41
V2,BH-x,2023-03-09,29929.33
V2,BH-x,2023-03-10,29705.25
V2,BH-x,2023-03-11,30014.00
V2,BH-x,2023-03-12,31591.93
V2,BH-x,2023-03-13,33714.43
V2,BH-x,2023-03-14,34252.80
V2,BH-x,2023-03-15,33871.41
V2,BH-x,2023-03-16,34560.99
V2,BH-x,2023-03-17,36874.43
V2,BH-x,2023-03-18,36406.90
V2,BH-x,2023-03-19,37409.00
V2,BH-x,2023-03-20,37161.46
V2,BH-x,2023-03-21,37518.48
V2,BH-x,2023-03-22,36711.56
V2,BH-x,2023-03-23,37689.45
V2,BH-x,2023-03-24,36896.89
V2,BH-x,2023-03-25,36897.12
V2,BH-x,2023-03-26,37364.73
V2,BH-x,2023-03-27,36567.83
V2,BH-x,2023-03-28,36688.73
V2,BH-x,2023-03-29,37706.28
V2,BH-x,2023-03-30,37400.14
V2,BH-x,2023-03-31,37800.59
V2,BH-x,2023-04-01,37780.90
V2,BH-x,2023-04-02,37511.72
V2,BH-x,2023-04-03,37156.98
V2,BH-x,2023-04-04,37491.35
V2,BH-x,2023-04-05,37487.70
V2,BH-x,2023-04-06,37352.87
V2,BH-x,2023-04-07,37226.03
V2,BH-x,2023-04-08,37248.15
V2,BH-x,2023-04-09,37600.24
V2,BH-x,2023-04-10,38813.85
V2,BH-x,2023-04-11,39322.25
V2,BH-x,2023-04-12,39029.10
V2,BH-x,2023-04-13,39465.25
V2,BH-x,2023-04-14,39541.68
V2,BH-x,2023-04-15,39377.15
V2,BH-x,2023-04-16,39377.57
V2,BH-x,2023-04-17,38573.43
V2,BH-x,2023-04-18,39437.29
V2,BH-x,2023-04-19,37989.62
V2,BH-x,2023-04-20,37470.19
V2,BH-x,2023-04-21,36550.83
V2,BH-x,2023-04-22,37063.44
V2,BH-x,2023-04-23,36844.48
V2,BH-x,2023-04-24,36762.21
V2,BH-x,2023-04-25,37493.83
V2,BH-x,2023-04-26,37592.22
V2,BH-x,2023-04-27,38564.30
V2,BH-x,2023-04-28,38408.56
V2,BH-x,2023-04-29,38325.91
V2,BH-x,2023-04-30,38320.40
V2,BH-x,2023-05-01,37242.64
V2,BH-x,2023-05-02,37793.97
V2,BH-x,2023-05-03,38115.05
V2,BH-x,2023-05-04,37934.11
V2,BH-x,2023-05-05,38541.15
V2,BH-x,2023-05-06,37931.52
V2,BH-x,2023-05-07,37538.45
V2,BH-x,2023-05-08,36826.42
V2,BH-x,2023-05-09,36780.90
V2,BH-x,2023-05-10,36745.65
V2,BH-x,2023-05-11,36150.23
V2,BH-x,2023-05-12,35979.62
V2,BH-x,2023-05-13,35953.50
V2,BH-x,2023-05-14,36079.83
V2,BH-x,2023-05-15,36301.84
V2,BH-x,2023-05-16,36174.09
V2,BH-x,2023-05-17,36514.96
V2,BH-x,2023-05-18,35961.92
V2,BH-x,2023-05-19,36009.76
V2,BH-x,2023-05-20,36210.67
V2,BH-x,2023-05-21,35871.15
V2,BH-x,2023-05-22,35958.95
V2,BH-x,2023-05-23,36298.83
V2,BH-x,2023-05-24,35459.26
V2,BH-x,2023-05-25,35588.39
V2,BH-x,2023-05-26,35799.50
V2,BH-x,2023-05-27,35931.28
V2,BH-x,2023-05-28,37058.50
V2,BH-x,2023-05-29,36746.77
V2,BH-x,2023-05-30,36700.07
V2,BH-x,2023-05-31,36243.02
V2,BH-x,2023-06-01,35869.27
V2,BH-x,2023-06-02,36259.60
V2,BH-x,2023-06-03,36090.34
V2,BH-x,2023-06-04,36125.71
V2,BH-x,2023-06-05,34823.67
V2,BH-x,2023-06-06,36240.33
V2,BH-x,2023-06-07,35402.29
V2,BH-x,2023-06-08,35544.81
V2,BH-x,2023-06-09,35517.80
V2,BH-x,2023-06-10,34912.15
V2,BH-x,2023-06-11,34984.63
V2,BH-x,2023-06-12,34958.04
V2,BH-x,2023-06-13,34978.16
V2,BH-x,2023-06-14,34209.66
V2,BH-x,2023-06-15,34650.57
V2,BH-x,2023-06-16,35351.13
V2,BH-x,2023-06-17,35505.36
V2,BH-x,2023-06-18,35331.87
V2,BH-x,2023-06-19,35798.37
V2,BH-x,2023-06-20,37158.09
V2,BH-x,2023-06-21,38700.45
V2,BH-x,2023-06-22,38593.82
V2,BH-x,2023-06-23,39312.65
V2,BH-x,2023-06-24,39159.85
V2,BH-x,2023-06-25,39093.42
V2,BH-x,2023-06-26,38910.21
V2,BH-x,2023-06-27,39284.25
V2,BH-x,2023-06-28,38724.57
V2,BH-x,2023-06-29,39050.03
V2,BH-x,2023-06-30,39064.01
V2,BH-x,2023-07-01,39158.08
V2,BH-x,2023-07-02,39177.77
V2,BH-x,2023-07-03,39652.83
V2,BH-x,2023-07-04,39297.08
V2,BH-x,2023-07-05,39054.67
V2,BH-x,2023-07-06,38499.96
V2,BH-x,2023-07-07,38897.16
V2,BH-x,2023-07-08,38835.04
V2,BH-x,2023-07-09,38715.57
V2,BH-x,2023-07-10,38933.00
V2,BH-x,2023-07-11,39113.62
V2,BH-x,2023-07-12,38888.78
V2,BH-x,2023-07-13,39843.85
V2,BH-x,2023-07-14,38821.96
V2,BH-x,2023-07-15,38793.62
V2,BH-x,2023-07-16,38733.86
V2,BH-x,2023-07-17,38641.36
V2,BH-x,2023-07-18,38382.78
V2,BH-x,2023-07-19,38419.81
V2,BH-x,2023-07-20,38313.47
V2,BH-x,2023-07-21,38397.02
V2,BH-x,2023-07-22,38292.06
V2,BH-x,2023-07-23,38544.87
V2,BH-x,2023-07-24,37722.51
V2,BH-x,2023-07-25,37762.05
V2,BH-x,2023-07-26,37865.47
V2,BH-x,2023-07-27,37740.78
V2,BH-x,2023-07-28,37815.50
V2,BH-x,2023-07-29,37842.58
V2,BH-x,2023-07-30,37769.78
V2,BH-x,2023-07-31,37717.71
V2,BH-x,2023-08-01,38137.96
V2,BH-x,2023-08-02,37662.32
V2,BH-x,2023-08-03,37661.30
V2,BH-x,2023-08-04,37581.41
V2,BH-x,2023-08-05,37535.66
V2,BH-x,2023-08-06,37542.50
V2,BH-x,2023-08-07,37645.49
V2,BH-x,2023-08-08,38142.54
V2,BH-x,2023-08-09,37965.41
V2,BH-x,2023-08-10,37843.94
V2,BH-x,2023-08-11,37809.24
V2,BH-x,2023-08-12,37805.03
V2,BH-x,2023-08-13,37683.41
V2,BH-x,2023-08-14,37789.97
V2,BH-x,2023-08-15,37574.32
V2,BH-x,2023-08-16,37143.23
V2,BH-x,2023-08-17,35227.23
V2,BH-x,2023-08-18,34692.06
V2,BH-x,2023-08-19,34727.69
V2,BH-x,2023-08-20,34804.25
V2,BH-x,2023-08-21,34738.23
V2,BH-x,2023-08-22,34664.87
V2,BH-x,2023-08-23,35008.67
V2,BH-x,2023-08-24,34766.89
V2,BH-x,2023-08-25,34647.92
V2,BH-x,2023-08-26,34600.93
V2,BH-x,2023-08-27,34672.28
V2,BH-x,2023-08-28,34681.96
V2,BH-x,2023-08-29,36159.43
V2,BH-x,2023-08-30,35771.34
V2,BH-x,2023-08-31,34516.27
V2,BH-x,2023-09-01,34382.51
V2,BH-x,2023-09-02,34435.44
V2,BH-x,2023-09-03,34523.04
V2,BH-x,2023-09-04,34380.59
V2,BH-x,2023-09-05,34341.73
V2,BH-x,2023-09-06,34304.53
V2,BH-x,2023-09-07,34759.12
V2,BH-x,2023-09-08,34432.34
V2,BH-x,2023-09-09,34416.82
V2,BH-x,2023-09-10,34353.74
V2,BH-x,2023-09-11,33714.14
V2,BH-x,2023-09-12,34343.00
V2,BH-x,2023-09-13,34691.33
V2,BH-x,2023-09-14,34962.73
V2,BH-x,2023-09-15,35026.74
V2,BH-x,2023-09-16,34982.18
V2,BH-x,2023-09-17,34945.15
V2,BH-x,2023-09-18,35154.66
V2,BH-x,2023-09-19,35559.27
V2,BH-x,2023-09-20,35473.75
V2,BH-x,2023-09-21,34956.10
V2,BH-x,2023-09-22,34959.87
V2,BH-x,2023-09-23,34948.67
V2,BH-x,2023-09-24,34639.57
V2,BH-x,2023-09-25,34684.46
V2,BH-x,2023-09-26,34600.38
V2,BH-x,2023-09-27,34732.97
V2,BH-x,2023-09-28,35323.85
V2,BH-x,2023-09-29,35211.64
V2,BH-x,2023-09-30,35255.21
V2,BH-x,2023-10-01,36191.22
V2,BH-x,2023-10-02,35732.54
V2,BH-x,2023-10-03,35663.08
V2,BH-x,2023-10-04,35976.31
V2,BH-x,2023-10-05,35634.73
V2,BH-x,2023-10-06,36101.43
V2,BH-x,2023-10-07,36117.00
V2,BH-x,2023-10-08,36073.56
V2,BH-x,2023-10-09,35770.06
V2,BH-x,2023-10-10,35580.91
V2,BH-x,2023-10-11,35105.16
V2,BH-x,2023-10-12,34991.75
V2,BH-x,2023-10-13,35078.16
V2,BH-x,2023-10-14,35062.08
V2,BH-x,2023-10-15,35330.64
V2,BH-x,2023-10-16,36550.55
V2,BH-x,2023-10-17,36448.66
V2,BH-x,2023-10-18,36372.75
V2,BH-x,2023-10-19,36719.32
V2,BH-x,2023-10-20,37567.38
V2,BH-x,2023-10-21,37773.03
V2,BH-x,2023-10-22,37838.22
V2,BH-x,2023-10-23,40549.97
V2,BH-x,2023-10-24,41273.90
V2,BH-x,2023-10-25,41753.86
V2,BH-x,2023-10-26,41453.08
V2,BH-x,2023-10-27,41223.61
V2,BH-x,2023-10-28,41375.97
V2,BH-x,2023-10-29,41745.62
V2,BH-x,2023-10-30,41693.51
V2,BH-x,2023-10-31,41824.57
V2,BH-x,2023-11-01,42476.89
V2,BH-x,2023-11-02,42064.89
V2,BH-x,2023-11-03,41866.47
V2,BH-x,2023-11-04,42149.36
V2,BH-x,2023-11-05,42098.24
V2,BH-x,2023-11-06,42118.20
V2,BH-x,2023-11-07,42406.55
V2,BH-x,2023-11-08,42586.95
V2,BH-x,2023-11-09,43479.34
V2,BH-x,2023-11-10,43968.57
V2,BH-x,2023-11-11,43817.62
V2,BH-x,2023-11-12,43753.96
V2,BH-x,2023-11-13,43247.62
V2,BH-x,2023-11-14,42481.03
V2,BH-x,2023-11-15,44403.14
V2,BH-x,2023-11-16,43001.47
V2,BH-x,2023-11-17,43367.60
V2,BH-x,2023-11-18,43320.47
V2,BH-x,2023-11-19,43968.39
V2,BH-x,2023-11-20,44032.46
V2,BH-x,2023-11-21,42617.15
V2,BH-x,2023-11-22,44000.28
V2,BH-x,2023-11-23,43897.06
V2,BH-x,2023-11-24,44233.54
V2,BH-x,2023-11-25,44279.37
V2,BH-x,2023-11-26,43996.48
V2,BH-x,2023-11-27,43818.75
V2,BH-x,2023-11-28,44284.40
V2,BH-x,2023-11-29,44304.44
V2,BH-x,2023-11-30,44187.99
V2,BH-x,2023-12-01,44965.22
V2,BH-x,2023-12-02,45580.98
V2,BH-x,2023-12-03,45993.81
V2,BH-x,2023-12-04,47611.36
V2,BH-x,2023-12-05,49255.15
V2,BH-x,2023-12-06,49001.62
V2,BH-x,2023-12-07,48607.35
V2,BH-x,2023-12-08,49303.59
V2,BH-x,2023-12-09,48935.61
V2,BH-x,2023-12-10,48984.85
V2,BH-x,2023-12-11,46987.26
V2,BH-x,2023-12-12,47168.07
V2,BH-x,2023-12-13,48254.39
V2,BH-x,2023-12-14,48365.07
V2,BH-x,2023-12-15,47502.88
V2,BH-x,2023-12-16,47760.85
V2,BH-x,2023-12-17,47035.94
V2,BH-x,2023-12-18,48047.88
V2,BH-x,2023-12-19,47736.53
V2,BH-x,2023-12-20,48828.27
V2,BH-x,2023-12-21,48969.07
V2,BH-x,2023-12-22,49042.65
V2,BH-x,2023-12-23,48823.83
V2,BH-x,2023-12-24,48257.41
V2,BH-x,2023-12-25,48706.96
V2,BH-x,2023-12-26,47861.14
V2,BH-x,2023-12-27,48576.61
V2,BH-x,2023-12-28,47888.59
V2,BH-x,2023-12-29,47486.98
V2,BH-x,2023-12-30,47534.99
V2,BH-x,2023-12-31,47638.23
V2,BH-x,2024-01-01,49124.51
V2,BH-x,2024-01-02,49711.88
V2,BH-x,2024-01-03,48073.15
V2,BH-x,2024-01-04,49089.42
V2,BH-x,2024-01-05,49074.43
V2,BH-x,2024-01-06,48926.45
V2,BH-x,2024-01-07,48885.54
V2,BH-x,2024-01-08,51231.01
V2,BH-x,2024-01-09,50577.40
V2,BH-x,2024-01-10,50984.75
V2,BH-x,2024-01-11,50733.03
V2,BH-x,2024-01-12,47994.90
V2,BH-x,2024-01-13,48036.10
V2,BH-x,2024-01-14,47149.89
V2,BH-x,2024-01-15,47756.30
V2,BH-x,2024-01-16,48239.55
V2,BH-x,2024-01-17,47945.96
V2,BH-x,2024-01-18,46798.52
V2,BH-x,2024-01-19,47051.66
V2,BH-x,2024-01-20,47071.05
V2,BH-x,2024-01-21,46969.66
V2,BH-x,2024-01-22,45367.48
V2,BH-x,2024-01-23,45622.66
V2,BH-x,2024-01-24,45763.08
V2,BH-x,2024-01-25,45654.47
V2,BH-x,2024-01-26,47135.35
V2,BH-x,2024-01-27,47360.01
V2,BH-x,2024-01-28,47279.51
V2,BH-x,2024-01-29,48271.57
V2,BH-x,2024-01-30,47979.07
V2,BH-x,2024-01-31,47686.36
V2,BH-x,2024-02-01,48070.89
V2,BH-x,2024-02-02,48152.28
V2,BH-x,2024-02-03,47994.67
V2,BH-x,2024-02-04,47649.87
V2,BH-x,2024-02-05,47738.48
V2,BH-x,2024-02-06,48034.01
V2,BH-x,2024-02-07,49000.29
V2,BH-x,2024-02-08,49716.77
V2,BH-x,2024-02-09,51124.41
V2,BH-x,2024-02-10,51583.48
V2,BH-x,2024-02-11,51988.00
V2,BH-x,2024-02-12,53196.46
V2,BH-x,2024-02-13,53022.78
V2,BH-x,2024-02-14,54577.73
V2,BH-x,2024-02-15,54628.87
V2,BH-x,2024-02-16,54797.45
V2,BH-x,2024-02-17,54431.37
V2,BH-x,2024-02-18,54785.42
V2,BH-x,2024-02-19,54506.76
V2,BH-x,2024-02-20,54852.30
V2,BH-x,2024-02-21,54539.74
V2,BH-x,2024-02-22,54114.93
V2,BH-x,2024-02-23,53701.30
V2,BH-x,2024-02-24,54300.90
V2,BH-x,2024-02-25,54407.97
V2,BH-x,2024-02-26,56420.90
V2,BH-x,2024-02-27,58266.94
V2,BH-x,2024-02-28,62115.13
V2,BH-x,2024-02-29,61195.28
V2,BH-x,2024-03-01,62063.81
V2,BH-x,2024-03-02,61771.59
V2,BH-x,2024-03-03,62545.10
V2,BH-x,2024-03-04,66094.29
V2,BH-x,2024-03-05,63012.85
V2,BH-x,2024-03-06,64627.40
V2,BH-x,2024-03-07,65127.09
V2,BH-x,2024-03-08,66001.62
V2,BH-x,2024-03-09,66116.08
V2,BH-x,2024-03-10,66537.85
V2,BH-x,2024-03-11,68634.25
V2,BH-x,2024-03-12,68202.21
V2,BH-x,2024-03-13,69271.33
V2,BH-x,2024-03-14,68138.86
V2,BH-x,2024-03-15,66861.50
V2,BH-x,2024-03-16,64017.60
V2,BH-x,2024-03-17,66128.09
V2,BH-x,2024-03-18,65583.55
V2,BH-x,2024-03-19,61715.27
V2,BH-x,2024-03-20,65822.54
V2,BH-x,2024-03-21,64218.84
V2,BH-x,2024-03-22,63034.65
V2,BH-x,2024-03-23,63155.23
V2,BH-x,2024-03-24,65368.10
V2,BH-x,2024-03-25,67173.43
V2,BH-x,2024-03-26,67232.03
V2,BH-x,2024-03-27,66869.33
V2,BH-x,2024-03-28,67738.98
V2,BH-x,2024-03-29,67101.24
V2,BH-x,2024-03-30,66906.55
V2,BH-x,2024-03-31,68036.07
V2,BH-x,2024-04-01,66931.80
V2,BH-x,2024-04-02,64100.04
V2,BH-x,2024-04-03,64429.03
V2,BH-x,2024-04-04,66142.75
V2,BH-x,2024-04-05,65677.51
V2,BH-x,2024-04-06,66393.20
V2,BH-x,2024-04-07,66692.73
V2,BH-x,2024-04-08,68200.67
V2,BH-x,2024-04-09,66536.06
V2,BH-x,2024-04-10,67523.10
V2,BH-x,2024-04-11,67090.47
V2,BH-x,2024-04-12,65136.47
V2,BH-x,2024-04-13,62952.77
V2,BH-x,2024-04-14,64138.03
V2,BH-x,2024-04-15,62590.60
V2,BH-x,2024-04-16,62835.59
V2,BH-x,2024-04-17,61086.40
V2,BH-x,2024-04-18,62604.75
V2,BH-x,2024-04-19,62831.99
V2,BH-x,2024-04-20,63592.99
V2,BH-x,2024-04-21,63580.01
V2,BH-x,2024-04-22,64854.71
V2,BH-x,2024-04-23,64565.51
V2,BH-x,2024-04-24,63105.23
V2,BH-x,2024-04-25,63235.50
V2,BH-x,2024-04-26,62722.02
V2,BH-x,2024-04-27,62496.61
V2,BH-x,2024-04-28,62246.62
V2,BH-x,2024-04-29,62749.83
V2,BH-x,2024-04-30,60538.38
V2,BH-x,2024-05-01,58913.17
V2,BH-x,2024-05-02,59392.66
V2,BH-x,2024-05-03,62072.08
V2,BH-x,2024-05-04,62757.43
V2,BH-x,2024-05-05,62826.78
V2,BH-x,2024-05-06,62231.38
V2,BH-x,2024-05-07,61629.54
V2,BH-x,2024-05-08,60841.30
V2,BH-x,2024-05-09,62138.54
V2,BH-x,2024-05-10,60556.18
V2,BH-x,2024-05-11,60561.60
V2,BH-x,2024-05-12,61007.79
V2,BH-x,2024-05-13,62007.05
V2,BH-x,2024-05-14,61053.68
V2,BH-x,2024-05-15,64255.84
V2,BH-x,2024-05-16,63582.01
V2,BH-x,2024-05-17,64789.92
V2,BH-x,2024-05-18,64702.63
V2,BH-x,2024-05-19,64254.74
V2,BH-x,2024-05-20,67754.20
V2,BH-x,2024-05-21,66877.53
V2,BH-x,2024-05-22,66207.86
V2,BH-x,2024-05-23,65391.34
V2,BH-x,2024-05-24,65768.70
V2,BH-x,2024-05-25,66252.60
V2,BH-x,2024-05-26,65714.31
V2,BH-x,2024-05-27,66324.56
V2,BH-x,2024-05-28,65616.07
V2,BH-x,2024-05-29,65101.00
V2,BH-x,2024-05-30,65559.00
V2,BH-x,2024-05-31,64999.56
V2,BH-x,2024-06-01,65138.82
V2,BH-x,2024-06-02,65124.31
V2,BH-x,2024-06-03,65813.62
V2,BH-x,2024-06-04,66957.48
V2,BH-x,2024-06-05,67322.53
V2,BH-x,2024-06-06,67103.49
V2,BH-x,2024-06-07,66131.04
V2,BH-x,2024-06-08,66087.00
V2,BH-x,2024-06-09,66298.65
V2,BH-x,2024-06-10,66212.61
V2,BH-x,2024-06-11,64714.17
V2,BH-x,2024-06-12,65340.17
V2,BH-x,2024-06-13,64326.75
V2,BH-x,2024-06-14,63821.27
V2,BH-x,2024-06-15,63932.59
V2,BH-x,2024-06-16,64222.51
V2,BH-x,2024-06-17,64092.60
V2,BH-x,2024-06-18,63181.94
V2,BH-x,2024-06-19,63032.20
V2,BH-x,2024-06-20,62948.03
V2,BH-x,2024-06-21,62441.02
V2,BH-x,2024-06-22,62508.67
V2,BH-x,2024-06-23,61778.72
V2,BH-x,2024-06-24,59768.88
V2,BH-x,2024-06-25,60806.74
V2,BH-x,2024-06-26,60145.44
V2,BH-x,2024-06-27,60715.28
V2,BH-x,2024-06-28,59821.24
V2,BH-x,2024-06-29,60196.20
V2,BH-x,2024-06-30,61417.95
V2,BH-x,2024-07-01,61492.76
V2,BH-x,2024-07-02,60956.28
V2,BH-x,2024-07-03,59619.32
V2,BH-x,2024-07-04,57415.90
V2,BH-x,2024-07-05,57106.88
V2,BH-x,2024-07-06,58226.07
V2,BH-x,2024-07-07,56552.16
V2,BH-x,2024-07-08,57147.93
V2,BH-x,2024-07-09,58078.48
V2,BH-x,2024-07-10,57839.10
V2,BH-x,2024-07-11,57556.06
V2,BH-x,2024-07-12,57930.13
V2,BH-x,2024-07-13,58839.70
V2,BH-x,2024-07-14,59936.96
V2,BH-x,2024-07-15,62635.70
V2,BH-x,2024-07-16,62839.36
V2,BH-x,2024-07-17,62179.19
V2,BH-x,2024-07-18,62098.11
V2,BH-x,2024-07-19,63901.55
V2,BH-x,2024-07-20,64210.41
V2,BH-x,2024-07-21,64883.85
V2,BH-x,2024-07-22,64447.93
V2,BH-x,2024-07-23,63367.46
V2,BH-x,2024-07-24,62977.14
V2,BH-x,2024-07-25,63249.98
V2,BH-x,2024-07-26,64656.13
V2,BH-x,2024-07-27,64634.88
V2,BH-x,2024-07-28,64856.94
V2,BH-x,2024-07-29,63867.98
V2,BH-x,2024-07-30,63454.84
V2,BH-x,2024-07-31,62393.87
V2,BH-x,2024-08-01,62871.74
V2,BH-x,2024-08-02,60260.25
V2,BH-x,2024-08-03,59698.24
V2,BH-x,2024-08-04,57937.83
V2,BH-x,2024-08-05,55035.23
V2,BH-x,2024-08-06,56453.28
V2,BH-x,2024-08-07,55814.70
V2,BH-x,2024-08-08,60449.11
V2,BH-x,2024-08-09,59854.31
V2,BH-x,2024-08-10,59900.66
V2,BH-x,2024-08-11,58365.35
V2,BH-x,2024-08-12,58794.61
V2,BH-x,2024-08-13,59643.13
V2,BH-x,2024-08-14,58317.81
V2,BH-x,2024-08-15,57510.35
V2,BH-x,2024-08-16,58431.90
V2,BH-x,2024-08-17,58848.84
V2,BH-x,2024-08-18,58098.77
V2,BH-x,2024-08-19,58790.88
V2,BH-x,2024-08-20,58484.26
V2,BH-x,2024-08-21,59959.12
V2,BH-x,2024-08-22,59410.70
V2,BH-x,2024-08-23,61921.99
V2,BH-x,2024-08-24,61990.10
V2,BH-x,2024-08-25,62019.71
V2,BH-x,2024-08-26,61069.06
V2,BH-x,2024-08-27,58728.53
V2,BH-x,2024-08-28,58453.00
V2,BH-x,2024-08-29,58665.52
V2,BH-x,2024-08-30,58490.48
V2,BH-x,2024-08-31,58374.24
V2,BH-x,2024-09-01,57202.58
V2,BH-x,2024-09-02,58470.42
V2,BH-x,2024-09-03,57319.14
V2,BH-x,2024-09-04,57644.56
V2,BH-x,2024-09-05,56385.00
V2,BH-x,2024-09-06,54814.48
V2,BH-x,2024-09-07,54943.76
V2,BH-x,2024-09-08,55436.11
V2,BH-x,2024-09-09,56961.66
V2,BH-x,2024-09-10,57365.18
V2,BH-x,2024-09-11,57145.37
V2,BH-x,2024-09-12,57687.91
V2,BH-x,2024-09-13,59320.25
V2,BH-x,2024-09-14,58960.94
V2,BH-x,2024-09-15,58355.79
V2,BH-x,2024-09-16,57708.91
V2,BH-x,2024-09-17,59155.04
V2,BH-x,2024-09-18,60136.06
V2,BH-x,2024-09-19,60933.72
V2,BH-x,2024-09-20,61092.51
V2,BH-x,2024-09-21,61179.82
V2,BH-x,2024-09-22,61322.43
V2,BH-x,2024-09-23,61148.22
V2,BH-x,2024-09-24,61759.35
V2,BH-x,2024-09-25,60998.66
V2,BH-x,2024-09-26,62353.92
V2,BH-x,2024-09-27,62740.21
V2,BH-x,2024-09-28,62785.87
V2,BH-x,2024-09-29,62601.72
V2,BH-x,2024-09-30,61068.22
V2,BH-x,2024-10-01,59351.91
V2,BH-x,2024-10-02,59232.43
V2,BH-x,2024-10-03,59290.74
V2,BH-x,2024-10-04,60189.76
V2,BH-x,2024-10-05,60158.10
V2,BH-x,2024-10-06,60662.83
V2,BH-x,2024-10-07,60246.99
V2,BH-x,2024-10-08,60191.25
V2,BH-x,2024-10-09,59144.56
V2,BH-x,2024-10-10,58920.57
V2,BH-x,2024-10-11,60422.66
V2,BH-x,2024-10-12,60860.85
V2,BH-x,2024-10-13,60621.29
V2,BH-x,2024-10-14,62779.38
V2,BH-x,2024-10-15,63425.09
V2,BH-x,2024-10-16,63773.34
V2,BH-x,2024-10-17,63628.98
V2,BH-x,2024-10-18,64280.80
V2,BH-x,2024-10-19,64234.39
V2,BH-x,2024-10-20,64651.24
V2,BH-x,2024-10-21,63552.25
V2,BH-x,2024-10-22,63570.94
V2,BH-x,2024-10-23,63057.40
V2,BH-x,2024-10-24,64057.60
V2,BH-x,2024-10-25,63057.23
V2,BH-x,2024-10-26,63305.19
V2,BH-x,2024-10-27,63905.86
V2,BH-x,2024-10-28,65169.49
V2,BH-x,2024-10-29,66965.98
V2,BH-x,2024-10-30,66699.30
V2,BH-x,2024-10-31,65359.58
V2,BH-x,2024-11-01,64827.38
V2,BH-x,2024-11-02,64734.52
V2,BH-x,2024-11-03,64329.55
V2,BH-x,2024-11-04,63709.32
V2,BH-x,2024-11-05,64697.02
V2,BH-x,2024-11-06,68733.77
V2,BH-x,2024-11-07,68901.47
V2,BH-x,2024-11-08,69301.76
V2,BH-x,2024-11-09,69393.59
V2,BH-x,2024-11-10,71719.89
V2,BH-x,2024-11-11,76879.35
V2,BH-x,2024-11-12,76440.39
V2,BH-x,2024-11-13,77899.58
V2,BH-x,2024-11-14,76041.88
V2,BH-x,2024-11-15,78286.77
V2,BH-x,2024-11-16,78002.15
V2,BH-x,2024-11-17,77544.88
V2,BH-x,2024-11-18,77896.18
V2,BH-x,2024-11-19,78993.70
V2,BH-x,2024-11-20,80161.44
V2,BH-x,2024-11-21,82544.99
V2,BH-x,2024-11-22,82865.74
V2,BH-x,2024-11-23,82132.46
V2,BH-x,2024-11-24,82249.29
V2,BH-x,2024-11-25,79354.19
V2,BH-x,2024-11-26,78713.07
V2,BH-x,2024-11-27,81033.54
V2,BH-x,2024-11-28,80886.76
V2,BH-x,2024-11-29,81945.59
V2,BH-x,2024-11-30,81308.75
V2,BH-x,2024-12-01,81750.82
V2,BH-x,2024-12-02,80941.37
V2,BH-x,2024-12-03,80929.72
V2,BH-x,2024-12-04,82531.89
V2,BH-x,2024-12-05,81551.84
V2,BH-x,2024-12-06,83181.81
V2,BH-x,2024-12-07,83217.58
V2,BH-x,2024-12-08,83946.09
V2,BH-x,2024-12-09,81699.19
V2,BH-x,2024-12-10,81279.92
V2,BH-x,2024-12-11,83934.18
V2,BH-x,2024-12-12,83264.95
V2,BH-x,2024-12-13,84075.63
V2,BH-x,2024-12-14,84055.49
V2,BH-x,2024-12-15,85805.03
V2,BH-x,2024-12-16,86704.53
V2,BH-x,2024-12-17,86729.30
V2,BH-x,2024-12-18,83316.79
V2,BH-x,2024-12-19,81702.15
V2,BH-x,2024-12-20,81886.73
V2,BH-x,2024-12-21,81568.40
V2,BH-x,2024-12-22,80314.61
V2,BH-x,2024-12-23,80117.58
V2,BH-x,2024-12-24,82337.82
V2,BH-x,2024-12-25,82768.32
V2,BH-x,2024-12-26,80629.58
V2,BH-x,2024-12-27,79732.59
V2,BH-x,2024-12-28,80308.69
V2,BH-x,2024-12-29,79369.89
V2,BH-x,2024-12-30,78792.03
V2,BH-x,2024-12-31,79241.77
V2,BH-x,2025-01-01,79827.67
V2,BH-x,2025-01-02,81225.53
V2,BH-x,2025-01-03,81906.23
V2,BH-x,2025-01-04,81916.09
V2,BH-x,2025-01-05,81982.48
V2,BH-x,2025-01-06,84225.85
V2,BH-x,2025-01-07,81160.53
V2,BH-x,2025-01-08,80032.88
V2,BH-x,2025-01-09,78536.89
V2,BH-x,2025-01-10,79812.41
V2,BH-x,2025-01-11,79721.20
V2,BH-x,2025-01-12,79672.02
V2,BH-x,2025-01-13,79649.99
V2,BH-x,2025-01-14,80828.24
V2,BH-x,2025-01-15,83119.45
V2,BH-x,2025-01-16,82806.48
V2,BH-x,2025-01-17,85161.89
V2,BH-x,2025-01-18,85418.40
V2,BH-x,2025-01-19,83555.07
V2,BH-x,2025-01-20,84073.78
V2,BH-x,2025-01-21,86292.84
V2,BH-x,2025-01-22,84886.79
V2,BH-x,2025-01-23,84985.73
V2,BH-x,2025-01-24,85517.96
V2,BH-x,2025-01-25,85429.36
V2,BH-x,2025-01-26,84196.33
V2,BH-x,2025-01-27,83869.90
V2,BH-x,2025-01-28,83422.19
V2,BH-x,2025-01-29,84787.34
V2,BH-x,2025-01-30,85336.17
V2,BH-x,2025-01-31,84009.15
V2,BH-x,2025-02-01,82960.87
V2,BH-x,2025-02-02,81248.55
V2,BH-x,2025-02-03,83344.86
V2,BH-x,2025-02-04,81273.08
V2,BH-x,2025-02-05,80585.91
V2,BH-x,2025-02-06,80535.04
V2,BH-x,2025-02-07,80490.33
V2,BH-x,2025-02-08,80437.16
V2,BH-x,2025-02-09,80430.78
V2,BH-x,2025-02-10,80979.30
V2,BH-x,2025-02-11,80000.11
V2,BH-x,2025-02-12,81207.19
V2,BH-x,2025-02-13,80456.70
V2,BH-x,2025-02-14,80960.37
V2,BH-x,2025-02-15,80983.59
V2,BH-x,2025-02-16,80122.63
V2,BH-x,2025-02-17,79908.36
V2,BH-x,2025-02-18,79828.30
V2,BH-x,2025-02-19,80380.01
V2,BH-x,2025-02-20,81330.61
V2,BH-x,2025-02-21,80083.15
V2,BH-x,2025-02-22,80281.56
V2,BH-x,2025-02-23,80094.02
V2,BH-x,2025-02-24,77334.76
V2,BH-x,2025-02-25,75618.85
V2,BH-x,2025-02-26,72956.66
V2,BH-x,2025-02-27,73219.45
V2,BH-x,2025-02-28,72986.91
V2,BH-x,2025-03-01,74010.83
V2,BH-x,2025-03-02,78938.11
V2,BH-x,2025-03-03,74200.05
V2,BH-x,2025-03-04,74824.28
V2,BH-x,2025-03-05,76804.67
V2,BH-x,2025-03-06,76388.24
V2,BH-x,2025-03-07,74509.77
V2,BH-x,2025-03-08,74145.78
V2,BH-x,2025-03-09,70824.31
V2,BH-x,2025-03-10,69495.30
V2,BH-x,2025-03-11,72167.03
V2,BH-x,2025-03-12,72607.28
V2,BH-x,2025-03-13,71033.42
V2,BH-x,2025-03-14,72777.43
V2,BH-x,2025-03-15,72977.78
V2,BH-x,2025-03-16,71893.28
V2,BH-x,2025-03-17,72753.65
V2,BH-x,2025-03-18,71952.77
V2,BH-x,2025-03-19,74454.81
V2,BH-x,2025-03-20,72864.21
V2,BH-x,2025-03-21,72767.33
V2,BH-x,2025-03-22,72601.58
V2,BH-x,2025-03-23,73946.24
V2,BH-x,2025-03-24,74782.55
V2,BH-x,2025-03-25,74703.80
V2,BH-x,2025-03-26,74398.47
V2,BH-x,2025-03-27,74576.42
V2,BH-x,2025-03-28,72879.37
V2,BH-x,2025-03-29,71790.20
V2,BH-x,2025-03-30,71617.80
V2,BH-x,2025-03-31,71700.19
V2,BH-x,2025-04-01,73272.08
V2,BH-x,2025-04-02,71664.28
V2,BH-x,2025-04-03,72073.13
V2,BH-x,2025-04-04,72468.59
V2,BH-x,2025-04-05,72240.44
V2,BH-x,2025-04-06,69131.06
V2,BH-x,2025-04-07,69569.26
V2,BH-x,2025-04-08,67805.84
V2,BH-x,2025-04-09,71707.75
V2,BH-x,2025-04-10,69863.85
V2,BH-x,2025-04-11,72195.40
V2,BH-x,2025-04-12,73303.57
V2,BH-x,2025-04-13,72374.78
V2,BH-x,2025-04-14,72862.91
V2,BH-x,2025-04-15,72275.85
V2,BH-x,2025-04-16,72494.54
V2,BH-x,2025-04-17,73033.79
V2,BH-x,2025-04-18,72733.45
V2,BH-x,2025-04-19,73081.44
V2,BH-x,2025-04-20,73127.60
V2,BH-x,2025-04-21,74517.65
V2,BH-x,2025-04-22,78036.99
V2,BH-x,2025-04-23,78165.73
V2,BH-x,2025-04-24,78318.42
V2,BH-x,2025-04-25,78686.19
V2,BH-x,2025-04-26,78663.44
V2,BH-x,2025-04-27,78135.23
V2,BH-x,2025-04-28,78855.53
V2,BH-x,2025-04-29,78400.39
V2,BH-x,2025-04-30,78334.49
V2,BH-x,2025-05-01,79668.64
V2,BH-x,2025-05-02,79881.64
V2,BH-x,2025-05-03,79269.57
V2,BH-x,2025-05-04,78338.35
V2,BH-x,2025-05-05,78587.34
V2,BH-x,2025-05-06,79791.33
V2,BH-x,2025-05-07,79887.97
V2,BH-x,2025-05-08,83464.86
V2,BH-x,2025-05-09,83283.35
V2,BH-x,2025-05-10,84306.91
V2,BH-x,2025-05-11,83899.54
V2,BH-x,2025-05-12,83133.05
V2,BH-x,2025-05-13,83859.09
V2,BH-x,2025-05-14,83505.22
V2,BH-x,2025-05-15,83632.28
V2,BH-x,2025-05-16,83445.43
V2,BH-x,2025-05-17,83237.37
V2,BH-x,2025-05-18,85101.28
V2,BH-x,2025-05-19,84590.32
V2,BH-x,2025-05-20,85288.85
V2,BH-x,2025-05-21,86833.16
V2,BH-x,2025-05-22,87953.40
V2,BH-x,2025-05-23,85520.11
V2,BH-x,2025-05-24,85749.76
V2,BH-x,2025-05-25,86424.19
V2,BH-x,2025-05-26,86645.18
V2,BH-x,2025-05-27,86351.54
V2,BH-x,2025-05-28,85691.30
V2,BH-x,2025-05-29,84452.51
V2,BH-x,2025-05-30,83535.95
V2,BH-x,2025-05-31,83859.63
V2,BH-x,2025-06-01,84432.32
V2,BH-x,2025-06-02,84534.98
V2,BH-x,2025-06-03,84248.09
V2,BH-x,2025-06-04,83849.54
V2,BH-x,2025-06-05,82043.33
V2,BH-x,2025-06-06,83599.89
V2,BH-x,2025-06-07,84291.93
V2,BH-x,2025-06-08,84375.94
V2,BH-x,2025-06-09,86889.89
V2,BH-x,2025-06-10,86877.91
V2,BH-x,2025-06-11,85960.51
V2,BH-x,2025-06-12,84294.50
V2,BH-x,2025-06-13,84497.43
V2,BH-x,2025-06-14,84115.86
V2,BH-x,2025-06-15,84198.44
V2,BH-x,2025-06-16,84851.30
V2,BH-x,2025-06-17,83584.91
V2,BH-x,2025-06-18,83755.29
V2,BH-x,2025-06-19,83610.05
V2,BH-x,2025-06-20,82831.07
V2,BH-x,2025-06-21,82152.00
V2,BH-x,2025-06-22,81483.23
V2,BH-x,2025-06-23,83936.64
V2,BH-x,2025-06-24,84337.13
V2,BH-x,2025-06-25,85019.75
V2,BH-x,2025-06-26,84783.54
V2,BH-x,2025-06-27,84821.55
V2,BH-x,2025-06-28,84942.05
V2,BH-x,2025-06-29,85512.09
V2,BH-x,2025-06-30,84824.99
V2,BH-x,2025-07-01,83994.54
V2,BH-x,2025-07-02,85740.90
V2,BH-x,2025-07-03,86128.54
V2,BH-x,2025-07-04,85229.26
V2,BH-x,2025-07-05,85329.60
V2,BH-x,2025-07-06,85867.26
V2,BH-x,2025-07-07,85330.97
V2,BH-x,2025-07-08,85677.46
V2,BH-x,2025-07-09,86932.81
V2,BH-x,2025-07-10,89529.19
V2,BH-x,2025-07-11,90330.81
V2,BH-x,2025-07-12,90253.87
V2,BH-x,2025-07-13,91132.26
V2,BH-x,2025-07-14,91517.59
V2,BH-x,2025-07-15,90384.04
V2,BH-x,2025-07-16,90834.06
V2,BH-x,2025-07-17,91108.43
V2,BH-x,2025-07-18,90418.44
V2,BH-x,2025-07-19,90353.88
V2,BH-x,2025-07-20,90026.12
V2,BH-x,2025-07-21,90069.17
V2,BH-x,2025-07-22,91433.82
V2,BH-x,2025-07-23,90774.71
V2,BH-x,2025-07-24,90533.43
V2,BH-x,2025-07-25,90124.98
V2,BH-x,2025-07-26,90270.12
V2,BH-x,2025-07-27,91053.13
V2,BH-x,2025-07-28,90311.21
V2,BH-x,2025-07-29,90232.46
V2,BH-x,2025-07-30,90154.30
V2,BH-x,2025-07-31,89022.68
V2,BH-x,2025-08-01,87675.52
V2,BH-x,2025-08-02,87249.68
V2,BH-x,2025-08-03,88134.13
V2,BH-x,2025-08-04,88573.05
V2,BH-x,2025-08-05,88055.47
V2,BH-x,2025-08-06,88503.12
V2,BH-x,2025-08-07,89821.41
V2,BH-x,2025-08-08,89375.51
V2,BH-x,2025-08-09,89242.71
V2,BH-x,2025-08-10,90743.96
V2,BH-x,2025-08-11,90400.92
V2,BH-x,2025-08-12,91154.54
V2,BH-x,2025-08-13,92821.53
V2,BH-x,2025-08-14,90159.51
V2,BH-x,2025-08-15,89631.75
V2,BH-x,2025-08-16,89633.57
V2,BH-x,2025-08-17,89627.76
V2,BH-x,2025-08-18,88979.00
V2,BH-x,2025-08-19,87161.60
V2,BH-x,2025-08-20,87899.66
V2,BH-x,2025-08-21,86926.79
V2,BH-x,2025-08-22,89309.53
V2,BH-x,2025-08-23,88489.37
V2,BH-x,2025-08-24,87426.67
V2,BH-x,2025-08-25,85583.57
V2,BH-x,2025-08-26,86464.60
V2,BH-x,2025-08-27,86174.81
V2,BH-x,2025-08-28,86864.66
V2,BH-x,2025-08-29,84581.78
V2,BH-x,2025-08-30,84803.97
V2,BH-x,2025-08-31,84474.99
V2,BH-x,2025-09-01,84999.01
V2,BH-x,2025-09-02,86072.68
V2,BH-x,2025-09-03,86307.00
V2,BH-x,2025-09-04,85761.27
V2,BH-x,2025-09-05,85704.79
V2,BH-x,2025-09-06,85430.70
V2,BH-x,2025-09-07,85928.35
V2,BH-x,2025-09-08,86412.84
V2,BH-x,2025-09-09,86114.43
V2,BH-x,2025-09-10,87401.57
V2,BH-x,2025-09-11,88201.25
V2,BH-x,2025-09-12,88475.22
V2,BH-x,2025-09-13,88397.27
V2,BH-x,2025-09-14,88031.33
V2,BH-x,2025-09-15,88056.53
V2,BH-x,2025-09-16,88807.66
V2,BH-x,2025-09-17,88607.16
V2,BH-x,2025-09-18,88922.18
V2,BH-x,2025-09-19,88136.73
V2,BH-x,2025-09-20,88146.64
V2,BH-x,2025-09-21,87886.15
V2,BH-x,2025-09-22,86488.61
V2,BH-x,2025-09-23,86119.68
V2,BH-x,2025-09-24,86806.22
V2,BH-x,2025-09-25,84473.65
V2,BH-x,2025-09-26,84808.22
V2,BH-x,2025-09-27,84786.27
V2,BH-x,2025-09-28,86137.98
V2,BH-x,2025-09-29,87275.40
V2,BH-x,2025-09-30,87116.39
V2,BH-x,2025-10-01,89530.54
V2,BH-x,2025-10-02,90534.65
V2,BH-x,2025-10-03,91411.50
V2,BH-x,2025-10-04,91475.59
V2,BH-x,2025-10-05,92027.72
V2,BH-x,2025-10-06,92622.43
V2,BH-x,2025-10-07,90872.10
V2,BH-x,2025-10-08,91888.13
V2,BH-x,2025-10-09,91010.84
V2,BH-x,2025-10-10,86334.38
V2,BH-x,2025-10-11,85173.95
V2,BH-x,2025-10-12,87482.54
V2,BH-x,2025-10-13,87574.60
V2,BH-x,2025-10-14,86417.43
V2,BH-x,2025-10-15,85186.28
V2,BH-x,2025-10-16,83784.37
V2,BH-x,2025-10-17,82810.64
V2,BH-x,2025-10-18,83203.82
V2,BH-x,2025-10-19,83979.02
V2,BH-x,2025-10-20,84984.37
V2,BH-x,2025-10-21,83763.09
V2,BH-x,2025-10-22,83349.85
V2,BH-x,2025-10-23,84695.12
V2,BH-x,2025-10-24,85176.78
V2,BH-x,2025-10-25,85503.63
V2,BH-x,2025-10-26,87048.45
V2,BH-x,2025-10-27,86789.71
V2,BH-x,2025-10-28,86127.22
V2,BH-x,2025-10-29,84571.61
V2,BH-x,2025-10-30,83639.32
V2,BH-x,2025-10-31,84316.83
V2,BH-x,2025-11-01,84563.20
V2,BH-x,2025-11-02,84783.55
V2,BH-x,2025-11-03,82639.42
V2,BH-x,2025-11-04,79859.81
V2,BH-x,2025-11-05,81159.16
V2,BH-x,2025-11-06,79752.57
V2,BH-x,2025-11-07,80834.45
V2,BH-x,2025-11-08,80255.20
V2,BH-x,2025-11-09,81562.57
V2,BH-x,2025-11-10,82248.22
V2,BH-x,2025-11-11,80626.53
V2,BH-x,2025-11-12,79839.83
V2,BH-x,2025-11-13,78743.43
V2,BH-x,2025-11-14,75906.18
V2,BH-x,2025-11-15,76453.59
V2,BH-x,2025-11-16,75689.74
V2,BH-x,2025-11-17,74522.84
V2,BH-x,2025-11-18,74929.31
V2,BH-x,2025-11-19,74119.79
V2,BH-x,2025-11-20,71315.40
V2,BH-x,2025-11-21,70431.01
V2,BH-x,2025-11-22,70190.36
V2,BH-x,2025-11-23,71388.42
V2,BH-x,2025-11-24,72220.02
V2,BH-x,2025-11-25,71672.00
V2,BH-x,2025-11-26,73446.37
V2,BH-x,2025-11-27,73914.20
V2,BH-x,2025-11-28,73647.39
V2,BH-x,2025-11-29,73581.82
V2,BH-x,2025-11-30,73315.21
V2,BH-x,2025-12-01,70984.33
V2,BH-x,2025-12-02,73846.06
V2,BH-x,2025-12-03,75050.15
V2,BH-x,2025-12-04,74273.69
V2,BH-x,2025-12-05,72705.33
V2,BH-x,2025-12-06,72636.89
V2,BH-x,2025-12-07,73282.20
V2,BH-x,2025-12-08,73402.54
V2,BH-x,2025-12-09,74546.95
V2,BH-x,2025-12-10,74157.48
V2,BH-x,2025-12-11,74423.04
V2,BH-x,2025-12-12,73142.34
V2,BH-x,2025-12-13,73110.84
V2,BH-x,2025-12-14,71921.93
V2,BH-x,2025-12-15,70912.55
V2,BH-x,2025-12-16,71720.25
V2,BH-x,2025-12-17,70778.77
V2,BH-x,2025-12-18,70346.06
V2,BH-x,2025-12-19,71841.30
V2,BH-x,2025-12-20,71954.07
V2,BH-x,2025-12-21,72108.92
V2,BH-x,2025-12-22,72072.07
V2,BH-x,2025-12-23,71410.46
V2,BH-x,2025-12-24,71500.34
V2,BH-x,2025-12-25,71231.56
V2,BH-x,2025-12-26,71299.13
V2,BH-x,2025-12-27,71574.23
V2,BH-x,2025-12-28,71602.38
V2,BH-x,2025-12-29,71179.26
V2,BH-x,2025-12-30,71877.80
V2,BH-x,2025-12-31,71386.27
V2,BH-x,2026-01-01,72050.66
V2,BH-x,2026-01-02,72692.31
V2,BH-x,2026-01-03,73035.13
V2,BH-x,2026-01-04,73528.81
V2,BH-x,2026-01-05,74824.50
V2,BH-x,2026-01-06,74746.37
V2,BH-x,2026-01-07,73399.29
V2,BH-x,2026-01-08,73235.20
V2,BH-x,2026-01-09,72961.50
V2,BH-x,2026-01-10,72869.16
V2,BH-x,2026-01-11,73140.89
V2,BH-x,2026-01-12,73284.57
V2,BH-x,2026-01-13,75584.58
V2,BH-x,2026-01-14,76422.02
V2,BH-x,2026-01-15,75662.21
V2,BH-x,2026-01-16,75616.46
V2,BH-x,2026-01-17,75377.07
V2,BH-x,2026-01-18,74542.90
V2,BH-x,2026-01-19,73946.32
V2,BH-x,2026-01-20,71580.30
V2,BH-x,2026-01-21,72147.64
V2,BH-x,2026-01-22,72191.76
V2,BH-x,2026-01-23,72199.51
V2,BH-x,2026-01-24,71972.71
V2,BH-x,2026-01-25,70513.92
V2,BH-x,2026-01-26,71454.68
V2,BH-x,2026-01-27,71951.21
V2,BH-x,2026-01-28,71964.32
V2,BH-x,2026-01-29,69324.35
V2,BH-x,2026-01-30,69086.24
V2,BH-x,2026-01-31,65901.71
V2,BH-x,2026-02-01,64848.47
V2,BH-x,2026-02-02,65879.71
V2,BH-x,2026-02-03,64126.11
V2,BH-x,2026-02-04,62568.66
V2,BH-x,2026-02-05,56411.85
V2,BH-x,2026-02-06,61218.05
V2,BH-x,2026-02-07,60420.88
V2,BH-x,2026-02-08,61044.06
V2,BH-x,2026-02-09,60914.26
V2,BH-x,2026-02-10,60112.58
V2,BH-x,2026-02-11,59024.16
V2,BH-x,2026-02-12,58512.30
V2,BH-x,2026-02-13,60096.76
V2,BH-x,2026-02-14,60676.57
V2,BH-x,2026-02-15,60060.96
V2,BH-x,2026-02-16,60084.92
V2,BH-x,2026-02-17,59223.75
V2,BH-x,2026-02-18,58570.61
V2,BH-x,2026-02-19,58893.34
V2,BH-x,2026-02-20,59506.69
V2,BH-x,2026-02-21,59467.17
V2,BH-x,2026-02-22,59250.89
V2,BH-x,2026-02-23,57405.45
V2,BH-x,2026-02-24,57021.55
V2,BH-x,2026-02-25,59460.02
V2,BH-x,2026-02-26,59139.46
V2,BH-x,2026-02-27,58136.82
V2,BH-x,2026-02-28,58805.38
V2,BH-x,2026-03-01,58056.92
V2,BH-x,2026-03-02,59932.70
V2,BH-x,2026-03-03,59619.97
V2,BH-x,2026-03-04,62252.87
V2,BH-x,2026-03-05,61173.98
V2,BH-x,2026-03-06,59482.67
V2,BH-x,2026-03-07,58949.53
V2,BH-x,2026-03-08,58144.14
V2,BH-x,2026-03-09,59651.28
V2,BH-x,2026-03-10,60564.71
V2,BH-x,2026-03-11,60699.50
V2,BH-x,2026-03-12,60898.45
V2,BH-x,2026-03-13,61120.68
V2,BH-x,2026-03-14,61278.03
V2,BH-x,2026-03-15,62231.57
V2,BH-x,2026-03-16,63457.41
V2,BH-x,2026-03-17,62865.13
V2,BH-x,2026-03-18,61265.37
V2,BH-x,2026-03-19,60459.47
V2,BH-x,2026-03-20,60798.47
V2,BH-x,2026-03-21,59823.75
V2,BH-x,2026-03-22,59167.18
V2,BH-x,2026-03-23,61016.02
V2,BH-x,2026-03-24,60792.40
V2,BH-x,2026-03-25,61250.27
V2,BH-x,2026-03-26,59724.02
V2,BH-x,2026-03-27,58244.58
V2,BH-x,2026-03-28,58213.76
V2,BH-x,2026-03-29,57976.61
V2,BH-x,2026-03-30,58448.27
V2,BH-x,2026-03-31,59347.49
V2,BH-x,2026-04-01,59231.18
V2,BH-x,2026-04-02,58480.50
V2,BH-x,2026-04-03,58506.36
V2,BH-x,2026-04-04,58699.78
V2,BH-x,2026-04-05,59746.72
V2,BH-x,2026-04-06,59624.72
V2,BH-x,2026-04-07,61474.79
V2,BH-x,2026-04-08,60950.39
V2,BH-x,2026-04-09,61368.94
V2,BH-x,2026-04-10,62059.50
V2,BH-x,2026-04-11,62094.40
V2,BH-x,2026-04-12,60710.43
V2,BH-x,2026-04-13,62908.16
V2,BH-x,2026-04-14,62725.32
V2,BH-x,2026-04-15,63114.26
V2,BH-x,2026-04-16,63304.47
V2,BH-x,2026-04-17,64422.69
V2,BH-x,2026-04-18,63600.99
V2,BH-x,2026-04-19,62475.20
V2,BH-x,2026-04-20,63671.27
V2,BH-x,2026-04-21,63949.10
V2,BH-x,2026-04-22,65016.63
V2,BH-x,2026-04-23,65049.14
V2,BH-x,2026-04-24,64557.81
V2,BH-x,2026-04-25,64653.96
V2,BH-x,2026-04-26,65242.80
V2,BH-x,2026-04-27,64481.76
V2,BH-x,2026-04-28,63867.75
V2,BH-x,2026-04-29,63524.53
V2,BH-x,2026-04-30,63843.87
V2,BH-x,2026-05-01,64934.38
V2,BH-x,2026-05-02,65185.71
V2,BH-x,2026-05-03,65103.37
V2,BH-x,2026-05-04,65839.87
V2,BH-x,2026-05-05,66429.25
V2,BH-x,2026-05-06,66726.73
V2,BH-x,2026-05-07,65885.73
V2,BH-x,2026-05-08,65979.85
V2,BH-x,2026-05-09,66245.64
V2,BH-x,2026-05-10,67112.70
V2,BH-x,2026-05-11,66833.02
V2,BH-x,2026-05-12,66108.15
V2,BH-x,2026-05-13,65409.25
V2,BH-x,2026-05-14,66421.69
V2,BH-x,2026-05-15,65273.50
V2,BH-x,2026-05-16,64701.97
V2,BH-x,2026-05-17,64287.98
V2,BH-x,2026-05-18,64009.47
V2,BH-x,2026-05-19,63898.48
V2,BH-x,2026-05-20,64303.25
V2,BH-x,2026-05-21,64326.50
V2,BH-x,2026-05-22,63107.74
V2,BH-x,2026-05-23,63804.05
V2,BH-x,2026-05-24,63972.87
V2,BH-x,2026-05-25,64108.90
V2,BH-x,2026-05-26,63286.97
V2,BH-x,2026-05-27,62409.16
V2,BH-x,2026-05-28,61907.61
V2,BH-x,2026-05-29,61802.28
V2,BH-x,2026-05-30,62038.93
V2,BH-x,2026-05-31,61902.38
V2,BH-x,2026-06-01,60555.99
V2,BH-x,2026-06-02,57782.18
V2,BH-x,2026-06-03,56182.75
V2,BH-x,2026-06-04,56013.40
V2,BH-x,2026-06-05,54263.83
V2,BH-x,2026-06-06,54145.44
V2,BH-x,2026-06-07,55658.67
V2,BH-x,2026-06-08,55495.52
V2,BH-x,2026-06-09,54648.29
V2,BH-x,2026-06-10,54500.99
V2,BH-x,2026-06-11,55802.23
V2,BH-x,2026-06-12,55762.25
V2,BH-x,2026-06-13,56289.94
V2,BH-x,2026-06-14,57066.28
V2,BH-x,2026-06-15,57408.33
V2,BH-x,2026-06-16,56999.92
V2,BH-x,2026-06-17,56279.29
V2,BH-x,2026-06-18,55319.38
V2,BH-x,2026-06-19,55668.38
V2,BH-x,2026-06-20,56119.45
V2,BH-x,2026-06-21,55504.81
V2,BH-x,2026-06-22,55927.95
V2,BH-x,2026-06-23,55129.57
V2,BH-x,2026-06-24,54098.24
V2,BH-x,2026-06-25,53290.24
V2,BH-x,2026-06-26,53468.37
V2,BH-x,2026-06-27,53414.58
V2,BH-x,2026-06-28,53121.63
V2,BH-x,2026-06-29,53537.19
V2,BH-x,2026-06-30,52508.10
V2,BH-x,2026-07-01,53374.99
V2,BH-x,2026-07-02,54320.54
V2,BH-x,2026-07-03,54941.61
V2,BH-x,2026-07-04,55274.90
V2,BH-x,2026-07-05,55573.56
V2,BH-x,2026-07-06,55801.64
V2,BH-x,2026-07-07,55376.07
V2,BH-x,2026-07-08,54706.96
V2,BH-x,2026-07-09,55273.76
V2,BH-x,2026-07-10,55832.68
V2,BH-x,2026-07-11,55612.04
V2,BH-x,2026-07-12,55576.55
V2,BH-x,2026-07-13,54682.56
V2,BH-x,2026-07-14,56336.03
V2,BH-x,2026-07-15,56149.64
V2,BH-x,2026-07-16,55575.35
V2,BH-x,2026-07-17,55625.56
V2,BH-x,2026-07-18,56163.96
V2,BH-x,2026-07-19,56084.39
V2,BH-x,2026-07-20,56396.11
V2,BH-x,2026-07-21,57171.66
V2,BH-x,2026-07-22,56893.88
V2,BH-x,2026-07-23,56269.77
V2,BH-x,2026-07-24,55677.30
V2,BH-x,2026-07-25,55808.50
V2,BH-x,2026-07-26,56419.23
V2,BH-x,2026-07-27,55413.83
V2,BH-x,2026-07-28,55499.07
V2,BH-x,2026-07-29,55529.55
V2,BH-x,2026-07-30,56001.63
V2,BH-x,2026-07-31,54844.05
V2,BH-x,2026-08-01,54793.28
V2,BH-x,2026-08-02,55237.75
V2,BH-x,2026-08-03,55195.71
V2,BH-x,2026-08-04,55541.14
V2,BH-x,2026-08-05,55868.53
V2,BH-x,2026-08-06,55650.04
V2,BH-x,2026-08-07,56001.71
V2,BH-x,2026-08-08,56013.75
V2,BH-x,2026-08-09,55965.13
V2,BH-x,2026-08-10,55390.66
V2,BH-x,2026-08-11,55154.60
V2,BH-x,2026-08-12,55070.10
V2,BH-x,2026-08-13,55065.13
V2,BH-x,2026-08-14,54781.82
V2,BH-x,2026-08-15,54796.14
V2,BH-x,2026-08-16,54671.45
V2,BH-x,2026-08-17,55653.67
V2,BH-x,2026-08-18,55758.76
V2,BH-x,2026-08-19,58528.56
V2,BH-x,2026-08-20,60698.42
V2,BH-x,2026-08-21,63779.07
V2,BH-x,2026-08-22,63045.31
V2,BH-x,2026-08-23,63409.70
V2,BH-x,2026-08-24,64115.64
V2,BH-x,2026-08-25,63844.26
V2,BH-x,2026-08-26,64106.79
V2,BH-x,2026-08-27,64789.91
V2,BH-x,2026-08-28,63400.55
V2,STRATEGY_risk1pct_closed,2019-04-15 17:39,9881.00
V2,STRATEGY_risk1pct_closed,2019-05-14 16:04,9776.15
V2,STRATEGY_risk1pct_closed,2019-05-17 12:24,9675.13
V2,STRATEGY_risk1pct_closed,2019-05-30 20:19,9795.29
V2,STRATEGY_risk1pct_closed,2019-06-26 05:14,10431.13
V2,STRATEGY_risk1pct_closed,2019-06-30 13:49,10366.67
V2,STRATEGY_risk1pct_closed,2019-07-11 04:19,10256.40
V2,STRATEGY_risk1pct_closed,2019-07-21 04:04,10146.62
V2,STRATEGY_risk1pct_closed,2019-08-08 17:29,10035.75
V2,STRATEGY_risk1pct_closed,2019-12-01 01:24,9928.23
V2,STRATEGY_risk1pct_closed,2020-01-07 16:04,9858.05
V2,STRATEGY_risk1pct_closed,2020-02-19 21:50,10948.11
V2,STRATEGY_risk1pct_closed,2020-03-20 20:09,10835.14
V2,STRATEGY_risk1pct_closed,2020-03-22 20:04,10720.47
V2,STRATEGY_risk1pct_closed,2020-04-07 20:04,10658.29
V2,STRATEGY_risk1pct_closed,2020-04-09 11:59,10540.29
V2,STRATEGY_risk1pct_closed,2020-05-10 00:20,11475.37
V2,STRATEGY_risk1pct_closed,2020-05-24 13:54,11346.48
V2,STRATEGY_risk1pct_closed,2020-06-11 16:54,11335.81
V2,STRATEGY_risk1pct_closed,2020-08-26 00:00,11698.73
V2,STRATEGY_risk1pct_closed,2020-09-02 06:39,11568.98
V2,STRATEGY_risk1pct_closed,2020-10-01 16:19,11433.59
V2,STRATEGY_risk1pct_closed,2020-10-28 11:09,11307.07
V2,STRATEGY_risk1pct_closed,2020-12-12 00:00,12220.55
V2,STRATEGY_risk1pct_closed,2021-01-02 16:34,13225.70
V2,STRATEGY_risk1pct_closed,2021-01-03 18:39,13086.16
V2,STRATEGY_risk1pct_closed,2021-01-10 12:09,13019.42
V2,STRATEGY_risk1pct_closed,2021-01-15 06:09,12881.43
V2,STRATEGY_risk1pct_closed,2021-01-26 04:04,12743.70
V2,STRATEGY_risk1pct_closed,2021-02-10 12:34,12606.37
V2,STRATEGY_risk1pct_closed,2021-02-23 04:40,13275.11
V2,STRATEGY_risk1pct_closed,2021-03-06 13:00,13274.34
V2,STRATEGY_risk1pct_closed,2021-03-16 00:05,13292.80
V2,STRATEGY_risk1pct_closed,2021-03-21 02:34,13145.40
V2,STRATEGY_risk1pct_closed,2021-04-20 06:44,13005.40
V2,STRATEGY_risk1pct_closed,2021-05-02 04:04,12862.86
V2,STRATEGY_risk1pct_closed,2021-05-04 00:34,12723.03
V2,STRATEGY_risk1pct_closed,2021-05-12 18:19,12584.71
V2,STRATEGY_risk1pct_closed,2021-05-28 05:44,12453.01
V2,STRATEGY_risk1pct_closed,2021-06-04 05:14,12314.28
V2,STRATEGY_risk1pct_closed,2021-06-17 17:19,12179.40
V2,STRATEGY_risk1pct_closed,2021-07-05 01:34,12046.49
V2,STRATEGY_risk1pct_closed,2021-08-02 12:14,11917.42
V2,STRATEGY_risk1pct_closed,2021-08-22 14:54,11842.97
V2,STRATEGY_risk1pct_closed,2021-09-07 14:49,12023.33
V2,STRATEGY_risk1pct_closed,2021-09-26 07:39,11892.30
V2,STRATEGY_risk1pct_closed,2021-10-28 00:00,12509.27
V2,STRATEGY_risk1pct_closed,2021-10-31 10:04,12370.57
V2,STRATEGY_risk1pct_closed,2021-11-12 16:10,12311.68
V2,STRATEGY_risk1pct_closed,2022-01-31 00:44,12177.11
V2,STRATEGY_risk1pct_closed,2022-02-12 06:44,12045.89
V2,STRATEGY_risk1pct_closed,2022-03-04 08:34,11958.93
V2,STRATEGY_risk1pct_closed,2022-04-18 04:19,11813.72
V2,STRATEGY_risk1pct_closed,2022-07-16 05:59,11684.09
V2,STRATEGY_risk1pct_closed,2022-07-21 04:04,11557.94
V2,STRATEGY_risk1pct_closed,2022-09-15 15:19,11433.22
V2,STRATEGY_risk1pct_closed,2022-09-28 02:19,11312.01
V2,STRATEGY_risk1pct_closed,2023-02-11 00:00,13380.98
V2,STRATEGY_risk1pct_closed,2023-02-16 22:34,13295.99
V2,STRATEGY_risk1pct_closed,2023-02-19 17:59,13192.81
V2,STRATEGY_risk1pct_closed,2023-03-15 16:14,13052.86
V2,STRATEGY_risk1pct_closed,2023-04-21 00:00,13375.21
V2,STRATEGY_risk1pct_closed,2023-05-01 05:44,13218.44
V2,STRATEGY_risk1pct_closed,2023-06-30 13:49,13063.94
V2,STRATEGY_risk1pct_closed,2024-01-12 22:05,17833.87
V2,STRATEGY_risk1pct_closed,2024-03-05 19:39,18253.38
V2,STRATEGY_risk1pct_closed,2024-03-11 00:54,18049.11
V2,STRATEGY_risk1pct_closed,2024-04-09 14:49,18062.05
V2,STRATEGY_risk1pct_closed,2024-04-14 00:05,17960.89
V2,STRATEGY_risk1pct_closed,2024-05-20 19:04,18360.86
V2,STRATEGY_risk1pct_closed,2024-08-30 15:04,18154.35
V2,STRATEGY_risk1pct_closed,2024-10-15 05:34,17950.35
V2,STRATEGY_risk1pct_closed,2024-12-05 22:30,19807.74
V2,STRATEGY_risk1pct_closed,2025-02-01 09:04,19591.07
V2,STRATEGY_risk1pct_closed,2025-04-03 00:04,19381.39
V2,STRATEGY_risk1pct_closed,2025-04-13 19:44,19167.84
V2,STRATEGY_risk1pct_closed,2025-06-12 10:19,19022.75
V2,STRATEGY_risk1pct_closed,2025-08-13 22:44,19409.98
V2,STRATEGY_risk1pct_closed,2025-12-05 13:29,19190.14
V2,STRATEGY_risk1pct_closed,2026-01-08 14:49,18975.24
V2,STRATEGY_risk1pct_closed,2026-08-23 05:14,18764.70
V2,STRATEGY_risk1pct_closed,2026-08-25 13:54,18561.30
V3,BH,2019-12-15,10076.82
V3,BH,2019-12-16,9755.67
V3,BH,2019-12-17,9376.44
V3,BH,2019-12-18,10302.23
V3,BH,2019-12-19,10121.71
V3,BH,2019-12-20,10174.83
V3,BH,2019-12-21,10096.86
V3,BH,2019-12-22,10618.77
V3,BH,2019-12-23,10357.81
V3,BH,2019-12-24,10271.01
V3,BH,2019-12-25,10198.61
V3,BH,2019-12-26,10194.89
V3,BH,2019-12-27,10269.55
V3,BH,2019-12-28,10356.46
V3,BH,2019-12-29,10458.53
V3,BH,2019-12-30,10257.18
V3,BH,2019-12-31,10185.31
V3,BH,2020-01-01,10193.26
V3,BH,2020-01-02,9860.41
V3,BH,2020-01-03,10397.26
V3,BH,2020-01-04,10410.21
V3,BH,2020-01-05,10416.78
V3,BH,2020-01-06,10981.95
V3,BH,2020-01-07,11530.16
V3,BH,2020-01-08,11403.76
V3,BH,2020-01-09,11066.54
V3,BH,2020-01-10,11603.41
V3,BH,2020-01-11,11352.84
V3,BH,2020-01-12,11586.36
V3,BH,2020-01-13,11480.71
V3,BH,2020-01-14,12471.13
V3,BH,2020-01-15,12487.27
V3,BH,2020-01-16,12343.73
V3,BH,2020-01-17,12617.32
V3,BH,2020-01-18,12621.11
V3,BH,2020-01-19,12317.81
V3,BH,2020-01-20,12233.80
V3,BH,2020-01-21,12366.41
V3,BH,2020-01-22,12290.44
V3,BH,2020-01-23,11897.14
V3,BH,2020-01-24,11945.94
V3,BH,2020-01-25,11806.62
V3,BH,2020-01-26,12195.08
V3,BH,2020-01-27,12609.24
V3,BH,2020-01-28,13269.79
V3,BH,2020-01-29,13166.91
V3,BH,2020-01-30,13466.56
V3,BH,2020-01-31,13239.61
V3,BH,2020-02-01,13284.52
V3,BH,2020-02-02,13209.35
V3,BH,2020-02-03,13153.76
V3,BH,2020-02-04,13018.97
V3,BH,2020-02-05,13606.46
V3,BH,2020-02-06,13832.89
V3,BH,2020-02-07,13891.96
V3,BH,2020-02-08,14007.08
V3,BH,2020-02-09,14370.45
V3,BH,2020-02-10,13945.90
V3,BH,2020-02-11,14471.42
V3,BH,2020-02-12,14617.76
V3,BH,2020-02-13,14480.70
V3,BH,2020-02-14,14643.10
V3,BH,2020-02-15,14020.76
V3,BH,2020-02-16,14038.53
V3,BH,2020-02-17,13739.46
V3,BH,2020-02-18,14388.80
V3,BH,2020-02-19,13580.62
V3,BH,2020-02-20,13584.35
V3,BH,2020-02-21,13698.48
V3,BH,2020-02-22,13661.41
V3,BH,2020-02-23,14065.61
V3,BH,2020-02-24,13668.87
V3,BH,2020-02-25,13187.17
V3,BH,2020-02-26,12436.08
V3,BH,2020-02-27,12489.82
V3,BH,2020-02-28,12305.37
V3,BH,2020-02-29,12065.72
V3,BH,2020-03-01,12077.42
V3,BH,2020-03-02,12620.09
V3,BH,2020-03-03,12400.44
V3,BH,2020-03-04,12387.42
V3,BH,2020-03-05,12817.48
V3,BH,2020-03-06,12926.76
V3,BH,2020-03-07,12579.64
V3,BH,2020-03-08,11371.66
V3,BH,2020-03-09,11225.24
V3,BH,2020-03-10,11175.25
V3,BH,2020-03-11,11231.82
V3,BH,2020-03-12,6794.71
V3,BH,2020-03-13,7896.87
V3,BH,2020-03-14,7321.38
V3,BH,2020-03-15,7589.26
V3,BH,2020-03-16,7118.83
V3,BH,2020-03-17,7520.38
V3,BH,2020-03-18,7634.19
V3,BH,2020-03-19,8723.23
V3,BH,2020-03-20,8788.33
V3,BH,2020-03-21,8758.07
V3,BH,2020-03-22,8233.19
V3,BH,2020-03-23,9154.89
V3,BH,2020-03-24,9547.58
V3,BH,2020-03-25,9452.33
V3,BH,2020-03-26,9537.16
V3,BH,2020-03-27,9001.73
V3,BH,2020-03-28,8828.38
V3,BH,2020-03-29,8325.53
V3,BH,2020-03-30,9051.65
V3,BH,2020-03-31,9074.39
V3,BH,2020-04-01,9403.48
V3,BH,2020-04-02,9617.47
V3,BH,2020-04-03,9532.55
V3,BH,2020-04-04,9706.51
V3,BH,2020-04-05,9587.30
V3,BH,2020-04-06,10375.94
V3,BH,2020-04-07,10188.27
V3,BH,2020-04-08,10420.36
V3,BH,2020-04-09,10310.32
V3,BH,2020-04-10,9709.24
V3,BH,2020-04-11,9734.59
V3,BH,2020-04-12,9772.76
V3,BH,2020-04-13,9679.50
V3,BH,2020-04-14,9723.08
V3,BH,2020-04-15,9372.79
V3,BH,2020-04-16,10053.25
V3,BH,2020-04-17,9947.95
V3,BH,2020-04-18,10260.86
V3,BH,2020-04-19,10079.86
V3,BH,2020-04-20,9663.81
V3,BH,2020-04-21,9684.40
V3,BH,2020-04-22,10086.09
V3,BH,2020-04-23,10591.80
V3,BH,2020-04-24,10623.81
V3,BH,2020-04-25,10671.47
V3,BH,2020-04-26,10890.08
V3,BH,2020-04-27,11005.47
V3,BH,2020-04-28,10955.02
V3,BH,2020-04-29,12426.63
V3,BH,2020-04-30,12202.16
V3,BH,2020-05-01,12495.13
V3,BH,2020-05-02,12700.51
V3,BH,2020-05-03,12590.25
V3,BH,2020-05-04,12558.83
V3,BH,2020-05-05,12770.98
V3,BH,2020-05-06,12942.39
V3,BH,2020-05-07,14136.39
V3,BH,2020-05-08,13872.54
V3,BH,2020-05-09,13503.63
V3,BH,2020-05-10,12347.64
V3,BH,2020-05-11,12119.38
V3,BH,2020-05-12,12472.24
V3,BH,2020-05-13,13178.01
V3,BH,2020-05-14,13861.17
V3,BH,2020-05-15,13187.99
V3,BH,2020-05-16,13279.79
V3,BH,2020-05-17,13702.72
V3,BH,2020-05-18,13779.00
V3,BH,2020-05-19,13837.89
V3,BH,2020-05-20,13464.04
V3,BH,2020-05-21,12837.25
V3,BH,2020-05-22,12980.72
V3,BH,2020-05-23,12993.67
V3,BH,2020-05-24,12344.20
V3,BH,2020-05-25,12599.01
V3,BH,2020-05-26,12515.26
V3,BH,2020-05-27,13028.95
V3,BH,2020-05-28,13555.28
V3,BH,2020-05-29,13344.62
V3,BH,2020-05-30,13727.74
V3,BH,2020-05-31,13374.63
V3,BH,2020-06-01,14439.84
V3,BH,2020-06-02,13473.39
V3,BH,2020-06-03,13683.18
V3,BH,2020-06-04,13857.04
V3,BH,2020-06-05,13619.37
V3,BH,2020-06-06,13683.27
V3,BH,2020-06-07,13797.49
V3,BH,2020-06-08,13847.06
V3,BH,2020-06-09,13833.50
V3,BH,2020-06-10,13992.85
V3,BH,2020-06-11,13137.00
V3,BH,2020-06-12,13398.50
V3,BH,2020-06-13,13410.12
V3,BH,2020-06-14,13224.34
V3,BH,2020-06-15,13343.13
V3,BH,2020-06-16,13484.08
V3,BH,2020-06-17,13398.51
V3,BH,2020-06-18,13286.94
V3,BH,2020-06-19,13179.23
V3,BH,2020-06-20,13248.19
V3,BH,2020-06-21,13157.23
V3,BH,2020-06-22,13710.71
V3,BH,2020-06-23,13624.65
V3,BH,2020-06-24,13159.78
V3,BH,2020-06-25,13093.24
V3,BH,2020-06-26,12969.69
V3,BH,2020-06-27,12757.06
V3,BH,2020-06-28,12904.78
V3,BH,2020-06-29,13012.66
V3,BH,2020-06-30,12936.20
V3,BH,2020-07-01,13068.49
V3,BH,2020-07-02,12862.58
V3,BH,2020-07-03,12822.55
V3,BH,2020-07-04,12931.83
V3,BH,2020-07-05,12838.33
V3,BH,2020-07-06,13227.31
V3,BH,2020-07-07,13104.43
V3,BH,2020-07-08,13357.35
V3,BH,2020-07-09,13069.10
V3,BH,2020-07-10,13148.24
V3,BH,2020-07-11,13071.36
V3,BH,2020-07-12,13168.64
V3,BH,2020-07-13,13083.52
V3,BH,2020-07-14,13102.25
V3,BH,2020-07-15,13019.79
V3,BH,2020-07-16,12929.37
V3,BH,2020-07-17,12958.53
V3,BH,2020-07-18,12981.12
V3,BH,2020-07-19,13035.91
V3,BH,2020-07-20,12967.67
V3,BH,2020-07-21,13292.15
V3,BH,2020-07-22,13473.56
V3,BH,2020-07-23,13594.04
V3,BH,2020-07-24,13501.37
V3,BH,2020-07-25,13731.57
V3,BH,2020-07-26,14058.73
V3,BH,2020-07-27,15613.61
V3,BH,2020-07-28,15438.52
V3,BH,2020-07-29,15713.51
V3,BH,2020-07-30,15712.21
V3,BH,2020-07-31,16046.07
V3,BH,2020-08-01,16705.31
V3,BH,2020-08-02,15672.20
V3,BH,2020-08-03,15882.36
V3,BH,2020-08-04,15842.95
V3,BH,2020-08-05,16625.67
V3,BH,2020-08-06,16650.51
V3,BH,2020-08-07,16412.37
V3,BH,2020-08-08,16649.03
V3,BH,2020-08-09,16536.17
V3,BH,2020-08-10,16835.19
V3,BH,2020-08-11,16126.22
V3,BH,2020-08-12,16370.05
V3,BH,2020-08-13,16675.34
V3,BH,2020-08-14,16647.80
V3,BH,2020-08-15,16777.83
V3,BH,2020-08-16,16860.78
V3,BH,2020-08-17,17384.73
V3,BH,2020-08-18,16908.93
V3,BH,2020-08-19,16639.37
V3,BH,2020-08-20,16779.46
V3,BH,2020-08-21,16323.35
V3,BH,2020-08-22,16509.67
V3,BH,2020-08-23,16488.67
V3,BH,2020-08-24,16630.33
V3,BH,2020-08-25,16021.95
V3,BH,2020-08-26,16224.39
V3,BH,2020-08-27,16038.88
V3,BH,2020-08-28,16317.08
V3,BH,2020-08-29,16230.63
V3,BH,2020-08-30,16577.90
V3,BH,2020-08-31,16490.63
V3,BH,2020-09-01,16876.31
V3,BH,2020-09-02,16121.21
V3,BH,2020-09-03,14355.02
V3,BH,2020-09-04,14787.34
V3,BH,2020-09-05,14391.60
V3,BH,2020-09-06,14518.31
V3,BH,2020-09-07,14684.27
V3,BH,2020-09-08,14334.92
V3,BH,2020-09-09,14465.93
V3,BH,2020-09-10,14632.50
V3,BH,2020-09-11,14704.72
V3,BH,2020-09-12,14779.79
V3,BH,2020-09-13,14626.78
V3,BH,2020-09-14,15106.57
V3,BH,2020-09-15,15267.30
V3,BH,2020-09-16,15506.10
V3,BH,2020-09-17,15486.26
V3,BH,2020-09-18,15476.91
V3,BH,2020-09-19,15685.37
V3,BH,2020-09-20,15458.36
V3,BH,2020-09-21,14746.24
V3,BH,2020-09-22,14905.34
V3,BH,2020-09-23,14497.44
V3,BH,2020-09-24,15197.95
V3,BH,2020-09-25,15127.67
V3,BH,2020-09-26,15187.02
V3,BH,2020-09-27,15251.64
V3,BH,2020-09-28,15141.04
V3,BH,2020-09-29,15345.39
V3,BH,2020-09-30,15254.95
V3,BH,2020-10-01,15032.06
V3,BH,2020-10-02,14963.08
V3,BH,2020-10-03,14922.96
V3,BH,2020-10-04,15099.30
V3,BH,2020-10-05,15277.06
V3,BH,2020-10-06,15004.50
V3,BH,2020-10-07,15098.96
V3,BH,2020-10-08,15465.84
V3,BH,2020-10-09,15642.89
V3,BH,2020-10-10,15986.28
V3,BH,2020-10-11,16093.58
V3,BH,2020-10-12,16318.98
V3,BH,2020-10-13,16166.53
V3,BH,2020-10-14,16162.75
V3,BH,2020-10-15,16286.23
V3,BH,2020-10-16,16023.22
V3,BH,2020-10-17,16081.09
V3,BH,2020-10-18,16283.43
V3,BH,2020-10-19,16634.96
V3,BH,2020-10-20,16859.35
V3,BH,2020-10-21,18092.27
V3,BH,2020-10-22,18357.77
V3,BH,2020-10-23,18293.43
V3,BH,2020-10-24,18560.49
V3,BH,2020-10-25,18443.14
V3,BH,2020-10-26,18476.21
V3,BH,2020-10-27,19302.87
V3,BH,2020-10-28,18779.44
V3,BH,2020-10-29,19047.40
V3,BH,2020-10-30,19195.19
V3,BH,2020-10-31,19522.04
V3,BH,2020-11-01,19480.28
V3,BH,2020-11-02,19180.00
V3,BH,2020-11-03,19851.20
V3,BH,2020-11-04,20021.75
V3,BH,2020-11-05,22068.67
V3,BH,2020-11-06,22054.37
V3,BH,2020-11-07,20976.25
V3,BH,2020-11-08,21905.99
V3,BH,2020-11-09,21698.35
V3,BH,2020-11-10,21654.18
V3,BH,2020-11-11,22202.05
V3,BH,2020-11-12,23062.17
V3,BH,2020-11-13,23103.00
V3,BH,2020-11-14,22748.75
V3,BH,2020-11-15,22588.15
V3,BH,2020-11-16,23659.13
V3,BH,2020-11-17,24997.98
V3,BH,2020-11-18,25163.24
V3,BH,2020-11-19,25201.03
V3,BH,2020-11-20,26408.29
V3,BH,2020-11-21,26476.43
V3,BH,2020-11-22,26066.80
V3,BH,2020-11-23,26001.08
V3,BH,2020-11-24,27122.22
V3,BH,2020-11-25,26498.10
V3,BH,2020-11-26,24276.17
V3,BH,2020-11-27,24262.09
V3,BH,2020-11-28,25083.58
V3,BH,2020-11-29,25742.02
V3,BH,2020-11-30,27880.76
V3,BH,2020-12-01,26563.00
V3,BH,2020-12-02,27184.62
V3,BH,2020-12-03,27492.94
V3,BH,2020-12-04,26401.00
V3,BH,2020-12-05,27104.74
V3,BH,2020-12-06,27404.47
V3,BH,2020-12-07,27131.97
V3,BH,2020-12-08,25938.95
V3,BH,2020-12-09,26246.37
V3,BH,2020-12-10,25840.60
V3,BH,2020-12-11,25531.86
V3,BH,2020-12-12,26624.90
V3,BH,2020-12-13,27143.43
V3,BH,2020-12-14,27282.36
V3,BH,2020-12-15,27499.35
V3,BH,2020-12-16,30201.79
V3,BH,2020-12-17,32270.84
V3,BH,2020-12-18,32709.99
V3,BH,2020-12-19,33721.01
V3,BH,2020-12-20,33202.79
V3,BH,2020-12-21,32161.20
V3,BH,2020-12-22,33705.70
V3,BH,2020-12-23,32887.46
V3,BH,2020-12-24,33590.20
V3,BH,2020-12-25,34982.08
V3,BH,2020-12-26,37503.09
V3,BH,2020-12-27,37203.37
V3,BH,2020-12-28,38332.64
V3,BH,2020-12-29,38765.22
V3,BH,2020-12-30,40875.17
V3,BH,2020-12-31,40943.25
V3,BH,2021-01-01,41520.88
V3,BH,2021-01-02,45550.48
V3,BH,2021-01-03,46713.68
V3,BH,2021-01-04,45282.07
V3,BH,2021-01-05,48057.73
V3,BH,2021-01-06,52049.38
V3,BH,2021-01-07,55818.92
V3,BH,2021-01-08,57447.56
V3,BH,2021-01-09,56747.44
V3,BH,2021-01-10,54003.79
V3,BH,2021-01-11,50117.29
V3,BH,2021-01-12,48201.71
V3,BH,2021-01-13,52901.58
V3,BH,2021-01-14,55411.54
V3,BH,2021-01-15,52010.96
V3,BH,2021-01-16,50953.20
V3,BH,2021-01-17,50717.69
V3,BH,2021-01-18,51853.91
V3,BH,2021-01-19,50806.70
V3,BH,2021-01-20,50207.55
V3,BH,2021-01-21,43670.33
V3,BH,2021-01-22,46636.00
V3,BH,2021-01-23,45408.46
V3,BH,2021-01-24,45665.95
V3,BH,2021-01-25,45657.88
V3,BH,2021-01-26,45960.21
V3,BH,2021-01-27,42985.23
V3,BH,2021-01-28,47230.09
V3,BH,2021-01-29,48486.18
V3,BH,2021-01-30,48501.30
V3,BH,2021-01-31,46845.23
V3,BH,2021-02-01,47458.72
V3,BH,2021-02-02,50204.73
V3,BH,2021-02-03,53251.92
V3,BH,2021-02-04,52286.21
V3,BH,2021-02-05,54202.28
V3,BH,2021-02-06,55471.62
V3,BH,2021-02-07,54917.78
V3,BH,2021-02-08,65646.60
V3,BH,2021-02-09,65711.07
V3,BH,2021-02-10,63428.00
V3,BH,2021-02-11,67903.91
V3,BH,2021-02-12,66938.62
V3,BH,2021-02-13,66749.07
V3,BH,2021-02-14,68764.97
V3,BH,2021-02-15,67821.23
V3,BH,2021-02-16,69551.54
V3,BH,2021-02-17,73778.78
V3,BH,2021-02-18,72976.00
V3,BH,2021-02-19,79138.52
V3,BH,2021-02-20,79046.78
V3,BH,2021-02-21,81265.50
V3,BH,2021-02-22,76564.56
V3,BH,2021-02-23,69208.34
V3,BH,2021-02-24,70319.84
V3,BH,2021-02-25,66635.88
V3,BH,2021-02-26,65507.87
V3,BH,2021-02-27,65266.60
V3,BH,2021-02-28,63892.41
V3,BH,2021-03-01,70193.61
V3,BH,2021-03-02,68570.84
V3,BH,2021-03-03,71272.75
V3,BH,2021-03-04,68476.62
V3,BH,2021-03-05,69011.16
V3,BH,2021-03-06,69195.88
V3,BH,2021-03-07,72153.77
V3,BH,2021-03-08,74140.40
V3,BH,2021-03-09,77692.52
V3,BH,2021-03-10,79061.50
V3,BH,2021-03-11,81781.60
V3,BH,2021-03-12,81001.01
V3,BH,2021-03-13,86616.08
V3,BH,2021-03-14,83473.42
V3,BH,2021-03-15,78712.72
V3,BH,2021-03-16,80546.65
V3,BH,2021-03-17,83395.08
V3,BH,2021-03-18,81604.66
V3,BH,2021-03-19,82145.19
V3,BH,2021-03-20,82247.49
V3,BH,2021-03-21,81184.80
V3,BH,2021-03-22,76558.30
V3,BH,2021-03-23,76923.01
V3,BH,2021-03-24,74039.16
V3,BH,2021-03-25,72609.63
V3,BH,2021-03-26,77892.24
V3,BH,2021-03-27,79012.73
V3,BH,2021-03-28,78956.80
V3,BH,2021-03-29,81586.70
V3,BH,2021-03-30,83159.53
V3,BH,2021-03-31,83151.01
V3,BH,2021-04-01,83122.54
V3,BH,2021-04-02,83447.51
V3,BH,2021-04-03,80760.67
V3,BH,2021-04-04,82388.67
V3,BH,2021-04-05,83702.28
V3,BH,2021-04-06,82090.18
V3,BH,2021-04-07,79205.69
V3,BH,2021-04-08,82212.45
V3,BH,2021-04-09,82304.49
V3,BH,2021-04-10,84607.03
V3,BH,2021-04-11,84937.28
V3,BH,2021-04-12,84735.66
V3,BH,2021-04-13,89994.48
V3,BH,2021-04-14,89123.24
V3,BH,2021-04-15,89406.99
V3,BH,2021-04-16,86823.33
V3,BH,2021-04-17,84943.27
V3,BH,2021-04-18,79483.93
V3,BH,2021-04-19,78752.27
V3,BH,2021-04-20,79873.20
V3,BH,2021-04-21,76139.83
V3,BH,2021-04-22,73171.86
V3,BH,2021-04-23,72370.91
V3,BH,2021-04-24,70845.92
V3,BH,2021-04-25,69457.15
V3,BH,2021-04-26,76442.42
V3,BH,2021-04-27,77872.96
V3,BH,2021-04-28,77638.33
V3,BH,2021-04-29,75810.53
V3,BH,2021-04-30,81669.93
V3,BH,2021-05-01,81820.12
V3,BH,2021-05-02,80090.08
V3,BH,2021-05-03,80926.93
V3,BH,2021-05-04,75308.02
V3,BH,2021-05-05,81304.49
V3,BH,2021-05-06,79828.86
V3,BH,2021-05-07,81132.70
V3,BH,2021-05-08,83323.00
V3,BH,2021-05-09,82443.64
V3,BH,2021-05-10,79011.32
V3,BH,2021-05-11,80220.04
V3,BH,2021-05-12,70256.31
V3,BH,2021-05-13,70312.44
V3,BH,2021-05-14,70553.76
V3,BH,2021-05-15,66196.00
V3,BH,2021-05-16,65726.76
V3,BH,2021-05-17,61630.88
V3,BH,2021-05-18,60656.61
V3,BH,2021-05-19,51937.17
V3,BH,2021-05-20,57368.05
V3,BH,2021-05-21,52732.60
V3,BH,2021-05-22,53012.49
V3,BH,2021-05-23,49056.72
V3,BH,2021-05-24,54918.63
V3,BH,2021-05-25,54251.09
V3,BH,2021-05-26,55549.43
V3,BH,2021-05-27,54541.65
V3,BH,2021-05-28,50483.95
V3,BH,2021-05-29,48985.80
V3,BH,2021-05-30,50452.50
V3,BH,2021-05-31,52735.15
V3,BH,2021-06-01,51941.42
V3,BH,2021-06-02,53180.87
V3,BH,2021-06-03,55556.34
V3,BH,2021-06-04,52133.81
V3,BH,2021-06-05,50271.21
V3,BH,2021-06-06,50671.97
V3,BH,2021-06-07,47496.12
V3,BH,2021-06-08,47252.67
V3,BH,2021-06-09,52925.18
V3,BH,2021-06-10,51916.83
V3,BH,2021-06-11,52845.81
V3,BH,2021-06-12,50317.79
V3,BH,2021-06-13,55236.11
V3,BH,2021-06-14,57353.40
V3,BH,2021-06-15,56826.46
V3,BH,2021-06-16,54285.48
V3,BH,2021-06-17,53923.04
V3,BH,2021-06-18,50705.28
V3,BH,2021-06-19,50229.48
V3,BH,2021-06-20,50394.30
V3,BH,2021-06-21,44744.46
V3,BH,2021-06-22,46019.36
V3,BH,2021-06-23,47673.46
V3,BH,2021-06-24,49067.82
V3,BH,2021-06-25,44709.81
V3,BH,2021-06-26,45699.57
V3,BH,2021-06-27,49120.55
V3,BH,2021-06-28,48829.72
V3,BH,2021-06-29,50835.35
V3,BH,2021-06-30,49608.44
V3,BH,2021-07-01,47428.03
V3,BH,2021-07-02,47827.02
V3,BH,2021-07-03,49076.37
V3,BH,2021-07-04,49950.31
V3,BH,2021-07-05,47690.55
V3,BH,2021-07-06,48440.61
V3,BH,2021-07-07,47934.00
V3,BH,2021-07-08,46537.67
V3,BH,2021-07-09,47868.44
V3,BH,2021-07-10,47425.46
V3,BH,2021-07-11,48495.79
V3,BH,2021-07-12,46836.24
V3,BH,2021-07-13,46331.08
V3,BH,2021-07-14,46458.84
V3,BH,2021-07-15,45128.18
V3,BH,2021-07-16,44425.88
V3,BH,2021-07-17,44618.68
V3,BH,2021-07-18,44984.58
V3,BH,2021-07-19,43655.50
V3,BH,2021-07-20,42170.15
V3,BH,2021-07-21,45502.61
V3,BH,2021-07-22,45705.49
V3,BH,2021-07-23,47611.21
V3,BH,2021-07-24,48494.59
V3,BH,2021-07-25,50084.10
V3,BH,2021-07-26,52712.21
V3,BH,2021-07-27,55855.14
V3,BH,2021-07-28,56650.25
V3,BH,2021-07-29,56645.89
V3,BH,2021-07-30,59745.82
V3,BH,2021-07-31,58691.87
V3,BH,2021-08-01,56403.77
V3,BH,2021-08-02,55416.24
V3,BH,2021-08-03,54084.52
V3,BH,2021-08-04,56230.70
V3,BH,2021-08-05,57843.43
V3,BH,2021-08-06,60638.33
V3,BH,2021-08-07,63095.28
V3,BH,2021-08-08,61993.73
V3,BH,2021-08-09,65474.65
V3,BH,2021-08-10,64528.47
V3,BH,2021-08-11,64423.73
V3,BH,2021-08-12,62849.63
V3,BH,2021-08-13,67663.96
V3,BH,2021-08-14,66628.49
V3,BH,2021-08-15,66494.45
V3,BH,2021-08-16,64976.21
V3,BH,2021-08-17,63269.98
V3,BH,2021-08-18,63283.20
V3,BH,2021-08-19,66192.65
V3,BH,2021-08-20,69819.11
V3,BH,2021-08-21,69110.48
V3,BH,2021-08-22,69701.27
V3,BH,2021-08-23,70054.63
V3,BH,2021-08-24,67485.61
V3,BH,2021-08-25,69324.87
V3,BH,2021-08-26,66310.50
V3,BH,2021-08-27,69461.58
V3,BH,2021-08-28,69214.50
V3,BH,2021-08-29,69033.98
V3,BH,2021-08-30,66507.32
V3,BH,2021-08-31,66674.32
V3,BH,2021-09-01,69094.41
V3,BH,2021-09-02,69711.77
V3,BH,2021-09-03,70776.98
V3,BH,2021-09-04,70658.78
V3,BH,2021-09-05,73265.18
V3,BH,2021-09-06,74549.12
V3,BH,2021-09-07,66338.61
V3,BH,2021-09-08,65184.33
V3,BH,2021-09-09,65675.29
V3,BH,2021-09-10,63489.33
V3,BH,2021-09-11,63946.25
V3,BH,2021-09-12,65151.67
V3,BH,2021-09-13,63616.48
V3,BH,2021-09-14,66689.37
V3,BH,2021-09-15,68118.93
V3,BH,2021-09-16,67575.94
V3,BH,2021-09-17,66956.15
V3,BH,2021-09-18,68361.46
V3,BH,2021-09-19,66873.72
V3,BH,2021-09-20,60891.36
V3,BH,2021-09-21,57662.12
V3,BH,2021-09-22,61638.77
V3,BH,2021-09-23,63509.65
V3,BH,2021-09-24,60601.10
V3,BH,2021-09-25,60403.02
V3,BH,2021-09-26,61097.02
V3,BH,2021-09-27,59662.27
V3,BH,2021-09-28,58075.69
V3,BH,2021-09-29,58780.28
V3,BH,2021-09-30,62035.82
V3,BH,2021-10-01,68147.53
V3,BH,2021-10-02,67430.25
V3,BH,2021-10-03,68230.20
V3,BH,2021-10-04,69681.05
V3,BH,2021-10-05,72861.90
V3,BH,2021-10-06,78301.92
V3,BH,2021-10-07,76136.42
V3,BH,2021-10-08,76371.70
V3,BH,2021-10-09,77784.84
V3,BH,2021-10-10,77373.31
V3,BH,2021-10-11,81354.37
V3,BH,2021-10-12,79267.24
V3,BH,2021-10-13,81206.66
V3,BH,2021-10-14,81179.68
V3,BH,2021-10-15,87301.26
V3,BH,2021-10-16,86173.26
V3,BH,2021-10-17,87097.29
V3,BH,2021-10-18,87778.90
V3,BH,2021-10-19,90993.29
V3,BH,2021-10-20,93429.22
V3,BH,2021-10-21,88038.38
V3,BH,2021-10-22,85908.06
V3,BH,2021-10-23,86755.32
V3,BH,2021-10-24,86140.21
V3,BH,2021-10-25,89292.05
V3,BH,2021-10-26,85399.29
V3,BH,2021-10-27,82687.96
V3,BH,2021-10-28,85749.05
V3,BH,2021-10-29,88124.11
V3,BH,2021-10-30,87565.64
V3,BH,2021-10-31,86773.79
V3,BH,2021-11-01,86223.57
V3,BH,2021-11-02,89491.94
V3,BH,2021-11-03,89033.99
V3,BH,2021-11-04,86908.56
V3,BH,2021-11-05,86260.39
V3,BH,2021-11-06,87015.58
V3,BH,2021-11-07,89567.81
V3,BH,2021-11-08,95587.13
V3,BH,2021-11-09,94768.70
V3,BH,2021-11-10,91845.23
V3,BH,2021-11-11,91692.11
V3,BH,2021-11-12,90769.12
V3,BH,2021-11-13,91134.01
V3,BH,2021-11-14,92746.48
V3,BH,2021-11-15,90039.41
V3,BH,2021-11-16,85017.17
V3,BH,2021-11-17,85422.02
V3,BH,2021-11-18,80533.73
V3,BH,2021-11-19,82176.66
V3,BH,2021-11-20,84519.80
V3,BH,2021-11-21,82983.22
V3,BH,2021-11-22,79621.48
V3,BH,2021-11-23,81453.35
V3,BH,2021-11-24,80882.91
V3,BH,2021-11-25,83462.16
V3,BH,2021-11-26,76053.34
V3,BH,2021-11-27,77461.12
V3,BH,2021-11-28,81076.26
V3,BH,2021-11-29,81785.98
V3,BH,2021-11-30,80617.16
V3,BH,2021-12-01,80947.71
V3,BH,2021-12-02,79951.53
V3,BH,2021-12-03,75875.72
V3,BH,2021-12-04,69578.47
V3,BH,2021-12-05,69923.67
V3,BH,2021-12-06,71403.77
V3,BH,2021-12-07,71611.90
V3,BH,2021-12-08,71445.20
V3,BH,2021-12-09,67303.82
V3,BH,2021-12-10,66730.45
V3,BH,2021-12-11,69914.69
V3,BH,2021-12-12,70854.50
V3,BH,2021-12-13,66110.73
V3,BH,2021-12-14,68433.01
V3,BH,2021-12-15,69171.51
V3,BH,2021-12-16,67426.68
V3,BH,2021-12-17,65301.67
V3,BH,2021-12-18,66297.20
V3,BH,2021-12-19,66080.27
V3,BH,2021-12-20,66410.00
V3,BH,2021-12-21,69206.75
V3,BH,2021-12-22,68779.65
V3,BH,2021-12-23,71965.59
V3,BH,2021-12-24,71938.96
V3,BH,2021-12-25,71343.94
V3,BH,2021-12-26,71875.95
V3,BH,2021-12-27,71771.13
V3,BH,2021-12-28,67301.21
V3,BH,2021-12-29,65773.70
V3,BH,2021-12-30,66702.61
V3,BH,2021-12-31,65423.02
V3,BH,2022-01-01,67554.46
V3,BH,2022-01-02,66936.61
V3,BH,2022-01-03,65747.43
V3,BH,2022-01-04,64878.14
V3,BH,2022-01-05,61507.85
V3,BH,2022-01-06,60985.77
V3,BH,2022-01-07,58840.01
V3,BH,2022-01-08,59000.34
V3,BH,2022-01-09,59262.05
V3,BH,2022-01-10,59202.41
V3,BH,2022-01-11,60486.04
V3,BH,2022-01-12,62147.02
V3,BH,2022-01-13,60246.56
V3,BH,2022-01-14,60954.13
V3,BH,2022-01-15,60988.57
V3,BH,2022-01-16,60970.69
V3,BH,2022-01-17,59739.09
V3,BH,2022-01-18,59952.14
V3,BH,2022-01-19,58972.41
V3,BH,2022-01-20,57586.43
V3,BH,2022-01-21,51590.67
V3,BH,2022-01-22,49645.84
V3,BH,2022-01-23,51306.48
V3,BH,2022-01-24,51895.07
V3,BH,2022-01-25,52316.87
V3,BH,2022-01-26,52105.98
V3,BH,2022-01-27,52602.50
V3,BH,2022-01-28,53390.20
V3,BH,2022-01-29,54027.60
V3,BH,2022-01-30,53624.05
V3,BH,2022-01-31,54452.36
V3,BH,2022-02-01,54774.67
V3,BH,2022-02-02,52229.16
V3,BH,2022-02-03,52816.97
V3,BH,2022-02-04,58851.01
V3,BH,2022-02-05,58579.70
V3,BH,2022-02-06,59992.83
V3,BH,2022-02-07,62058.31
V3,BH,2022-02-08,62345.67
V3,BH,2022-02-09,62812.42
V3,BH,2022-02-10,61570.58
V3,BH,2022-02-11,59982.73
V3,BH,2022-02-12,59762.10
V3,BH,2022-02-13,59529.65
V3,BH,2022-02-14,60212.34
V3,BH,2022-02-15,63056.10
V3,BH,2022-02-16,62105.83
V3,BH,2022-02-17,57352.57
V3,BH,2022-02-18,56586.38
V3,BH,2022-02-19,56734.63
V3,BH,2022-02-20,54339.10
V3,BH,2022-02-21,52387.42
V3,BH,2022-02-22,54117.48
V3,BH,2022-02-23,52729.77
V3,BH,2022-02-24,54254.62
V3,BH,2022-02-25,55517.24
V3,BH,2022-02-26,55372.22
V3,BH,2022-02-27,53365.45
V3,BH,2022-02-28,61095.74
V3,BH,2022-03-01,62881.05
V3,BH,2022-03-02,62133.32
V3,BH,2022-03-03,60096.35
V3,BH,2022-03-04,55417.43
V3,BH,2022-03-05,55770.33
V3,BH,2022-03-06,54387.11
V3,BH,2022-03-07,53774.44
V3,BH,2022-03-08,54825.68
V3,BH,2022-03-09,59371.17
V3,BH,2022-03-10,55804.36
V3,BH,2022-03-11,54824.18
V3,BH,2022-03-12,54934.30
V3,BH,2022-03-13,53476.24
V3,BH,2022-03-14,56157.36
V3,BH,2022-03-15,55603.82
V3,BH,2022-03-16,58199.50
V3,BH,2022-03-17,57921.91
V3,BH,2022-03-18,59110.43
V3,BH,2022-03-19,59738.40
V3,BH,2022-03-20,58409.16
V3,BH,2022-03-21,58041.31
V3,BH,2022-03-22,59969.14
V3,BH,2022-03-23,60703.29
V3,BH,2022-03-24,62272.73
V3,BH,2022-03-25,62728.11
V3,BH,2022-03-26,63008.55
V3,BH,2022-03-27,66287.69
V3,BH,2022-03-28,66704.50
V3,BH,2022-03-29,67146.99
V3,BH,2022-03-30,66627.75
V3,BH,2022-03-31,64422.80
V3,BH,2022-04-01,65517.24
V3,BH,2022-04-02,64848.40
V3,BH,2022-04-03,65692.57
V3,BH,2022-04-04,65937.69
V3,BH,2022-04-05,64404.69
V3,BH,2022-04-06,61110.56
V3,BH,2022-04-07,61498.03
V3,BH,2022-04-08,59810.42
V3,BH,2022-04-09,60520.98
V3,BH,2022-04-10,59678.55
V3,BH,2022-04-11,55957.88
V3,BH,2022-04-12,56728.64
V3,BH,2022-04-13,58247.33
V3,BH,2022-04-14,56540.99
V3,BH,2022-04-15,57403.81
V3,BH,2022-04-16,57158.65
V3,BH,2022-04-17,56166.92
V3,BH,2022-04-18,57756.61
V3,BH,2022-04-19,58736.25
V3,BH,2022-04-20,58545.16
V3,BH,2022-04-21,57302.04
V3,BH,2022-04-22,56210.88
V3,BH,2022-04-23,55832.11
V3,BH,2022-04-24,55844.18
V3,BH,2022-04-25,57225.70
V3,BH,2022-04-26,53950.89
V3,BH,2022-04-27,55540.67
V3,BH,2022-04-28,56257.44
V3,BH,2022-04-29,54635.26
V3,BH,2022-04-30,53268.81
V3,BH,2022-05-01,54454.41
V3,BH,2022-05-02,54534.83
V3,BH,2022-05-03,53407.74
V3,BH,2022-05-04,56183.73
V3,BH,2022-05-05,51743.07
V3,BH,2022-05-06,50979.80
V3,BH,2022-05-07,50213.44
V3,BH,2022-05-08,48183.53
V3,BH,2022-05-09,42574.94
V3,BH,2022-05-10,43906.69
V3,BH,2022-05-11,41198.49
V3,BH,2022-05-12,41093.47
V3,BH,2022-05-13,41457.69
V3,BH,2022-05-14,42589.71
V3,BH,2022-05-15,44348.05
V3,BH,2022-05-16,42288.57
V3,BH,2022-05-17,43096.75
V3,BH,2022-05-18,40648.37
V3,BH,2022-05-19,42918.81
V3,BH,2022-05-20,41335.90
V3,BH,2022-05-21,41681.37
V3,BH,2022-05-22,42883.01
V3,BH,2022-05-23,41205.86
V3,BH,2022-05-24,41977.96
V3,BH,2022-05-25,41818.80
V3,BH,2022-05-26,41336.38
V3,BH,2022-05-27,40527.31
V3,BH,2022-05-28,41095.71
V3,BH,2022-05-29,41713.98
V3,BH,2022-05-30,44921.82
V3,BH,2022-05-31,45016.41
V3,BH,2022-06-01,42192.06
V3,BH,2022-06-02,43107.63
V3,BH,2022-06-03,42042.55
V3,BH,2022-06-04,42274.46
V3,BH,2022-06-05,42352.56
V3,BH,2022-06-06,44410.63
V3,BH,2022-06-07,44059.90
V3,BH,2022-06-08,42756.78
V3,BH,2022-06-09,42622.53
V3,BH,2022-06-10,41181.42
V3,BH,2022-06-11,40236.98
V3,BH,2022-06-12,37617.95
V3,BH,2022-06-13,31832.37
V3,BH,2022-06-14,31335.50
V3,BH,2022-06-15,31968.70
V3,BH,2022-06-16,28879.36
V3,BH,2022-06-17,28974.91
V3,BH,2022-06-18,26854.37
V3,BH,2022-06-19,29123.81
V3,BH,2022-06-20,29123.66
V3,BH,2022-06-21,29335.47
V3,BH,2022-06-22,28294.28
V3,BH,2022-06-23,29882.74
V3,BH,2022-06-24,30063.31
V3,BH,2022-06-25,30422.15
V3,BH,2022-06-26,29780.73
V3,BH,2022-06-27,29362.42
V3,BH,2022-06-28,28709.46
V3,BH,2022-06-29,28485.41
V3,BH,2022-06-30,28229.47
V3,BH,2022-07-01,27291.79
V3,BH,2022-07-02,27253.58
V3,BH,2022-07-03,27342.79
V3,BH,2022-07-04,28646.36
V3,BH,2022-07-05,28560.18
V3,BH,2022-07-06,29110.38
V3,BH,2022-07-07,30611.54
V3,BH,2022-07-08,30568.75
V3,BH,2022-07-09,30564.62
V3,BH,2022-07-10,29532.16
V3,BH,2022-07-11,28259.77
V3,BH,2022-07-12,27361.08
V3,BH,2022-07-13,28643.75
V3,BH,2022-07-14,29144.82
V3,BH,2022-07-15,29486.25
V3,BH,2022-07-16,30003.73
V3,BH,2022-07-17,29441.13
V3,BH,2022-07-18,31754.75
V3,BH,2022-07-19,33119.41
V3,BH,2022-07-20,32874.07
V3,BH,2022-07-21,32773.41
V3,BH,2022-07-22,32111.83
V3,BH,2022-07-23,31780.93
V3,BH,2022-07-24,31962.98
V3,BH,2022-07-25,30166.94
V3,BH,2022-07-26,30087.35
V3,BH,2022-07-27,32490.66
V3,BH,2022-07-28,33751.19
V3,BH,2022-07-29,33653.26
V3,BH,2022-07-30,33468.90
V3,BH,2022-07-31,32973.18
V3,BH,2022-08-01,32937.36
V3,BH,2022-08-02,32540.69
V3,BH,2022-08-03,32300.86
V3,BH,2022-08-04,32024.28
V3,BH,2022-08-05,33000.22
V3,BH,2022-08-06,32493.15
V3,BH,2022-08-07,32804.83
V3,BH,2022-08-08,33704.58
V3,BH,2022-08-09,32770.24
V3,BH,2022-08-10,33908.49
V3,BH,2022-08-11,33880.66
V3,BH,2022-08-12,34544.97
V3,BH,2022-08-13,34598.34
V3,BH,2022-08-14,34405.62
V3,BH,2022-08-15,34107.76
V3,BH,2022-08-16,33767.91
V3,BH,2022-08-17,33043.03
V3,BH,2022-08-18,32828.63
V3,BH,2022-08-19,29492.41
V3,BH,2022-08-20,29925.12
V3,BH,2022-08-21,30456.72
V3,BH,2022-08-22,30292.83
V3,BH,2022-08-23,30475.85
V3,BH,2022-08-24,30247.88
V3,BH,2022-08-25,30518.20
V3,BH,2022-08-26,28652.50
V3,BH,2022-08-27,28364.50
V3,BH,2022-08-28,27682.22
V3,BH,2022-08-29,28715.75
V3,BH,2022-08-30,28044.67
V3,BH,2022-08-31,28382.09
V3,BH,2022-09-01,28497.37
V3,BH,2022-09-02,28243.13
V3,BH,2022-09-03,28073.32
V3,BH,2022-09-04,28311.70
V3,BH,2022-09-05,28023.69
V3,BH,2022-09-06,26599.31
V3,BH,2022-09-07,27310.25
V3,BH,2022-09-08,27348.37
V3,BH,2022-09-09,30236.60
V3,BH,2022-09-10,30644.61
V3,BH,2022-09-11,30897.33
V3,BH,2022-09-12,31702.60
V3,BH,2022-09-13,28556.98
V3,BH,2022-09-14,28632.20
V3,BH,2022-09-15,27889.27
V3,BH,2022-09-16,28032.84
V3,BH,2022-09-17,28472.12
V3,BH,2022-09-18,27484.85
V3,BH,2022-09-19,27655.90
V3,BH,2022-09-20,26718.77
V3,BH,2022-09-21,26133.24
V3,BH,2022-09-22,27464.25
V3,BH,2022-09-23,27306.10
V3,BH,2022-09-24,26783.18
V3,BH,2022-09-25,26623.05
V3,BH,2022-09-26,27218.21
V3,BH,2022-09-27,27007.73
V3,BH,2022-09-28,27480.09
V3,BH,2022-09-29,27733.04
V3,BH,2022-09-30,27493.95
V3,BH,2022-10-01,27335.89
V3,BH,2022-10-02,26976.12
V3,BH,2022-10-03,27786.22
V3,BH,2022-10-04,28789.49
V3,BH,2022-10-05,28535.31
V3,BH,2022-10-06,28255.61
V3,BH,2022-10-07,27646.09
V3,BH,2022-10-08,27487.36
V3,BH,2022-10-09,27517.18
V3,BH,2022-10-10,27082.39
V3,BH,2022-10-11,26980.65
V3,BH,2022-10-12,27115.88
V3,BH,2022-10-13,27426.74
V3,BH,2022-10-14,27146.17
V3,BH,2022-10-15,26993.94
V3,BH,2022-10-16,27267.98
V3,BH,2022-10-17,27674.08
V3,BH,2022-10-18,27359.23
V3,BH,2022-10-19,27071.20
V3,BH,2022-10-20,26955.06
V3,BH,2022-10-21,27128.39
V3,BH,2022-10-22,27184.99
V3,BH,2022-10-23,27703.15
V3,BH,2022-10-24,27362.46
V3,BH,2022-10-25,28424.62
V3,BH,2022-10-26,29403.51
V3,BH,2022-10-27,28729.03
V3,BH,2022-10-28,29149.07
V3,BH,2022-10-29,29457.42
V3,BH,2022-10-30,29199.52
V3,BH,2022-10-31,29005.95
V3,BH,2022-11-01,28995.87
V3,BH,2022-11-02,28526.22
V3,BH,2022-11-03,28605.46
V3,BH,2022-11-04,29937.08
V3,BH,2022-11-05,30150.62
V3,BH,2022-11-06,29593.19
V3,BH,2022-11-07,29148.06
V3,BH,2022-11-08,26254.79
V3,BH,2022-11-09,22539.76
V3,BH,2022-11-10,24915.55
V3,BH,2022-11-11,24164.12
V3,BH,2022-11-12,23798.57
V3,BH,2022-11-13,23115.95
V3,BH,2022-11-14,23525.91
V3,BH,2022-11-15,23923.84
V3,BH,2022-11-16,23587.20
V3,BH,2022-11-17,23629.39
V3,BH,2022-11-18,23640.56
V3,BH,2022-11-19,23640.88
V3,BH,2022-11-20,23045.71
V3,BH,2022-11-21,22339.43
V3,BH,2022-11-22,22970.27
V3,BH,2022-11-23,23502.76
V3,BH,2022-11-24,23496.88
V3,BH,2022-11-25,23388.15
V3,BH,2022-11-26,23298.16
V3,BH,2022-11-27,23255.99
V3,BH,2022-11-28,22950.41
V3,BH,2022-11-29,23275.45
V3,BH,2022-11-30,24296.23
V3,BH,2022-12-01,24032.55
V3,BH,2022-12-02,24195.87
V3,BH,2022-12-03,23902.08
V3,BH,2022-12-04,24214.21
V3,BH,2022-12-05,24016.95
V3,BH,2022-12-06,24190.52
V3,BH,2022-12-07,23833.34
V3,BH,2022-12-08,24381.82
V3,BH,2022-12-09,24246.57
V3,BH,2022-12-10,24245.06
V3,BH,2022-12-11,24184.98
V3,BH,2022-12-12,24361.62
V3,BH,2022-12-13,25161.23
V3,BH,2022-12-14,25201.50
V3,BH,2022-12-15,24569.01
V3,BH,2022-12-16,23543.83
V3,BH,2022-12-17,23748.24
V3,BH,2022-12-18,23694.01
V3,BH,2022-12-19,23270.29
V3,BH,2022-12-20,23916.75
V3,BH,2022-12-21,23816.40
V3,BH,2022-12-22,23811.81
V3,BH,2022-12-23,23751.04
V3,BH,2022-12-24,23832.61
V3,BH,2022-12-25,23826.93
V3,BH,2022-12-26,23950.48
V3,BH,2022-12-27,23648.92
V3,BH,2022-12-28,23423.78
V3,BH,2022-12-29,23545.74
V3,BH,2022-12-30,23508.95
V3,BH,2022-12-31,23416.83
V3,BH,2023-01-01,23522.07
V3,BH,2023-01-02,23601.51
V3,BH,2023-01-03,23604.78
V3,BH,2023-01-04,23852.76
V3,BH,2023-01-05,23826.56
V3,BH,2023-01-06,23994.73
V3,BH,2023-01-07,23984.71
V3,BH,2023-01-08,24245.54
V3,BH,2023-01-09,24316.93
V3,BH,2023-01-10,24688.37
V3,BH,2023-01-11,25399.83
V3,BH,2023-01-12,26678.60
V3,BH,2023-01-13,28212.20
V3,BH,2023-01-14,29663.03
V3,BH,2023-01-15,29544.94
V3,BH,2023-01-16,29989.64
V3,BH,2023-01-17,29917.68
V3,BH,2023-01-18,29270.28
V3,BH,2023-01-19,29828.18
V3,BH,2023-01-20,32086.89
V3,BH,2023-01-21,32251.57
V3,BH,2023-01-22,32144.46
V3,BH,2023-01-23,32439.70
V3,BH,2023-01-24,32038.30
V3,BH,2023-01-25,32644.24
V3,BH,2023-01-26,32571.63
V3,BH,2023-01-27,32662.95
V3,BH,2023-01-28,32589.96
V3,BH,2023-01-29,33608.74
V3,BH,2023-01-30,32311.88
V3,BH,2023-01-31,32735.10
V3,BH,2023-02-01,33595.10
V3,BH,2023-02-02,33250.10
V3,BH,2023-02-03,33169.35
V3,BH,2023-02-04,33020.63
V3,BH,2023-02-05,32463.00
V3,BH,2023-02-06,32221.80
V3,BH,2023-02-07,32898.36
V3,BH,2023-02-08,32505.60
V3,BH,2023-02-09,30854.13
V3,BH,2023-02-10,30611.84
V3,BH,2023-02-11,30947.84
V3,BH,2023-02-12,30835.99
V3,BH,2023-02-13,30822.45
V3,BH,2023-02-14,31425.29
V3,BH,2023-02-15,34432.25
V3,BH,2023-02-16,33290.84
V3,BH,2023-02-17,34780.36
V3,BH,2023-02-18,34868.10
V3,BH,2023-02-19,34358.23
V3,BH,2023-02-20,35165.72
V3,BH,2023-02-21,34613.60
V3,BH,2023-02-22,34231.47
V3,BH,2023-02-23,33888.88
V3,BH,2023-02-24,32820.26
V3,BH,2023-02-25,32780.31
V3,BH,2023-02-26,33343.40
V3,BH,2023-02-27,33254.56
V3,BH,2023-02-28,32758.37
V3,BH,2023-03-01,33448.32
V3,BH,2023-03-02,33216.66
V3,BH,2023-03-03,31644.00
V3,BH,2023-03-04,31633.00
V3,BH,2023-03-05,31751.44
V3,BH,2023-03-06,31722.79
V3,BH,2023-03-07,31422.63
V3,BH,2023-03-08,30725.44
V3,BH,2023-03-09,28824.03
V3,BH,2023-03-10,28524.59
V3,BH,2023-03-11,28956.39
V3,BH,2023-03-12,31138.32
V3,BH,2023-03-13,34134.17
V3,BH,2023-03-14,34922.54
V3,BH,2023-03-15,34377.91
V3,BH,2023-03-16,35387.37
V3,BH,2023-03-17,38779.56
V3,BH,2023-03-18,38089.27
V3,BH,2023-03-19,39597.39
V3,BH,2023-03-20,39235.20
V3,BH,2023-03-21,39785.09
V3,BH,2023-03-22,38575.49
V3,BH,2023-03-23,40053.96
V3,BH,2023-03-24,38863.56
V3,BH,2023-03-25,38875.56
V3,BH,2023-03-26,39590.56
V3,BH,2023-03-27,38397.05
V3,BH,2023-03-28,38589.79
V3,BH,2023-03-29,40129.26
V3,BH,2023-03-30,39676.18
V3,BH,2023-03-31,40294.54
V3,BH,2023-04-01,40276.66
V3,BH,2023-04-02,39879.08
V3,BH,2023-04-03,39352.68
V3,BH,2023-04-04,39870.02
V3,BH,2023-04-05,39876.45
V3,BH,2023-04-06,39683.67
V3,BH,2023-04-07,39503.20
V3,BH,2023-04-08,39548.56
V3,BH,2023-04-09,40094.09
V3,BH,2023-04-10,41953.55
V3,BH,2023-04-11,42750.63
V3,BH,2023-04-12,42308.48
V3,BH,2023-04-13,42996.11
V3,BH,2023-04-14,43127.89
V3,BH,2023-04-15,42884.64
V3,BH,2023-04-16,42898.17
V3,BH,2023-04-17,41660.43
V3,BH,2023-04-18,43004.85
V3,BH,2023-04-19,40764.14
V3,BH,2023-04-20,39980.69
V3,BH,2023-04-21,38592.29
V3,BH,2023-04-22,39376.53
V3,BH,2023-04-23,39056.26
V3,BH,2023-04-24,38943.48
V3,BH,2023-04-25,40061.58
V3,BH,2023-04-26,40223.66
V3,BH,2023-04-27,41720.59
V3,BH,2023-04-28,41492.59
V3,BH,2023-04-29,41377.57
V3,BH,2023-04-30,41381.48
V3,BH,2023-05-01,39732.42
V3,BH,2023-05-02,40584.02
V3,BH,2023-05-03,41088.39
V3,BH,2023-05-04,40822.26
V3,BH,2023-05-05,41767.08
V3,BH,2023-05-06,40836.47
V3,BH,2023-05-07,40244.63
V3,BH,2023-05-08,39166.94
V3,BH,2023-05-09,39109.58
V3,BH,2023-05-10,39067.80
V3,BH,2023-05-11,38175.81
V3,BH,2023-05-12,37930.05
V3,BH,2023-05-13,37902.12
V3,BH,2023-05-14,38103.61
V3,BH,2023-05-15,38449.75
V3,BH,2023-05-16,38268.13
V3,BH,2023-05-17,38794.39
V3,BH,2023-05-18,37967.24
V3,BH,2023-05-19,38050.73
V3,BH,2023-05-20,38365.22
V3,BH,2023-05-21,37863.19
V3,BH,2023-05-22,38006.86
V3,BH,2023-05-23,38531.10
V3,BH,2023-05-24,37270.40
V3,BH,2023-05-25,37475.34
V3,BH,2023-05-26,37803.94
V3,BH,2023-05-27,38013.94
V3,BH,2023-05-28,39727.80
V3,BH,2023-05-29,39262.65
V3,BH,2023-05-30,39203.20
V3,BH,2023-05-31,38517.99
V3,BH,2023-06-01,37962.50
V3,BH,2023-06-02,38563.63
V3,BH,2023-06-03,38318.21
V3,BH,2023-06-04,38383.31
V3,BH,2023-06-05,36419.91
V3,BH,2023-06-06,38545.92
V3,BH,2023-06-07,37285.02
V3,BH,2023-06-08,37510.48
V3,BH,2023-06-09,37481.03
V3,BH,2023-06-10,36579.89
V3,BH,2023-06-11,36699.27
V3,BH,2023-06-12,36670.45
V3,BH,2023-06-13,36711.59
V3,BH,2023-06-14,35571.14
V3,BH,2023-06-15,36236.30
V3,BH,2023-06-16,37293.03
V3,BH,2023-06-17,37536.50
V3,BH,2023-06-18,37285.91
V3,BH,2023-06-19,37999.89
V3,BH,2023-06-20,40071.77
V3,BH,2023-06-21,42458.27
V3,BH,2023-06-22,42304.02
V3,BH,2023-06-23,43441.54
V3,BH,2023-06-24,43213.53
V3,BH,2023-06-25,43121.84
V3,BH,2023-06-26,42846.28
V3,BH,2023-06-27,43447.11
V3,BH,2023-06-28,42576.50
V3,BH,2023-06-29,43100.12
V3,BH,2023-06-30,43135.07
V3,BH,2023-07-01,43296.30
V3,BH,2023-07-02,43340.36
V3,BH,2023-07-03,44103.59
V3,BH,2023-07-04,43551.96
V3,BH,2023-07-05,43181.51
V3,BH,2023-07-06,42318.89
V3,BH,2023-07-07,42954.86
V3,BH,2023-07-08,42869.83
V3,BH,2023-07-09,42694.41
V3,BH,2023-07-10,43049.52
V3,BH,2023-07-11,43347.54
V3,BH,2023-07-12,43004.83
V3,BH,2023-07-13,44525.48
V3,BH,2023-07-14,42908.59
V3,BH,2023-07-15,42876.75
V3,BH,2023-07-16,42795.32
V3,BH,2023-07-17,42662.27
V3,BH,2023-07-18,42267.51
V3,BH,2023-07-19,42338.40
V3,BH,2023-07-20,42183.81
V3,BH,2023-07-21,42327.80
V3,BH,2023-07-22,42175.31
V3,BH,2023-07-23,42585.47
V3,BH,2023-07-24,41301.20
V3,BH,2023-07-25,41375.39
V3,BH,2023-07-26,41549.58
V3,BH,2023-07-27,41366.71
V3,BH,2023-07-28,41496.04
V3,BH,2023-07-29,41550.91
V3,BH,2023-07-30,41449.26
V3,BH,2023-07-31,41380.12
V3,BH,2023-08-01,42050.73
V3,BH,2023-08-02,41314.66
V3,BH,2023-08-03,41325.47
V3,BH,2023-08-04,41212.72
V3,BH,2023-08-05,41153.46
V3,BH,2023-08-06,41176.52
V3,BH,2023-08-07,41350.12
V3,BH,2023-08-08,42141.93
V3,BH,2023-08-09,41875.20
V3,BH,2023-08-10,41696.50
V3,BH,2023-08-11,41654.43
V3,BH,2023-08-12,41660.29
V3,BH,2023-08-13,41481.46
V3,BH,2023-08-14,41661.36
V3,BH,2023-08-15,41334.47
V3,BH,2023-08-16,40669.88
V3,BH,2023-08-17,37687.14
V3,BH,2023-08-18,36881.10
V3,BH,2023-08-19,36946.23
V3,BH,2023-08-20,37073.61
V3,BH,2023-08-21,36984.33
V3,BH,2023-08-22,36883.94
V3,BH,2023-08-23,37417.21
V3,BH,2023-08-24,37059.54
V3,BH,2023-08-25,36889.61
V3,BH,2023-08-26,36829.25
V3,BH,2023-08-27,36948.73
V3,BH,2023-08-28,36974.53
V3,BH,2023-08-29,39234.25
V3,BH,2023-08-30,38644.88
V3,BH,2023-08-31,36720.83
V3,BH,2023-09-01,36528.70
V3,BH,2023-09-02,36619.95
V3,BH,2023-09-03,36763.91
V3,BH,2023-09-04,36558.38
V3,BH,2023-09-05,36510.37
V3,BH,2023-09-06,36464.86
V3,BH,2023-09-07,37165.63
V3,BH,2023-09-08,36677.97
V3,BH,2023-09-09,36665.39
V3,BH,2023-09-10,36580.45
V3,BH,2023-09-11,35619.16
V3,BH,2023-09-12,36578.31
V3,BH,2023-09-13,37118.92
V3,BH,2023-09-14,37544.62
V3,BH,2023-09-15,37654.00
V3,BH,2023-09-16,37596.91
V3,BH,2023-09-17,37551.39
V3,BH,2023-09-18,37884.05
V3,BH,2023-09-19,38517.86
V3,BH,2023-09-20,38397.17
V3,BH,2023-09-21,37608.82
V3,BH,2023-09-22,37625.89
V3,BH,2023-09-23,37619.97
V3,BH,2023-09-24,37156.26
V3,BH,2023-09-25,37236.14
V3,BH,2023-09-26,37118.45
V3,BH,2023-09-27,37332.65
V3,BH,2023-09-28,38250.51
V3,BH,2023-09-29,38088.52
V3,BH,2023-09-30,38167.23
V3,BH,2023-10-01,39625.27
V3,BH,2023-10-02,38920.24
V3,BH,2023-10-03,38823.91
V3,BH,2023-10-04,39322.34
V3,BH,2023-10-05,38801.16
V3,BH,2023-10-06,39538.24
V3,BH,2023-10-07,39574.46
V3,BH,2023-10-08,39518.37
V3,BH,2023-10-09,39055.58
V3,BH,2023-10-10,38772.47
V3,BH,2023-10-11,38044.02
V3,BH,2023-10-12,37879.97
V3,BH,2023-10-13,38024.88
V3,BH,2023-10-14,38011.40
V3,BH,2023-10-15,38438.44
V3,BH,2023-10-16,40344.68
V3,BH,2023-10-17,40196.23
V3,BH,2023-10-18,40088.77
V3,BH,2023-10-19,40646.09
V3,BH,2023-10-20,41998.42
V3,BH,2023-10-21,42339.24
V3,BH,2023-10-22,42456.25
V3,BH,2023-10-23,46812.69
V3,BH,2023-10-24,48019.79
V3,BH,2023-10-25,48831.37
V3,BH,2023-10-26,48343.86
V3,BH,2023-10-27,47976.32
V3,BH,2023-10-28,48243.84
V3,BH,2023-10-29,48873.61
V3,BH,2023-10-30,48801.19
V3,BH,2023-10-31,49034.81
V3,BH,2023-11-01,50141.30
V3,BH,2023-11-02,49462.06
V3,BH,2023-11-03,49143.82
V3,BH,2023-11-04,49632.60
V3,BH,2023-11-05,49561.56
V3,BH,2023-11-06,49609.98
V3,BH,2023-11-07,50109.72
V3,BH,2023-11-08,50429.07
V3,BH,2023-11-09,51952.74
V3,BH,2023-11-10,52802.84
V3,BH,2023-11-11,52559.89
V3,BH,2023-11-12,52466.65
V3,BH,2023-11-13,51615.61
V3,BH,2023-11-14,50324.98
V3,BH,2023-11-15,53590.70
V3,BH,2023-11-16,51191.76
V3,BH,2023-11-17,51829.35
V3,BH,2023-11-18,51764.49
V3,BH,2023-11-19,52885.27
V3,BH,2023-11-20,53011.14
V3,BH,2023-11-21,50594.59
V3,BH,2023-11-22,52953.90
V3,BH,2023-11-23,52792.44
V3,BH,2023-11-24,53385.97
V3,BH,2023-11-25,53480.96
V3,BH,2023-11-26,53009.23
V3,BH,2023-11-27,52719.42
V3,BH,2023-11-28,53535.03
V3,BH,2023-11-29,53585.66
V3,BH,2023-11-30,53400.68
V3,BH,2023-12-01,54757.58
V3,BH,2023-12-02,55844.49
V3,BH,2023-12-03,56583.29
V3,BH,2023-12-04,59441.09
V3,BH,2023-12-05,62388.60
V3,BH,2023-12-06,61948.89
V3,BH,2023-12-07,61255.90
V3,BH,2023-12-08,62526.86
V3,BH,2023-12-09,61879.40
V3,BH,2023-12-10,61986.85
V3,BH,2023-12-11,58396.83
V3,BH,2023-12-12,58735.13
V3,BH,2023-12-13,60683.85
V3,BH,2023-12-14,60900.76
V3,BH,2023-12-15,59369.18
V3,BH,2023-12-16,59847.26
V3,BH,2023-12-17,58568.46
V3,BH,2023-12-18,60384.85
V3,BH,2023-12-19,59844.37
V3,BH,2023-12-20,61816.16
V3,BH,2023-12-21,62089.18
V3,BH,2023-12-22,62240.99
V3,BH,2023-12-23,61863.20
V3,BH,2023-12-24,60857.22
V3,BH,2023-12-25,61684.80
V3,BH,2023-12-26,60174.11
V3,BH,2023-12-27,61476.32
V3,BH,2023-12-28,60251.73
V3,BH,2023-12-29,59548.46
V3,BH,2023-12-30,59652.26
V3,BH,2023-12-31,59855.11
V3,BH,2024-01-01,62538.98
V3,BH,2024-01-02,63625.23
V3,BH,2024-01-03,60650.16
V3,BH,2024-01-04,62498.71
V3,BH,2024-01-05,62490.23
V3,BH,2024-01-06,62239.97
V3,BH,2024-01-07,62184.34
V3,BH,2024-01-08,66462.20
V3,BH,2024-01-09,65271.66
V3,BH,2024-01-10,66041.71
V3,BH,2024-01-11,65596.05
V3,BH,2024-01-12,60561.69
V3,BH,2024-01-13,60654.07
V3,BH,2024-01-14,59074.81
V3,BH,2024-01-15,60177.18
V3,BH,2024-01-16,61064.53
V3,BH,2024-01-17,60552.31
V3,BH,2024-01-18,58501.72
V3,BH,2024-01-19,58971.02
V3,BH,2024-01-20,59023.41
V3,BH,2024-01-21,58859.62
V3,BH,2024-01-22,56011.06
V3,BH,2024-01-23,56477.61
V3,BH,2024-01-24,56742.71
V3,BH,2024-01-25,56567.48
V3,BH,2024-01-26,59203.85
V3,BH,2024-01-27,59624.45
V3,BH,2024-01-28,59497.65
V3,BH,2024-01-29,61297.74
V3,BH,2024-01-30,60785.87
V3,BH,2024-01-31,60274.71
V3,BH,2024-02-01,60986.66
V3,BH,2024-02-02,61152.36
V3,BH,2024-02-03,60884.95
V3,BH,2024-02-04,60278.79
V3,BH,2024-02-05,60456.90
V3,BH,2024-02-06,61009.32
V3,BH,2024-02-07,62779.70
V3,BH,2024-02-08,64108.98
V3,BH,2024-02-09,66719.45
V3,BH,2024-02-10,67594.72
V3,BH,2024-02-11,68371.73
V3,BH,2024-02-12,70661.09
V3,BH,2024-02-13,70352.95
V3,BH,2024-02-14,73319.38
V3,BH,2024-02-15,73439.46
V3,BH,2024-02-16,73785.01
V3,BH,2024-02-17,73103.46
V3,BH,2024-02-18,73804.21
V3,BH,2024-02-19,73290.44
V3,BH,2024-02-20,73975.70
V3,BH,2024-02-21,73396.13
V3,BH,2024-02-22,72602.04
V3,BH,2024-02-23,71831.59
V3,BH,2024-02-24,72998.11
V3,BH,2024-02-25,73225.50
V3,BH,2024-02-26,77114.93
V3,BH,2024-02-27,80740.00
V3,BH,2024-02-28,88376.63
V3,BH,2024-02-29,86534.81
V3,BH,2024-03-01,88314.06
V3,BH,2024-03-02,87746.96
V3,BH,2024-03-03,89341.86
V3,BH,2024-03-04,96606.17
V3,BH,2024-03-05,90205.41
V3,BH,2024-03-06,93532.03
V3,BH,2024-03-07,94592.47
V3,BH,2024-03-08,96434.15
V3,BH,2024-03-09,96701.80
V3,BH,2024-03-10,97611.46
V3,BH,2024-03-11,102031.16
V3,BH,2024-03-12,101144.89
V3,BH,2024-03-13,103438.67
V3,BH,2024-03-14,101055.61
V3,BH,2024-03-15,98381.48
V3,BH,2024-03-16,92437.22
V3,BH,2024-03-17,96815.35
V3,BH,2024-03-18,95706.27
V3,BH,2024-03-19,87676.35
V3,BH,2024-03-20,96032.58
V3,BH,2024-03-21,92721.24
V3,BH,2024-03-22,90308.23
V3,BH,2024-03-23,90581.95
V3,BH,2024-03-24,95140.04
V3,BH,2024-03-25,98919.63
V3,BH,2024-03-26,99072.49
V3,BH,2024-03-27,98339.22
V3,BH,2024-03-28,100194.47
V3,BH,2024-03-29,98877.91
V3,BH,2024-03-30,98498.03
V3,BH,2024-03-31,100901.41
V3,BH,2024-04-01,98593.75
V3,BH,2024-04-02,92668.47
V3,BH,2024-04-03,93375.24
V3,BH,2024-04-04,96948.85
V3,BH,2024-04-05,96004.43
V3,BH,2024-04-06,97526.70
V3,BH,2024-04-07,98184.07
V3,BH,2024-04-08,101382.69
V3,BH,2024-04-09,97880.59
V3,BH,2024-04-10,99982.81
V3,BH,2024-04-11,99098.30
V3,BH,2024-04-12,95007.73
V3,BH,2024-04-13,90489.23
V3,BH,2024-04-14,92948.54
V3,BH,2024-04-15,89775.05
V3,BH,2024-04-16,90303.63
V3,BH,2024-04-17,86742.04
V3,BH,2024-04-18,89845.96
V3,BH,2024-04-19,90338.48
V3,BH,2024-04-20,91927.56
V3,BH,2024-04-21,91928.35
V3,BH,2024-04-22,94587.02
V3,BH,2024-04-23,94013.27
V3,BH,2024-04-24,91006.03
V3,BH,2024-04-25,91301.53
V3,BH,2024-04-26,90270.53
V3,BH,2024-04-27,89834.49
V3,BH,2024-04-28,89348.44
V3,BH,2024-04-29,90406.41
V3,BH,2024-04-30,85885.10
V3,BH,2024-05-01,82619.35
V3,BH,2024-05-02,83604.07
V3,BH,2024-05-03,89013.51
V3,BH,2024-05-04,90443.27
V3,BH,2024-05-05,90613.08
V3,BH,2024-05-06,89414.37
V3,BH,2024-05-07,88206.74
V3,BH,2024-05-08,86622.65
V3,BH,2024-05-09,89285.30
V3,BH,2024-05-10,86066.28
V3,BH,2024-05-11,86103.08
V3,BH,2024-05-12,87034.52
V3,BH,2024-05-13,89095.71
V3,BH,2024-05-14,87166.88
V3,BH,2024-05-15,93719.54
V3,BH,2024-05-16,92344.61
V3,BH,2024-05-17,94876.76
V3,BH,2024-05-18,94722.75
V3,BH,2024-05-19,93815.10
V3,BH,2024-05-20,101137.26
V3,BH,2024-05-21,99299.46
V3,BH,2024-05-22,97909.78
V3,BH,2024-05-23,96215.39
V3,BH,2024-05-24,97036.90
V3,BH,2024-05-25,98085.24
V3,BH,2024-05-26,96976.99
V3,BH,2024-05-27,98291.71
V3,BH,2024-05-28,96822.30
V3,BH,2024-05-29,95766.33
V3,BH,2024-05-30,96756.87
V3,BH,2024-05-31,95607.21
V3,BH,2024-06-01,95928.31
V3,BH,2024-06-02,95926.58
V3,BH,2024-06-03,97404.82
V3,BH,2024-06-04,99850.83
V3,BH,2024-06-05,100657.92
V3,BH,2024-06-06,100220.60
V3,BH,2024-06-07,98177.29
V3,BH,2024-06-08,98113.39
V3,BH,2024-06-09,98591.40
V3,BH,2024-06-10,98438.32
V3,BH,2024-06-11,95287.61
V3,BH,2024-06-12,96632.05
V3,BH,2024-06-13,94521.47
V3,BH,2024-06-14,93489.49
V3,BH,2024-06-15,93750.33
V3,BH,2024-06-16,94385.38
V3,BH,2024-06-17,94141.13
V3,BH,2024-06-18,92259.84
V3,BH,2024-06-19,91975.38
V3,BH,2024-06-20,91827.62
V3,BH,2024-06-21,90799.31
V3,BH,2024-06-22,90966.99
V3,BH,2024-06-23,89477.81
V3,BH,2024-06-24,85349.02
V3,BH,2024-06-25,87490.36
V3,BH,2024-06-26,86158.29
V3,BH,2024-06-27,87349.46
V3,BH,2024-06-28,85539.47
V3,BH,2024-06-29,86330.55
V3,BH,2024-06-30,88857.80
V3,BH,2024-07-01,89038.96
V3,BH,2024-07-02,87956.73
V3,BH,2024-07-03,85229.10
V3,BH,2024-07-04,80757.94
V3,BH,2024-07-05,80161.68
V3,BH,2024-07-06,82428.47
V3,BH,2024-07-07,79070.30
V3,BH,2024-07-08,80283.17
V3,BH,2024-07-09,82173.49
V3,BH,2024-07-10,81714.63
V3,BH,2024-07-11,81168.28
V3,BH,2024-07-12,81945.72
V3,BH,2024-07-13,83807.08
V3,BH,2024-07-14,86063.33
V3,BH,2024-07-15,91621.16
V3,BH,2024-07-16,92073.93
V3,BH,2024-07-17,90720.65
V3,BH,2024-07-18,90578.99
V3,BH,2024-07-19,94361.49
V3,BH,2024-07-20,95040.91
V3,BH,2024-07-21,96492.40
V3,BH,2024-07-22,95595.88
V3,BH,2024-07-23,93336.64
V3,BH,2024-07-24,92543.91
V3,BH,2024-07-25,93144.04
V3,BH,2024-07-26,96128.10
V3,BH,2024-07-27,96111.84
V3,BH,2024-07-28,96612.07
V3,BH,2024-07-29,94538.00
V3,BH,2024-07-30,93693.35
V3,BH,2024-07-31,91485.07
V3,BH,2024-08-01,92512.80
V3,BH,2024-08-02,87054.82
V3,BH,2024-08-03,85921.89
V3,BH,2024-08-04,82330.62
V3,BH,2024-08-05,76467.08
V3,BH,2024-08-06,79302.74
V3,BH,2024-08-07,78045.93
V3,BH,2024-08-08,87320.47
V3,BH,2024-08-09,86120.07
V3,BH,2024-08-10,86241.13
V3,BH,2024-08-11,83111.43
V3,BH,2024-08-12,84008.97
V3,BH,2024-08-13,85764.99
V3,BH,2024-08-14,83070.09
V3,BH,2024-08-15,81453.05
V3,BH,2024-08-16,83340.76
V3,BH,2024-08-17,84214.72
V3,BH,2024-08-18,82707.65
V3,BH,2024-08-19,84139.00
V3,BH,2024-08-20,83537.81
V3,BH,2024-08-21,86570.27
V3,BH,2024-08-22,85465.86
V3,BH,2024-08-23,90648.81
V3,BH,2024-08-24,90818.35
V3,BH,2024-08-25,90907.52
V3,BH,2024-08-26,88945.55
V3,BH,2024-08-27,84105.73
V3,BH,2024-08-28,83567.68
V3,BH,2024-08-29,84026.48
V3,BH,2024-08-30,83693.79
V3,BH,2024-08-31,83481.46
V3,BH,2024-09-01,81114.45
V3,BH,2024-09-02,83705.31
V3,BH,2024-09-03,81377.56
V3,BH,2024-09-04,82061.52
V3,BH,2024-09-05,79526.38
V3,BH,2024-09-06,76388.04
V3,BH,2024-09-07,76668.16
V3,BH,2024-09-08,77671.92
V3,BH,2024-09-09,80746.60
V3,BH,2024-09-10,81587.43
V3,BH,2024-09-11,81165.61
V3,BH,2024-09-12,82290.02
V3,BH,2024-09-13,85638.79
V3,BH,2024-09-14,84923.97
V3,BH,2024-09-15,83705.13
V3,BH,2024-09-16,82405.63
V3,BH,2024-09-17,85378.31
V3,BH,2024-09-18,87425.22
V3,BH,2024-09-19,89106.91
V3,BH,2024-09-20,89465.13
V3,BH,2024-09-21,89674.51
V3,BH,2024-09-22,89999.80
V3,BH,2024-09-23,89661.81
V3,BH,2024-09-24,90967.96
V3,BH,2024-09-25,89395.71
V3,BH,2024-09-26,92257.95
V3,BH,2024-09-27,93101.57
V3,BH,2024-09-28,93226.21
V3,BH,2024-09-29,92863.84
V3,BH,2024-09-30,89644.26
V3,BH,2024-10-01,86074.47
V3,BH,2024-10-02,85852.94
V3,BH,2024-10-03,85999.35
V3,BH,2024-10-04,87886.71
V3,BH,2024-10-05,87847.07
V3,BH,2024-10-06,88925.60
V3,BH,2024-10-07,88082.05
V3,BH,2024-10-08,87992.15
V3,BH,2024-10-09,85834.17
V3,BH,2024-10-10,85395.86
V3,BH,2024-10-11,88529.37
V3,BH,2024-10-12,89472.45
V3,BH,2024-10-13,88996.54
V3,BH,2024-10-14,93546.12
V3,BH,2024-10-15,94947.74
V3,BH,2024-10-16,95720.45
V3,BH,2024-10-17,95439.84
V3,BH,2024-10-18,96864.21
V3,BH,2024-10-19,96793.43
V3,BH,2024-10-20,97719.20
V3,BH,2024-10-21,95377.16
V3,BH,2024-10-22,95445.82
V3,BH,2024-10-23,94373.74
V3,BH,2024-10-24,96539.03
V3,BH,2024-10-25,94415.75
V3,BH,2024-10-26,94974.09
V3,BH,2024-10-27,96289.07
V3,BH,2024-10-28,99035.98
V3,BH,2024-10-29,102963.06
V3,BH,2024-10-30,102408.61
V3,BH,2024-10-31,99502.84
V3,BH,2024-11-01,98376.05
V3,BH,2024-11-02,98204.38
V3,BH,2024-11-03,97356.81
V3,BH,2024-11-04,96046.03
V3,BH,2024-11-05,98200.52
V3,BH,2024-11-06,106976.99
V3,BH,2024-11-07,107381.70
V3,BH,2024-11-08,108304.49
V3,BH,2024-11-09,108541.85
V3,BH,2024-11-10,113768.89
V3,BH,2024-11-11,125486.90
V3,BH,2024-11-12,124501.70
V3,BH,2024-11-13,127931.88
V3,BH,2024-11-14,123614.96
V3,BH,2024-11-15,128861.72
V3,BH,2024-11-16,128231.58
V3,BH,2024-11-17,127196.90
V3,BH,2024-11-18,128057.69
V3,BH,2024-11-19,130671.83
V3,BH,2024-11-20,133468.66
V3,BH,2024-11-21,139174.17
V3,BH,2024-11-22,139987.95
V3,BH,2024-11-23,138261.53
V3,BH,2024-11-24,138583.77
V3,BH,2024-11-25,131661.62
V3,BH,2024-11-26,130182.57
V3,BH,2024-11-27,135700.37
V3,BH,2024-11-28,135390.17
V3,BH,2024-11-29,137960.87
V3,BH,2024-11-30,136471.68
V3,BH,2024-12-01,137571.84
V3,BH,2024-12-02,135668.53
V3,BH,2024-12-03,135681.37
V3,BH,2024-12-04,139556.66
V3,BH,2024-12-05,137232.74
V3,BH,2024-12-06,141189.54
V3,BH,2024-12-07,141318.57
V3,BH,2024-12-08,143127.09
V3,BH,2024-12-09,137701.07
V3,BH,2024-12-10,136733.57
V3,BH,2024-12-11,143148.91
V3,BH,2024-12-12,141562.47
V3,BH,2024-12-13,143572.52
V3,BH,2024-12-14,143566.50
V3,BH,2024-12-15,147875.46
V3,BH,2024-12-16,150132.82
V3,BH,2024-12-17,150239.10
V3,BH,2024-12-18,141845.19
V3,BH,2024-12-19,137963.50
V3,BH,2024-12-20,138449.86
V3,BH,2024-12-21,137723.04
V3,BH,2024-12-22,134742.26
V3,BH,2024-12-23,134310.79
V3,BH,2024-12-24,139664.61
V3,BH,2024-12-25,140748.96
V3,BH,2024-12-26,135599.14
V3,BH,2024-12-27,133486.31
V3,BH,2024-12-28,134903.25
V3,BH,2024-12-29,132692.42
V3,BH,2024-12-30,131353.08
V3,BH,2024-12-31,132462.82
V3,BH,2025-01-01,133900.73
V3,BH,2025-01-02,137288.18
V3,BH,2025-01-03,138971.83
V3,BH,2025-01-04,139037.40
V3,BH,2025-01-05,139239.98
V3,BH,2025-01-06,144721.03
V3,BH,2025-01-07,137245.45
V3,BH,2025-01-08,134564.38
V3,BH,2025-01-09,131013.97
V3,BH,2025-01-10,134090.87
V3,BH,2025-01-11,133912.34
V3,BH,2025-01-12,133834.58
V3,BH,2025-01-13,133821.90
V3,BH,2025-01-14,136688.08
V3,BH,2025-01-15,142260.43
V3,BH,2025-01-16,141538.42
V3,BH,2025-01-17,147328.33
V3,BH,2025-01-18,148006.03
V3,BH,2025-01-19,143441.32
V3,BH,2025-01-20,144755.59
V3,BH,2025-01-21,150253.37
V3,BH,2025-01-22,146803.41
V3,BH,2025-01-23,147091.73
V3,BH,2025-01-24,148450.90
V3,BH,2025-01-25,148275.87
V3,BH,2025-01-26,145265.18
V3,BH,2025-01-27,144504.78
V3,BH,2025-01-28,143446.91
V3,BH,2025-01-29,146841.04
V3,BH,2025-01-30,148242.02
V3,BH,2025-01-31,144995.60
V3,BH,2025-02-01,142456.20
V3,BH,2025-02-02,138301.44
V3,BH,2025-02-03,143437.00
V3,BH,2025-02-04,138389.97
V3,BH,2025-02-05,136761.08
V3,BH,2025-02-06,136678.86
V3,BH,2025-02-07,136611.55
V3,BH,2025-02-08,136523.70
V3,BH,2025-02-09,136549.19
V3,BH,2025-02-10,137919.56
V3,BH,2025-02-11,135580.17
V3,BH,2025-02-12,138541.23
V3,BH,2025-02-13,136755.00
V3,BH,2025-02-14,138018.17
V3,BH,2025-02-15,138116.10
V3,BH,2025-02-16,136061.35
V3,BH,2025-02-17,135582.72
V3,BH,2025-02-18,135429.47
V3,BH,2025-02-19,136806.29
V3,BH,2025-02-20,139157.02
V3,BH,2025-02-21,136151.75
V3,BH,2025-02-22,136674.13
V3,BH,2025-02-23,136259.36
V3,BH,2025-02-24,129598.96
V3,BH,2025-02-25,125532.78
V3,BH,2025-02-26,119261.39
V3,BH,2025-02-27,119910.41
V3,BH,2025-02-28,119402.74
V3,BH,2025-03-01,121829.85
V3,BH,2025-03-02,133445.22
V3,BH,2025-03-03,122050.79
V3,BH,2025-03-04,123553.23
V3,BH,2025-03-05,128258.60
V3,BH,2025-03-06,127304.34
V3,BH,2025-03-07,122873.43
V3,BH,2025-03-08,122053.39
V3,BH,2025-03-09,114284.67
V3,BH,2025-03-10,111257.47
V3,BH,2025-03-11,117396.95
V3,BH,2025-03-12,118454.56
V3,BH,2025-03-13,114824.58
V3,BH,2025-03-14,118883.59
V3,BH,2025-03-15,119386.46
V3,BH,2025-03-16,116889.53
V3,BH,2025-03-17,118921.57
V3,BH,2025-03-18,117088.42
V3,BH,2025-03-19,122935.98
V3,BH,2025-03-20,119223.60
V3,BH,2025-03-21,119033.06
V3,BH,2025-03-22,118681.72
V3,BH,2025-03-23,121855.29
V3,BH,2025-03-24,123859.24
V3,BH,2025-03-25,123710.20
V3,BH,2025-03-26,123025.49
V3,BH,2025-03-27,123482.49
V3,BH,2025-03-28,119508.11
V3,BH,2025-03-29,116994.30
V3,BH,2025-03-30,116628.30
V3,BH,2025-03-31,116854.82
V3,BH,2025-04-01,120547.08
V3,BH,2025-04-02,116807.09
V3,BH,2025-04-03,117793.45
V3,BH,2025-04-04,118751.48
V3,BH,2025-04-05,118253.37
V3,BH,2025-04-06,111022.68
V3,BH,2025-04-07,112060.63
V3,BH,2025-04-08,108039.27
V3,BH,2025-04-09,116947.13
V3,BH,2025-04-10,112689.23
V3,BH,2025-04-11,118091.78
V3,BH,2025-04-12,120714.91
V3,BH,2025-04-13,118567.64
V3,BH,2025-04-14,119744.79
V3,BH,2025-04-15,118403.42
V3,BH,2025-04-16,118950.38
V3,BH,2025-04-17,120249.20
V3,BH,2025-04-18,119579.33
V3,BH,2025-04-19,120431.95
V3,BH,2025-04-20,120576.66
V3,BH,2025-04-21,123884.82
V3,BH,2025-04-22,132274.53
V3,BH,2025-04-23,132625.72
V3,BH,2025-04-24,133035.37
V3,BH,2025-04-25,133967.11
V3,BH,2025-04-26,133951.99
V3,BH,2025-04-27,132708.13
V3,BH,2025-04-28,134494.40
V3,BH,2025-04-29,133426.56
V3,BH,2025-04-30,133306.49
V3,BH,2025-05-01,136587.64
V3,BH,2025-05-02,137149.95
V3,BH,2025-05-03,135690.90
V3,BH,2025-05-04,133456.00
V3,BH,2025-05-05,134101.59
V3,BH,2025-05-06,137074.75
V3,BH,2025-05-07,137352.88
V3,BH,2025-05-08,146173.40
V3,BH,2025-05-09,145763.44
V3,BH,2025-05-10,148364.60
V3,BH,2025-05-11,147385.69
V3,BH,2025-05-12,145507.69
V3,BH,2025-05-13,147365.48
V3,BH,2025-05-14,146521.94
V3,BH,2025-05-15,146884.17
V3,BH,2025-05-16,146459.77
V3,BH,2025-05-17,145982.37
V3,BH,2025-05-18,150692.82
V3,BH,2025-05-19,149446.38
V3,BH,2025-05-20,151253.00
V3,BH,2025-05-21,155208.08
V3,BH,2025-05-22,158113.13
V3,BH,2025-05-23,151915.92
V3,BH,2025-05-24,152543.88
V3,BH,2025-05-25,154302.41
V3,BH,2025-05-26,154911.95
V3,BH,2025-05-27,154208.95
V3,BH,2025-05-28,152572.01
V3,BH,2025-05-29,149469.05
V3,BH,2025-05-30,147198.10
V3,BH,2025-05-31,148056.50
V3,BH,2025-06-01,149544.33
V3,BH,2025-06-02,149848.76
V3,BH,2025-06-03,149167.73
V3,BH,2025-06-04,148205.10
V3,BH,2025-06-05,143692.03
V3,BH,2025-06-06,147626.96
V3,BH,2025-06-07,149415.82
V3,BH,2025-06-08,149673.24
V3,BH,2025-06-09,156084.36
V3,BH,2025-06-10,156100.45
V3,BH,2025-06-11,153794.12
V3,BH,2025-06-12,149585.09
V3,BH,2025-06-13,150144.04
V3,BH,2025-06-14,149221.17
V3,BH,2025-06-15,149475.08
V3,BH,2025-06-16,151174.49
V3,BH,2025-06-17,147998.87
V3,BH,2025-06-18,148473.95
V3,BH,2025-06-19,148150.93
V3,BH,2025-06-20,146224.91
V3,BH,2025-06-21,144557.41
V3,BH,2025-06-22,142920.82
V3,BH,2025-06-23,149106.92
V3,BH,2025-06-24,150167.27
V3,BH,2025-06-25,151947.46
V3,BH,2025-06-26,151390.41
V3,BH,2025-06-27,151532.71
V3,BH,2025-06-28,151885.47
V3,BH,2025-06-29,153386.17
V3,BH,2025-06-30,151672.73
V3,BH,2025-07-01,149598.42
V3,BH,2025-07-02,154083.57
V3,BH,2025-07-03,155124.27
V3,BH,2025-07-04,152858.60
V3,BH,2025-07-05,153161.36
V3,BH,2025-07-06,154585.02
V3,BH,2025-07-07,153253.12
V3,BH,2025-07-08,154187.45
V3,BH,2025-07-09,157458.83
V3,BH,2025-07-10,164219.58
V3,BH,2025-07-11,166367.92
V3,BH,2025-07-12,166215.52
V3,BH,2025-07-13,168574.76
V3,BH,2025-07-14,169642.86
V3,BH,2025-07-15,166694.11
V3,BH,2025-07-16,167928.96
V3,BH,2025-07-17,168703.46
V3,BH,2025-07-18,166930.16
V3,BH,2025-07-19,166810.06
V3,BH,2025-07-20,165996.28
V3,BH,2025-07-21,166159.41
V3,BH,2025-07-22,169803.16
V3,BH,2025-07-23,168106.70
V3,BH,2025-07-24,167519.24
V3,BH,2025-07-25,166490.58
V3,BH,2025-07-26,166923.29
V3,BH,2025-07-27,169040.35
V3,BH,2025-07-28,167124.77
V3,BH,2025-07-29,166966.85
V3,BH,2025-07-30,166810.48
V3,BH,2025-07-31,163871.46
V3,BH,2025-08-01,160380.47
V3,BH,2025-08-02,159316.56
V3,BH,2025-08-03,161669.86
V3,BH,2025-08-04,162867.76
V3,BH,2025-08-05,161557.96
V3,BH,2025-08-06,162778.92
V3,BH,2025-08-07,166289.15
V3,BH,2025-08-08,165160.56
V3,BH,2025-08-09,164859.77
V3,BH,2025-08-10,168868.30
V3,BH,2025-08-11,168007.63
V3,BH,2025-08-12,170057.48
V3,BH,2025-08-13,174548.14
V3,BH,2025-08-14,167454.27
V3,BH,2025-08-15,166105.18
V3,BH,2025-08-16,166159.83
V3,BH,2025-08-17,166194.30
V3,BH,2025-08-18,164526.83
V3,BH,2025-08-19,159778.87
V3,BH,2025-08-20,161758.25
V3,BH,2025-08-21,159250.95
V3,BH,2025-08-22,165530.38
V3,BH,2025-08-23,163409.95
V3,BH,2025-08-24,160657.44
V3,BH,2025-08-25,155870.55
V3,BH,2025-08-26,158207.99
V3,BH,2025-08-27,157498.49
V3,BH,2025-08-28,159345.65
V3,BH,2025-08-29,153415.14
V3,BH,2025-08-30,154036.48
V3,BH,2025-08-31,153229.63
V3,BH,2025-09-01,154632.56
V3,BH,2025-09-02,157467.35
V3,BH,2025-09-03,158126.58
V3,BH,2025-09-04,156746.63
V3,BH,2025-09-05,156646.30
V3,BH,2025-09-06,155978.12
V3,BH,2025-09-07,157322.02
V3,BH,2025-09-08,158635.50
V3,BH,2025-09-09,157901.05
V3,BH,2025-09-10,161317.67
V3,BH,2025-09-11,163473.14
V3,BH,2025-09-12,164247.07
V3,BH,2025-09-13,164089.76
V3,BH,2025-09-14,163169.24
V3,BH,2025-09-15,163284.89
V3,BH,2025-09-16,165322.25
V3,BH,2025-09-17,164839.01
V3,BH,2025-09-18,165725.07
V3,BH,2025-09-19,163685.03
V3,BH,2025-09-20,163760.41
V3,BH,2025-09-21,163118.68
V3,BH,2025-09-22,159464.68
V3,BH,2025-09-23,158541.47
V3,BH,2025-09-24,160393.31
V3,BH,2025-09-25,154288.67
V3,BH,2025-09-26,155207.33
V3,BH,2025-09-27,155196.56
V3,BH,2025-09-28,158775.25
V3,BH,2025-09-29,161815.89
V3,BH,2025-09-30,161443.56
V3,BH,2025-10-01,167878.80
V3,BH,2025-10-02,170617.01
V3,BH,2025-10-03,173027.22
V3,BH,2025-10-04,173252.29
V3,BH,2025-10-05,174797.11
V3,BH,2025-10-06,176462.14
V3,BH,2025-10-07,171754.55
V3,BH,2025-10-08,174547.53
V3,BH,2025-10-09,172220.91
V3,BH,2025-10-10,159639.52
V3,BH,2025-10-11,156624.23
V3,BH,2025-10-12,162731.54
V3,BH,2025-10-13,163024.84
V3,BH,2025-10-14,159998.56
V3,BH,2025-10-15,156792.51
V3,BH,2025-10-16,153155.93
V3,BH,2025-10-17,150660.85
V3,BH,2025-10-18,151727.24
V3,BH,2025-10-19,153790.81
V3,BH,2025-10-20,156465.25
V3,BH,2025-10-21,153302.28
V3,BH,2025-10-22,152268.59
V3,BH,2025-10-23,155822.71
V3,BH,2025-10-24,157134.52
V3,BH,2025-10-25,158042.44
V3,BH,2025-10-26,162166.16
V3,BH,2025-10-27,161526.68
V3,BH,2025-10-28,159814.98
V3,BH,2025-10-29,155742.18
V3,BH,2025-10-30,153337.97
V3,BH,2025-10-31,155157.15
V3,BH,2025-11-01,155850.90
V3,BH,2025-11-02,156477.41
V3,BH,2025-11-03,150875.11
V3,BH,2025-11-04,143675.81
V3,BH,2025-11-05,147056.09
V3,BH,2025-11-06,143461.80
V3,BH,2025-11-07,146283.08
V3,BH,2025-11-08,144830.51
V3,BH,2025-11-09,148242.05
V3,BH,2025-11-10,150065.54
V3,BH,2025-11-11,145886.59
V3,BH,2025-11-12,143898.26
V3,BH,2025-11-13,141120.43
V3,BH,2025-11-14,133903.86
V3,BH,2025-11-15,135322.59
V3,BH,2025-11-16,133433.10
V3,BH,2025-11-17,130536.43
V3,BH,2025-11-18,131592.00
V3,BH,2025-11-19,129601.90
V3,BH,2025-11-20,122640.54
V3,BH,2025-11-21,120506.15
V3,BH,2025-11-22,119954.52
V3,BH,2025-11-23,122913.42
V3,BH,2025-11-24,124994.31
V3,BH,2025-11-25,123677.77
V3,BH,2025-11-26,128085.92
V3,BH,2025-11-27,129289.05
V3,BH,2025-11-28,128661.60
V3,BH,2025-11-29,128536.66
V3,BH,2025-11-30,127910.36
V3,BH,2025-12-01,122143.37
V3,BH,2025-12-02,129209.68
V3,BH,2025-12-03,132256.07
V3,BH,2025-12-04,130342.39
V3,BH,2025-12-05,126452.39
V3,BH,2025-12-06,126320.39
V3,BH,2025-12-07,127960.34
V3,BH,2025-12-08,128298.71
V3,BH,2025-12-09,131192.77
V3,BH,2025-12-10,130253.64
V3,BH,2025-12-11,130958.61
V3,BH,2025-12-12,127780.72
V3,BH,2025-12-13,127740.51
V3,BH,2025-12-14,124813.35
V3,BH,2025-12-15,122350.14
V3,BH,2025-12-16,124376.29
V3,BH,2025-12-17,122082.80
V3,BH,2025-12-18,121053.95
V3,BH,2025-12-19,124763.48
V3,BH,2025-12-20,125080.51
V3,BH,2025-12-21,125502.29
V3,BH,2025-12-22,125448.40
V3,BH,2025-12-23,123842.03
V3,BH,2025-12-24,124101.72
V3,BH,2025-12-25,123472.95
V3,BH,2025-12-26,123677.20
V3,BH,2025-12-27,124395.53
V3,BH,2025-12-28,124502.69
V3,BH,2025-12-29,123489.74
V3,BH,2025-12-30,125256.87
V3,BH,2025-12-31,124071.66
V3,BH,2026-01-01,125757.35
V3,BH,2026-01-02,127393.86
V3,BH,2026-01-03,128289.75
V3,BH,2026-01-04,129566.19
V3,BH,2026-01-05,132864.42
V3,BH,2026-01-06,132706.25
V3,BH,2026-01-07,129331.81
V3,BH,2026-01-08,128957.86
V3,BH,2026-01-09,128308.53
V3,BH,2026-01-10,128115.19
V3,BH,2026-01-11,128835.64
V3,BH,2026-01-12,129235.61
V3,BH,2026-01-13,135064.62
V3,BH,2026-01-14,137241.45
V3,BH,2026-01-15,135334.71
V3,BH,2026-01-16,135258.47
V3,BH,2026-01-17,134687.76
V3,BH,2026-01-18,132600.32
V3,BH,2026-01-19,131125.11
V3,BH,2026-01-20,125175.01
V3,BH,2026-01-21,126628.89
V3,BH,2026-01-22,126777.44
V3,BH,2026-01-23,126834.90
V3,BH,2026-01-24,126304.18
V3,BH,2026-01-25,122687.44
V3,BH,2026-01-26,125060.94
V3,BH,2026-01-27,126339.09
V3,BH,2026-01-28,126409.85
V3,BH,2026-01-29,119827.72
V3,BH,2026-01-30,119276.11
V3,BH,2026-01-31,111463.05
V3,BH,2026-02-01,108953.43
V3,BH,2026-02-02,111459.54
V3,BH,2026-02-03,107257.58
V3,BH,2026-02-04,103570.91
V3,BH,2026-02-05,89052.93
V3,BH,2026-02-06,99910.87
V3,BH,2026-02-07,98083.55
V3,BH,2026-02-08,99557.15
V3,BH,2026-02-09,99284.83
V3,BH,2026-02-10,97449.25
V3,BH,2026-02-11,94959.60
V3,BH,2026-02-12,93812.50
V3,BH,2026-02-13,97467.19
V3,BH,2026-02-14,98838.85
V3,BH,2026-02-15,97436.92
V3,BH,2026-02-16,97521.64
V3,BH,2026-02-17,95555.55
V3,BH,2026-02-18,94079.80
V3,BH,2026-02-19,94848.07
V3,BH,2026-02-20,96286.68
V3,BH,2026-02-21,96224.28
V3,BH,2026-02-22,95753.56
V3,BH,2026-02-23,91524.73
V3,BH,2026-02-24,90678.41
V3,BH,2026-02-25,96241.42
V3,BH,2026-02-26,95529.59
V3,BH,2026-02-27,93246.17
V3,BH,2026-02-28,94804.93
V3,BH,2026-03-01,93110.80
V3,BH,2026-03-02,97433.35
V3,BH,2026-03-03,96736.81
V3,BH,2026-03-04,102864.46
V3,BH,2026-03-05,100350.35
V3,BH,2026-03-06,96419.75
V3,BH,2026-03-07,95214.95
V3,BH,2026-03-08,93386.45
V3,BH,2026-03-09,96870.10
V3,BH,2026-03-10,99016.76
V3,BH,2026-03-11,99361.07
V3,BH,2026-03-12,99855.78
V3,BH,2026-03-13,100405.95
V3,BH,2026-03-14,100805.07
V3,BH,2026-03-15,103074.63
V3,BH,2026-03-16,106004.04
V3,BH,2026-03-17,104623.43
V3,BH,2026-03-18,100854.04
V3,BH,2026-03-19,98990.39
V3,BH,2026-03-20,99812.45
V3,BH,2026-03-21,97558.01
V3,BH,2026-03-22,96058.76
V3,BH,2026-03-23,100372.62
V3,BH,2026-03-24,99877.58
V3,BH,2026-03-25,100981.42
V3,BH,2026-03-26,97419.55
V3,BH,2026-03-27,94003.75
V3,BH,2026-03-28,93960.93
V3,BH,2026-03-29,93442.69
V3,BH,2026-03-30,94555.95
V3,BH,2026-03-31,96661.05
V3,BH,2026-04-01,96419.61
V3,BH,2026-04-02,94704.05
V3,BH,2026-04-03,94792.25
V3,BH,2026-04-04,95268.05
V3,BH,2026-04-05,97722.30
V3,BH,2026-04-06,97466.76
V3,BH,2026-04-07,101813.34
V3,BH,2026-04-08,100604.03
V3,BH,2026-04-09,101620.46
V3,BH,2026-04-10,103283.37
V3,BH,2026-04-11,103397.27
V3,BH,2026-04-12,100138.38
V3,BH,2026-04-13,105343.43
V3,BH,2026-04-14,104937.95
V3,BH,2026-04-15,105898.33
V3,BH,2026-04-16,106385.71
V3,BH,2026-04-17,109100.35
V3,BH,2026-04-18,107146.53
V3,BH,2026-04-19,104471.16
V3,BH,2026-04-20,107357.75
V3,BH,2026-04-21,108058.70
V3,BH,2026-04-22,110666.29
V3,BH,2026-04-23,110778.47
V3,BH,2026-04-24,109617.21
V3,BH,2026-04-25,109883.15
V3,BH,2026-04-26,111344.79
V3,BH,2026-04-27,109524.05
V3,BH,2026-04-28,108068.08
V3,BH,2026-04-29,107271.44
V3,BH,2026-04-30,108073.45
V3,BH,2026-05-01,110741.17
V3,BH,2026-05-02,111386.27
V3,BH,2026-05-03,111218.84
V3,BH,2026-05-04,113048.37
V3,BH,2026-05-05,114526.94
V3,BH,2026-05-06,115293.45
V3,BH,2026-05-07,113253.61
V3,BH,2026-05-08,113518.56
V3,BH,2026-05-09,114205.44
V3,BH,2026-05-10,116373.61
V3,BH,2026-05-11,115716.20
V3,BH,2026-05-12,113959.23
V3,BH,2026-05-13,112273.49
V3,BH,2026-05-14,114788.07
V3,BH,2026-05-15,111989.81
V3,BH,2026-05-16,110623.56
V3,BH,2026-05-17,109646.29
V3,BH,2026-05-18,109001.07
V3,BH,2026-05-19,108763.95
V3,BH,2026-05-20,109780.14
V3,BH,2026-05-21,109869.73
V3,BH,2026-05-22,106931.00
V3,BH,2026-05-23,108647.38
V3,BH,2026-05-24,109090.38
V3,BH,2026-05-25,109454.25
V3,BH,2026-05-26,107483.79
V3,BH,2026-05-27,105387.75
V3,BH,2026-05-28,104210.30
V3,BH,2026-05-29,103988.43
V3,BH,2026-05-30,104588.07
V3,BH,2026-05-31,104290.81
V3,BH,2026-06-01,101083.87
V3,BH,2026-06-02,94504.23
V3,BH,2026-06-03,90798.17
V3,BH,2026-06-04,90434.71
V3,BH,2026-06-05,86429.34
V3,BH,2026-06-06,86186.08
V3,BH,2026-06-07,89650.51
V3,BH,2026-06-08,89302.26
V3,BH,2026-06-09,87382.76
V3,BH,2026-06-10,87072.74
V3,BH,2026-06-11,90066.66
V3,BH,2026-06-12,90001.57
V3,BH,2026-06-13,91244.44
V3,BH,2026-06-14,93068.31
V3,BH,2026-06-15,93892.58
V3,BH,2026-06-16,92967.18
V3,BH,2026-06-17,91317.18
V3,BH,2026-06-18,89121.09
V3,BH,2026-06-19,89950.47
V3,BH,2026-06-20,91017.95
V3,BH,2026-06-21,89622.17
V3,BH,2026-06-22,90624.42
V3,BH,2026-06-23,88804.80
V3,BH,2026-06-24,86459.80
V3,BH,2026-06-25,84642.23
V3,BH,2026-06-26,85071.53
V3,BH,2026-06-27,84974.89
V3,BH,2026-06-28,84335.07
V3,BH,2026-06-29,85302.18
V3,BH,2026-06-30,82987.03
V3,BH,2026-07-01,84967.81
V3,BH,2026-07-02,87142.12
V3,BH,2026-07-03,88590.61
V3,BH,2026-07-04,89384.39
V3,BH,2026-07-05,90100.65
V3,BH,2026-07-06,90655.58
V3,BH,2026-07-07,89695.78
V3,BH,2026-07-08,88175.48
V3,BH,2026-07-09,89506.11
V3,BH,2026-07-10,90825.02
V3,BH,2026-07-11,90339.88
V3,BH,2026-07-12,90284.67
V3,BH,2026-07-13,88238.50
V3,BH,2026-07-14,92073.92
V3,BH,2026-07-15,91666.66
V3,BH,2026-07-16,90355.73
V3,BH,2026-07-17,90499.37
V3,BH,2026-07-18,91776.99
V3,BH,2026-07-19,91618.90
V3,BH,2026-07-20,92373.35
V3,BH,2026-07-21,94214.50
V3,BH,2026-07-22,93589.29
V3,BH,2026-07-23,92151.76
V3,BH,2026-07-24,90794.26
V3,BH,2026-07-25,91126.93
V3,BH,2026-07-26,92577.87
V3,BH,2026-07-27,90250.50
V3,BH,2026-07-28,90475.77
V3,BH,2026-07-29,90573.84
V3,BH,2026-07-30,91700.26
V3,BH,2026-07-31,89021.82
V3,BH,2026-08-01,88930.88
V3,BH,2026-08-02,89987.40
V3,BH,2026-08-03,89916.62
V3,BH,2026-08-04,90746.94
V3,BH,2026-08-05,91537.77
V3,BH,2026-08-06,91054.19
V3,BH,2026-08-07,91902.93
V3,BH,2026-08-08,91958.72
V3,BH,2026-08-09,91872.35
V3,BH,2026-08-10,90553.64
V3,BH,2026-08-11,90029.87
V3,BH,2026-08-12,89859.99
V3,BH,2026-08-13,89875.37
V3,BH,2026-08-14,89242.19
V3,BH,2026-08-15,89302.28
V3,BH,2026-08-16,89038.97
V3,BH,2026-08-17,91349.32
V3,BH,2026-08-18,91622.97
V3,BH,2026-08-19,98147.83
V3,BH,2026-08-20,103371.77
V3,BH,2026-08-21,110892.49
V3,BH,2026-08-22,109104.49
V3,BH,2026-08-23,110037.45
V3,BH,2026-08-24,111819.29
V3,BH,2026-08-25,111177.18
V3,BH,2026-08-26,111863.17
V3,BH,2026-08-27,113598.41
V3,BH,2026-08-28,110155.40
V3,BH-x,2019-12-15,10053.86
V3,BH-x,2019-12-16,9828.20
V3,BH-x,2019-12-17,9558.13
V3,BH-x,2019-12-18,10232.12
V3,BH-x,2019-12-19,10102.55
V3,BH-x,2019-12-20,10139.75
V3,BH-x,2019-12-21,10083.12
V3,BH-x,2019-12-22,10451.88
V3,BH-x,2019-12-23,10267.16
V3,BH-x,2019-12-24,10203.83
V3,BH-x,2019-12-25,10150.84
V3,BH-x,2019-12-26,10146.97
V3,BH-x,2019-12-27,10200.62
V3,BH-x,2019-12-28,10262.67
V3,BH-x,2019-12-29,10336.13
V3,BH-x,2019-12-30,10196.92
V3,BH-x,2019-12-31,10146.99
V3,BH-x,2020-01-01,10155.10
V3,BH-x,2020-01-02,9918.50
V3,BH-x,2020-01-03,10301.70
V3,BH-x,2020-01-04,10309.54
V3,BH-x,2020-01-05,10311.97
V3,BH-x,2020-01-06,10707.28
V3,BH-x,2020-01-07,11084.77
V3,BH-x,2020-01-08,10995.86
V3,BH-x,2020-01-09,10762.49
V3,BH-x,2020-01-10,11131.16
V3,BH-x,2020-01-11,10957.39
V3,BH-x,2020-01-12,11115.19
V3,BH-x,2020-01-13,11040.81
V3,BH-x,2020-01-14,11713.94
V3,BH-x,2020-01-15,11718.15
V3,BH-x,2020-01-16,11615.56
V3,BH-x,2020-01-17,11791.73
V3,BH-x,2020-01-18,11788.28
V3,BH-x,2020-01-19,11574.29
V3,BH-x,2020-01-20,11514.05
V3,BH-x,2020-01-21,11599.19
V3,BH-x,2020-01-22,11545.14
V3,BH-x,2020-01-23,11276.72
V3,BH-x,2020-01-24,11300.39
V3,BH-x,2020-01-25,11204.35
V3,BH-x,2020-01-26,11463.88
V3,BH-x,2020-01-27,11738.05
V3,BH-x,2020-01-28,12163.85
V3,BH-x,2020-01-29,12077.47
V3,BH-x,2020-01-30,12265.60
V3,BH-x,2020-01-31,12103.87
V3,BH-x,2020-02-01,12116.72
V3,BH-x,2020-02-02,12056.93
V3,BH-x,2020-02-03,12011.75
V3,BH-x,2020-02-04,11907.92
V3,BH-x,2020-02-05,12283.56
V3,BH-x,2020-02-06,12402.80
V3,BH-x,2020-02-07,12432.50
V3,BH-x,2020-02-08,12487.85
V3,BH-x,2020-02-09,12696.88
V3,BH-x,2020-02-10,12400.62
V3,BH-x,2020-02-11,12718.64
V3,BH-x,2020-02-12,12763.76
V3,BH-x,2020-02-13,12656.20
V3,BH-x,2020-02-14,12739.63
V3,BH-x,2020-02-15,12332.91
V3,BH-x,2020-02-16,12330.95
V3,BH-x,2020-02-17,12127.21
V3,BH-x,2020-02-18,12528.34
V3,BH-x,2020-02-19,12017.20
V3,BH-x,2020-02-20,12016.97
V3,BH-x,2020-02-21,12086.15
V3,BH-x,2020-02-22,12060.14
V3,BH-x,2020-02-23,12302.18
V3,BH-x,2020-02-24,12049.23
V3,BH-x,2020-02-25,11738.40
V3,BH-x,2020-02-26,11252.92
V3,BH-x,2020-02-27,11284.47
V3,BH-x,2020-02-28,11162.44
V3,BH-x,2020-02-29,10993.39
V3,BH-x,2020-03-01,10992.51
V3,BH-x,2020-03-02,11340.41
V3,BH-x,2020-03-03,11197.76
V3,BH-x,2020-03-04,11185.88
V3,BH-x,2020-03-05,11457.59
V3,BH-x,2020-03-06,11520.66
V3,BH-x,2020-03-07,11292.31
V3,BH-x,2020-03-08,10510.06
V3,BH-x,2020-03-09,10411.66
V3,BH-x,2020-03-10,10376.50
V3,BH-x,2020-03-11,10410.66
V3,BH-x,2020-03-12,7488.17
V3,BH-x,2020-03-13,8371.47
V3,BH-x,2020-03-14,7945.85
V3,BH-x,2020-03-15,8160.93
V3,BH-x,2020-03-16,7810.53
V3,BH-x,2020-03-17,8125.66
V3,BH-x,2020-03-18,8217.86
V3,BH-x,2020-03-19,9054.53
V3,BH-x,2020-03-20,9102.97
V3,BH-x,2020-03-21,9080.96
V3,BH-x,2020-03-22,8693.81
V3,BH-x,2020-03-23,9386.74
V3,BH-x,2020-03-24,9670.82
V3,BH-x,2020-03-25,9600.22
V3,BH-x,2020-03-26,9660.76
V3,BH-x,2020-03-27,9274.49
V3,BH-x,2020-03-28,9152.54
V3,BH-x,2020-03-29,8787.22
V3,BH-x,2020-03-30,9338.31
V3,BH-x,2020-03-31,9357.42
V3,BH-x,2020-04-01,9604.71
V3,BH-x,2020-04-02,9760.46
V3,BH-x,2020-04-03,9697.90
V3,BH-x,2020-04-04,9823.36
V3,BH-x,2020-04-05,9737.39
V3,BH-x,2020-04-06,10306.87
V3,BH-x,2020-04-07,10175.49
V3,BH-x,2020-04-08,10339.18
V3,BH-x,2020-04-09,10262.25
V3,BH-x,2020-04-10,9836.09
V3,BH-x,2020-04-11,9852.24
V3,BH-x,2020-04-12,9877.69
V3,BH-x,2020-04-13,9811.78
V3,BH-x,2020-04-14,9844.28
V3,BH-x,2020-04-15,9593.31
V3,BH-x,2020-04-16,10091.33
V3,BH-x,2020-04-17,10016.05
V3,BH-x,2020-04-18,10242.73
V3,BH-x,2020-04-19,10115.57
V3,BH-x,2020-04-20,9819.56
V3,BH-x,2020-04-21,9834.89
V3,BH-x,2020-04-22,10127.90
V3,BH-x,2020-04-23,10490.70
V3,BH-x,2020-04-24,10510.99
V3,BH-x,2020-04-25,10542.25
V3,BH-x,2020-04-26,10693.63
V3,BH-x,2020-04-27,10771.86
V3,BH-x,2020-04-28,10734.48
V3,BH-x,2020-04-29,11756.72
V3,BH-x,2020-04-30,11595.75
V3,BH-x,2020-05-01,11789.23
V3,BH-x,2020-05-02,11924.39
V3,BH-x,2020-05-03,11847.03
V3,BH-x,2020-05-04,11823.33
V3,BH-x,2020-05-05,11962.72
V3,BH-x,2020-05-06,12072.04
V3,BH-x,2020-05-07,12860.75
V3,BH-x,2020-05-08,12680.77
V3,BH-x,2020-05-09,12425.33
V3,BH-x,2020-05-10,11664.08
V3,BH-x,2020-05-11,11508.39
V3,BH-x,2020-05-12,11744.01
V3,BH-x,2020-05-13,12213.68
V3,BH-x,2020-05-14,12660.94
V3,BH-x,2020-05-15,12221.86
V3,BH-x,2020-05-16,12279.70
V3,BH-x,2020-05-17,12556.43
V3,BH-x,2020-05-18,12604.90
V3,BH-x,2020-05-19,12640.68
V3,BH-x,2020-05-20,12395.35
V3,BH-x,2020-05-21,11984.68
V3,BH-x,2020-05-22,12079.90
V3,BH-x,2020-05-23,12088.13
V3,BH-x,2020-05-24,11656.72
V3,BH-x,2020-05-25,11827.83
V3,BH-x,2020-05-26,11770.74
V3,BH-x,2020-05-27,12114.17
V3,BH-x,2020-05-28,12463.54
V3,BH-x,2020-05-29,12325.58
V3,BH-x,2020-05-30,12574.37
V3,BH-x,2020-05-31,12341.88
V3,BH-x,2020-06-01,13039.57
V3,BH-x,2020-06-02,12408.12
V3,BH-x,2020-06-03,12542.87
V3,BH-x,2020-06-04,12653.42
V3,BH-x,2020-06-05,12496.53
V3,BH-x,2020-06-06,12535.52
V3,BH-x,2020-06-07,12607.20
V3,BH-x,2020-06-08,12636.69
V3,BH-x,2020-06-09,12625.21
V3,BH-x,2020-06-10,12725.85
V3,BH-x,2020-06-11,12170.11
V3,BH-x,2020-06-12,12340.85
V3,BH-x,2020-06-13,12347.12
V3,BH-x,2020-06-14,12223.21
V3,BH-x,2020-06-15,12302.30
V3,BH-x,2020-06-16,12394.21
V3,BH-x,2020-06-17,12337.71
V3,BH-x,2020-06-18,12265.94
V3,BH-x,2020-06-19,12194.27
V3,BH-x,2020-06-20,12237.77
V3,BH-x,2020-06-21,12177.58
V3,BH-x,2020-06-22,12539.23
V3,BH-x,2020-06-23,12480.44
V3,BH-x,2020-06-24,12175.11
V3,BH-x,2020-06-25,12128.78
V3,BH-x,2020-06-26,12044.93
V3,BH-x,2020-06-27,11902.06
V3,BH-x,2020-06-28,11997.87
V3,BH-x,2020-06-29,12066.58
V3,BH-x,2020-06-30,12013.64
V3,BH-x,2020-07-01,12098.36
V3,BH-x,2020-07-02,11960.34
V3,BH-x,2020-07-03,11931.35
V3,BH-x,2020-07-04,12001.05
V3,BH-x,2020-07-05,11936.84
V3,BH-x,2020-07-06,12191.27
V3,BH-x,2020-07-07,12108.20
V3,BH-x,2020-07-08,12271.65
V3,BH-x,2020-07-09,12080.88
V3,BH-x,2020-07-10,12130.29
V3,BH-x,2020-07-11,12077.31
V3,BH-x,2020-07-12,12138.59
V3,BH-x,2020-07-13,12080.26
V3,BH-x,2020-07-14,12089.97
V3,BH-x,2020-07-15,12033.33
V3,BH-x,2020-07-16,11971.39
V3,BH-x,2020-07-17,11988.02
V3,BH-x,2020-07-18,12000.31
V3,BH-x,2020-07-19,12033.75
V3,BH-x,2020-07-20,11986.42
V3,BH-x,2020-07-21,12196.96
V3,BH-x,2020-07-22,12312.64
V3,BH-x,2020-07-23,12388.24
V3,BH-x,2020-07-24,12325.60
V3,BH-x,2020-07-25,12472.28
V3,BH-x,2020-07-26,12675.84
V3,BH-x,2020-07-27,13655.17
V3,BH-x,2020-07-28,13511.53
V3,BH-x,2020-07-29,13662.01
V3,BH-x,2020-07-30,13641.47
V3,BH-x,2020-07-31,13831.94
V3,BH-x,2020-08-01,14225.12
V3,BH-x,2020-08-02,13583.62
V3,BH-x,2020-08-03,13701.89
V3,BH-x,2020-08-04,13667.96
V3,BH-x,2020-08-05,14142.64
V3,BH-x,2020-08-06,14146.23
V3,BH-x,2020-08-07,13994.76
V3,BH-x,2020-08-08,14135.15
V3,BH-x,2020-08-09,14062.48
V3,BH-x,2020-08-10,14225.96
V3,BH-x,2020-08-11,13790.61
V3,BH-x,2020-08-12,13935.82
V3,BH-x,2020-08-13,14117.51
V3,BH-x,2020-08-14,14092.01
V3,BH-x,2020-08-15,14163.35
V3,BH-x,2020-08-16,14203.45
V3,BH-x,2020-08-17,14501.71
V3,BH-x,2020-08-18,14188.98
V3,BH-x,2020-08-19,14012.52
V3,BH-x,2020-08-20,14090.95
V3,BH-x,2020-08-21,13815.81
V3,BH-x,2020-08-22,13924.91
V3,BH-x,2020-08-23,13909.36
V3,BH-x,2020-08-24,13991.29
V3,BH-x,2020-08-25,13621.41
V3,BH-x,2020-08-26,13739.21
V3,BH-x,2020-08-27,13624.67
V3,BH-x,2020-08-28,13789.67
V3,BH-x,2020-08-29,13734.82
V3,BH-x,2020-08-30,13940.69
V3,BH-x,2020-08-31,13885.03
V3,BH-x,2020-09-01,14107.89
V3,BH-x,2020-09-02,13648.07
V3,BH-x,2020-09-03,12579.60
V3,BH-x,2020-09-04,12846.09
V3,BH-x,2020-09-05,12599.09
V3,BH-x,2020-09-06,12675.22
V3,BH-x,2020-09-07,12775.46
V3,BH-x,2020-09-08,12556.79
V3,BH-x,2020-09-09,12635.65
V3,BH-x,2020-09-10,12736.34
V3,BH-x,2020-09-11,12778.28
V3,BH-x,2020-09-12,12821.91
V3,BH-x,2020-09-13,12724.86
V3,BH-x,2020-09-14,13019.54
V3,BH-x,2020-09-15,13120.76
V3,BH-x,2020-09-16,13268.05
V3,BH-x,2020-09-17,13255.75
V3,BH-x,2020-09-18,13248.19
V3,BH-x,2020-09-19,13377.63
V3,BH-x,2020-09-20,13242.38
V3,BH-x,2020-09-21,12809.85
V3,BH-x,2020-09-22,12905.31
V3,BH-x,2020-09-23,12654.74
V3,BH-x,2020-09-24,13088.11
V3,BH-x,2020-09-25,13046.10
V3,BH-x,2020-09-26,13079.69
V3,BH-x,2020-09-27,13116.44
V3,BH-x,2020-09-28,13046.07
V3,BH-x,2020-09-29,13168.39
V3,BH-x,2020-09-30,13110.44
V3,BH-x,2020-10-01,12971.78
V3,BH-x,2020-10-02,12928.74
V3,BH-x,2020-10-03,12901.38
V3,BH-x,2020-10-04,13009.50
V3,BH-x,2020-10-05,13120.12
V3,BH-x,2020-10-06,12953.94
V3,BH-x,2020-10-07,13011.78
V3,BH-x,2020-10-08,13235.05
V3,BH-x,2020-10-09,13340.24
V3,BH-x,2020-10-10,13545.46
V3,BH-x,2020-10-11,13607.17
V3,BH-x,2020-10-12,13739.67
V3,BH-x,2020-10-13,13645.55
V3,BH-x,2020-10-14,13640.38
V3,BH-x,2020-10-15,13711.51
V3,BH-x,2020-10-16,13551.26
V3,BH-x,2020-10-17,13583.14
V3,BH-x,2020-10-18,13701.68
V3,BH-x,2020-10-19,13908.92
V3,BH-x,2020-10-20,14039.88
V3,BH-x,2020-10-21,14767.40
V3,BH-x,2020-10-22,14918.22
V3,BH-x,2020-10-23,14877.90
V3,BH-x,2020-10-24,15029.04
V3,BH-x,2020-10-25,14958.33
V3,BH-x,2020-10-26,14974.19
V3,BH-x,2020-10-27,15447.51
V3,BH-x,2020-10-28,15147.28
V3,BH-x,2020-10-29,15304.86
V3,BH-x,2020-10-30,15392.45
V3,BH-x,2020-10-31,15582.22
V3,BH-x,2020-11-01,15560.25
V3,BH-x,2020-11-02,15388.36
V3,BH-x,2020-11-03,15773.83
V3,BH-x,2020-11-04,15873.95
V3,BH-x,2020-11-05,17023.62
V3,BH-x,2020-11-06,17007.61
V3,BH-x,2020-11-07,16404.96
V3,BH-x,2020-11-08,16918.08
V3,BH-x,2020-11-09,16800.54
V3,BH-x,2020-11-10,16772.66
V3,BH-x,2020-11-11,17070.59
V3,BH-x,2020-11-12,17536.83
V3,BH-x,2020-11-13,17555.15
V3,BH-x,2020-11-14,17360.87
V3,BH-x,2020-11-15,17270.09
V3,BH-x,2020-11-16,17848.18
V3,BH-x,2020-11-17,18562.00
V3,BH-x,2020-11-18,18635.97
V3,BH-x,2020-11-19,18644.31
V3,BH-x,2020-11-20,19263.68
V3,BH-x,2020-11-21,19288.11
V3,BH-x,2020-11-22,19044.04
V3,BH-x,2020-11-23,18971.26
V3,BH-x,2020-11-24,19526.54
V3,BH-x,2020-11-25,19179.87
V3,BH-x,2020-11-26,18026.65
V3,BH-x,2020-11-27,18015.28
V3,BH-x,2020-11-28,18444.83
V3,BH-x,2020-11-29,18784.90
V3,BH-x,2020-11-30,19887.20
V3,BH-x,2020-12-01,19205.12
V3,BH-x,2020-12-02,19520.35
V3,BH-x,2020-12-03,19671.35
V3,BH-x,2020-12-04,19111.67
V3,BH-x,2020-12-05,19469.55
V3,BH-x,2020-12-06,19618.37
V3,BH-x,2020-12-07,19475.59
V3,BH-x,2020-12-08,18862.99
V3,BH-x,2020-12-09,19017.81
V3,BH-x,2020-12-10,18804.85
V3,BH-x,2020-12-11,18641.21
V3,BH-x,2020-12-12,19206.61
V3,BH-x,2020-12-13,19468.28
V3,BH-x,2020-12-14,19534.93
V3,BH-x,2020-12-15,19641.16
V3,BH-x,2020-12-16,21003.35
V3,BH-x,2020-12-17,22012.85
V3,BH-x,2020-12-18,22205.80
V3,BH-x,2020-12-19,22674.75
V3,BH-x,2020-12-20,22402.26
V3,BH-x,2020-12-21,21887.69
V3,BH-x,2020-12-22,22628.30
V3,BH-x,2020-12-23,22232.94
V3,BH-x,2020-12-24,22563.02
V3,BH-x,2020-12-25,23217.13
V3,BH-x,2020-12-26,24399.82
V3,BH-x,2020-12-27,24241.06
V3,BH-x,2020-12-28,24737.87
V3,BH-x,2020-12-29,24913.98
V3,BH-x,2020-12-30,25844.05
V3,BH-x,2020-12-31,25847.01
V3,BH-x,2021-01-01,26090.76
V3,BH-x,2021-01-02,27862.83
V3,BH-x,2021-01-03,28290.40
V3,BH-x,2021-01-04,27582.59
V3,BH-x,2021-01-05,28744.97
V3,BH-x,2021-01-06,30341.97
V3,BH-x,2021-01-07,31829.33
V3,BH-x,2021-01-08,32390.24
V3,BH-x,2021-01-09,32046.07
V3,BH-x,2021-01-10,30872.55
V3,BH-x,2021-01-11,29245.37
V3,BH-x,2021-01-12,28422.21
V3,BH-x,2021-01-13,30369.43
V3,BH-x,2021-01-14,31345.84
V3,BH-x,2021-01-15,29925.99
V3,BH-x,2021-01-16,29469.95
V3,BH-x,2021-01-17,29357.81
V3,BH-x,2021-01-18,29781.66
V3,BH-x,2021-01-19,29278.11
V3,BH-x,2021-01-20,29007.29
V3,BH-x,2021-01-21,26299.70
V3,BH-x,2021-01-22,27563.07
V3,BH-x,2021-01-23,27041.29
V3,BH-x,2021-01-24,27137.61
V3,BH-x,2021-01-25,27114.02
V3,BH-x,2021-01-26,27235.12
V3,BH-x,2021-01-27,25976.77
V3,BH-x,2021-01-28,27791.58
V3,BH-x,2021-01-29,28269.02
V3,BH-x,2021-01-30,28250.21
V3,BH-x,2021-01-31,27535.70
V3,BH-x,2021-02-01,27768.76
V3,BH-x,2021-02-02,28870.24
V3,BH-x,2021-02-03,30067.37
V3,BH-x,2021-02-04,29644.65
V3,BH-x,2021-02-05,30367.93
V3,BH-x,2021-02-06,30828.56
V3,BH-x,2021-02-07,30538.27
V3,BH-x,2021-02-08,34697.67
V3,BH-x,2021-02-09,34603.84
V3,BH-x,2021-02-10,33648.30
V3,BH-x,2021-02-11,35255.53
V3,BH-x,2021-02-12,34809.28
V3,BH-x,2021-02-13,34650.81
V3,BH-x,2021-02-14,35300.62
V3,BH-x,2021-02-15,34899.57
V3,BH-x,2021-02-16,35441.69
V3,BH-x,2021-02-17,36885.40
V3,BH-x,2021-02-18,36492.16
V3,BH-x,2021-02-19,38602.68
V3,BH-x,2021-02-20,38462.46
V3,BH-x,2021-02-21,39140.64
V3,BH-x,2021-02-22,37452.22
V3,BH-x,2021-02-23,34877.53
V3,BH-x,2021-02-24,35250.96
V3,BH-x,2021-02-25,33921.31
V3,BH-x,2021-02-26,33506.09
V3,BH-x,2021-02-27,33398.23
V3,BH-x,2021-02-28,32884.92
V3,BH-x,2021-03-01,35180.57
V3,BH-x,2021-03-02,34595.21
V3,BH-x,2021-03-03,35547.74
V3,BH-x,2021-03-04,34549.30
V3,BH-x,2021-03-05,34733.56
V3,BH-x,2021-03-06,34792.21
V3,BH-x,2021-03-07,35839.61
V3,BH-x,2021-03-08,36529.32
V3,BH-x,2021-03-09,37728.31
V3,BH-x,2021-03-10,38165.84
V3,BH-x,2021-03-11,39022.68
V3,BH-x,2021-03-12,38696.95
V3,BH-x,2021-03-13,40557.37
V3,BH-x,2021-03-14,39430.73
V3,BH-x,2021-03-15,37776.06
V3,BH-x,2021-03-16,38374.81
V3,BH-x,2021-03-17,39317.42
V3,BH-x,2021-03-18,38691.96
V3,BH-x,2021-03-19,38852.57
V3,BH-x,2021-03-20,38847.56
V3,BH-x,2021-03-21,38467.82
V3,BH-x,2021-03-22,36870.25
V3,BH-x,2021-03-23,36970.66
V3,BH-x,2021-03-24,35960.55
V3,BH-x,2021-03-25,35459.11
V3,BH-x,2021-03-26,37282.97
V3,BH-x,2021-03-27,37656.08
V3,BH-x,2021-03-28,37629.12
V3,BH-x,2021-03-29,38509.42
V3,BH-x,2021-03-30,38997.82
V3,BH-x,2021-03-31,38936.78
V3,BH-x,2021-04-01,38856.36
V3,BH-x,2021-04-02,38887.20
V3,BH-x,2021-04-03,37922.32
V3,BH-x,2021-04-04,38431.21
V3,BH-x,2021-04-05,38833.78
V3,BH-x,2021-04-06,38236.51
V3,BH-x,2021-04-07,37237.08
V3,BH-x,2021-04-08,38217.10
V3,BH-x,2021-04-09,38229.11
V3,BH-x,2021-04-10,38912.60
V3,BH-x,2021-04-11,38939.74
V3,BH-x,2021-04-12,38792.59
V3,BH-x,2021-04-13,40421.37
V3,BH-x,2021-04-14,40056.07
V3,BH-x,2021-04-15,40070.20
V3,BH-x,2021-04-16,39149.21
V3,BH-x,2021-04-17,38492.24
V3,BH-x,2021-04-18,36693.48
V3,BH-x,2021-04-19,36445.68
V3,BH-x,2021-04-20,36806.48
V3,BH-x,2021-04-21,35576.31
V3,BH-x,2021-04-22,34583.41
V3,BH-x,2021-04-23,34297.83
V3,BH-x,2021-04-24,33771.08
V3,BH-x,2021-04-25,33283.87
V3,BH-x,2021-04-26,35655.06
V3,BH-x,2021-04-27,36121.54
V3,BH-x,2021-04-28,36036.51
V3,BH-x,2021-04-29,35426.05
V3,BH-x,2021-04-30,37363.91
V3,BH-x,2021-05-01,37398.47
V3,BH-x,2021-05-02,36808.36
V3,BH-x,2021-05-03,37044.01
V3,BH-x,2021-05-04,35182.48
V3,BH-x,2021-05-05,37148.18
V3,BH-x,2021-05-06,36608.55
V3,BH-x,2021-05-07,37003.43
V3,BH-x,2021-05-08,37673.21
V3,BH-x,2021-05-09,37348.80
V3,BH-x,2021-05-10,36185.00
V3,BH-x,2021-05-11,36548.47
V3,BH-x,2021-05-12,33299.73
V3,BH-x,2021-05-13,33308.11
V3,BH-x,2021-05-14,33367.95
V3,BH-x,2021-05-15,31894.08
V3,BH-x,2021-05-16,31712.34
V3,BH-x,2021-05-17,30278.21
V3,BH-x,2021-05-18,29918.52
V3,BH-x,2021-05-19,26872.12
V3,BH-x,2021-05-20,28862.84
V3,BH-x,2021-05-21,27202.44
V3,BH-x,2021-05-22,27305.88
V3,BH-x,2021-05-23,25858.46
V3,BH-x,2021-05-24,28056.84
V3,BH-x,2021-05-25,27808.56
V3,BH-x,2021-05-26,28275.48
V3,BH-x,2021-05-27,27904.98
V3,BH-x,2021-05-28,26424.01
V3,BH-x,2021-05-29,25861.17
V3,BH-x,2021-05-30,26405.81
V3,BH-x,2021-05-31,27249.01
V3,BH-x,2021-06-01,26951.80
V3,BH-x,2021-06-02,27403.01
V3,BH-x,2021-06-03,28266.84
V3,BH-x,2021-06-04,27021.45
V3,BH-x,2021-06-05,26329.77
V3,BH-x,2021-06-06,26473.29
V3,BH-x,2021-06-07,25288.78
V3,BH-x,2021-06-08,25192.91
V3,BH-x,2021-06-09,27343.52
V3,BH-x,2021-06-10,26973.53
V3,BH-x,2021-06-11,27313.12
V3,BH-x,2021-06-12,26384.51
V3,BH-x,2021-06-13,28215.75
V3,BH-x,2021-06-14,28980.82
V3,BH-x,2021-06-15,28785.87
V3,BH-x,2021-06-16,27865.21
V3,BH-x,2021-06-17,27727.09
V3,BH-x,2021-06-18,26548.43
V3,BH-x,2021-06-19,26372.78
V3,BH-x,2021-06-20,26433.98
V3,BH-x,2021-06-21,24330.50
V3,BH-x,2021-06-22,24825.62
V3,BH-x,2021-06-23,25465.53
V3,BH-x,2021-06-24,25997.74
V3,BH-x,2021-06-25,24353.05
V3,BH-x,2021-06-26,24742.06
V3,BH-x,2021-06-27,26076.04
V3,BH-x,2021-06-28,25964.42
V3,BH-x,2021-06-29,26718.04
V3,BH-x,2021-06-30,26254.19
V3,BH-x,2021-07-01,25428.72
V3,BH-x,2021-07-02,25579.61
V3,BH-x,2021-07-03,26057.07
V3,BH-x,2021-07-04,26388.16
V3,BH-x,2021-07-05,25538.17
V3,BH-x,2021-07-06,25827.18
V3,BH-x,2021-07-07,25634.05
V3,BH-x,2021-07-08,25109.53
V3,BH-x,2021-07-09,25628.08
V3,BH-x,2021-07-10,25458.15
V3,BH-x,2021-07-11,25863.77
V3,BH-x,2021-07-12,25230.82
V3,BH-x,2021-07-13,25033.88
V3,BH-x,2021-07-14,25083.00
V3,BH-x,2021-07-15,24571.37
V3,BH-x,2021-07-16,24300.44
V3,BH-x,2021-07-17,24373.99
V3,BH-x,2021-07-18,24513.31
V3,BH-x,2021-07-19,23999.69
V3,BH-x,2021-07-20,23427.57
V3,BH-x,2021-07-21,24758.65
V3,BH-x,2021-07-22,24839.46
V3,BH-x,2021-07-23,25578.43
V3,BH-x,2021-07-24,25921.30
V3,BH-x,2021-07-25,26534.65
V3,BH-x,2021-07-26,27530.50
V3,BH-x,2021-07-27,28693.31
V3,BH-x,2021-07-28,28979.85
V3,BH-x,2021-07-29,28974.20
V3,BH-x,2021-07-30,30097.14
V3,BH-x,2021-07-31,29713.50
V3,BH-x,2021-08-01,28884.14
V3,BH-x,2021-08-02,28518.68
V3,BH-x,2021-08-03,28025.66
V3,BH-x,2021-08-04,28811.58
V3,BH-x,2021-08-05,29392.55
V3,BH-x,2021-08-06,30395.34
V3,BH-x,2021-08-07,31263.89
V3,BH-x,2021-08-08,30869.42
V3,BH-x,2021-08-09,32094.35
V3,BH-x,2021-08-10,31757.98
V3,BH-x,2021-08-11,31714.59
V3,BH-x,2021-08-12,31157.26
V3,BH-x,2021-08-13,32846.35
V3,BH-x,2021-08-14,32482.21
V3,BH-x,2021-08-15,32428.86
V3,BH-x,2021-08-16,31894.97
V3,BH-x,2021-08-17,31293.10
V3,BH-x,2021-08-18,31291.07
V3,BH-x,2021-08-19,32306.54
V3,BH-x,2021-08-20,33555.89
V3,BH-x,2021-08-21,33302.77
V3,BH-x,2021-08-22,33496.80
V3,BH-x,2021-08-23,33600.05
V3,BH-x,2021-08-24,32705.34
V3,BH-x,2021-08-25,33329.45
V3,BH-x,2021-08-26,32289.86
V3,BH-x,2021-08-27,33373.18
V3,BH-x,2021-08-28,33273.34
V3,BH-x,2021-08-29,33204.59
V3,BH-x,2021-08-30,32331.08
V3,BH-x,2021-08-31,32368.70
V3,BH-x,2021-09-01,33179.13
V3,BH-x,2021-09-02,33355.19
V3,BH-x,2021-09-03,33692.29
V3,BH-x,2021-09-04,33634.37
V3,BH-x,2021-09-05,34508.70
V3,BH-x,2021-09-06,34926.91
V3,BH-x,2021-09-07,32183.16
V3,BH-x,2021-09-08,31778.44
V3,BH-x,2021-09-09,31941.72
V3,BH-x,2021-09-10,31179.29
V3,BH-x,2021-09-11,31332.07
V3,BH-x,2021-09-12,31745.03
V3,BH-x,2021-09-13,31206.80
V3,BH-x,2021-09-14,32271.15
V3,BH-x,2021-09-15,32755.77
V3,BH-x,2021-09-16,32563.28
V3,BH-x,2021-09-17,32344.13
V3,BH-x,2021-09-18,32819.57
V3,BH-x,2021-09-19,32305.10
V3,BH-x,2021-09-20,30244.91
V3,BH-x,2021-09-21,29098.84
V3,BH-x,2021-09-22,30518.46
V3,BH-x,2021-09-23,31171.71
V3,BH-x,2021-09-24,30160.17
V3,BH-x,2021-09-25,30084.64
V3,BH-x,2021-09-26,30327.92
V3,BH-x,2021-09-27,29815.45
V3,BH-x,2021-09-28,29248.80
V3,BH-x,2021-09-29,29498.04
V3,BH-x,2021-09-30,30652.69
V3,BH-x,2021-10-01,32796.24
V3,BH-x,2021-10-02,32547.55
V3,BH-x,2021-10-03,32814.95
V3,BH-x,2021-10-04,33303.73
V3,BH-x,2021-10-05,34382.06
V3,BH-x,2021-10-06,36198.61
V3,BH-x,2021-10-07,35468.85
V3,BH-x,2021-10-08,35529.05
V3,BH-x,2021-10-09,35987.12
V3,BH-x,2021-10-10,35841.39
V3,BH-x,2021-10-11,37144.01
V3,BH-x,2021-10-12,36459.03
V3,BH-x,2021-10-13,37085.06
V3,BH-x,2021-10-14,37063.11
V3,BH-x,2021-10-15,39033.92
V3,BH-x,2021-10-16,38642.51
V3,BH-x,2021-10-17,38905.15
V3,BH-x,2021-10-18,39101.95
V3,BH-x,2021-10-19,40109.59
V3,BH-x,2021-10-20,40848.77
V3,BH-x,2021-10-21,39119.51
V3,BH-x,2021-10-22,38421.60
V3,BH-x,2021-10-23,38674.88
V3,BH-x,2021-10-24,38452.45
V3,BH-x,2021-10-25,39428.42
V3,BH-x,2021-10-26,38162.98
V3,BH-x,2021-10-27,37278.66
V3,BH-x,2021-10-28,38248.76
V3,BH-x,2021-10-29,38983.64
V3,BH-x,2021-10-30,38786.33
V3,BH-x,2021-10-31,38506.29
V3,BH-x,2021-11-01,38299.77
V3,BH-x,2021-11-02,39304.99
V3,BH-x,2021-11-03,39118.12
V3,BH-x,2021-11-04,38414.86
V3,BH-x,2021-11-05,38189.98
V3,BH-x,2021-11-06,38390.58
V3,BH-x,2021-11-07,39165.81
V3,BH-x,2021-11-08,41001.43
V3,BH-x,2021-11-09,40709.54
V3,BH-x,2021-11-10,39770.00
V3,BH-x,2021-11-11,39707.35
V3,BH-x,2021-11-12,39397.85
V3,BH-x,2021-11-13,39491.06
V3,BH-x,2021-11-14,39977.12
V3,BH-x,2021-11-15,39125.96
V3,BH-x,2021-11-16,37559.81
V3,BH-x,2021-11-17,37678.04
V3,BH-x,2021-11-18,36137.75
V3,BH-x,2021-11-19,36653.84
V3,BH-x,2021-11-20,37388.60
V3,BH-x,2021-11-21,36897.68
V3,BH-x,2021-11-22,35827.78
V3,BH-x,2021-11-23,36405.07
V3,BH-x,2021-11-24,36215.65
V3,BH-x,2021-11-25,37025.06
V3,BH-x,2021-11-26,34674.73
V3,BH-x,2021-11-27,35123.17
V3,BH-x,2021-11-28,36280.34
V3,BH-x,2021-11-29,36495.48
V3,BH-x,2021-11-30,36112.51
V3,BH-x,2021-12-01,36204.42
V3,BH-x,2021-12-02,35878.61
V3,BH-x,2021-12-03,34566.61
V3,BH-x,2021-12-04,32523.59
V3,BH-x,2021-12-05,32631.94
V3,BH-x,2021-12-06,33115.75
V3,BH-x,2021-12-07,33178.69
V3,BH-x,2021-12-08,33116.74
V3,BH-x,2021-12-09,31745.78
V3,BH-x,2021-12-10,31546.86
V3,BH-x,2021-12-11,32609.69
V3,BH-x,2021-12-12,32914.18
V3,BH-x,2021-12-13,31341.49
V3,BH-x,2021-12-14,32119.61
V3,BH-x,2021-12-15,32359.04
V3,BH-x,2021-12-16,31772.20
V3,BH-x,2021-12-17,31055.19
V3,BH-x,2021-12-18,31385.67
V3,BH-x,2021-12-19,31306.66
V3,BH-x,2021-12-20,31410.98
V3,BH-x,2021-12-21,32344.33
V3,BH-x,2021-12-22,32195.62
V3,BH-x,2021-12-23,33249.78
V3,BH-x,2021-12-24,33233.95
V3,BH-x,2021-12-25,33031.56
V3,BH-x,2021-12-26,33199.53
V3,BH-x,2021-12-27,33158.05
V3,BH-x,2021-12-28,31683.73
V3,BH-x,2021-12-29,31166.05
V3,BH-x,2021-12-30,31472.14
V3,BH-x,2021-12-31,31039.40
V3,BH-x,2022-01-01,31751.27
V3,BH-x,2022-01-02,31538.18
V3,BH-x,2022-01-03,31133.36
V3,BH-x,2022-01-04,30834.26
V3,BH-x,2022-01-05,29689.62
V3,BH-x,2022-01-06,29504.24
V3,BH-x,2022-01-07,28760.38
V3,BH-x,2022-01-08,28809.93
V3,BH-x,2022-01-09,28894.59
V3,BH-x,2022-01-10,28868.90
V3,BH-x,2022-01-11,29308.01
V3,BH-x,2022-01-12,29879.93
V3,BH-x,2022-01-13,29231.48
V3,BH-x,2022-01-14,29478.57
V3,BH-x,2022-01-15,29487.27
V3,BH-x,2022-01-16,29478.96
V3,BH-x,2022-01-17,29052.03
V3,BH-x,2022-01-18,29119.45
V3,BH-x,2022-01-19,28776.18
V3,BH-x,2022-01-20,28289.53
V3,BH-x,2022-01-21,26192.22
V3,BH-x,2022-01-22,25488.26
V3,BH-x,2022-01-23,26092.71
V3,BH-x,2022-01-24,26302.78
V3,BH-x,2022-01-25,26453.16
V3,BH-x,2022-01-26,26378.40
V3,BH-x,2022-01-27,26561.23
V3,BH-x,2022-01-28,26842.03
V3,BH-x,2022-01-29,27069.50
V3,BH-x,2022-01-30,26921.00
V3,BH-x,2022-01-31,27217.23
V3,BH-x,2022-02-01,27332.50
V3,BH-x,2022-02-02,26428.14
V3,BH-x,2022-02-03,26640.99
V3,BH-x,2022-02-04,28802.91
V3,BH-x,2022-02-05,28702.95
V3,BH-x,2022-02-06,29188.78
V3,BH-x,2022-02-07,29903.39
V3,BH-x,2022-02-08,29995.39
V3,BH-x,2022-02-09,30150.86
V3,BH-x,2022-02-10,29723.43
V3,BH-x,2022-02-11,29180.70
V3,BH-x,2022-02-12,29098.22
V3,BH-x,2022-02-13,29013.09
V3,BH-x,2022-02-14,29245.57
V3,BH-x,2022-02-15,30225.34
V3,BH-x,2022-02-16,29895.26
V3,BH-x,2022-02-17,28263.24
V3,BH-x,2022-02-18,27995.83
V3,BH-x,2022-02-19,28044.23
V3,BH-x,2022-02-20,27202.50
V3,BH-x,2022-02-21,26508.61
V3,BH-x,2022-02-22,27131.72
V3,BH-x,2022-02-23,26640.99
V3,BH-x,2022-02-24,27191.92
V3,BH-x,2022-02-25,27638.21
V3,BH-x,2022-02-26,27581.62
V3,BH-x,2022-02-27,26870.08
V3,BH-x,2022-02-28,29642.34
V3,BH-x,2022-03-01,30252.64
V3,BH-x,2022-03-02,29992.85
V3,BH-x,2022-03-03,29287.84
V3,BH-x,2022-03-04,27661.47
V3,BH-x,2022-03-05,27782.36
V3,BH-x,2022-03-06,27291.78
V3,BH-x,2022-03-07,27075.64
V3,BH-x,2022-03-08,27447.21
V3,BH-x,2022-03-09,29058.80
V3,BH-x,2022-03-10,27816.51
V3,BH-x,2022-03-11,27471.99
V3,BH-x,2022-03-12,27511.33
V3,BH-x,2022-03-13,26994.67
V3,BH-x,2022-03-14,27958.58
V3,BH-x,2022-03-15,27758.95
V3,BH-x,2022-03-16,28674.54
V3,BH-x,2022-03-17,28571.25
V3,BH-x,2022-03-18,28983.40
V3,BH-x,2022-03-19,29195.99
V3,BH-x,2022-03-20,28728.20
V3,BH-x,2022-03-21,28597.82
V3,BH-x,2022-03-22,29266.61
V3,BH-x,2022-03-23,29515.56
V3,BH-x,2022-03-24,30057.41
V3,BH-x,2022-03-25,30210.29
V3,BH-x,2022-03-26,30303.54
V3,BH-x,2022-03-27,31423.40
V3,BH-x,2022-03-28,31557.09
V3,BH-x,2022-03-29,31699.19
V3,BH-x,2022-03-30,31518.27
V3,BH-x,2022-03-31,30770.46
V3,BH-x,2022-04-01,31136.00
V3,BH-x,2022-04-02,30903.53
V3,BH-x,2022-04-03,31182.77
V3,BH-x,2022-04-04,31258.79
V3,BH-x,2022-04-05,30735.78
V3,BH-x,2022-04-06,29612.30
V3,BH-x,2022-04-07,29740.99
V3,BH-x,2022-04-08,29155.98
V3,BH-x,2022-04-09,29396.02
V3,BH-x,2022-04-10,29101.34
V3,BH-x,2022-04-11,27808.07
V3,BH-x,2022-04-12,28084.91
V3,BH-x,2022-04-13,28619.60
V3,BH-x,2022-04-14,28021.27
V3,BH-x,2022-04-15,28327.54
V3,BH-x,2022-04-16,28238.85
V3,BH-x,2022-04-17,27886.61
V3,BH-x,2022-04-18,28452.52
V3,BH-x,2022-04-19,28793.13
V3,BH-x,2022-04-20,28721.93
V3,BH-x,2022-04-21,28288.56
V3,BH-x,2022-04-22,27908.72
V3,BH-x,2022-04-23,27780.75
V3,BH-x,2022-04-24,27792.36
V3,BH-x,2022-04-25,28282.75
V3,BH-x,2022-04-26,27126.76
V3,BH-x,2022-04-27,27698.88
V3,BH-x,2022-04-28,27953.11
V3,BH-x,2022-04-29,27375.93
V3,BH-x,2022-04-30,26889.25
V3,BH-x,2022-05-01,27312.08
V3,BH-x,2022-05-02,27335.11
V3,BH-x,2022-05-03,26927.89
V3,BH-x,2022-05-04,27918.03
V3,BH-x,2022-05-05,26344.29
V3,BH-x,2022-05-06,26070.99
V3,BH-x,2022-05-07,25792.27
V3,BH-x,2022-05-08,25048.28
V3,BH-x,2022-05-09,22971.38
V3,BH-x,2022-05-10,23477.01
V3,BH-x,2022-05-11,22446.31
V3,BH-x,2022-05-12,22417.69
V3,BH-x,2022-05-13,22559.13
V3,BH-x,2022-05-14,22991.98
V3,BH-x,2022-05-15,23661.94
V3,BH-x,2022-05-16,22877.22
V3,BH-x,2022-05-17,23185.58
V3,BH-x,2022-05-18,22251.32
V3,BH-x,2022-05-19,23132.36
V3,BH-x,2022-05-20,22521.26
V3,BH-x,2022-05-21,22654.96
V3,BH-x,2022-05-22,23117.50
V3,BH-x,2022-05-23,22470.20
V3,BH-x,2022-05-24,22770.96
V3,BH-x,2022-05-25,22705.79
V3,BH-x,2022-05-26,22516.75
V3,BH-x,2022-05-27,22198.82
V3,BH-x,2022-05-28,22415.49
V3,BH-x,2022-05-29,22650.32
V3,BH-x,2022-05-30,23883.07
V3,BH-x,2022-05-31,23913.71
V3,BH-x,2022-06-01,22842.60
V3,BH-x,2022-06-02,23194.32
V3,BH-x,2022-06-03,22786.80
V3,BH-x,2022-06-04,22874.39
V3,BH-x,2022-06-05,22902.48
V3,BH-x,2022-06-06,23689.03
V3,BH-x,2022-06-07,23556.77
V3,BH-x,2022-06-08,23056.73
V3,BH-x,2022-06-09,23000.53
V3,BH-x,2022-06-10,22444.26
V3,BH-x,2022-06-11,22077.15
V3,BH-x,2022-06-12,21054.43
V3,BH-x,2022-06-13,18753.46
V3,BH-x,2022-06-14,18546.96
V3,BH-x,2022-06-15,18814.56
V3,BH-x,2022-06-16,17523.40
V3,BH-x,2022-06-17,17565.42
V3,BH-x,2022-06-18,16649.91
V3,BH-x,2022-06-19,17648.81
V3,BH-x,2022-06-20,17647.94
V3,BH-x,2022-06-21,17737.01
V3,BH-x,2022-06-22,17290.28
V3,BH-x,2022-06-23,17980.59
V3,BH-x,2022-06-24,18054.46
V3,BH-x,2022-06-25,18204.67
V3,BH-x,2022-06-26,17929.29
V3,BH-x,2022-06-27,17748.13
V3,BH-x,2022-06-28,17468.44
V3,BH-x,2022-06-29,17369.36
V3,BH-x,2022-06-30,17261.04
V3,BH-x,2022-07-01,16855.36
V3,BH-x,2022-07-02,16838.06
V3,BH-x,2022-07-03,16875.36
V3,BH-x,2022-07-04,17445.22
V3,BH-x,2022-07-05,17406.02
V3,BH-x,2022-07-06,17640.75
V3,BH-x,2022-07-07,18283.93
V3,BH-x,2022-07-08,18263.14
V3,BH-x,2022-07-09,18258.00
V3,BH-x,2022-07-10,17815.91
V3,BH-x,2022-07-11,17267.96
V3,BH-x,2022-07-12,16875.70
V3,BH-x,2022-07-13,17438.01
V3,BH-x,2022-07-14,17653.07
V3,BH-x,2022-07-15,17798.47
V3,BH-x,2022-07-16,18018.53
V3,BH-x,2022-07-17,17775.05
V3,BH-x,2022-07-18,18763.72
V3,BH-x,2022-07-19,19332.65
V3,BH-x,2022-07-20,19227.03
V3,BH-x,2022-07-21,19181.10
V3,BH-x,2022-07-22,18902.57
V3,BH-x,2022-07-23,18761.48
V3,BH-x,2022-07-24,18834.90
V3,BH-x,2022-07-25,18081.12
V3,BH-x,2022-07-26,18044.36
V3,BH-x,2022-07-27,19066.82
V3,BH-x,2022-07-28,19588.44
V3,BH-x,2022-07-29,19543.88
V3,BH-x,2022-07-30,19463.64
V3,BH-x,2022-07-31,19255.19
V3,BH-x,2022-08-01,19236.70
V3,BH-x,2022-08-02,19068.60
V3,BH-x,2022-08-03,18968.65
V3,BH-x,2022-08-04,18852.84
V3,BH-x,2022-08-05,19259.63
V3,BH-x,2022-08-06,19045.88
V3,BH-x,2022-08-07,19174.11
V3,BH-x,2022-08-08,19544.65
V3,BH-x,2022-08-09,19155.82
V3,BH-x,2022-08-10,19627.38
V3,BH-x,2022-08-11,19612.85
V3,BH-x,2022-08-12,19885.09
V3,BH-x,2022-08-13,19905.92
V3,BH-x,2022-08-14,19826.67
V3,BH-x,2022-08-15,19705.29
V3,BH-x,2022-08-16,19564.91
V3,BH-x,2022-08-17,19265.10
V3,BH-x,2022-08-18,19172.79
V3,BH-x,2022-08-19,17787.69
V3,BH-x,2022-08-20,17974.41
V3,BH-x,2022-08-21,18202.39
V3,BH-x,2022-08-22,18133.74
V3,BH-x,2022-08-23,18212.42
V3,BH-x,2022-08-24,18116.33
V3,BH-x,2022-08-25,18230.57
V3,BH-x,2022-08-26,17438.18
V3,BH-x,2022-08-27,17315.31
V3,BH-x,2022-08-28,17020.93
V3,BH-x,2022-08-29,17476.06
V3,BH-x,2022-08-30,17186.90
V3,BH-x,2022-08-31,17332.76
V3,BH-x,2022-09-01,17380.90
V3,BH-x,2022-09-02,17269.26
V3,BH-x,2022-09-03,17194.22
V3,BH-x,2022-09-04,17296.96
V3,BH-x,2022-09-05,17170.43
V3,BH-x,2022-09-06,16549.92
V3,BH-x,2022-09-07,16865.30
V3,BH-x,2022-09-08,16880.87
V3,BH-x,2022-09-09,18144.98
V3,BH-x,2022-09-10,18315.10
V3,BH-x,2022-09-11,18419.32
V3,BH-x,2022-09-12,18756.70
V3,BH-x,2022-09-13,17430.40
V3,BH-x,2022-09-14,17463.30
V3,BH-x,2022-09-15,17139.97
V3,BH-x,2022-09-16,17200.79
V3,BH-x,2022-09-17,17391.22
V3,BH-x,2022-09-18,16960.56
V3,BH-x,2022-09-19,17036.17
V3,BH-x,2022-09-20,16624.15
V3,BH-x,2022-09-21,16364.20
V3,BH-x,2022-09-22,16957.64
V3,BH-x,2022-09-23,16887.64
V3,BH-x,2022-09-24,16656.66
V3,BH-x,2022-09-25,16585.05
V3,BH-x,2022-09-26,16847.59
V3,BH-x,2022-09-27,16752.53
V3,BH-x,2022-09-28,16960.07
V3,BH-x,2022-09-29,17068.57
V3,BH-x,2022-09-30,16960.39
V3,BH-x,2022-10-01,16888.67
V3,BH-x,2022-10-02,16728.89
V3,BH-x,2022-10-03,17083.18
V3,BH-x,2022-10-04,17517.79
V3,BH-x,2022-10-05,17404.16
V3,BH-x,2022-10-06,17279.25
V3,BH-x,2022-10-07,17011.04
V3,BH-x,2022-10-08,16939.79
V3,BH-x,2022-10-09,16952.01
V3,BH-x,2022-10-10,16759.01
V3,BH-x,2022-10-11,16710.71
V3,BH-x,2022-10-12,16766.65
V3,BH-x,2022-10-13,16900.67
V3,BH-x,2022-10-14,16775.24
V3,BH-x,2022-10-15,16706.89
V3,BH-x,2022-10-16,16826.61
V3,BH-x,2022-10-17,17003.27
V3,BH-x,2022-10-18,16862.20
V3,BH-x,2022-10-19,16732.77
V3,BH-x,2022-10-20,16679.61
V3,BH-x,2022-10-21,16754.83
V3,BH-x,2022-10-22,16778.27
V3,BH-x,2022-10-23,17004.24
V3,BH-x,2022-10-24,16852.96
V3,BH-x,2022-10-25,17316.20
V3,BH-x,2022-10-26,17738.17
V3,BH-x,2022-10-27,17449.18
V3,BH-x,2022-10-28,17630.48
V3,BH-x,2022-10-29,17761.56
V3,BH-x,2022-10-30,17650.34
V3,BH-x,2022-10-31,17566.59
V3,BH-x,2022-11-01,17562.14
V3,BH-x,2022-11-02,17358.53
V3,BH-x,2022-11-03,17391.55
V3,BH-x,2022-11-04,17965.23
V3,BH-x,2022-11-05,18053.85
V3,BH-x,2022-11-06,17813.74
V3,BH-x,2022-11-07,17619.84
V3,BH-x,2022-11-08,16375.30
V3,BH-x,2022-11-09,14733.60
V3,BH-x,2022-11-10,15863.70
V3,BH-x,2022-11-11,15527.43
V3,BH-x,2022-11-12,15359.50
V3,BH-x,2022-11-13,15046.94
V3,BH-x,2022-11-14,15237.89
V3,BH-x,2022-11-15,15423.86
V3,BH-x,2022-11-16,15271.71
V3,BH-x,2022-11-17,15292.46
V3,BH-x,2022-11-18,15297.54
V3,BH-x,2022-11-19,15296.36
V3,BH-x,2022-11-20,15022.55
V3,BH-x,2022-11-21,14694.48
V3,BH-x,2022-11-22,14989.06
V3,BH-x,2022-11-23,15233.91
V3,BH-x,2022-11-24,15229.72
V3,BH-x,2022-11-25,15179.23
V3,BH-x,2022-11-26,15137.20
V3,BH-x,2022-11-27,15117.54
V3,BH-x,2022-11-28,14976.10
V3,BH-x,2022-11-29,15125.89
V3,BH-x,2022-11-30,15595.39
V3,BH-x,2022-12-01,15474.47
V3,BH-x,2022-12-02,15548.39
V3,BH-x,2022-12-03,15412.22
V3,BH-x,2022-12-04,15553.33
V3,BH-x,2022-12-05,15463.26
V3,BH-x,2022-12-06,15541.71
V3,BH-x,2022-12-07,15377.89
V3,BH-x,2022-12-08,15628.94
V3,BH-x,2022-12-09,15566.42
V3,BH-x,2022-12-10,15565.80
V3,BH-x,2022-12-11,15538.12
V3,BH-x,2022-12-12,15618.38
V3,BH-x,2022-12-13,15980.94
V3,BH-x,2022-12-14,15995.71
V3,BH-x,2022-12-15,15707.62
V3,BH-x,2022-12-16,15240.98
V3,BH-x,2022-12-17,15332.88
V3,BH-x,2022-12-18,15306.65
V3,BH-x,2022-12-19,15110.59
V3,BH-x,2022-12-20,15407.88
V3,BH-x,2022-12-21,15359.86
V3,BH-x,2022-12-22,15355.76
V3,BH-x,2022-12-23,15324.76
V3,BH-x,2022-12-24,15359.87
V3,BH-x,2022-12-25,15356.68
V3,BH-x,2022-12-26,15413.13
V3,BH-x,2022-12-27,15273.97
V3,BH-x,2022-12-28,15168.90
V3,BH-x,2022-12-29,15221.94
V3,BH-x,2022-12-30,15202.11
V3,BH-x,2022-12-31,15156.54
V3,BH-x,2023-01-01,15202.72
V3,BH-x,2023-01-02,15239.54
V3,BH-x,2023-01-03,15238.62
V3,BH-x,2023-01-04,15350.76
V3,BH-x,2023-01-05,15336.92
V3,BH-x,2023-01-06,15411.56
V3,BH-x,2023-01-07,15405.54
V3,BH-x,2023-01-08,15522.04
V3,BH-x,2023-01-09,15553.85
V3,BH-x,2023-01-10,15720.97
V3,BH-x,2023-01-11,16042.30
V3,BH-x,2023-01-12,16613.00
V3,BH-x,2023-01-13,17288.31
V3,BH-x,2023-01-14,17912.06
V3,BH-x,2023-01-15,17855.54
V3,BH-x,2023-01-16,18042.68
V3,BH-x,2023-01-17,18008.07
V3,BH-x,2023-01-18,17727.36
V3,BH-x,2023-01-19,17963.66
V3,BH-x,2023-01-20,18926.31
V3,BH-x,2023-01-21,18991.29
V3,BH-x,2023-01-22,18942.43
V3,BH-x,2023-01-23,19062.00
V3,BH-x,2023-01-24,18890.36
V3,BH-x,2023-01-25,19140.17
V3,BH-x,2023-01-26,19105.85
V3,BH-x,2023-01-27,19139.89
V3,BH-x,2023-01-28,19105.43
V3,BH-x,2023-01-29,19525.70
V3,BH-x,2023-01-30,18986.22
V3,BH-x,2023-01-31,19158.86
V3,BH-x,2023-02-01,19512.39
V3,BH-x,2023-02-02,19365.86
V3,BH-x,2023-02-03,19328.32
V3,BH-x,2023-02-04,19262.63
V3,BH-x,2023-02-05,19027.40
V3,BH-x,2023-02-06,18922.90
V3,BH-x,2023-02-07,19201.16
V3,BH-x,2023-02-08,19034.20
V3,BH-x,2023-02-09,18343.05
V3,BH-x,2023-02-10,18236.80
V3,BH-x,2023-02-11,18376.62
V3,BH-x,2023-02-12,18327.14
V3,BH-x,2023-02-13,18319.02
V3,BH-x,2023-02-14,18569.83
V3,BH-x,2023-02-15,19830.44
V3,BH-x,2023-02-16,19357.30
V3,BH-x,2023-02-17,19968.54
V3,BH-x,2023-02-18,20000.07
V3,BH-x,2023-02-19,19788.02
V3,BH-x,2023-02-20,20114.23
V3,BH-x,2023-02-21,19885.56
V3,BH-x,2023-02-22,19725.34
V3,BH-x,2023-02-23,19582.68
V3,BH-x,2023-02-24,19141.80
V3,BH-x,2023-02-25,19125.01
V3,BH-x,2023-02-26,19356.16
V3,BH-x,2023-02-27,19317.29
V3,BH-x,2023-02-28,19110.95
V3,BH-x,2023-03-01,19394.19
V3,BH-x,2023-03-02,19295.21
V3,BH-x,2023-03-03,18645.37
V3,BH-x,2023-03-04,18639.91
V3,BH-x,2023-03-05,18688.69
V3,BH-x,2023-03-06,18674.73
V3,BH-x,2023-03-07,18548.10
V3,BH-x,2023-03-08,18253.49
V3,BH-x,2023-03-09,17447.02
V3,BH-x,2023-03-10,17319.49
V3,BH-x,2023-03-11,17506.05
V3,BH-x,2023-03-12,18442.61
V3,BH-x,2023-03-13,19699.90
V3,BH-x,2023-03-14,20015.50
V3,BH-x,2023-03-15,19785.71
V3,BH-x,2023-03-16,20194.29
V3,BH-x,2023-03-17,21566.33
V3,BH-x,2023-03-18,21288.98
V3,BH-x,2023-03-19,21883.34
V3,BH-x,2023-03-20,21736.60
V3,BH-x,2023-03-21,21951.56
V3,BH-x,2023-03-22,21476.49
V3,BH-x,2023-03-23,22059.93
V3,BH-x,2023-03-24,21589.41
V3,BH-x,2023-03-25,21594.08
V3,BH-x,2023-03-26,21876.21
V3,BH-x,2023-03-27,21406.87
V3,BH-x,2023-03-28,21482.12
V3,BH-x,2023-03-29,22087.48
V3,BH-x,2023-03-30,21908.14
V3,BH-x,2023-03-31,22148.61
V3,BH-x,2023-04-01,22137.09
V3,BH-x,2023-04-02,21979.32
V3,BH-x,2023-04-03,21772.22
V3,BH-x,2023-04-04,21976.92
V3,BH-x,2023-04-05,21976.85
V3,BH-x,2023-04-06,21901.04
V3,BH-x,2023-04-07,21830.18
V3,BH-x,2023-04-08,21847.39
V3,BH-x,2023-04-09,22061.63
V3,BH-x,2023-04-10,22784.48
V3,BH-x,2023-04-11,23087.19
V3,BH-x,2023-04-12,22914.33
V3,BH-x,2023-04-13,23175.51
V3,BH-x,2023-04-14,23223.78
V3,BH-x,2023-04-15,23128.49
V3,BH-x,2023-04-16,23129.22
V3,BH-x,2023-04-17,22650.57
V3,BH-x,2023-04-18,23168.15
V3,BH-x,2023-04-19,22307.81
V3,BH-x,2023-04-20,22000.32
V3,BH-x,2023-04-21,21453.39
V3,BH-x,2023-04-22,21760.25
V3,BH-x,2023-04-23,21633.34
V3,BH-x,2023-04-24,21587.26
V3,BH-x,2023-04-25,22024.52
V3,BH-x,2023-04-26,22085.32
V3,BH-x,2023-04-27,22667.48
V3,BH-x,2023-04-28,22575.52
V3,BH-x,2023-04-29,22528.71
V3,BH-x,2023-04-30,22528.19
V3,BH-x,2023-05-01,21890.87
V3,BH-x,2023-05-02,22222.95
V3,BH-x,2023-05-03,22416.06
V3,BH-x,2023-05-04,22309.04
V3,BH-x,2023-05-05,22672.38
V3,BH-x,2023-05-06,22308.63
V3,BH-x,2023-05-07,22076.62
V3,BH-x,2023-05-08,21655.80
V3,BH-x,2023-05-09,21631.37
V3,BH-x,2023-05-10,21613.06
V3,BH-x,2023-05-11,21260.34
V3,BH-x,2023-05-12,21161.53
V3,BH-x,2023-05-13,21148.98
V3,BH-x,2023-05-14,21227.62
V3,BH-x,2023-05-15,21364.22
V3,BH-x,2023-05-16,21289.85
V3,BH-x,2023-05-17,21494.86
V3,BH-x,2023-05-18,21164.91
V3,BH-x,2023-05-19,21196.32
V3,BH-x,2023-05-20,21319.75
V3,BH-x,2023-05-21,21118.95
V3,BH-x,2023-05-22,21174.68
V3,BH-x,2023-05-23,21377.68
V3,BH-x,2023-05-24,20878.22
V3,BH-x,2023-05-25,20955.96
V3,BH-x,2023-05-26,21082.86
V3,BH-x,2023-05-27,21162.61
V3,BH-x,2023-05-28,21836.03
V3,BH-x,2023-05-29,21649.72
V3,BH-x,2023-05-30,21623.49
V3,BH-x,2023-05-31,21352.65
V3,BH-x,2023-06-01,21130.56
V3,BH-x,2023-06-02,21364.69
V3,BH-x,2023-06-03,21264.60
V3,BH-x,2023-06-04,21286.51
V3,BH-x,2023-06-05,20508.74
V3,BH-x,2023-06-06,21360.21
V3,BH-x,2023-06-07,20860.12
V3,BH-x,2023-06-08,20947.87
V3,BH-x,2023-06-09,20933.37
V3,BH-x,2023-06-10,20573.55
V3,BH-x,2023-06-11,20619.28
V3,BH-x,2023-06-12,20605.52
V3,BH-x,2023-06-13,20618.63
V3,BH-x,2023-06-14,20162.25
V3,BH-x,2023-06-15,20428.74
V3,BH-x,2023-06-16,20851.30
V3,BH-x,2023-06-17,20943.95
V3,BH-x,2023-06-18,20841.84
V3,BH-x,2023-06-19,21122.86
V3,BH-x,2023-06-20,21940.94
V3,BH-x,2023-06-21,22866.42
V3,BH-x,2023-06-22,22802.64
V3,BH-x,2023-06-23,23233.42
V3,BH-x,2023-06-24,23141.83
V3,BH-x,2023-06-25,23102.01
V3,BH-x,2023-06-26,22992.20
V3,BH-x,2023-06-27,23216.38
V3,BH-x,2023-06-28,22881.89
V3,BH-x,2023-06-29,23077.63
V3,BH-x,2023-06-30,23086.00
V3,BH-x,2023-07-01,23142.39
V3,BH-x,2023-07-02,23154.20
V3,BH-x,2023-07-03,23438.97
V3,BH-x,2023-07-04,23225.68
V3,BH-x,2023-07-05,23080.36
V3,BH-x,2023-07-06,22749.62
V3,BH-x,2023-07-07,22991.84
V3,BH-x,2023-07-08,22958.19
V3,BH-x,2023-07-09,22888.39
V3,BH-x,2023-07-10,23022.73
V3,BH-x,2023-07-11,23132.66
V3,BH-x,2023-07-12,22999.73
V3,BH-x,2023-07-13,23576.66
V3,BH-x,2023-07-14,22963.33
V3,BH-x,2023-07-15,22951.44
V3,BH-x,2023-07-16,22918.13
V3,BH-x,2023-07-17,22865.01
V3,BH-x,2023-07-18,22711.72
V3,BH-x,2023-07-19,22735.09
V3,BH-x,2023-07-20,22673.22
V3,BH-x,2023-07-21,22727.03
V3,BH-x,2023-07-22,22668.32
V3,BH-x,2023-07-23,22821.36
V3,BH-x,2023-07-24,22328.42
V3,BH-x,2023-07-25,22353.10
V3,BH-x,2023-07-26,22415.96
V3,BH-x,2023-07-27,22344.30
V3,BH-x,2023-07-28,22390.59
V3,BH-x,2023-07-29,22408.11
V3,BH-x,2023-07-30,22366.28
V3,BH-x,2023-07-31,22336.92
V3,BH-x,2023-08-01,22590.45
V3,BH-x,2023-08-02,22304.69
V3,BH-x,2023-08-03,22304.07
V3,BH-x,2023-08-04,22256.38
V3,BH-x,2023-08-05,22229.82
V3,BH-x,2023-08-06,22233.94
V3,BH-x,2023-08-07,22296.17
V3,BH-x,2023-08-08,22595.54
V3,BH-x,2023-08-09,22489.67
V3,BH-x,2023-08-10,22416.96
V3,BH-x,2023-08-11,22396.57
V3,BH-x,2023-08-12,22394.15
V3,BH-x,2023-08-13,22321.93
V3,BH-x,2023-08-14,22385.95
V3,BH-x,2023-08-15,22256.38
V3,BH-x,2023-08-16,21997.39
V3,BH-x,2023-08-17,20846.45
V3,BH-x,2023-08-18,20527.43
V3,BH-x,2023-08-19,20554.05
V3,BH-x,2023-08-20,20605.51
V3,BH-x,2023-08-21,20570.78
V3,BH-x,2023-08-22,20530.99
V3,BH-x,2023-08-23,20741.46
V3,BH-x,2023-08-24,20599.91
V3,BH-x,2023-08-25,20531.73
V3,BH-x,2023-08-26,20506.22
V3,BH-x,2023-08-27,20552.71
V3,BH-x,2023-08-28,20561.66
V3,BH-x,2023-08-29,21455.43
V3,BH-x,2023-08-30,21224.21
V3,BH-x,2023-08-31,20470.73
V3,BH-x,2023-09-01,20392.47
V3,BH-x,2023-09-02,20427.95
V3,BH-x,2023-09-03,20483.85
V3,BH-x,2023-09-04,20402.04
V3,BH-x,2023-09-05,20382.22
V3,BH-x,2023-09-06,20364.01
V3,BH-x,2023-09-07,20639.95
V3,BH-x,2023-09-08,20447.92
V3,BH-x,2023-09-09,20443.52
V3,BH-x,2023-09-10,20409.03
V3,BH-x,2023-09-11,20027.48
V3,BH-x,2023-09-12,20409.99
V3,BH-x,2023-09-13,20623.34
V3,BH-x,2023-09-14,20791.52
V3,BH-x,2023-09-15,20833.94
V3,BH-x,2023-09-16,20812.81
V3,BH-x,2023-09-17,20794.50
V3,BH-x,2023-09-18,20926.38
V3,BH-x,2023-09-19,21175.32
V3,BH-x,2023-09-20,21129.29
V3,BH-x,2023-09-21,20819.30
V3,BH-x,2023-09-22,20825.56
V3,BH-x,2023-09-23,20821.98
V3,BH-x,2023-09-24,20638.71
V3,BH-x,2023-09-25,20668.46
V3,BH-x,2023-09-26,20621.97
V3,BH-x,2023-09-27,20704.27
V3,BH-x,2023-09-28,21066.76
V3,BH-x,2023-09-29,21004.27
V3,BH-x,2023-09-30,21034.51
V3,BH-x,2023-10-01,21605.82
V3,BH-x,2023-10-02,21331.91
V3,BH-x,2023-10-03,21293.13
V3,BH-x,2023-10-04,21485.94
V3,BH-x,2023-10-05,21285.19
V3,BH-x,2023-10-06,21572.90
V3,BH-x,2023-10-07,21585.86
V3,BH-x,2023-10-08,21563.13
V3,BH-x,2023-10-09,21381.37
V3,BH-x,2023-10-10,21269.30
V3,BH-x,2023-10-11,20982.27
V3,BH-x,2023-10-12,20915.01
V3,BH-x,2023-10-13,20970.87
V3,BH-x,2023-10-14,20964.88
V3,BH-x,2023-10-15,21131.48
V3,BH-x,2023-10-16,21874.52
V3,BH-x,2023-10-17,21817.43
V3,BH-x,2023-10-18,21776.44
V3,BH-x,2023-10-19,21993.49
V3,BH-x,2023-10-20,22514.12
V3,BH-x,2023-10-21,22642.55
V3,BH-x,2023-10-22,22685.69
V3,BH-x,2023-10-23,24336.60
V3,BH-x,2023-10-24,24777.28
V3,BH-x,2023-10-25,25069.52
V3,BH-x,2023-10-26,24886.35
V3,BH-x,2023-10-27,24746.62
V3,BH-x,2023-10-28,24839.39
V3,BH-x,2023-10-29,25064.47
V3,BH-x,2023-10-30,25032.74
V3,BH-x,2023-10-31,25112.55
V3,BH-x,2023-11-01,25509.82
V3,BH-x,2023-11-02,25258.86
V3,BH-x,2023-11-03,25138.01
V3,BH-x,2023-11-04,25310.29
V3,BH-x,2023-11-05,25279.15
V3,BH-x,2023-11-06,25291.31
V3,BH-x,2023-11-07,25466.93
V3,BH-x,2023-11-08,25576.82
V3,BH-x,2023-11-09,26118.61
V3,BH-x,2023-11-10,26416.38
V3,BH-x,2023-11-11,26322.28
V3,BH-x,2023-11-12,26276.73
V3,BH-x,2023-11-13,25961.98
V3,BH-x,2023-11-14,25491.85
V3,BH-x,2023-11-15,26661.75
V3,BH-x,2023-11-16,25806.73
V3,BH-x,2023-11-17,26029.59
V3,BH-x,2023-11-18,26000.90
V3,BH-x,2023-11-19,26395.34
V3,BH-x,2023-11-20,26434.35
V3,BH-x,2023-11-21,25572.55
V3,BH-x,2023-11-22,26414.36
V3,BH-x,2023-11-23,26351.51
V3,BH-x,2023-11-24,26556.38
V3,BH-x,2023-11-25,26584.29
V3,BH-x,2023-11-26,26412.03
V3,BH-x,2023-11-27,26303.80
V3,BH-x,2023-11-28,26587.33
V3,BH-x,2023-11-29,26599.53
V3,BH-x,2023-11-30,26528.61
V3,BH-x,2023-12-01,27001.90
V3,BH-x,2023-12-02,27377.82
V3,BH-x,2023-12-03,27629.33
V3,BH-x,2023-12-04,28614.91
V3,BH-x,2023-12-05,29616.96
V3,BH-x,2023-12-06,29462.34
V3,BH-x,2023-12-07,29221.89
V3,BH-x,2023-12-08,29641.56
V3,BH-x,2023-12-09,29411.08
V3,BH-x,2023-12-10,29433.78
V3,BH-x,2023-12-11,28215.34
V3,BH-x,2023-12-12,28325.46
V3,BH-x,2023-12-13,28986.20
V3,BH-x,2023-12-14,29053.64
V3,BH-x,2023-12-15,28528.31
V3,BH-x,2023-12-16,28685.45
V3,BH-x,2023-12-17,28243.84
V3,BH-x,2023-12-18,28858.37
V3,BH-x,2023-12-19,28668.69
V3,BH-x,2023-12-20,29330.84
V3,BH-x,2023-12-21,29405.10
V3,BH-x,2023-12-22,29439.80
V3,BH-x,2023-12-23,29304.19
V3,BH-x,2023-12-24,28955.10
V3,BH-x,2023-12-25,29222.95
V3,BH-x,2023-12-26,28694.37
V3,BH-x,2023-12-27,29115.62
V3,BH-x,2023-12-28,28682.64
V3,BH-x,2023-12-29,28413.76
V3,BH-x,2023-12-30,28425.85
V3,BH-x,2023-12-31,28475.13
V3,BH-x,2024-01-01,29362.43
V3,BH-x,2024-01-02,29692.50
V3,BH-x,2024-01-03,28695.86
V3,BH-x,2024-01-04,29311.16
V3,BH-x,2024-01-05,29302.09
V3,BH-x,2024-01-06,29212.46
V3,BH-x,2024-01-07,29187.69
V3,BH-x,2024-01-08,30608.09
V3,BH-x,2024-01-09,30212.01
V3,BH-x,2024-01-10,30458.81
V3,BH-x,2024-01-11,30306.28
V3,BH-x,2024-01-12,28647.24
V3,BH-x,2024-01-13,28672.18
V3,BH-x,2024-01-14,28135.65
V3,BH-x,2024-01-15,28502.69
V3,BH-x,2024-01-16,28795.23
V3,BH-x,2024-01-17,28617.47
V3,BH-x,2024-01-18,27922.81
V3,BH-x,2024-01-19,28076.01
V3,BH-x,2024-01-20,28087.75
V3,BH-x,2024-01-21,28026.38
V3,BH-x,2024-01-22,27056.71
V3,BH-x,2024-01-23,27211.07
V3,BH-x,2024-01-24,27296.02
V3,BH-x,2024-01-25,27230.31
V3,BH-x,2024-01-26,28126.20
V3,BH-x,2024-01-27,28262.72
V3,BH-x,2024-01-28,28215.05
V3,BH-x,2024-01-29,28815.72
V3,BH-x,2024-01-30,28639.71
V3,BH-x,2024-01-31,28464.09
V3,BH-x,2024-02-01,28696.90
V3,BH-x,2024-02-02,28746.18
V3,BH-x,2024-02-03,28651.82
V3,BH-x,2024-02-04,28443.62
V3,BH-x,2024-02-05,28497.27
V3,BH-x,2024-02-06,28676.87
V3,BH-x,2024-02-07,29263.79
V3,BH-x,2024-02-08,29700.06
V3,BH-x,2024-02-09,30554.47
V3,BH-x,2024-02-10,30833.17
V3,BH-x,2024-02-11,31078.42
V3,BH-x,2024-02-12,31811.17
V3,BH-x,2024-02-13,31705.83
V3,BH-x,2024-02-14,32648.40
V3,BH-x,2024-02-15,32679.44
V3,BH-x,2024-02-16,32781.72
V3,BH-x,2024-02-17,32558.19
V3,BH-x,2024-02-18,32768.44
V3,BH-x,2024-02-19,32593.34
V3,BH-x,2024-02-20,32800.22
V3,BH-x,2024-02-21,32610.36
V3,BH-x,2024-02-22,32351.33
V3,BH-x,2024-02-23,32099.82
V3,BH-x,2024-02-24,32463.36
V3,BH-x,2024-02-25,32525.63
V3,BH-x,2024-02-26,33735.65
V3,BH-x,2024-02-27,34831.55
V3,BH-x,2024-02-28,37146.55
V3,BH-x,2024-02-29,36543.08
V3,BH-x,2024-03-01,37034.30
V3,BH-x,2024-03-02,36826.66
V3,BH-x,2024-03-03,37267.22
V3,BH-x,2024-03-04,39376.33
V3,BH-x,2024-03-05,37461.11
V3,BH-x,2024-03-06,38410.86
V3,BH-x,2024-03-07,38686.03
V3,BH-x,2024-03-08,39182.36
V3,BH-x,2024-03-09,39238.24
V3,BH-x,2024-03-10,39458.97
V3,BH-x,2024-03-11,40677.83
V3,BH-x,2024-03-12,40386.98
V3,BH-x,2024-03-13,40996.68
V3,BH-x,2024-03-14,40296.08
V3,BH-x,2024-03-15,39518.95
V3,BH-x,2024-03-16,37807.28
V3,BH-x,2024-03-17,39064.60
V3,BH-x,2024-03-18,38725.00
V3,BH-x,2024-03-19,36394.51
V3,BH-x,2024-03-20,38847.56
V3,BH-x,2024-03-21,37882.25
V3,BH-x,2024-03-22,37171.49
V3,BH-x,2024-03-23,37243.41
V3,BH-x,2024-03-24,38564.14
V3,BH-x,2024-03-25,39633.27
V3,BH-x,2024-03-26,39657.90
V3,BH-x,2024-03-27,39420.63
V3,BH-x,2024-03-28,39925.64
V3,BH-x,2024-03-29,39531.94
V3,BH-x,2024-03-30,39399.80
V3,BH-x,2024-03-31,40051.35
V3,BH-x,2024-04-01,39363.22
V3,BH-x,2024-04-02,37671.97
V3,BH-x,2024-04-03,37868.08
V3,BH-x,2024-04-04,38889.72
V3,BH-x,2024-04-05,38612.26
V3,BH-x,2024-04-06,39039.03
V3,BH-x,2024-04-07,39217.67
V3,BH-x,2024-04-08,40110.05
V3,BH-x,2024-04-09,39108.36
V3,BH-x,2024-04-10,39695.59
V3,BH-x,2024-04-11,39430.88
V3,BH-x,2024-04-12,38260.69
V3,BH-x,2024-04-13,36959.68
V3,BH-x,2024-04-14,37665.48
V3,BH-x,2024-04-15,36745.97
V3,BH-x,2024-04-16,36894.72
V3,BH-x,2024-04-17,35856.53
V3,BH-x,2024-04-18,36765.71
V3,BH-x,2024-04-19,36906.45
V3,BH-x,2024-04-20,37364.18
V3,BH-x,2024-04-21,37361.92
V3,BH-x,2024-04-22,38127.58
V3,BH-x,2024-04-23,37962.47
V3,BH-x,2024-04-24,37095.98
V3,BH-x,2024-04-25,37178.34
V3,BH-x,2024-04-26,36877.95
V3,BH-x,2024-04-27,36746.07
V3,BH-x,2024-04-28,36604.36
V3,BH-x,2024-04-29,36908.45
V3,BH-x,2024-04-30,35589.41
V3,BH-x,2024-05-01,34620.62
V3,BH-x,2024-05-02,34910.68
V3,BH-x,2024-05-03,36514.89
V3,BH-x,2024-05-04,36927.34
V3,BH-x,2024-05-05,36973.60
V3,BH-x,2024-05-06,36624.16
V3,BH-x,2024-05-07,36268.37
V3,BH-x,2024-05-08,35800.51
V3,BH-x,2024-05-09,36578.26
V3,BH-x,2024-05-10,35637.48
V3,BH-x,2024-05-11,35643.82
V3,BH-x,2024-05-12,35913.87
V3,BH-x,2024-05-13,36511.12
V3,BH-x,2024-05-14,35943.23
V3,BH-x,2024-05-15,37859.93
V3,BH-x,2024-05-16,37462.40
V3,BH-x,2024-05-17,38190.88
V3,BH-x,2024-05-18,38144.70
V3,BH-x,2024-05-19,37881.40
V3,BH-x,2024-05-20,39979.20
V3,BH-x,2024-05-21,39454.37
V3,BH-x,2024-05-22,39052.04
V3,BH-x,2024-05-23,38563.54
V3,BH-x,2024-05-24,38789.26
V3,BH-x,2024-05-25,39078.74
V3,BH-x,2024-05-26,38756.69
V3,BH-x,2024-05-27,39121.75
V3,BH-x,2024-05-28,38697.87
V3,BH-x,2024-05-29,38389.05
V3,BH-x,2024-05-30,38662.99
V3,BH-x,2024-05-31,38326.46
V3,BH-x,2024-06-01,38409.68
V3,BH-x,2024-06-02,38401.00
V3,BH-x,2024-06-03,38812.14
V3,BH-x,2024-06-04,39495.79
V3,BH-x,2024-06-05,39711.50
V3,BH-x,2024-06-06,39579.83
V3,BH-x,2024-06-07,38998.00
V3,BH-x,2024-06-08,38971.66
V3,BH-x,2024-06-09,39098.25
V3,BH-x,2024-06-10,39046.79
V3,BH-x,2024-06-11,38150.50
V3,BH-x,2024-06-12,38524.82
V3,BH-x,2024-06-13,37918.76
V3,BH-x,2024-06-14,37616.54
V3,BH-x,2024-06-15,37683.09
V3,BH-x,2024-06-16,37856.42
V3,BH-x,2024-06-17,37778.75
V3,BH-x,2024-06-18,37234.76
V3,BH-x,2024-06-19,37148.67
V3,BH-x,2024-06-20,37101.85
V3,BH-x,2024-06-21,36801.20
V3,BH-x,2024-06-22,36843.17
V3,BH-x,2024-06-23,36410.20
V3,BH-x,2024-06-24,35209.51
V3,BH-x,2024-06-25,35831.86
V3,BH-x,2024-06-26,35436.60
V3,BH-x,2024-06-27,35777.14
V3,BH-x,2024-06-28,35242.79
V3,BH-x,2024-06-29,35466.85
V3,BH-x,2024-06-30,36196.97
V3,BH-x,2024-07-01,36241.69
V3,BH-x,2024-07-02,35920.99
V3,BH-x,2024-07-03,35121.87
V3,BH-x,2024-07-04,33805.28
V3,BH-x,2024-07-05,33622.72
V3,BH-x,2024-07-06,34294.30
V3,BH-x,2024-07-07,33294.76
V3,BH-x,2024-07-08,33651.44
V3,BH-x,2024-07-09,34209.41
V3,BH-x,2024-07-10,34067.68
V3,BH-x,2024-07-11,33898.58
V3,BH-x,2024-07-12,34126.03
V3,BH-x,2024-07-13,34670.68
V3,BH-x,2024-07-14,35328.74
V3,BH-x,2024-07-15,36947.90
V3,BH-x,2024-07-16,37075.93
V3,BH-x,2024-07-17,36688.62
V3,BH-x,2024-07-18,36646.52
V3,BH-x,2024-07-19,37730.31
V3,BH-x,2024-07-20,37923.19
V3,BH-x,2024-07-21,38335.36
V3,BH-x,2024-07-22,38077.44
V3,BH-x,2024-07-23,37434.37
V3,BH-x,2024-07-24,37200.49
V3,BH-x,2024-07-25,37363.96
V3,BH-x,2024-07-26,38208.26
V3,BH-x,2024-07-27,38197.24
V3,BH-x,2024-07-28,38333.02
V3,BH-x,2024-07-29,37741.79
V3,BH-x,2024-07-30,37498.28
V3,BH-x,2024-07-31,36866.58
V3,BH-x,2024-08-01,37153.45
V3,BH-x,2024-08-02,35588.15
V3,BH-x,2024-08-03,35253.01
V3,BH-x,2024-08-04,34199.76
V3,BH-x,2024-08-05,32464.25
V3,BH-x,2024-08-06,33318.41
V3,BH-x,2024-08-07,32944.27
V3,BH-x,2024-08-08,35724.21
V3,BH-x,2024-08-09,35372.23
V3,BH-x,2024-08-10,35409.38
V3,BH-x,2024-08-11,34495.53
V3,BH-x,2024-08-12,34758.33
V3,BH-x,2024-08-13,35273.86
V3,BH-x,2024-08-14,34488.36
V3,BH-x,2024-08-15,34013.41
V3,BH-x,2024-08-16,34578.12
V3,BH-x,2024-08-17,34834.29
V3,BH-x,2024-08-18,34391.50
V3,BH-x,2024-08-19,34817.39
V3,BH-x,2024-08-20,34640.61
V3,BH-x,2024-08-21,35535.75
V3,BH-x,2024-08-22,35215.71
V3,BH-x,2024-08-23,36734.37
V3,BH-x,2024-08-24,36781.91
V3,BH-x,2024-08-25,36808.41
V3,BH-x,2024-08-26,36241.46
V3,BH-x,2024-08-27,34837.17
V3,BH-x,2024-08-28,34679.63
V3,BH-x,2024-08-29,34815.41
V3,BH-x,2024-08-30,34715.63
V3,BH-x,2024-08-31,34651.67
V3,BH-x,2024-09-01,33953.52
V3,BH-x,2024-09-02,34724.91
V3,BH-x,2024-09-03,34034.87
V3,BH-x,2024-09-04,34237.68
V3,BH-x,2024-09-05,33482.88
V3,BH-x,2024-09-06,32543.19
V3,BH-x,2024-09-07,32631.55
V3,BH-x,2024-09-08,32936.83
V3,BH-x,2024-09-09,33867.54
V3,BH-x,2024-09-10,34120.54
V3,BH-x,2024-09-11,33999.18
V3,BH-x,2024-09-12,34335.14
V3,BH-x,2024-09-13,35328.72
V3,BH-x,2024-09-14,35120.59
V3,BH-x,2024-09-15,34762.48
V3,BH-x,2024-09-16,34375.89
V3,BH-x,2024-09-17,35253.11
V3,BH-x,2024-09-18,35851.69
V3,BH-x,2024-09-19,36338.99
V3,BH-x,2024-09-20,36439.40
V3,BH-x,2024-09-21,36494.07
V3,BH-x,2024-09-22,36582.66
V3,BH-x,2024-09-23,36481.62
V3,BH-x,2024-09-24,36857.91
V3,BH-x,2024-09-25,36404.32
V3,BH-x,2024-09-26,37227.84
V3,BH-x,2024-09-27,37464.68
V3,BH-x,2024-09-28,37496.28
V3,BH-x,2024-09-29,37389.77
V3,BH-x,2024-09-30,36463.16
V3,BH-x,2024-10-01,35423.72
V3,BH-x,2024-10-02,35353.10
V3,BH-x,2024-10-03,35392.64
V3,BH-x,2024-10-04,35942.13
V3,BH-x,2024-10-05,35930.52
V3,BH-x,2024-10-06,36241.90
V3,BH-x,2024-10-07,35996.14
V3,BH-x,2024-10-08,35966.58
V3,BH-x,2024-10-09,35333.97
V3,BH-x,2024-10-10,35202.36
V3,BH-x,2024-10-11,36120.00
V3,BH-x,2024-10-12,36390.63
V3,BH-x,2024-10-13,36251.48
V3,BH-x,2024-10-14,37561.63
V3,BH-x,2024-10-15,37953.49
V3,BH-x,2024-10-16,38165.72
V3,BH-x,2024-10-17,38078.09
V3,BH-x,2024-10-18,38473.74
V3,BH-x,2024-10-19,38445.57
V3,BH-x,2024-10-20,38698.63
V3,BH-x,2024-10-21,38031.40
V3,BH-x,2024-10-22,38042.74
V3,BH-x,2024-10-23,37731.03
V3,BH-x,2024-10-24,38338.06
V3,BH-x,2024-10-25,37730.79
V3,BH-x,2024-10-26,37883.34
V3,BH-x,2024-10-27,38248.01
V3,BH-x,2024-10-28,39015.55
V3,BH-x,2024-10-29,40106.43
V3,BH-x,2024-10-30,39944.44
V3,BH-x,2024-10-31,39130.65
V3,BH-x,2024-11-01,38807.47
V3,BH-x,2024-11-02,38751.08
V3,BH-x,2024-11-03,38505.20
V3,BH-x,2024-11-04,38128.65
V3,BH-x,2024-11-05,38728.21
V3,BH-x,2024-11-06,41179.18
V3,BH-x,2024-11-07,41281.09
V3,BH-x,2024-11-08,41524.34
V3,BH-x,2024-11-09,41580.15
V3,BH-x,2024-11-10,42988.15
V3,BH-x,2024-11-11,46116.67
V3,BH-x,2024-11-12,45816.29
V3,BH-x,2024-11-13,46698.52
V3,BH-x,2024-11-14,45568.97
V3,BH-x,2024-11-15,46933.15
V3,BH-x,2024-11-16,46759.01
V3,BH-x,2024-11-17,46478.87
V3,BH-x,2024-11-18,46679.97
V3,BH-x,2024-11-19,47333.87
V3,BH-x,2024-11-20,48043.60
V3,BH-x,2024-11-21,49492.56
V3,BH-x,2024-11-22,49687.63
V3,BH-x,2024-11-23,49241.65
V3,BH-x,2024-11-24,49305.92
V3,BH-x,2024-11-25,47536.39
V3,BH-x,2024-11-26,47133.52
V3,BH-x,2024-11-27,48533.51
V3,BH-x,2024-11-28,48442.21
V3,BH-x,2024-11-29,49077.03
V3,BH-x,2024-11-30,48687.40
V3,BH-x,2024-12-01,48950.54
V3,BH-x,2024-12-02,48447.22
V3,BH-x,2024-12-03,48433.38
V3,BH-x,2024-12-04,49390.05
V3,BH-x,2024-12-05,48754.07
V3,BH-x,2024-12-06,49740.83
V3,BH-x,2024-12-07,49752.48
V3,BH-x,2024-12-08,50186.78
V3,BH-x,2024-12-09,48812.67
V3,BH-x,2024-12-10,48558.59
V3,BH-x,2024-12-11,50166.98
V3,BH-x,2024-12-12,49761.26
V3,BH-x,2024-12-13,50252.67
V3,BH-x,2024-12-14,50241.62
V3,BH-x,2024-12-15,51302.95
V3,BH-x,2024-12-16,51848.74
V3,BH-x,2024-12-17,51864.56
V3,BH-x,2024-12-18,49795.00
V3,BH-x,2024-12-19,48816.20
V3,BH-x,2024-12-20,48928.07
V3,BH-x,2024-12-21,48738.20
V3,BH-x,2024-12-22,47978.46
V3,BH-x,2024-12-23,47859.43
V3,BH-x,2024-12-24,49204.68
V3,BH-x,2024-12-25,49465.62
V3,BH-x,2024-12-26,48170.61
V3,BH-x,2024-12-27,47627.06
V3,BH-x,2024-12-28,47978.54
V3,BH-x,2024-12-29,47410.33
V3,BH-x,2024-12-30,47064.01
V3,BH-x,2024-12-31,47336.49
V3,BH-x,2025-01-01,47691.49
V3,BH-x,2025-01-02,48538.55
V3,BH-x,2025-01-03,48952.78
V3,BH-x,2025-01-04,48962.76
V3,BH-x,2025-01-05,49003.59
V3,BH-x,2025-01-06,50363.69
V3,BH-x,2025-01-07,48505.56
V3,BH-x,2025-01-08,47821.99
V3,BH-x,2025-01-09,46918.96
V3,BH-x,2025-01-10,47698.20
V3,BH-x,2025-01-11,47648.89
V3,BH-x,2025-01-12,47624.20
V3,BH-x,2025-01-13,47616.55
V3,BH-x,2025-01-14,48331.17
V3,BH-x,2025-01-15,49724.34
V3,BH-x,2025-01-16,49540.48
V3,BH-x,2025-01-17,50974.22
V3,BH-x,2025-01-18,51131.14
V3,BH-x,2025-01-19,49999.82
V3,BH-x,2025-01-20,50314.65
V3,BH-x,2025-01-21,51661.65
V3,BH-x,2025-01-22,50807.84
V3,BH-x,2025-01-23,50868.90
V3,BH-x,2025-01-24,51196.57
V3,BH-x,2025-01-25,51145.69
V3,BH-x,2025-01-26,50398.09
V3,BH-x,2025-01-27,50206.04
V3,BH-x,2025-01-28,49936.50
V3,BH-x,2025-01-29,50765.37
V3,BH-x,2025-01-30,51099.72
V3,BH-x,2025-01-31,50296.93
V3,BH-x,2025-02-01,49664.11
V3,BH-x,2025-02-02,48632.03
V3,BH-x,2025-02-03,49906.52
V3,BH-x,2025-02-04,48654.05
V3,BH-x,2025-02-05,48245.12
V3,BH-x,2025-02-06,48221.82
V3,BH-x,2025-02-07,48198.05
V3,BH-x,2025-02-08,48176.93
V3,BH-x,2025-02-09,48177.74
V3,BH-x,2025-02-10,48514.95
V3,BH-x,2025-02-11,47927.22
V3,BH-x,2025-02-12,48667.12
V3,BH-x,2025-02-13,48216.14
V3,BH-x,2025-02-14,48526.85
V3,BH-x,2025-02-15,48548.87
V3,BH-x,2025-02-16,48033.16
V3,BH-x,2025-02-17,47908.11
V3,BH-x,2025-02-18,47859.60
V3,BH-x,2025-02-19,48197.22
V3,BH-x,2025-02-20,48781.17
V3,BH-x,2025-02-21,48031.86
V3,BH-x,2025-02-22,48156.39
V3,BH-x,2025-02-23,48049.57
V3,BH-x,2025-02-24,46378.79
V3,BH-x,2025-02-25,45339.44
V3,BH-x,2025-02-26,43723.81
V3,BH-x,2025-02-27,43887.24
V3,BH-x,2025-02-28,43749.42
V3,BH-x,2025-03-01,44383.44
V3,BH-x,2025-03-02,47392.09
V3,BH-x,2025-03-03,44516.76
V3,BH-x,2025-03-04,44906.27
V3,BH-x,2025-03-05,46117.59
V3,BH-x,2025-03-06,45868.31
V3,BH-x,2025-03-07,44734.05
V3,BH-x,2025-03-08,44519.73
V3,BH-x,2025-03-09,42503.09
V3,BH-x,2025-03-10,41700.37
V3,BH-x,2025-03-11,43330.38
V3,BH-x,2025-03-12,43604.52
V3,BH-x,2025-03-13,42653.36
V3,BH-x,2025-03-14,43721.29
V3,BH-x,2025-03-15,43855.40
V3,BH-x,2025-03-16,43201.87
V3,BH-x,2025-03-17,43732.29
V3,BH-x,2025-03-18,43251.37
V3,BH-x,2025-03-19,44782.64
V3,BH-x,2025-03-20,43819.64
V3,BH-x,2025-03-21,43766.94
V3,BH-x,2025-03-22,43673.24
V3,BH-x,2025-03-23,44501.14
V3,BH-x,2025-03-24,45019.81
V3,BH-x,2025-03-25,44982.23
V3,BH-x,2025-03-26,44806.75
V3,BH-x,2025-03-27,44923.46
V3,BH-x,2025-03-28,43893.19
V3,BH-x,2025-03-29,43232.18
V3,BH-x,2025-03-30,43134.44
V3,BH-x,2025-03-31,43190.75
V3,BH-x,2025-04-01,44157.17
V3,BH-x,2025-04-02,43183.27
V3,BH-x,2025-04-03,43437.03
V3,BH-x,2025-04-04,43682.77
V3,BH-x,2025-04-05,43547.49
V3,BH-x,2025-04-06,41654.07
V3,BH-x,2025-04-07,41925.78
V3,BH-x,2025-04-08,40853.60
V3,BH-x,2025-04-09,43242.73
V3,BH-x,2025-04-10,42119.62
V3,BH-x,2025-04-11,43554.02
V3,BH-x,2025-04-12,44236.85
V3,BH-x,2025-04-13,43670.50
V3,BH-x,2025-04-14,43973.07
V3,BH-x,2025-04-15,43621.08
V3,BH-x,2025-04-16,43760.74
V3,BH-x,2025-04-17,44096.97
V3,BH-x,2025-04-18,43918.72
V3,BH-x,2025-04-19,44139.03
V3,BH-x,2025-04-20,44177.85
V3,BH-x,2025-04-21,45035.20
V3,BH-x,2025-04-22,47202.15
V3,BH-x,2025-04-23,47289.66
V3,BH-x,2025-04-24,47393.31
V3,BH-x,2025-04-25,47629.64
V3,BH-x,2025-04-26,47629.21
V3,BH-x,2025-04-27,47315.84
V3,BH-x,2025-04-28,47770.10
V3,BH-x,2025-04-29,47500.30
V3,BH-x,2025-04-30,47471.96
V3,BH-x,2025-05-01,48301.73
V3,BH-x,2025-05-02,48453.41
V3,BH-x,2025-05-03,48088.63
V3,BH-x,2025-05-04,47523.38
V3,BH-x,2025-05-05,47687.06
V3,BH-x,2025-05-06,48435.82
V3,BH-x,2025-05-07,48504.78
V3,BH-x,2025-05-08,50713.54
V3,BH-x,2025-05-09,50603.70
V3,BH-x,2025-05-10,51236.71
V3,BH-x,2025-05-11,50987.72
V3,BH-x,2025-05-12,50520.05
V3,BH-x,2025-05-13,50969.68
V3,BH-x,2025-05-14,50754.92
V3,BH-x,2025-05-15,50840.55
V3,BH-x,2025-05-16,50730.11
V3,BH-x,2025-05-17,50610.19
V3,BH-x,2025-05-18,51762.33
V3,BH-x,2025-05-19,51452.93
V3,BH-x,2025-05-20,51888.74
V3,BH-x,2025-05-21,52845.01
V3,BH-x,2025-05-22,53536.51
V3,BH-x,2025-05-23,52036.04
V3,BH-x,2025-05-24,52182.97
V3,BH-x,2025-05-25,52603.50
V3,BH-x,2025-05-26,52741.01
V3,BH-x,2025-05-27,52564.44
V3,BH-x,2025-05-28,52163.97
V3,BH-x,2025-05-29,51404.87
V3,BH-x,2025-05-30,50844.90
V3,BH-x,2025-05-31,51048.07
V3,BH-x,2025-06-01,51410.42
V3,BH-x,2025-06-02,51481.34
V3,BH-x,2025-06-03,51309.42
V3,BH-x,2025-06-04,51072.87
V3,BH-x,2025-06-05,49964.92
V3,BH-x,2025-06-06,50940.45
V3,BH-x,2025-06-07,51381.10
V3,BH-x,2025-06-08,51441.51
V3,BH-x,2025-06-09,53005.27
V3,BH-x,2025-06-10,52999.91
V3,BH-x,2025-06-11,52435.18
V3,BH-x,2025-06-12,51411.75
V3,BH-x,2025-06-13,51547.59
V3,BH-x,2025-06-14,51319.92
V3,BH-x,2025-06-15,51380.08
V3,BH-x,2025-06-16,51791.91
V3,BH-x,2025-06-17,51015.30
V3,BH-x,2025-06-18,51128.52
V3,BH-x,2025-06-19,51048.09
V3,BH-x,2025-06-20,50571.55
V3,BH-x,2025-06-21,50157.01
V3,BH-x,2025-06-22,49747.48
V3,BH-x,2025-06-23,51277.00
V3,BH-x,2025-06-24,51535.03
V3,BH-x,2025-06-25,51968.90
V3,BH-x,2025-06-26,51831.82
V3,BH-x,2025-06-27,51864.11
V3,BH-x,2025-06-28,51946.45
V3,BH-x,2025-06-29,52304.99
V3,BH-x,2025-06-30,51886.52
V3,BH-x,2025-07-01,51379.95
V3,BH-x,2025-07-02,52471.02
V3,BH-x,2025-07-03,52717.80
V3,BH-x,2025-07-04,52166.23
V3,BH-x,2025-07-05,52236.63
V3,BH-x,2025-07-06,52579.89
V3,BH-x,2025-07-07,52254.25
V3,BH-x,2025-07-08,52477.17
V3,BH-x,2025-07-09,53264.24
V3,BH-x,2025-07-10,54881.41
V3,BH-x,2025-07-11,55379.83
V3,BH-x,2025-07-12,55331.98
V3,BH-x,2025-07-13,55878.20
V3,BH-x,2025-07-14,56118.61
V3,BH-x,2025-07-15,55413.59
V3,BH-x,2025-07-16,55693.43
V3,BH-x,2025-07-17,55864.06
V3,BH-x,2025-07-18,55434.94
V3,BH-x,2025-07-19,55394.79
V3,BH-x,2025-07-20,55190.98
V3,BH-x,2025-07-21,55217.75
V3,BH-x,2025-07-22,56066.31
V3,BH-x,2025-07-23,55656.38
V3,BH-x,2025-07-24,55506.33
V3,BH-x,2025-07-25,55252.33
V3,BH-x,2025-07-26,55342.58
V3,BH-x,2025-07-27,55829.49
V3,BH-x,2025-07-28,55368.08
V3,BH-x,2025-07-29,55319.10
V3,BH-x,2025-07-30,55270.50
V3,BH-x,2025-07-31,54568.52
V3,BH-x,2025-08-01,53740.32
V3,BH-x,2025-08-02,53483.16
V3,BH-x,2025-08-03,54037.75
V3,BH-x,2025-08-04,54316.92
V3,BH-x,2025-08-05,53998.66
V3,BH-x,2025-08-06,54279.88
V3,BH-x,2025-08-07,55104.32
V3,BH-x,2025-08-08,54833.87
V3,BH-x,2025-08-09,54753.92
V3,BH-x,2025-08-10,55688.22
V3,BH-x,2025-08-11,55474.69
V3,BH-x,2025-08-12,55945.13
V3,BH-x,2025-08-13,56984.00
V3,BH-x,2025-08-14,55326.40
V3,BH-x,2025-08-15,55004.34
V3,BH-x,2025-08-16,55006.98
V3,BH-x,2025-08-17,55009.32
V3,BH-x,2025-08-18,54614.26
V3,BH-x,2025-08-19,53488.03
V3,BH-x,2025-08-20,53954.71
V3,BH-x,2025-08-21,53354.25
V3,BH-x,2025-08-22,54840.23
V3,BH-x,2025-08-23,54329.53
V3,BH-x,2025-08-24,53667.74
V3,BH-x,2025-08-25,52520.80
V3,BH-x,2025-08-26,53073.52
V3,BH-x,2025-08-27,52900.34
V3,BH-x,2025-08-28,53332.69
V3,BH-x,2025-08-29,51918.32
V3,BH-x,2025-08-30,52059.03
V3,BH-x,2025-08-31,51860.29
V3,BH-x,2025-09-01,52190.41
V3,BH-x,2025-09-02,52862.01
V3,BH-x,2025-09-03,53016.15
V3,BH-x,2025-09-04,52682.10
V3,BH-x,2025-09-05,52648.63
V3,BH-x,2025-09-06,52484.56
V3,BH-x,2025-09-07,52801.17
V3,BH-x,2025-09-08,53105.61
V3,BH-x,2025-09-09,52921.94
V3,BH-x,2025-09-10,53727.71
V3,BH-x,2025-09-11,54232.64
V3,BH-x,2025-09-12,54408.59
V3,BH-x,2025-09-13,54370.08
V3,BH-x,2025-09-14,54147.16
V3,BH-x,2025-09-15,54165.71
V3,BH-x,2025-09-16,54640.34
V3,BH-x,2025-09-17,54518.43
V3,BH-x,2025-09-18,54719.64
V3,BH-x,2025-09-19,54238.28
V3,BH-x,2025-09-20,54254.98
V3,BH-x,2025-09-21,54103.54
V3,BH-x,2025-09-22,53237.34
V3,BH-x,2025-09-23,53010.18
V3,BH-x,2025-09-24,53443.73
V3,BH-x,2025-09-25,51994.30
V3,BH-x,2025-09-26,52208.64
V3,BH-x,2025-09-27,52201.89
V3,BH-x,2025-09-28,53052.12
V3,BH-x,2025-09-29,53772.60
V3,BH-x,2025-09-30,53680.55
V3,BH-x,2025-10-01,55194.42
V3,BH-x,2025-10-02,55823.34
V3,BH-x,2025-10-03,56371.76
V3,BH-x,2025-10-04,56412.52
V3,BH-x,2025-10-05,56758.60
V3,BH-x,2025-10-06,57133.38
V3,BH-x,2025-10-07,56040.38
V3,BH-x,2025-10-08,56680.71
V3,BH-x,2025-10-09,56140.63
V3,BH-x,2025-10-10,53224.40
V3,BH-x,2025-10-11,52502.38
V3,BH-x,2025-10-12,53961.10
V3,BH-x,2025-10-13,54031.63
V3,BH-x,2025-10-14,53322.00
V3,BH-x,2025-10-15,52563.32
V3,BH-x,2025-10-16,51700.10
V3,BH-x,2025-10-17,51102.12
V3,BH-x,2025-10-18,51364.52
V3,BH-x,2025-10-19,51859.81
V3,BH-x,2025-10-20,52501.63
V3,BH-x,2025-10-21,51749.74
V3,BH-x,2025-10-22,51500.37
V3,BH-x,2025-10-23,52348.77
V3,BH-x,2025-10-24,52658.77
V3,BH-x,2025-10-25,52870.43
V3,BH-x,2025-10-26,53847.07
V3,BH-x,2025-10-27,53685.76
V3,BH-x,2025-10-28,53275.12
V3,BH-x,2025-10-29,52307.24
V3,BH-x,2025-10-30,51730.51
V3,BH-x,2025-10-31,52159.14
V3,BH-x,2025-11-01,52313.80
V3,BH-x,2025-11-02,52455.04
V3,BH-x,2025-11-03,51113.89
V3,BH-x,2025-11-04,49372.94
V3,BH-x,2025-11-05,50193.78
V3,BH-x,2025-11-06,49316.28
V3,BH-x,2025-11-07,49999.19
V3,BH-x,2025-11-08,49641.27
V3,BH-x,2025-11-09,50468.01
V3,BH-x,2025-11-10,50901.49
V3,BH-x,2025-11-11,49892.25
V3,BH-x,2025-11-12,49405.94
V3,BH-x,2025-11-13,48722.03
V3,BH-x,2025-11-14,46942.53
V3,BH-x,2025-11-15,47287.76
V3,BH-x,2025-11-16,46810.30
V3,BH-x,2025-11-17,46079.39
V3,BH-x,2025-11-18,46336.36
V3,BH-x,2025-11-19,45833.05
V3,BH-x,2025-11-20,44076.33
V3,BH-x,2025-11-21,43527.73
V3,BH-x,2025-11-22,43382.09
V3,BH-x,2025-11-23,44141.45
V3,BH-x,2025-11-24,44670.87
V3,BH-x,2025-11-25,44338.57
V3,BH-x,2025-11-26,45458.56
V3,BH-x,2025-11-27,45760.51
V3,BH-x,2025-11-28,45600.75
V3,BH-x,2025-11-29,45568.50
V3,BH-x,2025-11-30,45406.37
V3,BH-x,2025-12-01,43949.17
V3,BH-x,2025-12-02,45753.91
V3,BH-x,2025-12-03,46519.85
V3,BH-x,2025-12-04,46037.97
V3,BH-x,2025-12-05,45058.43
V3,BH-x,2025-12-06,45023.80
V3,BH-x,2025-12-07,45435.56
V3,BH-x,2025-12-08,45517.89
V3,BH-x,2025-12-09,46243.30
V3,BH-x,2025-12-10,46005.48
V3,BH-x,2025-12-11,46180.07
V3,BH-x,2025-12-12,45378.95
V3,BH-x,2025-12-13,45364.87
V3,BH-x,2025-12-14,44620.91
V3,BH-x,2025-12-15,43994.49
V3,BH-x,2025-12-16,44508.10
V3,BH-x,2025-12-17,43918.29
V3,BH-x,2025-12-18,43651.04
V3,BH-x,2025-12-19,44593.52
V3,BH-x,2025-12-20,44668.20
V3,BH-x,2025-12-21,44768.06
V3,BH-x,2025-12-22,44749.45
V3,BH-x,2025-12-23,44339.25
V3,BH-x,2025-12-24,44397.63
V3,BH-x,2025-12-25,44230.80
V3,BH-x,2025-12-26,44276.56
V3,BH-x,2025-12-27,44455.99
V3,BH-x,2025-12-28,44477.71
V3,BH-x,2025-12-29,44212.75
V3,BH-x,2025-12-30,44655.06
V3,BH-x,2025-12-31,44352.27
V3,BH-x,2026-01-01,44773.57
V3,BH-x,2026-01-02,45182.89
V3,BH-x,2026-01-03,45405.08
V3,BH-x,2026-01-04,45719.69
V3,BH-x,2026-01-05,46539.50
V3,BH-x,2026-01-06,46498.77
V3,BH-x,2026-01-07,45652.27
V3,BH-x,2026-01-08,45550.33
V3,BH-x,2026-01-09,45385.87
V3,BH-x,2026-01-10,45330.98
V3,BH-x,2026-01-11,45507.24
V3,BH-x,2026-01-12,45604.59
V3,BH-x,2026-01-13,47061.01
V3,BH-x,2026-01-14,47597.67
V3,BH-x,2026-01-15,47126.84
V3,BH-x,2026-01-16,47102.23
V3,BH-x,2026-01-17,46959.08
V3,BH-x,2026-01-18,46435.42
V3,BH-x,2026-01-19,46065.76
V3,BH-x,2026-01-20,44573.34
V3,BH-x,2026-01-21,44935.32
V3,BH-x,2026-01-22,44966.11
V3,BH-x,2026-01-23,44975.65
V3,BH-x,2026-01-24,44837.36
V3,BH-x,2026-01-25,43920.57
V3,BH-x,2026-01-26,44520.37
V3,BH-x,2026-01-27,44838.02
V3,BH-x,2026-01-28,44850.69
V3,BH-x,2026-01-29,43185.96
V3,BH-x,2026-01-30,43042.72
V3,BH-x,2026-01-31,41033.42
V3,BH-x,2026-02-01,40376.46
V3,BH-x,2026-02-02,41038.81
V3,BH-x,2026-02-03,39939.69
V3,BH-x,2026-02-04,38961.96
V3,BH-x,2026-02-05,35080.33
V3,BH-x,2026-02-06,38126.48
V3,BH-x,2026-02-07,37638.19
V3,BH-x,2026-02-08,38043.12
V3,BH-x,2026-02-09,37970.67
V3,BH-x,2026-02-10,37477.95
V3,BH-x,2026-02-11,36799.83
V3,BH-x,2026-02-12,36483.89
V3,BH-x,2026-02-13,37492.37
V3,BH-x,2026-02-14,37866.89
V3,BH-x,2026-02-15,37484.94
V3,BH-x,2026-02-16,37509.36
V3,BH-x,2026-02-17,36968.44
V3,BH-x,2026-02-18,36561.03
V3,BH-x,2026-02-19,36774.30
V3,BH-x,2026-02-20,37169.03
V3,BH-x,2026-02-21,37149.23
V3,BH-x,2026-02-22,37018.60
V3,BH-x,2026-02-23,35857.05
V3,BH-x,2026-02-24,35620.36
V3,BH-x,2026-02-25,37172.63
V3,BH-x,2026-02-26,36977.06
V3,BH-x,2026-02-27,36351.64
V3,BH-x,2026-02-28,36784.43
V3,BH-x,2026-03-01,36315.62
V3,BH-x,2026-03-02,37514.32
V3,BH-x,2026-03-03,37323.04
V3,BH-x,2026-03-04,39002.31
V3,BH-x,2026-03-05,38322.61
V3,BH-x,2026-03-06,37257.08
V3,BH-x,2026-03-07,36926.33
V3,BH-x,2026-03-08,36424.71
V3,BH-x,2026-03-09,37393.69
V3,BH-x,2026-03-10,37982.29
V3,BH-x,2026-03-11,38082.11
V3,BH-x,2026-03-12,38222.39
V3,BH-x,2026-03-13,38371.79
V3,BH-x,2026-03-14,38482.67
V3,BH-x,2026-03-15,39099.81
V3,BH-x,2026-03-16,39886.10
V3,BH-x,2026-03-17,39518.01
V3,BH-x,2026-03-18,38508.94
V3,BH-x,2026-03-19,38004.11
V3,BH-x,2026-03-20,38228.04
V3,BH-x,2026-03-21,37614.87
V3,BH-x,2026-03-22,37206.95
V3,BH-x,2026-03-23,38395.40
V3,BH-x,2026-03-24,38257.86
V3,BH-x,2026-03-25,38556.08
V3,BH-x,2026-03-26,37589.34
V3,BH-x,2026-03-27,36655.38
V3,BH-x,2026-03-28,36647.64
V3,BH-x,2026-03-29,36504.30
V3,BH-x,2026-03-30,36812.89
V3,BH-x,2026-03-31,37396.39
V3,BH-x,2026-04-01,37330.91
V3,BH-x,2026-04-02,36859.79
V3,BH-x,2026-04-03,36884.46
V3,BH-x,2026-04-04,37013.50
V3,BH-x,2026-04-05,37688.85
V3,BH-x,2026-04-06,37615.34
V3,BH-x,2026-04-07,38804.30
V3,BH-x,2026-04-08,38473.62
V3,BH-x,2026-04-09,38748.95
V3,BH-x,2026-04-10,39199.28
V3,BH-x,2026-04-11,39235.58
V3,BH-x,2026-04-12,38360.34
V3,BH-x,2026-04-13,39778.60
V3,BH-x,2026-04-14,39672.18
V3,BH-x,2026-04-15,39936.22
V3,BH-x,2026-04-16,40069.21
V3,BH-x,2026-04-17,40797.00
V3,BH-x,2026-04-18,40283.63
V3,BH-x,2026-04-19,39576.95
V3,BH-x,2026-04-20,40357.32
V3,BH-x,2026-04-21,40549.70
V3,BH-x,2026-04-22,41244.77
V3,BH-x,2026-04-23,41279.79
V3,BH-x,2026-04-24,40976.69
V3,BH-x,2026-04-25,41051.11
V3,BH-x,2026-04-26,41438.91
V3,BH-x,2026-04-27,40961.61
V3,BH-x,2026-04-28,40575.27
V3,BH-x,2026-04-29,40362.17
V3,BH-x,2026-04-30,40579.15
V3,BH-x,2026-05-01,41293.34
V3,BH-x,2026-05-02,41466.73
V3,BH-x,2026-05-03,41421.98
V3,BH-x,2026-05-04,41905.81
V3,BH-x,2026-05-05,42299.18
V3,BH-x,2026-05-06,42506.05
V3,BH-x,2026-05-07,41975.78
V3,BH-x,2026-05-08,42047.50
V3,BH-x,2026-05-09,42227.76
V3,BH-x,2026-05-10,42794.22
V3,BH-x,2026-05-11,42618.51
V3,BH-x,2026-05-12,42155.85
V3,BH-x,2026-05-13,41709.03
V3,BH-x,2026-05-14,42369.50
V3,BH-x,2026-05-15,41637.03
V3,BH-x,2026-05-16,41273.55
V3,BH-x,2026-05-17,41012.95
V3,BH-x,2026-05-18,40838.03
V3,BH-x,2026-05-19,40770.40
V3,BH-x,2026-05-20,41035.80
V3,BH-x,2026-05-21,41056.08
V3,BH-x,2026-05-22,40274.20
V3,BH-x,2026-05-23,40730.58
V3,BH-x,2026-05-24,40842.32
V3,BH-x,2026-05-25,40935.78
V3,BH-x,2026-05-26,40407.03
V3,BH-x,2026-05-27,39838.88
V3,BH-x,2026-05-28,39515.56
V3,BH-x,2026-05-29,39449.58
V3,BH-x,2026-05-30,39607.17
V3,BH-x,2026-05-31,39522.66
V3,BH-x,2026-06-01,38653.52
V3,BH-x,2026-06-02,36859.22
V3,BH-x,2026-06-03,35826.35
V3,BH-x,2026-06-04,35723.66
V3,BH-x,2026-06-05,34599.75
V3,BH-x,2026-06-06,34530.33
V3,BH-x,2026-06-07,35516.44
V3,BH-x,2026-06-08,35416.62
V3,BH-x,2026-06-09,34875.22
V3,BH-x,2026-06-10,34787.43
V3,BH-x,2026-06-11,35636.18
V3,BH-x,2026-06-12,35617.38
V3,BH-x,2026-06-13,35965.24
V3,BH-x,2026-06-14,36479.19
V3,BH-x,2026-06-15,36709.43
V3,BH-x,2026-06-16,36452.71
V3,BH-x,2026-06-17,35994.93
V3,BH-x,2026-06-18,35378.50
V3,BH-x,2026-06-19,35609.70
V3,BH-x,2026-06-20,35906.81
V3,BH-x,2026-06-21,35513.54
V3,BH-x,2026-06-22,35792.46
V3,BH-x,2026-06-23,35280.88
V3,BH-x,2026-06-24,34617.87
V3,BH-x,2026-06-25,34101.22
V3,BH-x,2026-06-26,34219.62
V3,BH-x,2026-06-27,34188.77
V3,BH-x,2026-06-28,34003.43
V3,BH-x,2026-06-29,34275.84
V3,BH-x,2026-06-30,33610.53
V3,BH-x,2026-07-01,34177.07
V3,BH-x,2026-07-02,34793.97
V3,BH-x,2026-07-03,35199.02
V3,BH-x,2026-07-04,35415.73
V3,BH-x,2026-07-05,35610.57
V3,BH-x,2026-07-06,35760.37
V3,BH-x,2026-07-07,35485.63
V3,BH-x,2026-07-08,35055.07
V3,BH-x,2026-07-09,35426.53
V3,BH-x,2026-07-10,35790.93
V3,BH-x,2026-07-11,35651.26
V3,BH-x,2026-07-12,35631.08
V3,BH-x,2026-07-13,35053.19
V3,BH-x,2026-07-14,36131.42
V3,BH-x,2026-07-15,36011.59
V3,BH-x,2026-07-16,35641.56
V3,BH-x,2026-07-17,35677.96
V3,BH-x,2026-07-18,36032.44
V3,BH-x,2026-07-19,35985.13
V3,BH-x,2026-07-20,36191.41
V3,BH-x,2026-07-21,36699.76
V3,BH-x,2026-07-22,36523.90
V3,BH-x,2026-07-23,36123.13
V3,BH-x,2026-07-24,35740.27
V3,BH-x,2026-07-25,35830.20
V3,BH-x,2026-07-26,36231.57
V3,BH-x,2026-07-27,35579.88
V3,BH-x,2026-07-28,35640.19
V3,BH-x,2026-07-29,35661.64
V3,BH-x,2026-07-30,35970.48
V3,BH-x,2026-07-31,35217.58
V3,BH-x,2026-08-01,35189.31
V3,BH-x,2026-08-02,35481.05
V3,BH-x,2026-08-03,35456.47
V3,BH-x,2026-08-04,35684.81
V3,BH-x,2026-08-05,35904.41
V3,BH-x,2026-08-06,35765.77
V3,BH-x,2026-08-07,35999.67
V3,BH-x,2026-08-08,36010.91
V3,BH-x,2026-08-09,35982.24
V3,BH-x,2026-08-10,35610.05
V3,BH-x,2026-08-11,35460.53
V3,BH-x,2026-08-12,35406.65
V3,BH-x,2026-08-13,35405.51
V3,BH-x,2026-08-14,35224.47
V3,BH-x,2026-08-15,35236.66
V3,BH-x,2026-08-16,35160.89
V3,BH-x,2026-08-17,35804.07
V3,BH-x,2026-08-18,35876.76
V3,BH-x,2026-08-19,37688.11
V3,BH-x,2026-08-20,39105.56
V3,BH-x,2026-08-21,41121.22
V3,BH-x,2026-08-22,40641.38
V3,BH-x,2026-08-23,40879.63
V3,BH-x,2026-08-24,41341.24
V3,BH-x,2026-08-25,41164.99
V3,BH-x,2026-08-26,41339.39
V3,BH-x,2026-08-27,41788.86
V3,BH-x,2026-08-28,40882.16
V3,STRATEGY_risk1pct_closed,2020-01-07 16:04,9888.29
V3,STRATEGY_risk1pct_closed,2020-02-19 21:50,10375.90
V3,STRATEGY_risk1pct_closed,2020-03-20 20:09,10268.87
V3,STRATEGY_risk1pct_closed,2020-03-22 12:04,10159.63
V3,STRATEGY_risk1pct_closed,2020-04-07 20:04,10048.56
V3,STRATEGY_risk1pct_closed,2020-04-09 11:59,9939.16
V3,STRATEGY_risk1pct_closed,2020-05-10 00:20,10467.77
V3,STRATEGY_risk1pct_closed,2020-05-24 13:54,10350.11
V3,STRATEGY_risk1pct_closed,2020-06-07 12:29,10451.54
V3,STRATEGY_risk1pct_closed,2020-08-04 13:19,10550.24
V3,STRATEGY_risk1pct_closed,2020-09-02 06:39,10433.12
V3,STRATEGY_risk1pct_closed,2020-10-01 16:19,10311.19
V3,STRATEGY_risk1pct_closed,2020-10-28 11:09,10196.93
V3,STRATEGY_risk1pct_closed,2020-11-09 16:14,10303.15
V3,STRATEGY_risk1pct_closed,2020-12-04 10:14,10189.02
V3,STRATEGY_risk1pct_closed,2021-01-02 16:34,10705.05
V3,STRATEGY_risk1pct_closed,2021-01-04 07:24,10584.26
V3,STRATEGY_risk1pct_closed,2021-01-10 11:24,10694.38
V3,STRATEGY_risk1pct_closed,2021-01-15 06:09,10581.04
V3,STRATEGY_risk1pct_closed,2021-01-26 04:04,10467.95
V3,STRATEGY_risk1pct_closed,2021-02-10 12:34,10339.49
V3,STRATEGY_risk1pct_closed,2021-02-23 04:40,10642.84
V3,STRATEGY_risk1pct_closed,2021-03-06 13:00,10643.68
V3,STRATEGY_risk1pct_closed,2021-03-16 00:05,10660.73
V3,STRATEGY_risk1pct_closed,2021-03-21 02:34,10540.74
V3,STRATEGY_risk1pct_closed,2021-04-20 02:24,10428.62
V3,STRATEGY_risk1pct_closed,2021-05-02 04:04,10312.12
V3,STRATEGY_risk1pct_closed,2021-05-03 20:39,10412.32
V3,STRATEGY_risk1pct_closed,2021-05-12 18:19,10298.82
V3,STRATEGY_risk1pct_closed,2021-05-28 05:44,10191.08
V3,STRATEGY_risk1pct_closed,2021-06-04 02:14,10293.38
V3,STRATEGY_risk1pct_closed,2021-06-17 17:19,10180.62
V3,STRATEGY_risk1pct_closed,2021-07-05 01:44,10069.49
V3,STRATEGY_risk1pct_closed,2021-08-02 12:14,9961.80
V3,STRATEGY_risk1pct_closed,2021-08-22 14:54,9851.83
V3,STRATEGY_risk1pct_closed,2021-09-07 14:29,10027.55
V3,STRATEGY_risk1pct_closed,2021-09-26 07:39,9918.27
V3,STRATEGY_risk1pct_closed,2021-10-08 20:54,10024.35
V3,STRATEGY_risk1pct_closed,2021-10-10 21:19,10121.86
V3,STRATEGY_risk1pct_closed,2021-10-22 16:19,10373.50
V3,STRATEGY_risk1pct_closed,2021-10-31 08:49,10252.31
V3,STRATEGY_risk1pct_closed,2021-11-12 16:10,10243.44
V3,STRATEGY_risk1pct_closed,2022-01-31 00:44,10131.12
V3,STRATEGY_risk1pct_closed,2022-02-12 06:44,10021.90
V3,STRATEGY_risk1pct_closed,2022-03-04 08:34,9913.30
V3,STRATEGY_risk1pct_closed,2022-04-14 18:54,10013.46
V3,STRATEGY_risk1pct_closed,2022-06-01 14:39,9903.95
V3,STRATEGY_risk1pct_closed,2022-06-03 10:34,10004.83
V3,STRATEGY_risk1pct_closed,2022-07-16 05:59,9895.18
V3,STRATEGY_risk1pct_closed,2022-07-21 04:04,9788.30
V3,STRATEGY_risk1pct_closed,2022-09-15 15:19,9682.74
V3,STRATEGY_risk1pct_closed,2022-10-13 10:29,9904.39
V3,STRATEGY_risk1pct_closed,2023-02-11 00:00,10908.68
V3,STRATEGY_risk1pct_closed,2023-02-16 20:29,11028.75
V3,STRATEGY_risk1pct_closed,2023-02-19 17:09,10906.73
V3,STRATEGY_risk1pct_closed,2023-03-15 16:14,10789.83
V3,STRATEGY_risk1pct_closed,2023-03-22 19:54,10896.21
V3,STRATEGY_risk1pct_closed,2023-03-24 21:24,11005.22
V3,STRATEGY_risk1pct_closed,2023-03-30 16:19,10885.73
V3,STRATEGY_risk1pct_closed,2023-05-01 01:39,10993.88
V3,STRATEGY_risk1pct_closed,2023-06-28 19:34,10868.98
V3,STRATEGY_risk1pct_closed,2024-01-12 22:05,12906.78
V3,STRATEGY_risk1pct_closed,2024-03-05 19:39,13356.66
V3,STRATEGY_risk1pct_closed,2024-03-11 00:54,13199.56
V3,STRATEGY_risk1pct_closed,2024-04-09 08:09,13388.15
V3,STRATEGY_risk1pct_closed,2024-04-14 00:05,13332.40
V3,STRATEGY_risk1pct_closed,2024-05-20 19:24,13616.13
V3,STRATEGY_risk1pct_closed,2024-08-29 18:49,13754.55
V3,STRATEGY_risk1pct_closed,2024-10-15 14:39,13972.82
V3,STRATEGY_risk1pct_closed,2024-12-05 22:30,14809.34
V3,STRATEGY_risk1pct_closed,2025-02-01 08:54,14647.81
V3,STRATEGY_risk1pct_closed,2025-04-03 00:04,14491.10
V3,STRATEGY_risk1pct_closed,2025-04-13 19:44,14331.54
V3,STRATEGY_risk1pct_closed,2025-06-12 10:29,14170.20
V3,STRATEGY_risk1pct_closed,2025-08-13 22:44,14455.80
V3,STRATEGY_risk1pct_closed,2025-12-05 13:29,14296.38
V3,STRATEGY_risk1pct_closed,2026-01-08 14:29,14136.39
V3,STRATEGY_risk1pct_closed,2026-08-23 05:14,13979.49
V3,STRATEGY_risk1pct_closed,2026-08-25 13:54,13827.13
