version,test,run,n_trades,blocked,sizing,pf,sum_pm,ret,cagr,mdd,mtm_mdd_close,wr,exp,worst,sharpe,sortino
V2,F1_taker,0,79,0,risk1%,1.2682,213.6474,13.9189,1.7538,17.2930,21.3166,25.3165,0.2164,11.0000,0.2104,0.7429
V2,F1_taker,0,79,0,30%x10x,1.1538,213.6474,-42.8013,-7.1822,79.2667,81.6846,25.3165,0.8113,11.0000,0.1291,0.3498
V2,F1_taker,1,79,0,risk1%,1.2242,300.8508,10.1596,1.2993,16.5520,20.9741,24.0506,0.1769,11.0000,0.1653,0.6182
V2,F1_taker,1,79,0,30%x10x,1.2329,300.8508,-21.1202,-3.1157,73.9328,79.6889,24.0506,1.1425,11.0000,0.1851,0.5490
V2,F1_taker,2,79,0,risk1%,1.5078,313.8352,30.1474,3.5780,17.1252,21.1087,24.0506,0.4115,11.0000,0.3213,1.4107
V2,F1_taker,2,79,0,30%x10x,1.2410,313.8352,-17.7291,-2.5701,70.1743,77.2381,24.0506,1.1918,11.0000,0.1924,0.5881
V2,F1_taker,3,79,0,risk1%,1.3044,205.3655,15.3655,1.9253,17.7654,20.0333,25.3165,0.2417,11.0000,0.2141,0.8365
V2,F1_taker,3,79,0,30%x10x,1.1463,205.3655,-44.3436,-7.5201,77.4607,79.3394,25.3165,0.7799,11.0000,0.1235,0.3421
V2,F1_taker,4,79,0,risk1%,1.3347,253.4249,18.1606,2.2514,19.5668,20.1793,22.7848,0.2732,11.0000,0.2415,0.9334
V2,F1_taker,4,79,0,30%x10x,1.1901,253.4249,-30.8910,-4.8100,75.7647,79.1895,22.7848,0.9624,11.0000,0.1559,0.4760
V2,F1_taker,5,79,0,risk1%,1.2467,271.6361,12.1003,1.5356,16.3185,21.2371,25.3165,0.1924,11.0000,0.1938,0.6762
V2,F1_taker,5,79,0,30%x10x,1.2069,271.6361,-26.6472,-4.0501,75.2050,78.5891,25.3165,1.0315,11.0000,0.1685,0.4865
V2,F1_taker,6,79,0,risk1%,1.3001,421.2489,15.4870,1.9396,16.2300,20.3671,25.3165,0.2379,11.0000,0.2210,0.8227
V2,F1_taker,6,79,0,30%x10x,1.3363,421.2489,11.4172,1.4528,73.1643,80.2727,25.3165,1.5997,11.0000,0.2563,0.8320
V2,F1_taker,7,79,0,risk1%,1.2759,144.4248,13.1168,1.6580,17.6849,19.0436,24.0506,0.2214,11.0000,0.1871,0.7685
V2,F1_taker,7,79,0,30%x10x,1.1027,144.4248,-51.6814,-9.2481,77.4105,81.1078,24.0506,0.5484,11.0000,0.0883,0.2421
V2,F1_taker,8,79,0,risk1%,1.2978,215.7449,14.3839,1.8092,17.7088,21.3617,24.0506,0.2410,11.0000,0.1950,0.8270
V2,F1_taker,8,79,0,30%x10x,1.1567,215.7449,-40.7859,-6.7524,73.2628,77.7518,24.0506,0.8193,11.0000,0.1309,0.3755
V2,F1_taker,9,79,0,risk1%,1.6452,212.4060,38.3787,4.4290,17.3795,20.8645,24.0506,0.5147,11.0000,0.3403,1.7787
V2,F1_taker,9,79,0,30%x10x,1.1547,212.4060,-41.1819,-6.8358,79.2420,81.0709,24.0506,0.8066,11.0000,0.1288,0.3669
V2,F1_taker,10,79,0,risk1%,1.5222,228.4993,29.2610,3.4836,17.0360,19.8142,25.3165,0.4187,11.0000,0.2910,1.4424
V2,F1_taker,10,79,0,30%x10x,1.1675,228.4993,-37.2869,-6.0354,73.7542,79.7651,25.3165,0.8677,11.0000,0.1396,0.4029
V2,F1_taker,11,79,0,risk1%,1.3443,366.9705,17.5927,2.1856,17.3511,20.7661,24.0506,0.2672,11.0000,0.2339,0.9421
V2,F1_taker,11,79,0,30%x10x,1.3047,366.9705,-0.2423,-0.0324,70.5543,77.2272,24.0506,1.3936,11.0000,0.2284,0.7189
V2,F1_taker,12,79,0,risk1%,1.3745,307.3899,20.3720,2.5046,14.2226,18.6415,26.5823,0.2955,11.0000,0.2621,1.0244
V2,F1_taker,12,79,0,30%x10x,1.2315,307.3899,-24.1892,-3.6273,75.4612,79.4094,26.5823,1.1673,11.0000,0.1858,0.5143
V2,F1_taker,13,79,0,risk1%,1.2833,240.1588,13.8414,1.7446,17.0154,19.5395,24.0506,0.2227,11.0000,0.2008,0.7782
V2,F1_taker,13,79,0,30%x10x,1.1766,240.1588,-35.9526,-5.7711,74.8720,80.4524,24.0506,0.9120,11.0000,0.1461,0.4205
V2,F1_taker,14,79,0,risk1%,1.3395,326.1389,17.7958,2.2092,18.0222,21.0213,24.0506,0.2711,11.0000,0.2342,0.9399
V2,F1_taker,14,79,0,30%x10x,1.2566,326.1389,-13.2681,-1.8812,74.0235,75.5719,24.0506,1.2385,11.0000,0.2007,0.6448
V2,F1_taker,15,79,0,risk1%,1.3612,288.3705,19.2265,2.3739,15.4652,22.9247,24.0506,0.2878,11.0000,0.2457,0.9967
V2,F1_taker,15,79,0,30%x10x,1.2255,288.3705,-21.8890,-3.2422,74.4253,80.1387,24.0506,1.0951,11.0000,0.1787,0.5432
V2,F1_taker,16,79,0,risk1%,1.5488,188.0160,30.6064,3.6267,14.8504,20.4564,25.3165,0.4343,11.0000,0.2970,1.5037
V2,F1_taker,16,79,0,30%x10x,1.1297,188.0160,-48.2341,-8.4099,79.2268,83.6755,25.3165,0.7140,11.0000,0.1124,0.3047
V2,F1_taker,17,79,0,risk1%,1.2633,305.9867,12.7678,1.6161,16.1471,18.7266,24.0506,0.2118,11.0000,0.1888,0.7301
V2,F1_taker,17,79,0,30%x10x,1.2307,305.9867,-21.8876,-3.2420,77.5837,82.3884,24.0506,1.1620,11.0000,0.1855,0.5718
V2,F1_taker,18,79,0,risk1%,1.2888,413.4276,14.8162,1.8604,15.8553,20.5949,25.3165,0.2310,11.0000,0.2130,0.7962
V2,F1_taker,18,79,0,30%x10x,1.3394,413.4276,9.8989,1.2673,65.5507,74.5489,25.3165,1.5700,11.0000,0.2533,0.7839
V2,F1_taker,19,79,0,risk1%,1.2163,282.2304,10.1590,1.2992,17.0090,19.7035,24.0506,0.1726,11.0000,0.1700,0.5996
V2,F1_taker,19,79,0,30%x10x,1.2225,282.2304,-21.1734,-3.1244,78.4472,81.5375,24.0506,1.0718,11.0000,0.1769,0.5551
V2,F1_taker,20,79,0,risk1%,1.2843,250.7627,14.2292,1.7908,14.9130,19.6042,25.3165,0.2267,11.0000,0.2049,0.7865
V2,F1_taker,20,79,0,30%x10x,1.1785,250.7627,-36.9344,-5.9651,77.7843,82.9003,25.3165,0.9523,11.0000,0.1500,0.4291
V2,F1_taker,21,79,0,risk1%,1.2993,315.8225,15.6387,1.9575,16.0931,21.8570,24.0506,0.2435,11.0000,0.2181,0.8323
V2,F1_taker,21,79,0,30%x10x,1.2319,315.8225,-24.0765,-3.6082,73.5637,77.5619,24.0506,1.1993,11.0000,0.1883,0.5457
V2,F1_taker,22,79,0,risk1%,1.2837,227.4313,14.4871,1.8214,15.5405,19.2278,25.3165,0.2265,11.0000,0.2116,0.7805
V2,F1_taker,22,79,0,30%x10x,1.1685,227.4313,-38.1155,-6.2020,78.3612,81.9017,25.3165,0.8637,11.0000,0.1391,0.3878
V2,F1_taker,23,79,0,risk1%,1.3131,276.7631,16.1873,2.0219,16.3503,19.3175,22.7848,0.2537,11.0000,0.2186,0.8692
V2,F1_taker,23,79,0,30%x10x,1.2058,276.7631,-28.0979,-4.3055,78.5599,81.1994,22.7848,1.0510,11.0000,0.1680,0.5116
V2,F1_taker,24,79,0,risk1%,1.2792,195.3751,14.2388,1.7919,17.2318,21.7411,24.0506,0.2232,11.0000,0.2099,0.7718
V2,F1_taker,24,79,0,30%x10x,1.1359,195.3751,-46.7766,-8.0699,79.2581,82.0438,24.0506,0.7419,11.0000,0.1171,0.3230
V2,F1_taker,25,79,0,risk1%,1.3216,436.9339,16.4491,2.0525,17.5781,22.4263,22.7848,0.2574,11.0000,0.2203,0.8901
V2,F1_taker,25,79,0,30%x10x,1.3608,436.9339,16.3622,2.0423,70.9779,75.8781,22.7848,1.6592,11.0000,0.2648,0.8853
V2,F1_taker,26,79,0,risk1%,1.2392,156.8198,11.5549,1.4696,16.2398,21.3718,25.3165,0.1918,11.0000,0.1821,0.6615
V2,F1_taker,26,79,0,30%x10x,1.1124,156.8198,-49.1725,-8.6331,79.0645,82.2715,25.3165,0.5955,11.0000,0.0962,0.2702
V2,F1_taker,27,79,0,risk1%,1.2582,309.6460,12.4178,1.5739,19.5668,20.4031,25.3165,0.2087,11.0000,0.1843,0.7150
V2,F1_taker,27,79,0,30%x10x,1.2318,309.6460,-21.8590,-3.2372,77.4715,79.2302,25.3165,1.1759,11.0000,0.1870,0.5675
V2,F1_taker,28,79,0,risk1%,1.3733,75.5811,18.9069,2.3373,16.5193,19.3920,25.3165,0.2974,11.0000,0.2269,1.0355
V2,F1_taker,28,79,0,30%x10x,1.0507,75.5811,-60.1149,-11.5411,82.5343,84.4865,25.3165,0.2870,11.0000,0.0463,0.1280
V2,F1_taker,29,79,0,risk1%,1.2100,261.3132,9.3336,1.1976,17.1084,20.2448,25.3165,0.1659,11.0000,0.1576,0.5769
V2,F1_taker,29,79,0,30%x10x,1.1969,261.3132,-29.4816,-4.5533,75.8299,79.0138,25.3165,0.9923,11.0000,0.1608,0.4797
V2,F1_taker,30,79,0,risk1%,1.3065,138.8585,15.8423,1.9814,16.8799,21.9975,24.0506,0.2422,11.0000,0.2248,0.8486
V2,F1_taker,30,79,0,30%x10x,1.0977,138.8585,-52.0082,-9.3303,79.9463,82.3776,24.0506,0.5273,11.0000,0.0856,0.2311
V2,F1_taker,31,79,0,risk1%,1.1615,136.9144,6.4787,0.8410,18.3178,22.4250,24.0506,0.1282,11.0000,0.1272,0.4477
V2,F1_taker,31,79,0,30%x10x,1.0966,136.9144,-52.2966,-9.4031,78.2095,83.0350,24.0506,0.5199,11.0000,0.0842,0.2305
V2,F1_taker,32,79,0,risk1%,1.2931,194.3632,13.9843,1.7616,18.5306,23.6028,26.5823,0.2309,11.0000,0.1965,0.8020
V2,F1_taker,32,79,0,30%x10x,1.1436,194.3632,-42.3671,-7.0885,76.4209,80.7074,26.5823,0.7381,11.0000,0.1203,0.3325
V2,F1_taker,33,79,0,risk1%,1.2549,265.1435,12.4069,1.5726,14.4337,18.6678,22.7848,0.2029,11.0000,0.1900,0.7047
V2,F1_taker,33,79,0,30%x10x,1.1947,265.1435,-31.4667,-4.9162,75.6713,79.7991,22.7848,1.0069,11.0000,0.1605,0.4841
V2,F1_taker,34,79,0,risk1%,1.3980,201.7418,21.7322,2.6584,16.5740,23.9596,25.3165,0.3165,11.0000,0.2655,1.0981
V2,F1_taker,34,79,0,30%x10x,1.1405,201.7418,-46.6471,-8.0401,77.7719,80.8534,25.3165,0.7661,11.0000,0.1202,0.3263
V2,F1_taker,35,79,0,risk1%,1.3282,171.6546,17.1375,2.1328,17.4379,24.1929,25.3165,0.2624,11.0000,0.2300,0.9090
V2,F1_taker,35,79,0,30%x10x,1.1195,171.6546,-50.1785,-8.8765,76.9084,80.7994,25.3165,0.6519,11.0000,0.1030,0.2811
V2,F1_taker,36,79,0,risk1%,1.4699,427.0510,26.5547,3.1919,15.9545,21.7075,25.3165,0.3726,11.0000,0.2958,1.2958
V2,F1_taker,36,79,0,30%x10x,1.3367,427.0510,9.2206,1.1837,72.3032,78.9120,25.3165,1.6217,11.0000,0.2556,0.8272
V2,F1_taker,37,79,0,risk1%,1.4405,231.6667,24.6733,2.9859,17.1561,22.5001,22.7848,0.3523,11.0000,0.2828,1.2234
V2,F1_taker,37,79,0,30%x10x,1.1578,231.6667,-44.2826,-7.5066,80.6015,82.1042,22.7848,0.8797,11.0000,0.1352,0.3786
V2,F1_taker,38,79,0,risk1%,1.4433,237.4880,25.6426,3.0924,17.1392,22.5312,24.0506,0.3542,11.0000,0.3059,1.2286
V2,F1_taker,38,79,0,30%x10x,1.1758,237.4880,-34.2078,-5.4326,72.1321,78.6721,24.0506,0.9019,11.0000,0.1469,0.4268
V2,F1_taker,39,79,0,risk1%,1.3622,316.2923,19.9049,2.4515,16.0977,23.5254,24.0506,0.2950,11.0000,0.2520,1.0070
V2,F1_taker,39,79,0,30%x10x,1.2380,316.2923,-20.9805,-3.0928,71.7272,76.7586,24.0506,1.2011,11.0000,0.1907,0.5736
V2,F1_taker,40,79,0,risk1%,1.2200,186.3813,10.3862,1.3271,16.3643,20.4444,24.0506,0.1742,11.0000,0.1731,0.6065
V2,F1_taker,40,79,0,30%x10x,1.1369,186.3813,-42.6690,-7.1536,74.2185,79.4861,24.0506,0.7078,11.0000,0.1165,0.3233
V2,F1_taker,41,79,0,risk1%,1.4887,363.4804,26.6919,3.2068,15.0241,19.9747,25.3165,0.3897,11.0000,0.2756,1.3471
V2,F1_taker,41,79,0,30%x10x,1.2764,363.4804,-11.7410,-1.6525,76.5247,77.5282,25.3165,1.3803,11.0000,0.2161,0.6521
V2,F1_taker,42,79,0,risk1%,1.2637,160.7220,13.6095,1.7169,17.6538,20.8318,24.0506,0.2118,11.0000,0.2089,0.7291
V2,F1_taker,42,79,0,30%x10x,1.1113,160.7220,-49.6045,-8.7371,76.4080,81.4081,24.0506,0.6103,11.0000,0.0988,0.2640
V2,F1_taker,43,79,0,risk1%,1.2817,158.8483,14.2696,1.7956,17.2790,22.1713,25.3165,0.2257,11.0000,0.2069,0.7806
V2,F1_taker,43,79,0,30%x10x,1.1101,158.8483,-50.3966,-8.9298,78.5932,83.6498,25.3165,0.6032,11.0000,0.0966,0.2645
V2,F1_taker,44,79,0,risk1%,1.2809,197.3289,14.8973,1.8700,17.3752,20.7296,25.3165,0.2267,11.0000,0.2217,0.7769
V2,F1_taker,44,79,0,30%x10x,1.1410,197.3289,-42.5578,-7.1296,79.2087,81.2457,25.3165,0.7494,11.0000,0.1218,0.3347
V2,F1_taker,45,79,0,risk1%,1.3155,287.5241,16.2457,2.0287,15.8073,20.7698,24.0506,0.2503,11.0000,0.2237,0.8734
V2,F1_taker,45,79,0,30%x10x,1.2104,287.5241,-29.2335,-4.5085,75.4717,80.4001,24.0506,1.0919,11.0000,0.1724,0.4986
V2,F1_taker,46,79,0,risk1%,1.4839,204.5379,26.2539,3.1591,16.8265,19.8475,25.3165,0.3889,11.0000,0.2681,1.3398
V2,F1_taker,46,79,0,30%x10x,1.1461,204.5379,-43.1982,-7.2684,74.3502,79.4423,25.3165,0.7767,11.0000,0.1236,0.3469
V2,F1_taker,47,79,0,risk1%,1.3981,360.4283,21.9619,2.6842,16.3540,19.2452,25.3165,0.3100,11.0000,0.2815,1.0888
V2,F1_taker,47,79,0,30%x10x,1.2775,360.4283,-10.3599,-1.4486,76.5189,79.5666,25.3165,1.3687,11.0000,0.2170,0.6535
V2,F1_taker,48,79,0,risk1%,1.2679,204.7937,13.6700,1.7242,17.4664,22.3107,24.0506,0.2188,11.0000,0.2011,0.7443
V2,F1_taker,48,79,0,30%x10x,1.1499,204.7937,-41.3715,-6.8759,73.0093,77.9601,24.0506,0.7777,11.0000,0.1259,0.3519
V2,F1_taker,49,79,0,risk1%,1.1952,209.4524,8.3246,1.0725,17.0919,21.6850,24.0506,0.1569,11.0000,0.1448,0.5412
V2,F1_taker,49,79,0,30%x10x,1.1568,209.4524,-39.1745,-6.4178,77.8495,79.6467,24.0506,0.7954,11.0000,0.1292,0.3793
V2,F1_taker,50,79,0,risk1%,1.2314,199.1187,10.7008,1.3656,17.1328,20.3120,24.0506,0.1901,11.0000,0.1666,0.6455
V2,F1_taker,50,79,0,30%x10x,1.1413,199.1187,-45.9826,-7.8881,74.7169,78.1373,24.0506,0.7561,11.0000,0.1192,0.3307
V2,F1_taker,51,79,0,risk1%,1.3087,198.7427,15.3898,1.9282,14.9437,19.9383,24.0506,0.2423,11.0000,0.2131,0.8512
V2,F1_taker,51,79,0,30%x10x,1.1486,198.7427,-41.5924,-6.9228,68.6058,75.5950,24.0506,0.7547,11.0000,0.1227,0.3438
V2,F1_taker,52,79,0,risk1%,1.4628,257.5392,26.0815,3.1403,17.0452,20.7989,24.0506,0.3669,11.0000,0.2949,1.2843
V2,F1_taker,52,79,0,30%x10x,1.1921,257.5392,-29.8379,-4.6178,73.0835,77.8583,24.0506,0.9780,11.0000,0.1589,0.4752
V2,F1_taker,53,79,0,risk1%,1.2008,260.2309,8.4705,1.0907,18.4690,22.1618,25.3165,0.1613,11.0000,0.1452,0.5528
V2,F1_taker,53,79,0,30%x10x,1.1925,260.2309,-33.1051,-5.2227,74.3022,78.7401,25.3165,0.9882,11.0000,0.1576,0.4482
V2,F1_taker,54,79,0,risk1%,1.2206,213.7478,10.3799,1.3263,17.1910,24.6836,24.0506,0.1772,11.0000,0.1702,0.6120
V2,F1_taker,54,79,0,30%x10x,1.1538,213.7478,-41.1619,-6.8316,76.5537,81.1466,24.0506,0.8117,11.0000,0.1302,0.3683
V2,F1_taker,55,79,0,risk1%,1.4160,244.9296,23.0221,2.8029,16.4849,20.5828,22.7848,0.3398,11.0000,0.2654,1.1621
V2,F1_taker,55,79,0,30%x10x,1.1858,244.9296,-32.0441,-5.0235,74.6044,78.5567,22.7848,0.9301,11.0000,0.1508,0.4598
V2,F1_taker,56,79,0,risk1%,1.5165,354.6587,28.8862,3.4435,14.6015,19.3978,25.3165,0.4053,11.0000,0.3007,1.4219
V2,F1_taker,56,79,0,30%x10x,1.2791,354.6587,-8.8743,-1.2322,75.1475,78.7108,25.3165,1.3468,11.0000,0.2152,0.6748
V2,F1_taker,57,79,0,risk1%,1.4117,256.1458,22.7976,2.7778,17.5292,22.3590,22.7848,0.3363,11.0000,0.2639,1.1504
V2,F1_taker,57,79,0,30%x10x,1.1879,256.1458,-36.4186,-5.8629,71.9351,75.1316,22.7848,0.9727,11.0000,0.1520,0.4475
V2,F1_taker,58,79,0,risk1%,1.2128,167.4337,9.6984,1.2426,15.5230,19.7245,24.0506,0.1721,11.0000,0.1600,0.5907
V2,F1_taker,58,79,0,30%x10x,1.1173,167.4337,-48.9343,-8.5761,77.4966,78.5647,24.0506,0.6358,11.0000,0.1018,0.2804
V2,F1_taker,59,79,0,risk1%,1.3150,293.2426,16.2161,2.0252,15.9309,19.8782,25.3165,0.2507,11.0000,0.2224,0.8718
V2,F1_taker,59,79,0,30%x10x,1.2152,293.2426,-25.2385,-3.8063,74.7898,78.6598,25.3165,1.1136,11.0000,0.1777,0.5372
V2,F1_taker,60,79,0,risk1%,1.2636,223.6546,12.4585,1.5788,18.0671,20.8533,24.0506,0.2093,11.0000,0.1841,0.7320
V2,F1_taker,60,79,0,30%x10x,1.1609,223.6546,-39.3431,-6.4524,78.9805,80.2761,24.0506,0.8493,11.0000,0.1361,0.3856
V2,F1_taker,61,79,0,risk1%,1.3749,244.3938,19.6713,2.4248,17.9075,22.9760,25.3165,0.3010,11.0000,0.2388,1.0363
V2,F1_taker,61,79,0,30%x10x,1.1868,244.3938,-32.4912,-5.1071,72.0613,79.3397,25.3165,0.9281,11.0000,0.1514,0.4322
V2,F1_taker,62,79,0,risk1%,1.4045,333.8291,20.9537,2.5706,16.5899,18.9539,24.0506,0.3217,11.0000,0.2417,1.1133
V2,F1_taker,62,79,0,30%x10x,1.2535,333.8291,-16.3708,-2.3570,74.8406,75.9022,24.0506,1.2677,11.0000,0.2009,0.6201
V2,F1_taker,63,79,0,risk1%,1.2066,267.8967,9.2952,1.1929,17.5184,21.8527,25.3165,0.1641,11.0000,0.1587,0.5704
V2,F1_taker,63,79,0,30%x10x,1.2014,267.8967,-29.6515,-4.5840,73.9622,77.4571,25.3165,1.0173,11.0000,0.1643,0.4776
V2,F1_taker,64,79,0,risk1%,1.2383,295.7041,10.9391,1.3946,16.7148,20.7465,25.3165,0.1841,11.0000,0.1757,0.6500
V2,F1_taker,64,79,0,30%x10x,1.2288,295.7041,-24.2488,-3.6374,74.1548,79.2831,25.3165,1.1229,11.0000,0.1800,0.5302
V2,F1_taker,65,79,0,risk1%,1.3702,305.4285,20.0889,2.4724,13.9458,18.8311,25.3165,0.2927,11.0000,0.2594,1.0174
V2,F1_taker,65,79,0,30%x10x,1.2225,305.4285,-27.2511,-4.1559,72.4175,79.2102,25.3165,1.1599,11.0000,0.1813,0.5189
V2,F1_taker,66,79,0,risk1%,1.2552,258.4222,12.1810,1.5453,16.5869,21.3599,25.3165,0.2031,11.0000,0.1843,0.7038
V2,F1_taker,66,79,0,30%x10x,1.1878,258.4222,-33.9045,-5.3746,76.4782,79.8269,25.3165,0.9814,11.0000,0.1560,0.4467
V2,F1_taker,67,79,0,risk1%,1.2360,260.1653,10.7431,1.3707,16.9158,20.0456,24.0506,0.1876,11.0000,0.1686,0.6498
V2,F1_taker,67,79,0,30%x10x,1.1965,260.1653,-32.8365,-5.1720,74.3080,77.5476,24.0506,0.9880,11.0000,0.1579,0.4460
V2,F1_taker,68,79,0,risk1%,1.4677,248.2249,27.2217,3.2643,16.5058,21.4065,24.0506,0.3786,11.0000,0.3032,1.3006
V2,F1_taker,68,79,0,30%x10x,1.1750,248.2249,-37.6227,-6.1027,80.6493,80.9890,24.0506,0.9426,11.0000,0.1477,0.4317
V2,F1_taker,69,79,0,risk1%,1.5856,169.4005,34.5588,4.0397,14.3018,21.6871,25.3165,0.4659,11.0000,0.3349,1.6187
V2,F1_taker,69,79,0,30%x10x,1.1201,169.4005,-49.6008,-8.7362,72.9891,78.6002,25.3165,0.6433,11.0000,0.1019,0.2832
V2,F1_taker,70,79,0,risk1%,1.3482,302.8593,18.6084,2.3030,15.9760,19.5301,25.3165,0.2785,11.0000,0.2427,0.9629
V2,F1_taker,70,79,0,30%x10x,1.2212,302.8593,-24.8127,-3.7334,77.9947,80.0567,25.3165,1.1501,11.0000,0.1822,0.5381
V2,F1_taker,71,79,0,risk1%,1.3473,387.1521,18.8370,2.3293,14.6847,19.1093,24.0506,0.2799,11.0000,0.2467,0.9630
V2,F1_taker,71,79,0,30%x10x,1.3025,387.1521,-1.3535,-0.1816,74.3810,79.1794,24.0506,1.4702,11.0000,0.2340,0.7348
V2,F1_taker,72,79,0,risk1%,1.3394,205.1329,17.4382,2.1677,17.6204,22.4444,25.3165,0.2716,11.0000,0.2254,0.9373
V2,F1_taker,72,79,0,30%x10x,1.1500,205.1329,-42.0985,-7.0308,78.7323,82.5302,25.3165,0.7790,11.0000,0.1250,0.3567
V2,F1_taker,73,79,0,risk1%,1.2495,204.8788,11.3956,1.4502,18.9174,22.1105,24.0506,0.2008,11.0000,0.1711,0.6917
V2,F1_taker,73,79,0,30%x10x,1.1495,204.8788,-41.5154,-6.9065,79.0236,81.2485,24.0506,0.7780,11.0000,0.1254,0.3591
V2,F1_taker,74,79,0,risk1%,1.6345,301.5970,36.9967,4.2892,13.9314,17.8406,24.0506,0.4988,11.0000,0.3349,1.7498
V2,F1_taker,74,79,0,30%x10x,1.2218,301.5970,-27.0037,-4.1125,75.9534,81.3302,24.0506,1.1453,11.0000,0.1790,0.5332
V2,F1_taker,75,79,0,risk1%,1.4682,357.6030,26.5465,3.1910,16.4983,22.1466,24.0506,0.3661,11.0000,0.3065,1.2833
V2,F1_taker,75,79,0,30%x10x,1.2667,357.6030,-13.1478,-1.8631,78.4416,83.3276,24.0506,1.3580,11.0000,0.2125,0.6616
V2,F1_taker,76,79,0,risk1%,1.2165,228.9796,10.4707,1.3374,17.5565,21.6575,25.3165,0.1718,11.0000,0.1777,0.5951
V2,F1_taker,76,79,0,30%x10x,1.1630,228.9796,-40.0618,-6.6010,79.0351,82.1239,25.3165,0.8695,11.0000,0.1384,0.3821
V2,F1_taker,77,79,0,risk1%,1.3127,258.4490,16.1014,2.0118,18.4188,21.0326,25.3165,0.2526,11.0000,0.2177,0.8672
V2,F1_taker,77,79,0,30%x10x,1.1820,258.4490,-36.3640,-5.8521,79.3626,81.5236,25.3165,0.9815,11.0000,0.1536,0.4414
V2,F1_taker,78,79,0,risk1%,1.4430,235.2719,22.7651,2.7742,16.3701,20.7681,24.0506,0.3529,11.0000,0.2444,1.2241
V2,F1_taker,78,79,0,30%x10x,1.1700,235.2719,-38.7636,-6.3337,78.2188,81.5482,24.0506,0.8934,11.0000,0.1412,0.4068
V2,F1_taker,79,79,0,risk1%,1.3451,294.9262,18.3084,2.2684,17.1085,21.8105,25.3165,0.2742,11.0000,0.2423,0.9497
V2,F1_taker,79,79,0,30%x10x,1.2215,294.9262,-26.6426,-4.0493,75.2338,78.5586,25.3165,1.1200,11.0000,0.1771,0.5272
V2,F1_taker,80,79,0,risk1%,1.2516,299.7551,12.4146,1.5735,17.8114,20.4169,25.3165,0.2002,11.0000,0.1927,0.6910
V2,F1_taker,80,79,0,30%x10x,1.2233,299.7551,-23.8590,-3.5714,75.9593,77.1294,25.3165,1.1383,11.0000,0.1821,0.5344
V2,F1_taker,81,79,0,risk1%,1.4384,428.7078,24.0919,2.9217,16.1791,20.8787,25.3165,0.3543,11.0000,0.2668,1.2119
V2,F1_taker,81,79,0,30%x10x,1.3423,428.7078,12.7779,1.6173,73.8442,79.1306,25.3165,1.6280,11.0000,0.2592,0.8461
V2,F1_taker,82,79,0,risk1%,1.3442,243.5291,18.3328,2.2712,16.6241,20.6322,24.0506,0.2814,11.0000,0.2344,0.9594
V2,F1_taker,82,79,0,30%x10x,1.1773,243.5291,-36.9474,-5.9677,74.1291,78.9732,24.0506,0.9248,11.0000,0.1463,0.4287
V2,F1_taker,83,79,0,risk1%,1.2139,171.8248,9.8115,1.2565,18.4484,21.0926,25.3165,0.1733,11.0000,0.1621,0.5930
V2,F1_taker,83,79,0,30%x10x,1.1193,171.8248,-49.6717,-8.7534,78.5429,82.2961,25.3165,0.6525,11.0000,0.1034,0.2863
V2,F1_taker,84,79,0,risk1%,1.4076,360.6879,22.7252,2.7697,16.6753,21.5546,24.0506,0.3265,11.0000,0.2749,1.1298
V2,F1_taker,84,79,0,30%x10x,1.2715,360.6879,-12.5255,-1.7696,75.2975,78.6390,24.0506,1.3697,11.0000,0.2142,0.6672
V2,F1_taker,85,79,0,risk1%,1.3857,361.0342,20.7694,2.5497,16.7414,21.6509,24.0506,0.3125,11.0000,0.2481,1.0716
V2,F1_taker,85,79,0,30%x10x,1.2732,361.0342,-11.5374,-1.6223,74.9857,79.8722,24.0506,1.3710,11.0000,0.2158,0.6558
V2,F1_taker,86,79,0,risk1%,1.2422,202.5878,10.9702,1.3984,18.4085,21.4581,24.0506,0.1917,11.0000,0.1702,0.6665
V2,F1_taker,86,79,0,30%x10x,1.1449,202.5878,-44.9625,-7.6579,80.1607,81.5554,24.0506,0.7693,11.0000,0.1214,0.3427
V2,F1_taker,87,79,0,risk1%,1.2689,250.3126,13.3316,1.6837,14.8166,19.1439,25.3165,0.2182,11.0000,0.1944,0.7445
V2,F1_taker,87,79,0,30%x10x,1.1826,250.3126,-35.2730,-5.6383,74.9290,76.7173,25.3165,0.9506,11.0000,0.1515,0.4302
V2,F1_taker,88,79,0,risk1%,1.3187,199.8368,16.4098,2.0479,15.4562,19.3929,25.3165,0.2575,11.0000,0.2194,0.8819
V2,F1_taker,88,79,0,30%x10x,1.1428,199.8368,-44.4446,-7.5425,74.5227,76.6978,25.3165,0.7589,11.0000,0.1207,0.3375
V2,F1_taker,89,79,0,risk1%,1.3981,258.5789,21.1333,2.5909,15.9620,18.9505,25.3165,0.3168,11.0000,0.2507,1.1001
V2,F1_taker,89,79,0,30%x10x,1.1844,258.5789,-36.8933,-5.9569,77.9634,81.1893,25.3165,0.9819,11.0000,0.1531,0.4348
V2,F1_taker,90,79,0,risk1%,1.3747,289.2087,20.0288,2.4656,15.2577,20.2553,24.0506,0.2975,11.0000,0.2524,1.0334
V2,F1_taker,90,79,0,30%x10x,1.2198,289.2087,-27.4358,-4.1884,71.0765,78.6216,24.0506,1.0983,11.0000,0.1744,0.5120
V2,F1_taker,91,79,0,risk1%,1.4535,368.3193,24.7030,2.9892,17.0413,21.8996,25.3165,0.3594,11.0000,0.2725,1.2473
V2,F1_taker,91,79,0,30%x10x,1.2823,368.3193,-8.9811,-1.2476,72.3473,79.3646,25.3165,1.3987,11.0000,0.2207,0.6705
V2,F1_taker,92,79,0,risk1%,1.1843,217.0806,7.3674,0.9529,17.4828,22.0836,24.0506,0.1473,11.0000,0.1338,0.5097
V2,F1_taker,92,79,0,30%x10x,1.1603,217.0806,-39.5110,-6.4870,77.8820,81.6408,24.0506,0.8244,11.0000,0.1321,0.4013
V2,F1_taker,93,79,0,risk1%,1.3209,111.5458,16.5099,2.0596,17.6034,20.1369,24.0506,0.2537,11.0000,0.2257,0.8892
V2,F1_taker,93,79,0,30%x10x,1.0763,111.5458,-56.5074,-10.5133,81.5715,83.6353,24.0506,0.4236,11.0000,0.0680,0.1844
V2,F1_taker,94,79,0,risk1%,1.2983,289.8808,15.2417,1.9107,17.1396,19.3319,25.3165,0.2379,11.0000,0.2162,0.8231
V2,F1_taker,94,79,0,30%x10x,1.2257,289.8808,-21.9820,-3.2576,75.7969,80.0337,25.3165,1.1008,11.0000,0.1800,0.5381
V2,F1_taker,95,79,0,risk1%,1.4808,336.0045,27.6280,3.3082,15.8214,18.3033,24.0506,0.3863,11.0000,0.2998,1.3274
V2,F1_taker,95,79,0,30%x10x,1.2531,336.0045,-15.3932,-2.2055,70.8471,77.7720,24.0506,1.2760,11.0000,0.2039,0.6031
V2,F1_taker,96,79,0,risk1%,1.4596,231.0579,24.8328,3.0035,17.4165,21.8518,25.3165,0.3732,11.0000,0.2607,1.2735
V2,F1_taker,96,79,0,30%x10x,1.1673,231.0579,-39.3957,-6.4632,73.3103,77.8698,25.3165,0.8774,11.0000,0.1390,0.3919
V2,F1_taker,97,79,0,risk1%,1.4396,423.7759,23.2893,2.8326,16.9788,21.5391,24.0506,0.3489,11.0000,0.2577,1.2155
V2,F1_taker,97,79,0,30%x10x,1.3435,423.7759,13.2485,1.6737,76.5990,79.3474,24.0506,1.6093,11.0000,0.2575,0.8688
V2,F1_taker,98,79,0,risk1%,1.2570,344.1575,13.1776,1.6652,14.6419,19.2149,25.3165,0.2084,11.0000,0.2016,0.7127
V2,F1_taker,98,79,0,30%x10x,1.2686,344.1575,-8.4915,-1.1769,71.7555,77.9710,25.3165,1.3069,11.0000,0.2122,0.6813
V2,F1_taker,99,79,0,risk1%,1.3838,327.6563,21.4028,2.6213,17.3722,22.2288,24.0506,0.3117,11.0000,0.2646,1.0665
V2,F1_taker,99,79,0,30%x10x,1.2432,327.6563,-18.9657,-2.7667,73.9054,79.4647,24.0506,1.2443,11.0000,0.1971,0.5866
V2,F1_taker,100,79,0,risk1%,1.2892,38.1336,13.9048,1.7522,19.3016,21.6522,24.0506,0.2344,11.0000,0.1919,0.8049
V2,F1_taker,100,79,0,30%x10x,1.0255,38.1336,-64.9297,-13.0464,82.8322,85.2896,24.0506,0.1448,11.0000,0.0232,0.0624
V2,F1_taker,101,79,0,risk1%,1.3776,315.3840,20.7378,2.5461,16.7506,22.2867,24.0506,0.3014,11.0000,0.2624,1.0420
V2,F1_taker,101,79,0,30%x10x,1.2401,315.3840,-21.0346,-3.1017,70.9161,73.7442,24.0506,1.1977,11.0000,0.1909,0.5564
V2,F1_taker,102,79,0,risk1%,1.3463,175.8770,17.2297,2.1435,17.6425,22.3001,24.0506,0.2861,11.0000,0.2089,0.9648
V2,F1_taker,102,79,0,30%x10x,1.1247,175.8770,-48.1835,-8.3979,77.4850,80.7918,24.0506,0.6679,11.0000,0.1059,0.3008
V2,F1_taker,103,79,0,risk1%,1.2832,334.2448,14.4262,1.8142,14.9413,20.1557,25.3165,0.2275,11.0000,0.2085,0.7814
V2,F1_taker,103,79,0,30%x10x,1.2577,334.2448,-15.2711,-2.1866,72.2897,79.3475,25.3165,1.2693,11.0000,0.2028,0.6177
V2,F1_taker,104,79,0,risk1%,1.3191,183.8813,16.5867,2.0686,18.3749,21.0861,24.0506,0.2591,11.0000,0.2215,0.8886
V2,F1_taker,104,79,0,30%x10x,1.1272,183.8813,-47.3758,-8.2087,78.1115,80.2426,24.0506,0.6983,11.0000,0.1111,0.3056
V2,F1_taker,105,79,0,risk1%,1.1929,272.8058,8.6959,1.1187,16.6457,21.2614,24.0506,0.1541,11.0000,0.1535,0.5338
V2,F1_taker,105,79,0,30%x10x,1.2046,272.8058,-27.3430,-4.1721,72.4927,78.8925,24.0506,1.0360,11.0000,0.1682,0.4888
V2,F1_taker,106,79,0,risk1%,1.3093,140.1337,16.2255,2.0263,14.7169,18.8244,24.0506,0.2482,11.0000,0.2260,0.8589
V2,F1_taker,106,79,0,30%x10x,1.0951,140.1337,-53.9426,-9.8266,82.0103,83.0159,24.0506,0.5322,11.0000,0.0846,0.2302
V2,F1_taker,107,79,0,risk1%,1.5756,306.8241,33.3433,3.9138,17.3022,20.6299,25.3165,0.4586,11.0000,0.3180,1.5902
V2,F1_taker,107,79,0,30%x10x,1.2266,306.8241,-23.9264,-3.5828,75.8093,80.9001,25.3165,1.1652,11.0000,0.1840,0.5507
V2,F1_taker,108,79,0,risk1%,1.3250,293.3145,17.1045,2.1289,15.4993,20.2798,25.3165,0.2627,11.0000,0.2290,0.8959
V2,F1_taker,108,79,0,30%x10x,1.2165,293.3145,-28.5106,-4.3790,73.1393,77.7790,25.3165,1.1139,11.0000,0.1751,0.5060
V2,F1_taker,109,79,0,risk1%,1.3727,274.0008,18.8894,2.3353,15.8015,19.4888,24.0506,0.2999,11.0000,0.2244,1.0311
V2,F1_taker,109,79,0,30%x10x,1.2107,274.0008,-26.9811,-4.1085,75.2324,80.5394,24.0506,1.0405,11.0000,0.1682,0.4951
V2,F1_taker,110,79,0,risk1%,1.2931,309.9679,15.1637,1.9015,17.3547,22.2015,22.7848,0.2393,11.0000,0.2136,0.8120
V2,F1_taker,110,79,0,30%x10x,1.2407,309.9679,-20.5409,-3.0210,73.2600,76.4699,22.7848,1.1771,11.0000,0.1883,0.5862
V2,F1_taker,111,79,0,risk1%,1.2325,190.9779,10.6237,1.3561,17.5349,20.3722,24.0506,0.1847,11.0000,0.1688,0.6458
V2,F1_taker,111,79,0,30%x10x,1.1410,190.9779,-43.7555,-7.3903,75.8734,78.4457,24.0506,0.7252,11.0000,0.1169,0.3357
V2,F1_taker,112,79,0,risk1%,1.3708,220.2021,19.6596,2.4235,16.2855,21.1946,24.0506,0.2893,11.0000,0.2541,1.0174
V2,F1_taker,112,79,0,30%x10x,1.1617,220.2021,-39.1893,-6.4208,73.2092,75.6505,24.0506,0.8362,11.0000,0.1347,0.3761
V2,F1_taker,113,79,0,risk1%,1.3549,441.8458,19.0382,2.3523,18.2877,21.0072,24.0506,0.2840,11.0000,0.2462,0.9781
V2,F1_taker,113,79,0,30%x10x,1.3592,441.8458,17.8522,2.2157,70.1471,73.5410,24.0506,1.6779,11.0000,0.2686,0.8594
V2,F1_taker,114,79,0,risk1%,1.3253,306.5391,17.2468,2.1455,17.1878,20.5479,25.3165,0.2629,11.0000,0.2314,0.8987
V2,F1_taker,114,79,0,30%x10x,1.2303,306.5391,-21.1220,-3.1160,73.3221,76.3146,25.3165,1.1641,11.0000,0.1878,0.5434
V2,F1_taker,115,79,0,risk1%,1.1989,146.2070,8.5336,1.0985,19.4372,22.3405,24.0506,0.1597,11.0000,0.1469,0.5550
V2,F1_taker,115,79,0,30%x10x,1.1042,146.2070,-49.5565,-8.7255,79.7614,84.3075,24.0506,0.5552,11.0000,0.0905,0.2573
V2,F1_taker,116,79,0,risk1%,1.3921,352.8626,19.3854,2.3921,17.2548,21.7678,24.0506,0.3118,11.0000,0.2235,1.0766
V2,F1_taker,116,79,0,30%x10x,1.2899,352.8626,-5.3685,-0.7335,65.6657,74.0685,24.0506,1.3400,11.0000,0.2173,0.6984
V2,F1_taker,117,79,0,risk1%,1.2450,166.8289,11.7429,1.4924,15.8856,19.3765,25.3165,0.1942,11.0000,0.1835,0.6775
V2,F1_taker,117,79,0,30%x10x,1.1211,166.8289,-45.9613,-7.8833,76.8435,79.8796,25.3165,0.6335,11.0000,0.1034,0.2993
V2,F1_taker,118,79,0,risk1%,1.3635,275.5184,20.0398,2.4668,16.0072,22.8605,25.3165,0.2952,11.0000,0.2546,1.0047
V2,F1_taker,118,79,0,30%x10x,1.2067,275.5184,-27.2582,-4.1571,71.8524,76.4665,25.3165,1.0463,11.0000,0.1690,0.4927
V2,F1_taker,119,79,0,risk1%,1.5624,263.2463,30.9895,3.6672,18.3347,18.9157,24.0506,0.4453,11.0000,0.2937,1.5467
V2,F1_taker,119,79,0,30%x10x,1.1996,263.2463,-29.6267,-4.5795,79.8243,80.9444,24.0506,0.9997,11.0000,0.1608,0.4847
V2,F1_taker,120,79,0,risk1%,1.4797,358.4595,26.0756,3.1397,17.4436,24.5018,24.0506,0.3840,11.0000,0.2716,1.3262
V2,F1_taker,120,79,0,30%x10x,1.2839,358.4595,-8.5137,-1.1801,65.3221,74.3196,24.0506,1.3612,11.0000,0.2183,0.6538
V2,F1_taker,121,79,0,risk1%,1.5397,357.1877,31.5387,3.7251,16.8265,21.3093,26.5823,0.4313,11.0000,0.3217,1.4857
V2,F1_taker,121,79,0,30%x10x,1.2657,357.1877,-14.6112,-2.0853,75.0079,75.4422,26.5823,1.3564,11.0000,0.2111,0.6437
V2,F1_taker,122,79,0,risk1%,1.4491,268.0837,24.5860,2.9763,17.1992,20.9113,24.0506,0.3587,11.0000,0.2715,1.2426
V2,F1_taker,122,79,0,30%x10x,1.1893,268.0837,-36.1333,-5.8066,77.0874,81.1742,24.0506,1.0180,11.0000,0.1578,0.4489
V2,F1_taker,123,79,0,risk1%,1.3490,351.9024,17.6584,2.1933,16.9042,20.3599,24.0506,0.2784,11.0000,0.2220,0.9658
V2,F1_taker,123,79,0,30%x10x,1.2710,351.9024,-10.7750,-1.5096,74.8651,77.4048,24.0506,1.3363,11.0000,0.2127,0.6638
V2,F1_taker,124,79,0,risk1%,1.3785,360.5405,19.8657,2.4470,17.5146,22.5055,24.0506,0.3054,11.0000,0.2386,1.0509
V2,F1_taker,124,79,0,30%x10x,1.2775,360.5405,-8.2691,-1.1449,73.3310,77.9730,24.0506,1.3691,11.0000,0.2178,0.6946
V2,F1_taker,125,79,0,risk1%,1.4200,375.9431,23.9227,2.9030,14.3268,18.9471,24.0506,0.3302,11.0000,0.3007,1.1578
V2,F1_taker,125,79,0,30%x10x,1.2831,375.9431,-7.4807,-1.0320,75.7122,80.0329,24.0506,1.4276,11.0000,0.2247,0.6987
V2,F1_taker,126,79,0,risk1%,1.4256,255.3003,24.3195,2.9469,15.0947,19.3536,25.3165,0.3423,11.0000,0.2898,1.1777
V2,F1_taker,126,79,0,30%x10x,1.1812,255.3003,-37.6575,-6.1097,79.3134,80.2440,25.3165,0.9695,11.0000,0.1511,0.4288
V2,F1_taker,127,79,0,risk1%,1.2880,339.1455,14.8357,1.8627,17.5235,20.6755,24.0506,0.2295,11.0000,0.2161,0.7956
V2,F1_taker,127,79,0,30%x10x,1.2529,339.1455,-18.2782,-2.6571,73.1226,80.2183,24.0506,1.2879,11.0000,0.2029,0.5854
V2,F1_taker,128,79,0,risk1%,1.3143,301.7745,16.2952,2.0345,17.5485,22.3985,24.0506,0.2534,11.0000,0.2218,0.8695
V2,F1_taker,128,79,0,30%x10x,1.2222,301.7745,-25.9665,-3.9318,74.5599,78.4194,24.0506,1.1460,11.0000,0.1808,0.5287
V2,F1_taker,129,79,0,risk1%,1.3874,314.4198,21.0867,2.5856,16.0359,20.0440,24.0506,0.3095,11.0000,0.2615,1.0736
V2,F1_taker,129,79,0,30%x10x,1.2453,314.4198,-15.7710,-2.2638,78.8578,80.5438,24.0506,1.1940,11.0000,0.1948,0.6162
V2,F1_taker,130,79,0,risk1%,1.3869,297.3283,21.1402,2.5917,14.4742,19.8548,25.3165,0.3028,11.0000,0.2705,1.0586
V2,F1_taker,130,79,0,30%x10x,1.2236,297.3283,-23.6634,-3.5384,74.8464,79.7999,25.3165,1.1291,11.0000,0.1812,0.5322
V2,F1_taker,131,79,0,risk1%,1.2596,88.6289,12.7181,1.6101,17.5635,20.4518,24.0506,0.2110,11.0000,0.1891,0.7216
V2,F1_taker,131,79,0,30%x10x,1.0623,88.6289,-56.6214,-10.5446,79.4537,83.0760,24.0506,0.3366,11.0000,0.0556,0.1513
V2,F1_taker,132,79,0,risk1%,1.3126,266.6304,16.2946,2.0344,14.8062,19.1526,24.0506,0.2519,11.0000,0.2225,0.8652
V2,F1_taker,132,79,0,30%x10x,1.1970,266.6304,-29.5329,-4.5625,74.5791,79.5534,24.0506,1.0125,11.0000,0.1630,0.4836
V2,F1_taker,133,79,0,risk1%,1.4767,361.9500,28.3592,3.3870,15.4757,20.2525,24.0506,0.3850,11.0000,0.3228,1.3254
V2,F1_taker,133,79,0,30%x10x,1.2696,361.9500,-14.4921,-2.0671,76.8995,77.2722,24.0506,1.3745,11.0000,0.2139,0.6353
V2,F1_taker,134,79,0,risk1%,1.3289,280.0231,17.3332,2.1555,14.9588,20.1651,24.0506,0.2639,11.0000,0.2326,0.9097
V2,F1_taker,134,79,0,30%x10x,1.2161,280.0231,-24.0979,-3.6118,70.9099,78.2819,24.0506,1.0634,11.0000,0.1729,0.5364
V2,F1_taker,135,79,0,risk1%,1.3160,221.4091,16.2869,2.0335,17.0184,20.8818,24.0506,0.2532,11.0000,0.2215,0.8739
V2,F1_taker,135,79,0,30%x10x,1.1609,221.4091,-38.8444,-6.3502,75.9128,77.0655,24.0506,0.8408,11.0000,0.1354,0.3857
V2,F1_taker,136,79,0,risk1%,1.2862,96.7005,14.5292,1.8264,16.2114,20.1462,25.3165,0.2306,11.0000,0.2083,0.7940
V2,F1_taker,136,79,0,30%x10x,1.0671,96.7005,-57.0550,-10.6644,81.9757,84.0895,25.3165,0.3672,11.0000,0.0598,0.1639
V2,F1_taker,137,79,0,risk1%,1.3054,171.7224,15.8102,1.9776,17.9934,22.8024,24.0506,0.2481,11.0000,0.2165,0.8497
V2,F1_taker,137,79,0,30%x10x,1.1191,171.7224,-48.6409,-8.5062,84.1024,84.7555,24.0506,0.6521,11.0000,0.1038,0.2931
V2,F1_taker,138,79,0,risk1%,1.3902,284.0267,20.1252,2.4766,18.7946,22.2944,25.3165,0.3128,11.0000,0.2353,1.0771
V2,F1_taker,138,79,0,30%x10x,1.2109,284.0267,-28.3496,-4.3503,77.5290,82.3808,25.3165,1.0786,11.0000,0.1711,0.4983
V2,F1_taker,139,79,0,risk1%,1.3398,228.0583,18.2561,2.2624,14.9822,19.2285,24.0506,0.2749,11.0000,0.2403,0.9439
V2,F1_taker,139,79,0,30%x10x,1.1595,228.0583,-41.6088,-6.9263,79.6877,82.1263,24.0506,0.8660,11.0000,0.1361,0.3831
V2,F1_taker,140,79,0,risk1%,1.1591,132.3381,6.2847,0.8165,17.5754,21.6301,24.0506,0.1292,11.0000,0.1240,0.4421
V2,F1_taker,140,79,0,30%x10x,1.0930,132.3381,-53.6755,-9.7570,80.0834,82.7478,24.0506,0.5025,11.0000,0.0809,0.2182
V2,F1_taker,141,79,0,risk1%,1.4803,185.7187,27.2322,3.2654,18.5875,21.0957,24.0506,0.3920,11.0000,0.2848,1.3405
V2,F1_taker,141,79,0,30%x10x,1.1309,185.7187,-45.8942,-7.8680,75.9527,79.3443,24.0506,0.7053,11.0000,0.1130,0.3161
V2,F1_taker,142,79,0,risk1%,1.3047,344.2891,15.8078,1.9773,17.0242,20.8917,25.3165,0.2489,11.0000,0.2157,0.8449
V2,F1_taker,142,79,0,30%x10x,1.2608,344.2891,-14.6579,-2.0925,75.0526,79.0460,25.3165,1.3074,11.0000,0.2071,0.6246
V2,F1_taker,143,79,0,risk1%,1.3808,248.6184,20.7365,2.5460,14.5367,19.0261,24.0506,0.3038,11.0000,0.2594,1.0529
V2,F1_taker,143,79,0,30%x10x,1.1862,248.6184,-33.0074,-5.2042,76.6350,81.8222,24.0506,0.9441,11.0000,0.1522,0.4511
V2,F1_taker,144,79,0,risk1%,1.4220,274.6279,23.3831,2.8431,15.8219,20.1628,25.3165,0.3365,11.0000,0.2745,1.1677
V2,F1_taker,144,79,0,30%x10x,1.2047,274.6279,-27.5842,-4.2146,76.1212,79.8058,25.3165,1.0429,11.0000,0.1676,0.5072
V2,F1_taker,145,79,0,risk1%,1.4818,399.1902,25.5019,3.0770,18.1589,21.5843,24.0506,0.3816,11.0000,0.2633,1.3277
V2,F1_taker,145,79,0,30%x10x,1.3183,399.1902,4.0828,0.5353,79.2263,80.0652,24.0506,1.5159,11.0000,0.2419,0.7779
V2,F1_taker,146,79,0,risk1%,1.3779,145.6572,20.6367,2.5347,16.0065,20.6555,24.0506,0.3033,11.0000,0.2575,1.0518
V2,F1_taker,146,79,0,30%x10x,1.1033,145.6572,-50.5356,-8.9639,77.6379,78.6461,24.0506,0.5531,11.0000,0.0898,0.2484
V2,F1_taker,147,79,0,risk1%,1.2013,276.9259,8.7375,1.1239,16.5733,19.5270,22.7848,0.1625,11.0000,0.1491,0.5594
V2,F1_taker,147,79,0,30%x10x,1.2126,276.9259,-26.6295,-4.0471,73.5934,78.9604,22.7848,1.0516,11.0000,0.1699,0.5118
V2,F1_taker,148,79,0,risk1%,1.2415,31.3222,10.7095,1.3666,18.5752,21.1058,25.3165,0.1955,11.0000,0.1632,0.6694
V2,F1_taker,148,79,0,30%x10x,1.0211,31.3222,-65.7853,-13.3325,81.2307,83.1382,25.3165,0.1189,11.0000,0.0191,0.0502
V2,F1_taker,149,79,0,risk1%,1.3288,143.6396,17.1928,2.1392,16.5223,19.2603,24.0506,0.2653,11.0000,0.2268,0.9139
V2,F1_taker,149,79,0,30%x10x,1.0995,143.6396,-52.2372,-9.3881,79.1635,82.1467,24.0506,0.5455,11.0000,0.0875,0.2395
V2,F1_taker,150,79,0,risk1%,1.2582,362.0265,12.2485,1.5535,17.5720,21.7443,25.3165,0.2043,11.0000,0.1850,0.7114
V2,F1_taker,150,79,0,30%x10x,1.2821,362.0265,-9.6880,-1.3503,67.1399,75.7998,25.3165,1.3748,11.0000,0.2175,0.6751
V2,F1_taker,151,79,0,risk1%,1.2963,173.1164,15.2678,1.9138,15.5053,20.4942,24.0506,0.2389,11.0000,0.2144,0.8213
V2,F1_taker,151,79,0,30%x10x,1.1222,173.1164,-47.7251,-8.2902,73.6962,76.9989,24.0506,0.6574,11.0000,0.1055,0.2937
V2,F1_taker,152,79,0,risk1%,1.2394,261.7343,11.9674,1.5195,13.8309,18.6276,24.0506,0.1940,11.0000,0.1896,0.6633
V2,F1_taker,152,79,0,30%x10x,1.1970,261.7343,-29.3011,-4.5207,71.7127,75.5204,24.0506,0.9939,11.0000,0.1615,0.4754
V2,F1_taker,153,79,0,risk1%,1.1417,136.7103,5.4301,0.7080,16.6554,21.5400,22.7848,0.1136,11.0000,0.1158,0.3925
V2,F1_taker,153,79,0,30%x10x,1.0992,136.7103,-50.3892,-8.9280,75.8018,80.2817,22.7848,0.5192,11.0000,0.0851,0.2409
V2,F1_taker,154,79,0,risk1%,1.4176,304.6281,23.2975,2.8335,16.0281,20.9536,24.0506,0.3305,11.0000,0.2824,1.1457
V2,F1_taker,154,79,0,30%x10x,1.2317,304.6281,-21.3334,-3.1507,74.6904,77.8905,24.0506,1.1568,11.0000,0.1871,0.5367
V2,F1_taker,155,79,0,risk1%,1.2649,290.1311,13.3556,1.6866,16.7331,22.3663,25.3165,0.2120,11.0000,0.2021,0.7322
V2,F1_taker,155,79,0,30%x10x,1.2125,290.1311,-28.9744,-4.4620,73.8562,77.3312,25.3165,1.1018,11.0000,0.1738,0.5045
V2,F1_taker,156,79,0,risk1%,1.4182,298.5464,21.5777,2.6410,17.7706,20.8042,25.3165,0.3369,11.0000,0.2387,1.1538
V2,F1_taker,156,79,0,30%x10x,1.2252,298.5464,-24.0507,-3.6038,78.8583,82.8118,25.3165,1.1337,11.0000,0.1806,0.5385
V2,F1_taker,157,79,0,risk1%,1.2254,226.5999,10.0938,1.2912,17.6293,21.1557,24.0506,0.1824,11.0000,0.1607,0.6265
V2,F1_taker,157,79,0,30%x10x,1.1681,226.5999,-36.4473,-5.8685,75.6163,78.5763,24.0506,0.8605,11.0000,0.1394,0.4110
V2,F1_taker,158,79,0,risk1%,1.5290,376.8810,30.2641,3.5904,15.6624,20.6421,25.3165,0.4261,11.0000,0.3001,1.4630
V2,F1_taker,158,79,0,30%x10x,1.2912,376.8810,-3.5072,-0.4752,75.4279,79.2903,25.3165,1.4312,11.0000,0.2274,0.7350
V2,F1_taker,159,79,0,risk1%,1.3996,177.8740,22.4484,2.7388,16.2583,21.2599,25.3165,0.3203,11.0000,0.2776,1.1004
V2,F1_taker,159,79,0,30%x10x,1.1298,177.8740,-44.0270,-7.4500,78.4076,80.0941,25.3165,0.6755,11.0000,0.1108,0.3095
V2,F1_taker,160,79,0,risk1%,1.4916,238.7295,27.8404,3.3312,15.5258,20.5224,24.0506,0.3960,11.0000,0.2931,1.3599
V2,F1_taker,160,79,0,30%x10x,1.1747,238.7295,-35.9041,-5.7616,80.1045,80.4255,24.0506,0.9066,11.0000,0.1449,0.4298
V2,F1_taker,161,79,0,risk1%,1.3803,272.5819,20.7736,2.5502,16.0770,17.9116,25.3165,0.3031,11.0000,0.2611,1.0521
V2,F1_taker,161,79,0,30%x10x,1.1955,272.5819,-33.2195,-5.2443,79.6221,80.8867,25.3165,1.0351,11.0000,0.1623,0.4677
V2,F1_taker,162,79,0,risk1%,1.2811,246.1592,13.9631,1.7591,16.5846,20.3656,25.3165,0.2253,11.0000,0.2011,0.7760
V2,F1_taker,162,79,0,30%x10x,1.1803,246.1592,-36.6250,-5.9037,76.1079,76.5471,25.3165,0.9348,11.0000,0.1483,0.4213
V2,F1_taker,163,79,0,risk1%,1.5080,323.2907,30.2964,3.5938,16.3737,21.0999,24.0506,0.4102,11.0000,0.3271,1.4078
V2,F1_taker,163,79,0,30%x10x,1.2420,323.2907,-20.9231,-3.0834,75.0124,78.5400,24.0506,1.2277,11.0000,0.1936,0.5720
V2,F1_taker,164,79,0,risk1%,1.3144,256.2496,16.0935,2.0109,16.3982,21.3020,25.3165,0.2489,11.0000,0.2220,0.8655
V2,F1_taker,164,79,0,30%x10x,1.1913,256.2496,-31.4050,-4.9048,77.1408,80.1534,25.3165,0.9731,11.0000,0.1570,0.4621
V2,F1_taker,165,79,0,risk1%,1.1734,284.9891,7.0432,0.9122,18.7957,20.7996,24.0506,0.1388,11.0000,0.1320,0.4797
V2,F1_taker,165,79,0,30%x10x,1.2050,284.9891,-30.1949,-4.6827,77.1102,78.5306,24.0506,1.0822,11.0000,0.1696,0.5072
V2,F1_taker,166,79,0,risk1%,1.3999,298.3698,22.0741,2.6968,17.4528,22.2106,24.0506,0.3197,11.0000,0.2699,1.1100
V2,F1_taker,166,79,0,30%x10x,1.2296,298.3698,-20.0924,-2.9482,75.5839,79.8844,24.0506,1.1330,11.0000,0.1844,0.5648
V2,F1_taker,167,79,0,risk1%,1.3937,219.0041,20.5548,2.5254,16.7901,22.3063,25.3165,0.3097,11.0000,0.2469,1.0827
V2,F1_taker,167,79,0,30%x10x,1.1564,219.0041,-41.8094,-6.9691,80.6765,82.0094,25.3165,0.8317,11.0000,0.1315,0.3709
V2,F1_taker,168,79,0,risk1%,1.3125,276.8785,16.1427,2.0166,17.3648,19.9063,25.3165,0.2544,11.0000,0.2168,0.8653
V2,F1_taker,168,79,0,30%x10x,1.2044,276.8785,-30.8301,-4.7988,76.4228,80.0603,25.3165,1.0514,11.0000,0.1666,0.4742
V2,F1_taker,169,79,0,risk1%,1.3421,327.5863,18.5991,2.3019,15.8208,20.0631,25.3165,0.2702,11.0000,0.2560,0.9382
V2,F1_taker,169,79,0,30%x10x,1.2575,327.5863,-13.9895,-1.9905,72.8123,79.4536,25.3165,1.2440,11.0000,0.2013,0.6210
V2,F1_taker,170,79,0,risk1%,1.4703,293.3975,25.9227,3.1230,15.7045,21.4201,25.3165,0.3727,11.0000,0.2818,1.2955
V2,F1_taker,170,79,0,30%x10x,1.2150,293.3975,-29.5204,-4.5603,71.0455,76.1442,25.3165,1.1142,11.0000,0.1742,0.5036
V2,F1_taker,171,79,0,risk1%,1.2196,279.4574,10.0130,1.2813,17.9204,21.9615,24.0506,0.1788,11.0000,0.1618,0.6117
V2,F1_taker,171,79,0,30%x10x,1.2055,279.4574,-30.6450,-4.7649,75.4262,80.4849,24.0506,1.0612,11.0000,0.1680,0.4758
V2,F1_taker,172,79,0,risk1%,1.1414,218.6167,4.6965,0.6142,18.1261,21.0664,24.0506,0.1134,11.0000,0.1045,0.3924
V2,F1_taker,172,79,0,30%x10x,1.1576,218.6167,-39.8873,-6.5648,79.2682,82.2630,24.0506,0.8302,11.0000,0.1327,0.3928
V2,F1_taker,173,79,0,risk1%,1.5891,279.9173,34.3356,4.0166,16.0549,18.5848,24.0506,0.4687,11.0000,0.3247,1.6272
V2,F1_taker,173,79,0,30%x10x,1.2108,279.9173,-27.2044,-4.1477,71.6694,75.5394,24.0506,1.0630,11.0000,0.1706,0.5019
V2,F1_taker,174,79,0,risk1%,1.4516,189.4428,24.8811,3.0088,15.7879,23.2096,25.3165,0.3667,11.0000,0.2689,1.2518
V2,F1_taker,174,79,0,30%x10x,1.1341,189.4428,-47.5515,-8.2496,76.2822,79.2354,25.3165,0.7194,11.0000,0.1134,0.3125
V2,F1_taker,175,79,0,risk1%,1.4719,307.0984,27.1761,3.2594,17.7689,20.6470,25.3165,0.3787,11.0000,0.3031,1.3051
V2,F1_taker,175,79,0,30%x10x,1.2274,307.0984,-25.2256,-3.8041,76.6043,79.9662,25.3165,1.1662,11.0000,0.1832,0.5415
V2,F1_taker,176,79,0,risk1%,1.4350,182.1056,24.1455,2.9276,15.5929,19.5960,24.0506,0.3491,11.0000,0.2743,1.2052
V2,F1_taker,176,79,0,30%x10x,1.1291,182.1056,-46.6209,-8.0341,77.4411,81.2918,24.0506,0.6915,11.0000,0.1111,0.3012
V2,F1_taker,177,79,0,risk1%,1.2835,215.5741,14.4314,1.8148,16.8117,21.7012,24.0506,0.2271,11.0000,0.2097,0.7841
V2,F1_taker,177,79,0,30%x10x,1.1565,215.5741,-39.6393,-6.5135,79.0855,83.1408,24.0506,0.8186,11.0000,0.1319,0.3788
V2,F1_taker,178,79,0,risk1%,1.3010,333.3834,15.3707,1.9259,18.0367,21.5246,24.0506,0.2454,11.0000,0.2103,0.8356
V2,F1_taker,178,79,0,30%x10x,1.2517,333.3834,-17.5886,-2.5479,70.2961,74.7304,24.0506,1.2660,11.0000,0.2003,0.6062
V2,F1_taker,179,79,0,risk1%,1.2879,102.6598,13.8637,1.7473,18.2137,21.1793,22.7848,0.2292,11.0000,0.1948,0.7991
V2,F1_taker,179,79,0,30%x10x,1.0704,102.6598,-58.1749,-10.9788,79.7834,81.7825,22.7848,0.3898,11.0000,0.0622,0.1696
V2,F1_taker,180,79,0,risk1%,1.3436,281.6889,18.3005,2.2675,15.0430,20.0365,22.7848,0.2772,11.0000,0.2388,0.9573
V2,F1_taker,180,79,0,30%x10x,1.2086,281.6889,-28.0609,-4.2989,77.0866,82.1519,22.7848,1.0697,11.0000,0.1703,0.5187
V2,F1_taker,181,79,0,risk1%,1.3690,318.8860,19.2100,2.3720,17.2897,21.8709,24.0506,0.2953,11.0000,0.2356,1.0225
V2,F1_taker,181,79,0,30%x10x,1.2509,318.8860,-17.2174,-2.4894,71.8237,78.6400,24.0506,1.2110,11.0000,0.1946,0.6002
V2,F1_taker,182,79,0,risk1%,1.3445,157.8616,16.9482,2.1107,17.4474,21.3001,24.0506,0.2730,11.0000,0.2135,0.9501
V2,F1_taker,182,79,0,30%x10x,1.1129,157.8616,-48.4427,-8.4592,80.0401,82.0378,24.0506,0.5995,11.0000,0.0970,0.2751
V2,F1_taker,183,79,0,risk1%,1.3470,274.0689,18.8896,2.3353,17.1938,21.1212,24.0506,0.2788,11.0000,0.2507,0.9622
V2,F1_taker,183,79,0,30%x10x,1.1971,274.0689,-32.7133,-5.1488,70.9071,78.3669,24.0506,1.0408,11.0000,0.1641,0.4626
V2,F1_taker,184,79,0,risk1%,1.2850,356.7667,14.3209,1.8017,14.9138,19.7864,24.0506,0.2267,11.0000,0.2075,0.7827
V2,F1_taker,184,79,0,30%x10x,1.2781,356.7667,-9.5696,-1.3331,72.3472,79.2827,24.0506,1.3548,11.0000,0.2162,0.6643
V2,F1_taker,185,79,0,risk1%,1.3862,275.7969,20.6346,2.5344,15.8362,17.9999,24.0506,0.3082,11.0000,0.2508,1.0701
V2,F1_taker,185,79,0,30%x10x,1.2035,275.7969,-30.4650,-4.7319,78.9724,79.8713,24.0506,1.0473,11.0000,0.1660,0.4843
V2,F1_taker,186,79,0,risk1%,1.5282,372.4841,30.4135,3.6062,16.2618,19.1701,26.5823,0.4230,11.0000,0.3069,1.4543
V2,F1_taker,186,79,0,30%x10x,1.2791,372.4841,-9.9517,-1.3888,73.3158,79.1095,26.5823,1.4145,11.0000,0.2208,0.6724
V2,F1_taker,187,79,0,risk1%,1.2405,190.8827,11.7405,1.4921,16.2860,19.0251,25.3165,0.1941,11.0000,0.1843,0.6656
V2,F1_taker,187,79,0,30%x10x,1.1367,190.8827,-45.1138,-7.6918,76.0824,78.6542,25.3165,0.7249,11.0000,0.1163,0.3218
V2,F1_taker,188,79,0,risk1%,1.3258,378.7652,16.9328,2.1090,15.7181,20.4294,24.0506,0.2587,11.0000,0.2290,0.8987
V2,F1_taker,188,79,0,30%x10x,1.2794,378.7652,-11.3353,-1.5923,73.9773,77.2212,24.0506,1.4383,11.0000,0.2226,0.6636
V2,F1_taker,189,79,0,risk1%,1.3262,284.2231,17.7361,2.2023,16.3019,20.3411,25.3165,0.2631,11.0000,0.2439,0.9031
V2,F1_taker,189,79,0,30%x10x,1.2028,284.2231,-30.7789,-4.7894,78.4490,82.9408,25.3165,1.0793,11.0000,0.1697,0.4886
V2,F1_taker,190,79,0,risk1%,1.3623,318.4065,19.2753,2.3795,17.7515,22.5301,24.0506,0.2977,11.0000,0.2348,1.0115
V2,F1_taker,190,79,0,30%x10x,1.2306,318.4065,-24.2049,-3.6299,71.7888,76.0860,24.0506,1.2091,11.0000,0.1879,0.5700
V2,F1_taker,191,79,0,risk1%,1.2811,294.5025,13.7717,1.7363,17.0645,20.2943,26.5823,0.2221,11.0000,0.1999,0.7685
V2,F1_taker,191,79,0,30%x10x,1.2167,294.5025,-26.2570,-3.9822,74.8452,77.2237,26.5823,1.1184,11.0000,0.1774,0.5263
V2,F1_taker,192,79,0,risk1%,1.4272,308.3868,24.1563,2.9288,14.8953,20.6542,24.0506,0.3428,11.0000,0.2852,1.1831
V2,F1_taker,192,79,0,30%x10x,1.2334,308.3868,-21.2716,-3.1405,70.3182,77.6217,24.0506,1.1711,11.0000,0.1882,0.5557
V2,F1_taker,193,79,0,risk1%,1.3653,284.4199,19.1096,2.3605,14.6967,19.8295,25.3165,0.2904,11.0000,0.2392,1.0063
V2,F1_taker,193,79,0,30%x10x,1.2217,284.4199,-24.3398,-3.6528,74.2902,78.6570,25.3165,1.0801,11.0000,0.1743,0.5370
V2,F1_taker,194,79,0,risk1%,1.2802,218.9695,14.5735,1.8317,15.9061,20.5569,24.0506,0.2276,11.0000,0.2124,0.7809
V2,F1_taker,194,79,0,30%x10x,1.1537,218.9695,-42.9271,-7.2094,78.7855,82.0896,24.0506,0.8315,11.0000,0.1310,0.3677
V2,F1_taker,195,79,0,risk1%,1.3188,231.6293,16.9428,2.1101,17.2313,22.3146,25.3165,0.2550,11.0000,0.2350,0.8830
V2,F1_taker,195,79,0,30%x10x,1.1673,231.6293,-36.0544,-5.7911,74.9355,78.9813,25.3165,0.8796,11.0000,0.1425,0.4150
V2,F1_taker,196,79,0,risk1%,1.3108,243.5982,15.8576,1.9832,17.4892,20.5381,24.0506,0.2487,11.0000,0.2182,0.8618
V2,F1_taker,196,79,0,30%x10x,1.1842,243.5982,-32.8458,-5.1737,73.4107,77.0291,24.0506,0.9251,11.0000,0.1499,0.4498
V2,F1_taker,197,79,0,risk1%,1.4485,341.5786,24.1602,2.9293,16.9643,21.3564,25.3165,0.3596,11.0000,0.2631,1.2385
V2,F1_taker,197,79,0,30%x10x,1.2641,341.5786,-14.1020,-2.0076,75.0326,81.2876,25.3165,1.2971,11.0000,0.2054,0.6480
V2,F1_taker,198,79,0,risk1%,1.2088,244.1073,9.4471,1.2117,19.9194,20.5836,22.7848,0.1684,11.0000,0.1587,0.5768
V2,F1_taker,198,79,0,30%x10x,1.1811,244.1073,-35.0403,-5.5931,78.0330,82.1628,22.7848,0.9270,11.0000,0.1482,0.4406
V2,F1_taker,199,79,0,risk1%,1.4480,330.4420,25.4984,3.0766,17.7002,20.4931,24.0506,0.3581,11.0000,0.2942,1.2401
V2,F1_taker,199,79,0,30%x10x,1.2432,330.4420,-22.0084,-3.2619,76.0892,78.2001,24.0506,1.2548,11.0000,0.1953,0.5769
V2,F1_maker,0,79,0,risk1%,1.3012,237.3474,15.8750,1.9852,16.8047,20.8716,25.3165,0.2379,11.0000,0.2315,0.8354
V2,F1_maker,0,79,0,30%x10x,1.1731,237.3474,-38.5054,-6.2811,78.6661,80.9098,25.3165,0.9013,11.0000,0.1435,0.3919
V2,F1_maker,1,79,0,risk1%,1.2560,324.5508,11.9890,1.5222,16.1547,20.5854,24.0506,0.1977,11.0000,0.1848,0.7066
V2,F1_maker,1,79,0,30%x10x,1.2548,324.5508,-15.2255,-2.1796,73.0119,79.0447,24.0506,1.2325,11.0000,0.1996,0.5980
V2,F1_maker,2,79,0,risk1%,1.5462,337.5352,32.4056,3.8160,16.7030,20.6853,24.0506,0.4333,11.0000,0.3384,1.5196
V2,F1_maker,2,79,0,30%x10x,1.2629,337.5352,-11.5855,-1.6294,69.4607,76.6686,24.0506,1.2818,11.0000,0.2069,0.6391
V2,F1_maker,3,79,0,risk1%,1.3379,229.0655,17.2972,2.1514,17.3103,19.4357,25.3165,0.2626,11.0000,0.2328,0.9295
V2,F1_maker,3,79,0,30%x10x,1.1652,229.0655,-40.1626,-6.6220,76.8103,78.4690,25.3165,0.8699,11.0000,0.1378,0.3849
V2,F1_maker,4,79,0,risk1%,1.3671,277.1249,20.0915,2.4727,19.1193,19.7858,24.0506,0.2937,11.0000,0.2597,1.0254
V2,F1_maker,4,79,0,30%x10x,1.2107,277.1249,-25.7191,-3.8890,75.0673,78.6670,24.0506,1.0524,11.0000,0.1704,0.5260
V2,F1_maker,5,79,0,risk1%,1.2789,295.3361,13.9482,1.7573,15.9059,20.8365,25.3165,0.2131,11.0000,0.2148,0.7655
V2,F1_maker,5,79,0,30%x10x,1.2280,295.3361,-21.1610,-3.1224,74.4915,78.0522,25.3165,1.1215,11.0000,0.1832,0.5339
V2,F1_maker,6,79,0,risk1%,1.3340,444.9489,17.4545,2.1696,15.7413,19.9296,26.5823,0.2592,11.0000,0.2410,0.9169
V2,F1_maker,6,79,0,30%x10x,1.3603,444.9489,19.7055,2.4287,72.5194,79.7763,26.5823,1.6897,11.0000,0.2707,0.8886
V2,F1_maker,7,79,0,risk1%,1.3066,167.8248,14.9042,1.8708,17.2551,18.4713,24.0506,0.2412,11.0000,0.2039,0.8553
V2,F1_maker,7,79,0,30%x10x,1.1209,167.8248,-48.1129,-8.3813,76.7590,80.4340,24.0506,0.6373,11.0000,0.1026,0.2837
V2,F1_maker,8,79,0,risk1%,1.3292,239.4449,16.2178,2.0254,17.2633,20.8490,24.0506,0.2611,11.0000,0.2114,0.9154
V2,F1_maker,8,79,0,30%x10x,1.1762,239.4449,-36.3429,-5.8479,72.3190,77.1946,24.0506,0.9093,11.0000,0.1453,0.4207
V2,F1_maker,9,79,0,risk1%,1.6867,236.1060,40.7417,4.6651,16.8885,20.4664,24.0506,0.5362,11.0000,0.3546,1.8955
V2,F1_maker,9,79,0,30%x10x,1.1742,236.1060,-36.7685,-5.9321,78.5039,80.5938,24.0506,0.8966,11.0000,0.1432,0.4116
V2,F1_maker,10,79,0,risk1%,1.5587,252.1993,31.3676,3.7071,16.5778,19.3921,25.3165,0.4392,11.0000,0.3053,1.5454
V2,F1_maker,10,79,0,30%x10x,1.1873,252.1993,-32.5859,-5.1248,73.0011,79.2564,25.3165,0.9577,11.0000,0.1541,0.4490
V2,F1_maker,11,79,0,risk1%,1.3803,390.6705,19.5997,2.4166,16.8769,20.3312,24.0506,0.2886,11.0000,0.2528,1.0412
V2,F1_maker,11,79,0,30%x10x,1.3293,390.6705,7.1862,0.9302,69.7124,76.6575,24.0506,1.4836,11.0000,0.2431,0.7733
V2,F1_maker,12,79,0,risk1%,1.4106,331.0899,22.4535,2.7394,13.7194,18.2068,26.5823,0.3172,11.0000,0.2814,1.1246
V2,F1_maker,12,79,0,30%x10x,1.2526,331.0899,-18.5162,-2.6949,74.7546,78.8919,26.5823,1.2573,11.0000,0.2001,0.5586
V2,F1_maker,13,79,0,risk1%,1.3157,263.8588,15.6868,1.9631,16.5175,19.0789,24.0506,0.2430,11.0000,0.2192,0.8679
V2,F1_maker,13,79,0,30%x10x,1.1966,263.8588,-31.1521,-4.8581,74.1497,79.9601,24.0506,1.0020,11.0000,0.1606,0.4664
V2,F1_maker,14,79,0,risk1%,1.3727,349.8389,19.7133,2.4296,17.5613,20.6000,24.0506,0.2915,11.0000,0.2519,1.0328
V2,F1_maker,14,79,0,30%x10x,1.2792,349.8389,-6.7976,-0.9348,73.2772,74.9624,24.0506,1.3285,11.0000,0.2152,0.6995
V2,F1_maker,15,79,0,risk1%,1.3966,312.0705,21.2614,2.6053,15.0430,22.5265,24.0506,0.3092,11.0000,0.2641,1.0954
V2,F1_maker,15,79,0,30%x10x,1.2475,312.0705,-16.0535,-2.3076,73.6899,79.6391,24.0506,1.1851,11.0000,0.1934,0.5939
V2,F1_maker,16,79,0,risk1%,1.5857,211.7160,32.6977,3.8465,14.5068,20.0926,25.3165,0.4545,11.0000,0.3108,1.6070
V2,F1_maker,16,79,0,30%x10x,1.1478,211.7160,-44.3404,-7.5194,78.6251,83.2616,25.3165,0.8040,11.0000,0.1266,0.3461
V2,F1_maker,17,79,0,risk1%,1.2949,329.6867,14.6152,1.8366,15.6644,18.3444,24.0506,0.2324,11.0000,0.2072,0.8189
V2,F1_maker,17,79,0,30%x10x,1.2520,329.6867,-16.0490,-2.3069,76.9365,81.9432,24.0506,1.2520,11.0000,0.1999,0.6225
V2,F1_maker,18,79,0,risk1%,1.3240,437.1276,16.8735,2.1020,15.3800,20.1349,25.3165,0.2534,11.0000,0.2338,0.8945
V2,F1_maker,18,79,0,30%x10x,1.3641,437.1276,18.0762,2.2416,64.7314,73.9150,25.3165,1.6600,11.0000,0.2679,0.8371
V2,F1_maker,19,79,0,risk1%,1.2473,305.9304,11.9711,1.5200,16.5656,19.3156,24.0506,0.1932,11.0000,0.1904,0.6863
V2,F1_maker,19,79,0,30%x10x,1.2446,305.9304,-15.2871,-2.1891,77.8240,81.0717,24.0506,1.1618,11.0000,0.1917,0.6084
V2,F1_maker,20,79,0,risk1%,1.3152,274.4627,16.0289,2.0033,14.5126,19.2130,25.3165,0.2464,11.0000,0.2229,0.8732
V2,F1_maker,20,79,0,30%x10x,1.1978,274.4627,-32.2042,-5.0533,77.1424,82.4674,25.3165,1.0423,11.0000,0.1642,0.4741
V2,F1_maker,21,79,0,risk1%,1.3322,339.5225,17.5837,2.1846,15.6781,21.4581,24.0506,0.2646,11.0000,0.2371,0.9248
V2,F1_maker,21,79,0,30%x10x,1.2526,339.5225,-18.3949,-2.6756,72.8045,77.0001,24.0506,1.2893,11.0000,0.2024,0.5921
V2,F1_maker,22,79,0,risk1%,1.3166,251.1313,16.4074,2.0476,15.0911,18.8263,25.3165,0.2476,11.0000,0.2313,0.8721
V2,F1_maker,22,79,0,30%x10x,1.1886,251.1313,-33.4746,-5.2927,77.7355,81.4447,25.3165,0.9537,11.0000,0.1536,0.4320
V2,F1_maker,23,79,0,risk1%,1.3452,300.4631,18.0800,2.2420,15.8921,18.9015,22.7848,0.2742,11.0000,0.2363,0.9595
V2,F1_maker,23,79,0,30%x10x,1.2265,300.4631,-22.7180,-3.3798,77.9399,80.7253,22.7848,1.1410,11.0000,0.1824,0.5612
V2,F1_maker,24,79,0,risk1%,1.3102,219.0751,16.0503,2.0058,16.8960,21.3803,24.0506,0.2431,11.0000,0.2287,0.8586
V2,F1_maker,24,79,0,30%x10x,1.1543,219.0751,-42.7752,-7.1765,78.6575,81.5903,24.0506,0.8319,11.0000,0.1313,0.3654
V2,F1_maker,25,79,0,risk1%,1.3574,460.6339,18.4987,2.2903,17.0805,21.9461,22.7848,0.2794,11.0000,0.2393,0.9901
V2,F1_maker,25,79,0,30%x10x,1.3862,460.6339,25.0133,3.0233,70.0796,75.2760,22.7848,1.7492,11.0000,0.2791,0.9438
V2,F1_maker,26,79,0,risk1%,1.2703,180.5198,13.3852,1.6901,15.8532,20.9961,25.3165,0.2124,11.0000,0.2018,0.7485
V2,F1_maker,26,79,0,30%x10x,1.1310,180.5198,-45.3521,-7.7454,78.4585,81.8236,25.3165,0.6855,11.0000,0.1108,0.3140
V2,F1_maker,27,79,0,risk1%,1.2899,333.3460,14.2883,1.7978,19.1154,19.9733,25.3165,0.2296,11.0000,0.2028,0.8040
V2,F1_maker,27,79,0,30%x10x,1.2529,333.3460,-16.0176,-2.3020,76.8213,78.7093,25.3165,1.2659,11.0000,0.2013,0.6172
V2,F1_maker,28,79,0,risk1%,1.4049,99.2811,20.7296,2.5452,16.1199,19.0289,25.3165,0.3166,11.0000,0.2417,1.1248
V2,F1_maker,28,79,0,30%x10x,1.0675,99.2811,-57.1079,-10.6791,82.0257,84.0924,25.3165,0.3770,11.0000,0.0608,0.1698
V2,F1_maker,29,79,0,risk1%,1.2405,285.0132,11.1085,1.4153,16.6191,19.8055,25.3165,0.1863,11.0000,0.1770,0.6616
V2,F1_maker,29,79,0,30%x10x,1.2177,285.0132,-24.2050,-3.6299,75.1337,78.4868,25.3165,1.0823,11.0000,0.1754,0.5286
V2,F1_maker,30,79,0,risk1%,1.3393,162.5585,17.7360,2.2023,16.4788,21.6097,24.0506,0.2627,11.0000,0.2439,0.9406
V2,F1_maker,30,79,0,30%x10x,1.1158,162.5585,-48.3975,-8.4485,79.3650,81.9323,24.0506,0.6173,11.0000,0.1002,0.2729
V2,F1_maker,31,79,0,risk1%,1.1894,160.6144,8.1165,1.0466,17.9436,22.0592,24.0506,0.1475,11.0000,0.1464,0.5258
V2,F1_maker,31,79,0,30%x10x,1.1148,160.6144,-48.7075,-8.5221,77.5799,82.6056,24.0506,0.6099,11.0000,0.0988,0.2729
V2,F1_maker,32,79,0,risk1%,1.3255,218.0632,15.8344,1.9805,18.0806,23.0209,26.5823,0.2512,11.0000,0.2139,0.8917
V2,F1_maker,32,79,0,30%x10x,1.1632,218.0632,-38.0423,-6.1872,75.7416,80.2213,26.5823,0.8281,11.0000,0.1350,0.3764
V2,F1_maker,33,79,0,risk1%,1.2866,288.8435,14.2436,1.7925,13.9846,18.2296,22.7848,0.2233,11.0000,0.2093,0.7935
V2,F1_maker,33,79,0,30%x10x,1.2149,288.8435,-26.3347,-3.9957,74.9708,79.2912,22.7848,1.0969,11.0000,0.1749,0.5328
V2,F1_maker,34,79,0,risk1%,1.4326,225.4418,23.7263,2.8812,16.1495,23.5608,25.3165,0.3370,11.0000,0.2829,1.1952
V2,F1_maker,34,79,0,30%x10x,1.1590,225.4418,-42.6351,-7.1463,77.1294,80.0447,25.3165,0.8561,11.0000,0.1343,0.3678
V2,F1_maker,35,79,0,risk1%,1.3610,195.3546,19.0532,2.3541,17.0345,23.8111,25.3165,0.2829,11.0000,0.2480,1.0014
V2,F1_maker,35,79,0,30%x10x,1.1377,195.3546,-46.4298,-7.9902,75.9432,80.3157,25.3165,0.7419,11.0000,0.1172,0.3227
V2,F1_maker,36,79,0,risk1%,1.5075,450.7510,28.7114,3.4248,15.5510,21.3183,25.3165,0.3939,11.0000,0.3129,1.4014
V2,F1_maker,36,79,0,30%x10x,1.3605,450.7510,17.3505,2.1575,71.5094,78.3829,25.3165,1.7117,11.0000,0.2698,0.8825
V2,F1_maker,37,79,0,risk1%,1.4737,255.3667,26.5817,3.1948,16.8080,22.1336,22.7848,0.3716,11.0000,0.2984,1.3167
V2,F1_maker,37,79,0,30%x10x,1.1762,255.3667,-40.0938,-6.6077,80.0382,81.6520,22.7848,0.9697,11.0000,0.1490,0.4210
V2,F1_maker,38,79,0,risk1%,1.4789,261.1880,27.7092,3.3170,16.7330,22.1300,24.0506,0.3749,11.0000,0.3238,1.3290
V2,F1_maker,38,79,0,30%x10x,1.1960,261.1880,-29.2799,-4.5169,71.4636,78.1372,24.0506,0.9919,11.0000,0.1616,0.4741
V2,F1_maker,39,79,0,risk1%,1.3960,339.9923,21.9095,2.6783,15.6332,23.0901,24.0506,0.3159,11.0000,0.2701,1.1027
V2,F1_maker,39,79,0,30%x10x,1.2593,339.9923,-15.0733,-2.1562,70.9171,76.1776,24.0506,1.2911,11.0000,0.2050,0.6227
V2,F1_maker,40,79,0,risk1%,1.2510,210.0813,12.1899,1.5464,15.9022,20.0327,25.3165,0.1946,11.0000,0.1936,0.6926
V2,F1_maker,40,79,0,30%x10x,1.1564,210.0813,-38.3673,-6.2530,73.4779,78.9707,25.3165,0.7978,11.0000,0.1313,0.3678
V2,F1_maker,41,79,0,risk1%,1.5269,387.1804,28.8652,3.4413,14.5539,19.5193,25.3165,0.4113,11.0000,0.2909,1.4542
V2,F1_maker,41,79,0,30%x10x,1.2985,387.1804,-5.1507,-0.7030,75.8477,76.8584,25.3165,1.4703,11.0000,0.2302,0.7013
V2,F1_maker,42,79,0,risk1%,1.2947,184.4220,15.4436,1.9345,17.2208,20.2710,25.3165,0.2320,11.0000,0.2290,0.8159
V2,F1_maker,42,79,0,30%x10x,1.1294,184.4220,-45.8144,-7.8499,75.7280,80.6233,25.3165,0.7003,11.0000,0.1133,0.3056
V2,F1_maker,43,79,0,risk1%,1.3122,182.5483,16.0662,2.0077,16.9153,21.8180,25.3165,0.2454,11.0000,0.2251,0.8665
V2,F1_maker,43,79,0,30%x10x,1.1281,182.5483,-46.6654,-8.0443,77.9739,83.2352,25.3165,0.6932,11.0000,0.1110,0.3067
V2,F1_maker,44,79,0,risk1%,1.3135,221.0289,16.8407,2.0982,16.9144,20.3118,25.3165,0.2479,11.0000,0.2426,0.8684
V2,F1_maker,44,79,0,30%x10x,1.1600,221.0289,-38.2465,-6.2285,78.6068,80.7728,25.3165,0.8394,11.0000,0.1365,0.3783
V2,F1_maker,45,79,0,risk1%,1.3484,311.2241,18.1387,2.2488,15.4024,20.3772,24.0506,0.2707,11.0000,0.2421,0.9656
V2,F1_maker,45,79,0,30%x10x,1.2307,311.2241,-23.9338,-3.5840,74.7656,79.9068,24.0506,1.1819,11.0000,0.1866,0.5448
V2,F1_maker,46,79,0,risk1%,1.5201,228.2379,28.3455,3.3855,16.3642,19.4340,25.3165,0.4097,11.0000,0.2825,1.4423
V2,F1_maker,46,79,0,30%x10x,1.1651,228.2379,-38.9335,-6.3684,73.6133,78.9259,25.3165,0.8667,11.0000,0.1380,0.3906
V2,F1_maker,47,79,0,risk1%,1.4356,384.1283,24.0767,2.9200,15.8662,18.7987,25.3165,0.3318,11.0000,0.3014,1.1928
V2,F1_maker,47,79,0,30%x10x,1.2998,384.1283,-3.6692,-0.4975,75.8421,79.0531,25.3165,1.4587,11.0000,0.2313,0.7032
V2,F1_maker,48,79,0,risk1%,1.3014,228.4937,15.6711,1.9613,17.0362,21.8935,24.0506,0.2409,11.0000,0.2215,0.8387
V2,F1_maker,48,79,0,30%x10x,1.1694,228.4937,-36.9725,-5.9727,72.0568,77.4081,24.0506,0.8677,11.0000,0.1405,0.3962
V2,F1_maker,49,79,0,risk1%,1.2253,233.1524,10.1010,1.2921,16.6826,21.2869,24.0506,0.1774,11.0000,0.1638,0.6255
V2,F1_maker,49,79,0,30%x10x,1.1769,233.1524,-34.6147,-5.5108,77.2094,79.1352,24.0506,0.8854,11.0000,0.1438,0.4264
V2,F1_maker,50,79,0,risk1%,1.2624,222.8187,12.5573,1.5907,16.6748,19.9040,24.0506,0.2111,11.0000,0.1851,0.7332
V2,F1_maker,50,79,0,30%x10x,1.1601,222.8187,-41.9225,-6.9932,73.9901,77.5895,24.0506,0.8461,11.0000,0.1334,0.3733
V2,F1_maker,51,79,0,risk1%,1.3423,222.4427,17.2992,2.1516,14.4732,19.4828,24.0506,0.2631,11.0000,0.2314,0.9448
V2,F1_maker,51,79,0,30%x10x,1.1686,222.4427,-37.2104,-6.0201,66.9649,74.9860,24.0506,0.8447,11.0000,0.1373,0.3883
V2,F1_maker,52,79,0,risk1%,1.4986,281.2392,28.1263,3.3620,16.5889,20.3936,24.0506,0.3872,11.0000,0.3114,1.3856
V2,F1_maker,52,79,0,30%x10x,1.2127,281.2392,-24.5880,-3.6951,72.3114,77.3038,24.0506,1.0680,11.0000,0.1735,0.5243
V2,F1_maker,53,79,0,risk1%,1.2312,283.9309,10.2581,1.3114,17.9854,21.5358,25.3165,0.1819,11.0000,0.1639,0.6376
V2,F1_maker,53,79,0,30%x10x,1.2128,283.9309,-28.0928,-4.3046,73.5639,78.2063,25.3165,1.0782,11.0000,0.1720,0.4934
V2,F1_maker,54,79,0,risk1%,1.2502,237.4478,12.1249,1.5386,16.8087,24.3247,24.0506,0.1970,11.0000,0.1893,0.6951
V2,F1_maker,54,79,0,30%x10x,1.1730,237.4478,-36.7464,-5.9278,75.8774,80.6713,24.0506,0.9017,11.0000,0.1446,0.4130
V2,F1_maker,55,79,0,risk1%,1.4514,268.6296,25.1052,3.0334,16.0123,20.1594,22.7848,0.3610,11.0000,0.2820,1.2629
V2,F1_maker,55,79,0,30%x10x,1.2066,268.6296,-26.9578,-4.1044,73.8743,78.0189,22.7848,1.0201,11.0000,0.1654,0.5096
V2,F1_maker,56,79,0,risk1%,1.5554,378.3587,31.0729,3.6760,14.1639,18.9726,25.3165,0.4266,11.0000,0.3165,1.5307
V2,F1_maker,56,79,0,30%x10x,1.3020,378.3587,-2.0775,-0.2797,74.4323,78.1767,25.3165,1.4368,11.0000,0.2296,0.7273
V2,F1_maker,57,79,0,risk1%,1.4470,279.8458,24.8601,3.0065,17.0645,21.9086,22.7848,0.3574,11.0000,0.2806,1.2505
V2,F1_maker,57,79,0,30%x10x,1.2081,279.8458,-31.6503,-4.9502,71.1308,74.5115,22.7848,1.0627,11.0000,0.1661,0.4935
V2,F1_maker,58,79,0,risk1%,1.2425,191.1337,11.4622,1.4583,15.0672,19.3181,24.0506,0.1922,11.0000,0.1789,0.6742
V2,F1_maker,58,79,0,30%x10x,1.1356,191.1337,-45.0949,-7.6876,76.8468,78.0271,24.0506,0.7258,11.0000,0.1162,0.3229
V2,F1_maker,59,79,0,risk1%,1.3465,316.9426,18.0454,2.2380,15.4661,19.2974,25.3165,0.2705,11.0000,0.2400,0.9602
V2,F1_maker,59,79,0,30%x10x,1.2356,316.9426,-19.6466,-2.8761,74.0650,78.1245,25.3165,1.2036,11.0000,0.1921,0.5867
V2,F1_maker,60,79,0,risk1%,1.2935,247.3546,14.1857,1.7856,17.6484,20.4728,24.0506,0.2286,11.0000,0.2012,0.8162
V2,F1_maker,60,79,0,30%x10x,1.1802,247.3546,-34.7929,-5.5452,78.3722,79.7040,24.0506,0.9393,11.0000,0.1505,0.4305
V2,F1_maker,61,79,0,risk1%,1.4102,268.0938,21.7178,2.6568,17.5111,22.5930,25.3165,0.3224,11.0000,0.2559,1.1356
V2,F1_maker,61,79,0,30%x10x,1.2077,268.0938,-27.4363,-4.1885,71.3913,78.8210,25.3165,1.0181,11.0000,0.1660,0.4785
V2,F1_maker,62,79,0,risk1%,1.4393,357.5291,22.9337,2.7930,16.1037,18.5014,25.3165,0.3423,10.0000,0.2572,1.2104
V2,F1_maker,62,79,0,30%x10x,1.2753,357.5291,-10.1245,-1.4141,74.1171,75.1859,25.3165,1.3577,10.0000,0.2151,0.6710
V2,F1_maker,63,79,0,risk1%,1.2369,291.5967,11.0660,1.4101,17.0614,21.4487,25.3165,0.1844,11.0000,0.1785,0.6552
V2,F1_maker,63,79,0,30%x10x,1.2222,291.5967,-24.3854,-3.6606,73.2143,76.8929,25.3165,1.1073,11.0000,0.1788,0.5248
V2,F1_maker,64,79,0,risk1%,1.2712,319.4041,12.7881,1.6185,16.3191,20.3588,25.3165,0.2049,11.0000,0.1958,0.7402
V2,F1_maker,64,79,0,30%x10x,1.2506,319.4041,-18.5836,-2.7057,73.4120,78.7627,25.3165,1.2129,11.0000,0.1944,0.5781
V2,F1_maker,65,79,0,risk1%,1.4054,329.1285,22.1041,2.7002,13.5536,18.4169,25.3165,0.3137,11.0000,0.2782,1.1151
V2,F1_maker,65,79,0,30%x10x,1.2429,329.1285,-21.8034,-3.2280,71.6265,78.6880,25.3165,1.2499,11.0000,0.1954,0.5642
V2,F1_maker,66,79,0,risk1%,1.2868,282.1222,14.0155,1.7653,16.1755,20.9611,25.3165,0.2236,11.0000,0.2031,0.7917
V2,F1_maker,66,79,0,30%x10x,1.2077,282.1222,-28.9512,-4.4578,75.7999,79.3196,25.3165,1.0714,11.0000,0.1703,0.4922
V2,F1_maker,67,79,0,risk1%,1.2697,283.8653,12.6825,1.6058,16.3717,19.5598,24.0506,0.2095,11.0000,0.1884,0.7432
V2,F1_maker,67,79,0,30%x10x,1.2173,283.8653,-27.8045,-4.2535,73.5695,76.9854,24.0506,1.0780,11.0000,0.1722,0.4909
V2,F1_maker,68,79,0,risk1%,1.5027,271.9249,29.2812,3.4858,16.0907,21.0033,24.0506,0.3990,11.0000,0.3196,1.3998
V2,F1_maker,68,79,0,30%x10x,1.1941,271.9249,-32.9438,-5.1922,79.9599,80.4192,24.0506,1.0326,11.0000,0.1618,0.4776
V2,F1_maker,69,79,0,risk1%,1.6235,193.1005,36.7517,4.2643,13.8679,21.2683,25.3165,0.4865,11.0000,0.3496,1.7262
V2,F1_maker,69,79,0,30%x10x,1.1386,193.1005,-45.8103,-7.8490,71.5725,78.0634,25.3165,0.7333,11.0000,0.1162,0.3258
V2,F1_maker,70,79,0,risk1%,1.3822,326.5593,20.5883,2.5292,15.4992,19.0989,25.3165,0.2994,11.0000,0.2611,1.0581
V2,F1_maker,70,79,0,30%x10x,1.2416,326.5593,-19.1877,-2.8023,77.3588,79.5551,25.3165,1.2401,11.0000,0.1964,0.5859
V2,F1_maker,71,79,0,risk1%,1.3819,410.8521,20.8614,2.5601,14.2624,18.6965,24.0506,0.3013,11.0000,0.2656,1.0601
V2,F1_maker,71,79,0,30%x10x,1.3256,410.8521,5.9984,0.7802,73.6446,78.6565,24.0506,1.5602,11.0000,0.2483,0.7880
V2,F1_maker,72,79,0,risk1%,1.3726,228.8329,19.3662,2.3899,17.2296,22.0636,25.3165,0.2922,11.0000,0.2425,1.0306
V2,F1_maker,72,79,0,30%x10x,1.1695,228.8329,-37.7531,-6.1289,78.1171,82.0885,25.3165,0.8690,11.0000,0.1394,0.4016
V2,F1_maker,73,79,0,risk1%,1.2808,228.5788,13.2209,1.6704,18.4563,21.6952,24.0506,0.2213,11.0000,0.1887,0.7795
V2,F1_maker,73,79,0,30%x10x,1.1690,228.5788,-37.1274,-6.0036,78.4166,80.7758,24.0506,0.8680,11.0000,0.1399,0.4045
V2,F1_maker,74,79,0,risk1%,1.6738,325.2970,39.1957,4.5110,13.4636,17.4309,24.0506,0.5190,11.0000,0.3485,1.8598
V2,F1_maker,74,79,0,30%x10x,1.2424,325.2970,-21.5394,-3.1845,75.2607,80.8592,24.0506,1.2353,11.0000,0.1930,0.5806
V2,F1_maker,75,79,0,risk1%,1.5049,381.3030,28.6216,3.4152,16.1153,21.7762,25.3165,0.3867,11.0000,0.3239,1.3855
V2,F1_maker,75,79,0,30%x10x,1.2882,381.3030,-6.6619,-0.9156,77.8181,82.9053,25.3165,1.4480,11.0000,0.2265,0.7128
V2,F1_maker,76,79,0,risk1%,1.2471,252.6796,12.2707,1.5562,17.1018,21.2583,25.3165,0.1922,11.0000,0.1990,0.6802
V2,F1_maker,76,79,0,30%x10x,1.1821,252.6796,-35.5632,-5.6949,78.4282,81.3679,25.3165,0.9595,11.0000,0.1527,0.4254
V2,F1_maker,77,79,0,risk1%,1.3447,282.1490,17.9840,2.2309,17.9595,20.6496,25.3165,0.2729,11.0000,0.2353,0.9573
V2,F1_maker,77,79,0,30%x10x,1.2012,282.1490,-31.5910,-4.9392,78.7648,81.0574,25.3165,1.0715,11.0000,0.1677,0.4864
V2,F1_maker,78,79,0,risk1%,1.4779,258.9719,24.7382,2.9931,15.9349,20.2013,24.0506,0.3731,11.0000,0.2584,1.3224
V2,F1_maker,78,79,0,30%x10x,1.1896,258.9719,-34.1698,-5.4253,77.5894,81.0827,24.0506,0.9834,11.0000,0.1554,0.4520
V2,F1_maker,79,79,0,risk1%,1.3785,318.6262,20.2384,2.4894,16.6991,21.4117,25.3165,0.2947,11.0000,0.2605,1.0432
V2,F1_maker,79,79,0,30%x10x,1.2425,318.6262,-21.1527,-3.1210,74.5209,78.0207,25.3165,1.2100,11.0000,0.1914,0.5750
V2,F1_maker,80,79,0,risk1%,1.2845,323.4551,14.3289,1.8026,17.2999,19.9442,25.3165,0.2215,11.0000,0.2134,0.7821
V2,F1_maker,80,79,0,30%x10x,1.2442,323.4551,-18.1647,-2.6390,75.2668,76.4484,25.3165,1.2283,11.0000,0.1965,0.5823
V2,F1_maker,81,79,0,risk1%,1.4755,452.4078,26.2529,3.1590,15.7609,20.4712,25.3165,0.3762,11.0000,0.2834,1.3165
V2,F1_maker,81,79,0,30%x10x,1.3664,452.4078,21.1668,2.5947,73.0930,78.6067,25.3165,1.7180,11.0000,0.2735,0.9028
V2,F1_maker,82,79,0,risk1%,1.3772,267.2291,20.2849,2.4947,16.1359,20.2001,24.0506,0.3021,11.0000,0.2517,1.0529
V2,F1_maker,82,79,0,30%x10x,1.1971,267.2291,-32.2196,-5.0562,73.2150,78.4452,24.0506,1.0148,11.0000,0.1606,0.4750
V2,F1_maker,83,79,0,risk1%,1.2436,195.5248,11.5803,1.4726,17.9787,20.5001,25.3165,0.1935,11.0000,0.1811,0.6763
V2,F1_maker,83,79,0,30%x10x,1.1374,195.5248,-45.8860,-7.8662,77.9225,81.8487,25.3165,0.7425,11.0000,0.1176,0.3287
V2,F1_maker,84,79,0,risk1%,1.4423,384.3879,24.7415,2.9934,16.2656,21.1559,24.0506,0.3471,11.0000,0.2924,1.2277
V2,F1_maker,84,79,0,30%x10x,1.2933,384.3879,-5.9936,-0.8212,74.5865,78.1032,24.0506,1.4597,11.0000,0.2282,0.7184
V2,F1_maker,85,79,0,risk1%,1.4202,384.7342,22.7847,2.7764,16.3194,21.2429,24.0506,0.3335,11.0000,0.2648,1.1690
V2,F1_maker,85,79,0,30%x10x,1.2951,384.7342,-4.9324,-0.6726,74.2661,79.3662,24.0506,1.4610,11.0000,0.2300,0.7058
V2,F1_maker,86,79,0,risk1%,1.2721,226.2878,12.6981,1.6077,17.9755,21.0723,25.3165,0.2112,11.0000,0.1877,0.7499
V2,F1_maker,86,79,0,30%x10x,1.1639,226.2878,-40.8275,-6.7611,79.5854,81.0901,25.3165,0.8593,11.0000,0.1356,0.3862
V2,F1_maker,87,79,0,risk1%,1.3013,274.0126,15.2502,1.9117,14.3247,18.9760,25.3165,0.2394,11.0000,0.2134,0.8354
V2,F1_maker,87,79,0,30%x10x,1.2025,274.0126,-30.4208,-4.7239,74.2078,76.0459,25.3165,1.0406,11.0000,0.1658,0.4753
V2,F1_maker,88,79,0,risk1%,1.3513,223.5368,18.3313,2.2710,14.9652,18.9527,25.3165,0.2782,11.0000,0.2372,0.9738
V2,F1_maker,88,79,0,30%x10x,1.1618,223.5368,-40.2717,-6.6447,73.7903,76.1153,25.3165,0.8489,11.0000,0.1350,0.3810
V2,F1_maker,89,79,0,risk1%,1.4328,282.2789,23.1297,2.8149,15.4958,18.5426,25.3165,0.3374,11.0000,0.2671,1.1978
V2,F1_maker,89,79,0,30%x10x,1.2038,282.2789,-32.1589,-5.0449,77.3267,80.7150,25.3165,1.0719,11.0000,0.1672,0.4789
V2,F1_maker,90,79,0,risk1%,1.4098,312.9087,22.0364,2.6926,14.8133,19.8255,24.0506,0.3185,11.0000,0.2703,1.1316
V2,F1_maker,90,79,0,30%x10x,1.2411,312.9087,-22.0046,-3.2613,70.3835,78.0854,24.0506,1.1883,11.0000,0.1887,0.5591
V2,F1_maker,91,79,0,risk1%,1.4900,392.0193,26.7831,3.2167,16.6283,21.4979,25.3165,0.3803,11.0000,0.2885,1.3490
V2,F1_maker,91,79,0,30%x10x,1.3046,392.0193,-2.1883,-0.2948,71.6837,78.8464,25.3165,1.4887,11.0000,0.2349,0.7207
V2,F1_maker,92,79,0,risk1%,1.2127,240.7806,9.0286,1.1599,17.0962,21.7077,24.0506,0.1667,11.0000,0.1515,0.5890
V2,F1_maker,92,79,0,30%x10x,1.1802,240.7806,-34.9753,-5.5805,77.2431,81.1776,24.0506,0.9144,11.0000,0.1465,0.4498
V2,F1_maker,93,79,0,risk1%,1.3524,135.2458,18.3225,2.2700,17.1888,19.7185,24.0506,0.2733,11.0000,0.2431,0.9778
V2,F1_maker,93,79,0,30%x10x,1.0937,135.2458,-53.2309,-9.6419,81.0360,83.2204,24.0506,0.5136,11.0000,0.0825,0.2256
V2,F1_maker,94,79,0,risk1%,1.3322,313.5808,17.2104,2.1413,16.6693,18.8577,25.3165,0.2593,11.0000,0.2358,0.9181
V2,F1_maker,94,79,0,30%x10x,1.2476,313.5808,-16.1523,-2.3230,75.1001,79.5321,25.3165,1.1908,11.0000,0.1947,0.5879
V2,F1_maker,95,79,0,risk1%,1.5177,359.7045,29.7683,3.5377,15.2962,17.8787,24.0506,0.4073,11.0000,0.3163,1.4310
V2,F1_maker,95,79,0,30%x10x,1.2747,359.7045,-9.0740,-1.2611,70.0131,77.2153,24.0506,1.3660,11.0000,0.2182,0.6519
V2,F1_maker,96,79,0,risk1%,1.4953,254.7579,26.9089,3.2304,16.9738,21.4277,25.3165,0.3941,11.0000,0.2753,1.3744
V2,F1_maker,96,79,0,30%x10x,1.1869,254.7579,-34.8485,-5.5560,72.5443,77.3156,25.3165,0.9674,11.0000,0.1533,0.4359
V2,F1_maker,97,79,0,risk1%,1.4752,447.4759,25.2998,3.0548,16.5382,20.9596,24.0506,0.3693,11.0000,0.2729,1.3156
V2,F1_maker,97,79,0,30%x10x,1.3681,447.4759,21.6696,2.6514,75.9245,78.8288,24.0506,1.6993,11.0000,0.2719,0.9282
V2,F1_maker,98,79,0,risk1%,1.2886,367.8575,15.0697,1.8904,14.2151,18.7977,25.3165,0.2294,11.0000,0.2220,0.8016
V2,F1_maker,98,79,0,30%x10x,1.2912,367.8575,-1.6691,-0.2243,70.9465,77.4191,25.3165,1.3969,11.0000,0.2268,0.7366
V2,F1_maker,99,79,0,risk1%,1.4192,351.3563,23.4909,2.8551,16.9194,21.7906,24.0506,0.3333,11.0000,0.2830,1.1669
V2,F1_maker,99,79,0,30%x10x,1.2643,351.3563,-12.9091,-1.8272,73.1556,78.9486,24.0506,1.3343,11.0000,0.2114,0.6352
V2,F1_maker,100,79,0,risk1%,1.3201,61.8336,15.7164,1.9666,18.8741,21.2558,24.0506,0.2544,11.0000,0.2083,0.8922
V2,F1_maker,100,79,0,30%x10x,1.0419,61.8336,-62.2806,-12.1975,82.2185,84.9154,24.0506,0.2348,11.0000,0.0377,0.1021
V2,F1_maker,101,79,0,risk1%,1.4144,339.0840,22.8701,2.7859,16.2720,21.8274,24.0506,0.3236,11.0000,0.2818,1.1452
V2,F1_maker,101,79,0,30%x10x,1.2618,339.0840,-15.1308,-2.1650,70.0838,73.0912,24.0506,1.2877,11.0000,0.2052,0.6038
V2,F1_maker,102,79,0,risk1%,1.3796,199.5770,19.1951,2.3703,17.2340,21.9034,24.0506,0.3071,11.0000,0.2243,1.0591
V2,F1_maker,102,79,0,30%x10x,1.1433,199.5770,-44.2885,-7.5079,76.6864,80.2178,24.0506,0.7579,11.0000,0.1202,0.3445
V2,F1_maker,103,79,0,risk1%,1.3161,357.9448,16.3588,2.0419,14.5107,19.7385,25.3165,0.2486,11.0000,0.2281,0.8732
V2,F1_maker,103,79,0,30%x10x,1.2798,357.9448,-8.9440,-1.2423,71.6246,78.8287,25.3165,1.3593,11.0000,0.2172,0.6681
V2,F1_maker,104,79,0,risk1%,1.3512,207.5813,18.4787,2.2880,17.9316,20.6854,24.0506,0.2794,11.0000,0.2390,0.9794
V2,F1_maker,104,79,0,30%x10x,1.1454,207.5813,-43.4199,-7.3167,77.4791,79.7456,24.0506,0.7883,11.0000,0.1255,0.3481
V2,F1_maker,105,79,0,risk1%,1.2236,296.5058,10.5070,1.3419,16.2260,20.8542,24.0506,0.1750,11.0000,0.1743,0.6198
V2,F1_maker,105,79,0,30%x10x,1.2254,296.5058,-21.9076,-3.2453,71.7039,78.3627,24.0506,1.1260,11.0000,0.1828,0.5364
V2,F1_maker,106,79,0,risk1%,1.3403,163.8337,18.0486,2.2384,14.2928,18.4456,24.0506,0.2679,11.0000,0.2441,0.9466
V2,F1_maker,106,79,0,30%x10x,1.1126,163.8337,-50.4742,-8.9489,81.4868,82.5859,24.0506,0.6222,11.0000,0.0990,0.2716
V2,F1_maker,107,79,0,risk1%,1.6139,330.5241,35.5471,4.1413,16.8600,20.2417,25.3165,0.4794,11.0000,0.3324,1.6979
V2,F1_maker,107,79,0,30%x10x,1.2473,330.5241,-18.2362,-2.6504,75.1128,80.4189,25.3165,1.2552,11.0000,0.1982,0.5991
V2,F1_maker,108,79,0,risk1%,1.3598,317.0145,19.1454,2.3646,15.0323,19.7947,25.3165,0.2845,11.0000,0.2482,0.9932
V2,F1_maker,108,79,0,30%x10x,1.2371,317.0145,-23.1572,-3.4533,72.3681,77.2222,25.3165,1.2039,11.0000,0.1893,0.5519
V2,F1_maker,109,79,0,risk1%,1.4082,297.7008,20.9349,2.5684,15.3386,19.0803,24.0506,0.3215,11.0000,0.2406,1.1313
V2,F1_maker,109,79,0,30%x10x,1.2321,297.7008,-21.5194,-3.1812,74.5195,80.0492,24.0506,1.1305,11.0000,0.1828,0.5431
V2,F1_maker,110,79,0,risk1%,1.3278,333.6679,17.2162,2.1419,16.8640,21.7269,22.7848,0.2616,11.0000,0.2336,0.9095
V2,F1_maker,110,79,0,30%x10x,1.2628,333.6679,-14.6035,-2.0842,72.4925,75.8819,22.7848,1.2671,11.0000,0.2027,0.6377
V2,F1_maker,111,79,0,risk1%,1.2632,214.6779,12.4009,1.5719,17.0682,19.9511,24.0506,0.2049,11.0000,0.1872,0.7320
V2,F1_maker,111,79,0,30%x10x,1.1606,214.6779,-39.5336,-6.4917,75.1785,77.9051,24.0506,0.8152,11.0000,0.1314,0.3809
V2,F1_maker,112,79,0,risk1%,1.4066,243.9021,21.6759,2.6521,15.8288,20.7519,25.3165,0.3104,10.0000,0.2727,1.1161
V2,F1_maker,112,79,0,30%x10x,1.1815,243.9021,-34.6284,-5.5135,72.4400,75.0427,25.3165,0.9262,10.0000,0.1492,0.4203
V2,F1_maker,113,79,0,risk1%,1.3903,465.5458,21.0823,2.5851,17.8042,20.5763,24.0506,0.3055,11.0000,0.2650,1.0764
V2,F1_maker,113,79,0,30%x10x,1.3841,465.5458,26.6138,3.1983,69.2939,72.8831,24.0506,1.7679,11.0000,0.2830,0.9150
V2,F1_maker,114,79,0,risk1%,1.3597,330.2391,19.2765,2.3797,16.6806,20.0889,25.3165,0.2846,11.0000,0.2507,0.9953
V2,F1_maker,114,79,0,30%x10x,1.2515,330.2391,-15.2260,-2.1797,72.5564,75.7228,25.3165,1.2541,11.0000,0.2023,0.5909
V2,F1_maker,115,79,0,risk1%,1.2275,169.9070,10.2170,1.3063,19.0220,21.7808,24.0506,0.1791,11.0000,0.1649,0.6357
V2,F1_maker,115,79,0,30%x10x,1.1226,169.9070,-45.7658,-7.8389,79.1752,83.9095,24.0506,0.6452,11.0000,0.1051,0.3020
V2,F1_maker,116,79,0,risk1%,1.4295,376.5626,21.4887,2.6310,16.7928,21.3180,24.0506,0.3339,11.0000,0.2394,1.1803
V2,F1_maker,116,79,0,30%x10x,1.3140,376.5626,1.6827,0.2229,64.6891,73.4232,24.0506,1.4300,11.0000,0.2319,0.7534
V2,F1_maker,117,79,0,risk1%,1.2758,190.5289,13.5347,1.7080,15.4260,18.9635,25.3165,0.2143,11.0000,0.2026,0.7638
V2,F1_maker,117,79,0,30%x10x,1.1401,190.5289,-41.9045,-6.9893,76.1756,79.3737,25.3165,0.7235,11.0000,0.1181,0.3453
V2,F1_maker,118,79,0,risk1%,1.3988,299.2184,22.1365,2.7038,15.5707,22.4471,25.3165,0.3171,11.0000,0.2736,1.1042
V2,F1_maker,118,79,0,30%x10x,1.2275,299.2184,-21.8163,-3.2302,71.0457,75.8785,25.3165,1.1363,11.0000,0.1835,0.5403
V2,F1_maker,119,79,0,risk1%,1.6013,286.9463,33.1534,3.8940,17.9112,18.5042,24.0506,0.4660,11.0000,0.3074,1.6551
V2,F1_maker,119,79,0,30%x10x,1.2206,286.9463,-24.3607,-3.6564,79.2397,80.4648,24.0506,1.0897,11.0000,0.1753,0.5337
V2,F1_maker,120,79,0,risk1%,1.5179,382.1595,28.2381,3.3740,17.0007,24.0852,24.0506,0.4055,11.0000,0.2869,1.4338
V2,F1_maker,120,79,0,30%x10x,1.3070,382.1595,-1.6882,-0.2269,64.4978,73.6804,24.0506,1.4512,11.0000,0.2328,0.7037
V2,F1_maker,121,79,0,risk1%,1.5768,380.8877,33.6923,3.9500,16.4216,20.8731,26.5823,0.4519,11.0000,0.3371,1.5902
V2,F1_maker,121,79,0,30%x10x,1.2870,380.8877,-8.2319,-1.1396,74.2888,74.8296,26.5823,1.4464,11.0000,0.2251,0.6933
V2,F1_maker,122,79,0,risk1%,1.4840,291.7837,26.5879,3.1955,16.7543,20.5343,24.0506,0.3789,11.0000,0.2869,1.3410
V2,F1_maker,122,79,0,30%x10x,1.2087,291.7837,-31.3418,-4.8931,76.4263,80.6996,24.0506,1.1080,11.0000,0.1718,0.4930
V2,F1_maker,123,79,0,risk1%,1.3833,375.6024,19.6230,2.4193,16.4326,19.9349,24.0506,0.2993,11.0000,0.2388,1.0623
V2,F1_maker,123,79,0,30%x10x,1.2934,375.6024,-4.1171,-0.5594,74.1423,76.8393,24.0506,1.4263,11.0000,0.2270,0.7160
V2,F1_maker,124,79,0,risk1%,1.4124,384.2405,21.8317,2.6696,17.0816,21.8881,24.0506,0.3260,11.0000,0.2548,1.1467
V2,F1_maker,124,79,0,30%x10x,1.2999,384.2405,-1.4271,-0.1916,72.5657,77.4214,24.0506,1.4591,11.0000,0.2321,0.7483
V2,F1_maker,125,79,0,risk1%,1.4552,399.6431,25.9333,3.1242,13.8601,18.7891,24.0506,0.3506,11.0000,0.3194,1.2563
V2,F1_maker,125,79,0,30%x10x,1.3050,399.6431,-0.5775,-0.0772,75.0127,79.5305,24.0506,1.5176,11.0000,0.2389,0.7505
V2,F1_maker,126,79,0,risk1%,1.4610,279.0003,26.3966,3.1747,14.6167,18.9229,25.3165,0.3632,11.0000,0.3077,1.2777
V2,F1_maker,126,79,0,30%x10x,1.2005,279.0003,-32.9796,-5.1990,78.7142,79.6525,25.3165,1.0595,11.0000,0.1652,0.4728
V2,F1_maker,127,79,0,risk1%,1.3213,362.8455,16.7666,2.0896,17.0031,20.2652,25.3165,0.2505,11.0000,0.2361,0.8885
V2,F1_maker,127,79,0,30%x10x,1.2743,362.8455,-12.1683,-1.7162,72.4767,79.7206,25.3165,1.3779,11.0000,0.2171,0.6320
V2,F1_maker,128,79,0,risk1%,1.3472,325.4745,18.2228,2.2585,17.1390,22.0013,25.3165,0.2742,11.0000,0.2401,0.9618
V2,F1_maker,128,79,0,30%x10x,1.2429,325.4745,-20.4257,-3.0023,73.8287,77.8785,25.3165,1.2360,11.0000,0.1950,0.5756
V2,F1_maker,129,79,0,risk1%,1.4211,338.1198,23.0313,2.8039,15.5866,19.6378,24.0506,0.3297,11.0000,0.2786,1.1683
V2,F1_maker,129,79,0,30%x10x,1.2675,338.1198,-9.4847,-1.3207,78.2460,80.0539,24.0506,1.2840,11.0000,0.2095,0.6701
V2,F1_maker,130,79,0,risk1%,1.4224,321.0283,23.1684,2.8192,14.0427,19.4381,25.3165,0.3238,11.0000,0.2894,1.1570
V2,F1_maker,130,79,0,30%x10x,1.2447,321.0283,-17.9552,-2.6058,74.1225,79.2919,25.3165,1.2191,11.0000,0.1957,0.5801
V2,F1_maker,131,79,0,risk1%,1.2904,112.3289,14.5489,1.8287,17.1202,19.8686,24.0506,0.2313,11.0000,0.2075,0.8086
V2,F1_maker,131,79,0,30%x10x,1.0799,112.3289,-53.3555,-9.6741,78.7737,82.3604,24.0506,0.4266,11.0000,0.0705,0.1936
V2,F1_maker,132,79,0,risk1%,1.3456,290.3304,18.2372,2.2602,14.3712,18.7282,25.3165,0.2729,11.0000,0.2411,0.9581
V2,F1_maker,132,79,0,30%x10x,1.2174,290.3304,-24.2592,-3.6391,73.8483,79.0396,25.3165,1.1025,11.0000,0.1774,0.5320
V2,F1_maker,133,79,0,risk1%,1.5135,385.6500,30.5165,3.6172,15.0380,19.8178,24.0506,0.4061,11.0000,0.3406,1.4297
V2,F1_maker,133,79,0,30%x10x,1.2912,385.6500,-8.1022,-1.1209,76.2329,76.5949,24.0506,1.4645,11.0000,0.2279,0.6832
V2,F1_maker,134,79,0,risk1%,1.3621,303.7231,19.2699,2.3789,14.5222,19.7419,25.3165,0.2846,11.0000,0.2510,1.0027
V2,F1_maker,134,79,0,30%x10x,1.2377,303.7231,-18.4255,-2.6805,70.2132,77.7375,25.3165,1.1534,11.0000,0.1875,0.5880
V2,F1_maker,135,79,0,risk1%,1.3486,245.1091,18.1965,2.2555,16.5662,20.2863,25.3165,0.2738,11.0000,0.2396,0.9657
V2,F1_maker,135,79,0,30%x10x,1.1805,245.1091,-34.2582,-5.4423,75.2192,76.4040,25.3165,0.9308,11.0000,0.1499,0.4311
V2,F1_maker,136,79,0,risk1%,1.3164,120.4005,16.3149,2.0368,15.8025,19.7853,25.3165,0.2501,11.0000,0.2261,0.8791
V2,F1_maker,136,79,0,30%x10x,1.0846,120.4005,-53.8203,-9.7947,81.4513,83.4156,25.3165,0.4572,11.0000,0.0744,0.2059
V2,F1_maker,137,79,0,risk1%,1.3372,195.4224,17.6933,2.1973,17.5991,22.4187,24.0506,0.2685,11.0000,0.2344,0.9395
V2,F1_maker,137,79,0,30%x10x,1.1373,195.4224,-44.7799,-7.6171,83.6377,84.2951,24.0506,0.7421,11.0000,0.1182,0.3367
V2,F1_maker,138,79,0,risk1%,1.4256,307.7267,22.1615,2.7066,18.3437,21.6963,25.3165,0.3340,11.0000,0.2513,1.1762
V2,F1_maker,138,79,0,30%x10x,1.2316,307.7267,-22.9862,-3.4246,76.8804,81.9354,25.3165,1.1686,11.0000,0.1854,0.5449
V2,F1_maker,139,79,0,risk1%,1.3713,251.7583,20.1137,2.4752,14.5202,19.0644,24.0506,0.2946,11.0000,0.2577,1.0328
V2,F1_maker,139,79,0,30%x10x,1.1783,251.7583,-37.2242,-6.0229,79.0989,81.6747,24.0506,0.9560,11.0000,0.1503,0.4268
V2,F1_maker,140,79,0,risk1%,1.1888,156.0381,8.0581,1.0393,17.1303,21.2098,24.0506,0.1501,11.0000,0.1441,0.5253
V2,F1_maker,140,79,0,30%x10x,1.1110,156.0381,-50.1882,-8.8789,79.5059,82.3114,24.0506,0.5925,11.0000,0.0954,0.2596
V2,F1_maker,141,79,0,risk1%,1.5154,209.4187,29.3009,3.4879,18.1514,20.7013,24.0506,0.4125,11.0000,0.2997,1.4409
V2,F1_maker,141,79,0,30%x10x,1.1495,209.4187,-41.8294,-6.9733,75.1016,78.8256,24.0506,0.7953,11.0000,0.1274,0.3597
V2,F1_maker,142,79,0,risk1%,1.3387,367.9891,17.8303,2.2132,16.5197,20.4895,25.3165,0.2708,11.0000,0.2348,0.9407
V2,F1_maker,142,79,0,30%x10x,1.2826,367.9891,-8.2840,-1.1471,74.3349,78.5201,25.3165,1.3974,11.0000,0.2214,0.6742
V2,F1_maker,143,79,0,risk1%,1.4141,272.3184,22.6714,2.7637,14.1356,18.6347,24.0506,0.3239,11.0000,0.2767,1.1463
V2,F1_maker,143,79,0,30%x10x,1.2067,272.3184,-27.9904,-4.2864,75.9613,81.3633,24.0506,1.0341,11.0000,0.1667,0.4990
V2,F1_maker,144,79,0,risk1%,1.4569,298.3279,25.4142,3.0673,15.3576,19.7533,25.3165,0.3572,11.0000,0.2914,1.2662
V2,F1_maker,144,79,0,30%x10x,1.2254,298.3279,-22.1671,-3.2882,75.4333,79.2982,25.3165,1.1329,11.0000,0.1820,0.5566
V2,F1_maker,145,79,0,risk1%,1.5196,422.8902,27.6100,3.3063,17.7189,21.0653,24.0506,0.4027,11.0000,0.2780,1.4333
V2,F1_maker,145,79,0,30%x10x,1.3421,422.8902,11.8323,1.5032,78.6249,79.5639,24.0506,1.6059,11.0000,0.2563,0.8330
V2,F1_maker,146,79,0,risk1%,1.4111,169.3572,22.5751,2.7530,15.5990,20.2577,24.0506,0.3234,11.0000,0.2747,1.1458
V2,F1_maker,146,79,0,30%x10x,1.1216,169.3572,-46.8162,-8.0791,76.9921,78.0335,24.0506,0.6431,11.0000,0.1044,0.2915
V2,F1_maker,147,79,0,risk1%,1.2318,300.6259,10.5326,1.3450,16.1064,19.1111,22.7848,0.1831,11.0000,0.1682,0.6450
V2,F1_maker,147,79,0,30%x10x,1.2340,300.6259,-21.1418,-3.1192,72.8354,78.4323,22.7848,1.1416,11.0000,0.1845,0.5612
V2,F1_maker,148,79,0,risk1%,1.2713,55.0222,12.4642,1.5795,18.1578,20.5882,25.3165,0.2154,11.0000,0.1799,0.7531
V2,F1_maker,148,79,0,30%x10x,1.0376,55.0222,-63.1995,-12.4860,80.2398,82.2463,25.3165,0.2089,11.0000,0.0336,0.0889
V2,F1_maker,149,79,0,risk1%,1.3605,167.3396,19.0564,2.3544,16.0983,18.8795,24.0506,0.2852,11.0000,0.2439,1.0033
V2,F1_maker,149,79,0,30%x10x,1.1173,167.3396,-48.6431,-8.5067,78.5604,81.6956,24.0506,0.6355,11.0000,0.1019,0.2816
V2,F1_maker,150,79,0,risk1%,1.2911,385.7265,14.1419,1.7804,17.1143,21.2990,25.3165,0.2254,11.0000,0.2042,0.8030
V2,F1_maker,150,79,0,30%x10x,1.3048,385.7265,-2.9488,-0.3985,66.3569,75.1960,25.3165,1.4648,11.0000,0.2317,0.7265
V2,F1_maker,151,79,0,risk1%,1.3281,196.8164,17.1376,2.1328,15.0503,20.0549,24.0506,0.2592,11.0000,0.2327,0.9103
V2,F1_maker,151,79,0,30%x10x,1.1408,196.8164,-43.7963,-7.3993,72.9408,76.4237,24.0506,0.7474,11.0000,0.1199,0.3369
V2,F1_maker,152,79,0,risk1%,1.2721,285.4343,13.9105,1.7528,13.3528,18.1642,24.0506,0.2157,11.0000,0.2110,0.7547
V2,F1_maker,152,79,0,30%x10x,1.2177,285.4343,-24.0109,-3.5971,70.9020,74.9095,24.0506,1.0839,11.0000,0.1762,0.5236
V2,F1_maker,153,79,0,risk1%,1.1709,160.4103,7.1646,0.9275,16.2489,21.1444,22.7848,0.1342,11.0000,0.1369,0.4740
V2,F1_maker,153,79,0,30%x10x,1.1180,160.4103,-46.6606,-8.0432,74.9451,79.7856,22.7848,0.6092,11.0000,0.0999,0.2854
V2,F1_maker,154,79,0,risk1%,1.4542,328.3281,25.3976,3.0655,15.5883,20.5269,24.0506,0.3518,11.0000,0.3008,1.2473
V2,F1_maker,154,79,0,30%x10x,1.2532,328.3281,-15.4529,-2.2147,73.9622,77.3364,24.0506,1.2468,11.0000,0.2016,0.5838
V2,F1_maker,155,79,0,risk1%,1.2967,313.8311,15.2176,1.9078,16.2878,21.9403,25.3165,0.2325,11.0000,0.2218,0.8211
V2,F1_maker,155,79,0,30%x10x,1.2328,313.8311,-23.6553,-3.5370,73.1053,76.7641,25.3165,1.1918,11.0000,0.1880,0.5508
V2,F1_maker,156,79,0,risk1%,1.4536,322.2464,23.6127,2.8686,17.3242,20.1805,25.3165,0.3579,11.0000,0.2536,1.2532
V2,F1_maker,156,79,0,30%x10x,1.2463,322.2464,-18.3709,-2.6718,78.2466,82.3773,25.3165,1.2237,11.0000,0.1949,0.5869
V2,F1_maker,157,79,0,risk1%,1.2549,250.2999,11.8367,1.5037,17.1881,20.7601,24.0506,0.2022,11.0000,0.1782,0.7095
V2,F1_maker,157,79,0,30%x10x,1.1882,250.2999,-31.6854,-4.9567,74.9145,78.0391,24.0506,0.9505,11.0000,0.1540,0.4586
V2,F1_maker,158,79,0,risk1%,1.5669,400.5810,32.4709,3.8228,15.2391,20.2325,25.3165,0.4474,11.0000,0.3151,1.5707
V2,F1_maker,158,79,0,30%x10x,1.3138,400.5810,3.6847,0.4839,74.7206,78.7703,25.3165,1.5212,11.0000,0.2417,0.7900
V2,F1_maker,159,79,0,risk1%,1.4351,201.5740,24.5343,2.9706,15.8102,20.8257,25.3165,0.3417,11.0000,0.2963,1.1999
V2,F1_maker,159,79,0,30%x10x,1.1490,201.5740,-39.8264,-6.5522,77.7830,79.2984,25.3165,0.7655,11.0000,0.1256,0.3541
V2,F1_maker,160,79,0,risk1%,1.5275,262.4295,29.9302,3.5549,15.1057,20.1053,25.3165,0.4165,11.0000,0.3084,1.4614
V2,F1_maker,160,79,0,30%x10x,1.1946,262.4295,-31.1010,-4.8486,79.5274,79.8393,25.3165,0.9966,11.0000,0.1593,0.4772
V2,F1_maker,161,79,0,risk1%,1.4143,296.2819,22.7515,2.7727,15.6215,17.7491,25.3165,0.3237,11.0000,0.2789,1.1477
V2,F1_maker,161,79,0,30%x10x,1.2153,296.2819,-28.2141,-4.3261,79.0319,80.3319,25.3165,1.1251,11.0000,0.1765,0.5131
V2,F1_maker,162,79,0,risk1%,1.3137,269.8592,15.8716,1.9848,16.1226,19.7492,25.3165,0.2463,11.0000,0.2200,0.8674
V2,F1_maker,162,79,0,30%x10x,1.2003,269.8592,-31.8726,-4.9915,75.2620,75.7694,25.3165,1.0248,11.0000,0.1626,0.4661
V2,F1_maker,163,79,0,risk1%,1.5462,346.9907,32.5331,3.8293,15.9550,20.6832,24.0506,0.4317,11.0000,0.3444,1.5155
V2,F1_maker,163,79,0,30%x10x,1.2633,346.9907,-15.0101,-2.1465,74.2935,78.0018,24.0506,1.3177,11.0000,0.2077,0.6197
V2,F1_maker,164,79,0,risk1%,1.3474,279.9496,17.9930,2.2320,15.9989,20.9135,25.3165,0.2694,11.0000,0.2404,0.9576
V2,F1_maker,164,79,0,30%x10x,1.2117,279.9496,-26.2697,-3.9844,76.4812,79.6542,25.3165,1.0631,11.0000,0.1715,0.5099
V2,F1_maker,165,79,0,risk1%,1.2022,308.6891,8.7363,1.1237,18.3292,20.2139,24.0506,0.1586,11.0000,0.1509,0.5601
V2,F1_maker,165,79,0,30%x10x,1.2250,308.6891,-24.9669,-3.7598,76.4500,77.9101,24.0506,1.1722,11.0000,0.1838,0.5549
V2,F1_maker,166,79,0,risk1%,1.4361,322.0698,24.1640,2.9297,17.0648,21.8236,24.0506,0.3412,11.0000,0.2881,1.2123
V2,F1_maker,166,79,0,30%x10x,1.2513,322.0698,-14.1241,-2.0110,74.8808,79.3786,24.0506,1.2230,11.0000,0.1990,0.6161
V2,F1_maker,167,79,0,risk1%,1.4288,242.7041,22.5400,2.7490,16.3980,21.9271,25.3165,0.3303,11.0000,0.2635,1.1807
V2,F1_maker,167,79,0,30%x10x,1.1755,242.7041,-37.4411,-6.0663,80.1155,81.5551,25.3165,0.9217,11.0000,0.1457,0.4148
V2,F1_maker,168,79,0,risk1%,1.3464,300.5785,18.1499,2.2501,16.8663,19.4394,25.3165,0.2761,11.0000,0.2354,0.9608
V2,F1_maker,168,79,0,30%x10x,1.2248,300.5785,-25.6487,-3.8769,75.7433,79.5587,25.3165,1.1414,11.0000,0.1809,0.5194
V2,F1_maker,169,79,0,risk1%,1.3781,351.2863,20.6753,2.5390,15.4085,19.6291,25.3165,0.2921,11.0000,0.2770,1.0383
V2,F1_maker,169,79,0,30%x10x,1.2800,351.2863,-7.5706,-1.0448,72.0323,78.9373,25.3165,1.3340,11.0000,0.2159,0.6728
V2,F1_maker,170,79,0,risk1%,1.5062,317.0975,27.9666,3.3448,15.2737,21.0058,25.3165,0.3931,11.0000,0.2973,1.3963
V2,F1_maker,170,79,0,30%x10x,1.2355,317.0975,-24.2407,-3.6360,70.2167,75.5485,25.3165,1.2042,11.0000,0.1882,0.5492
V2,F1_maker,171,79,0,risk1%,1.2511,303.1574,11.8825,1.5093,17.4317,21.5668,24.0506,0.2001,11.0000,0.1811,0.7005
V2,F1_maker,171,79,0,30%x10x,1.2259,303.1574,-25.4496,-3.8426,74.7188,79.9936,24.0506,1.1512,11.0000,0.1822,0.5207
V2,F1_maker,172,79,0,risk1%,1.1687,242.3167,6.3108,0.8198,17.7006,20.6844,24.0506,0.1327,11.0000,0.1224,0.4689
V2,F1_maker,172,79,0,30%x10x,1.1770,242.3167,-35.3785,-5.6589,78.6681,81.8148,24.0506,0.9202,11.0000,0.1471,0.4398
V2,F1_maker,173,79,0,risk1%,1.6279,303.6173,36.5539,4.2442,15.5819,18.4391,24.0506,0.4895,11.0000,0.3391,1.7356
V2,F1_maker,173,79,0,30%x10x,1.2318,303.6173,-21.7579,-3.2205,70.8584,74.9291,24.0506,1.1530,11.0000,0.1851,0.5496
V2,F1_maker,174,79,0,risk1%,1.4871,213.1428,26.9572,3.2356,15.3661,22.8114,25.3165,0.3876,11.0000,0.2842,1.3524
V2,F1_maker,174,79,0,30%x10x,1.1528,213.1428,-43.6077,-7.3579,75.5984,78.7140,25.3165,0.8094,11.0000,0.1275,0.3547
V2,F1_maker,175,79,0,risk1%,1.5091,330.7984,29.3367,3.4917,17.3067,20.2267,25.3165,0.4001,11.0000,0.3203,1.4100
V2,F1_maker,175,79,0,30%x10x,1.2482,330.7984,-19.6301,-2.8735,75.9299,79.4624,25.3165,1.2562,11.0000,0.1973,0.5889
V2,F1_maker,176,79,0,risk1%,1.4699,205.8056,26.1697,3.1500,15.1177,19.1719,24.0506,0.3696,11.0000,0.2905,1.3036
V2,F1_maker,176,79,0,30%x10x,1.1478,205.8056,-42.6094,-7.1407,76.7897,80.8199,24.0506,0.7815,11.0000,0.1255,0.3434
V2,F1_maker,177,79,0,risk1%,1.3152,239.2741,16.2939,2.0343,16.4318,21.3316,25.3165,0.2475,11.0000,0.2287,0.8731
V2,F1_maker,177,79,0,30%x10x,1.1760,239.2741,-35.1124,-5.6071,78.4800,82.7139,25.3165,0.9086,11.0000,0.1465,0.4246
V2,F1_maker,178,79,0,risk1%,1.3337,357.0834,17.3141,2.1533,17.5487,21.0856,24.0506,0.2665,11.0000,0.2285,0.9280
V2,F1_maker,178,79,0,30%x10x,1.2733,357.0834,-11.4307,-1.6064,69.4471,74.1009,24.0506,1.3560,11.0000,0.2145,0.6557
V2,F1_maker,179,79,0,risk1%,1.3188,126.3598,15.6419,1.9578,17.7960,20.8019,22.7848,0.2488,11.0000,0.2116,0.8858
V2,F1_maker,179,79,0,30%x10x,1.0877,126.3598,-55.0220,-10.1114,79.1977,81.3227,22.7848,0.4798,11.0000,0.0766,0.2107
V2,F1_maker,180,79,0,risk1%,1.3769,305.3889,20.2378,2.4894,14.6399,19.6447,22.7848,0.2977,11.0000,0.2566,1.0514
V2,F1_maker,180,79,0,30%x10x,1.2293,305.3889,-22.6773,-3.3730,76.4254,81.7010,22.7848,1.1597,11.0000,0.1847,0.5682
V2,F1_maker,181,79,0,risk1%,1.4034,342.5860,21.1901,2.5973,16.8679,21.4600,24.0506,0.3161,11.0000,0.2523,1.1194
V2,F1_maker,181,79,0,30%x10x,1.2734,342.5860,-11.0355,-1.5480,71.0167,78.1043,24.0506,1.3010,11.0000,0.2091,0.6514
V2,F1_maker,182,79,0,risk1%,1.3771,181.5616,18.8107,2.3262,17.0390,20.9331,25.3165,0.2930,11.0000,0.2292,1.0416
V2,F1_maker,182,79,0,30%x10x,1.1316,181.5616,-44.5688,-7.5701,79.4616,81.5842,25.3165,0.6895,11.0000,0.1115,0.3194
V2,F1_maker,183,79,0,risk1%,1.3799,297.7689,20.8192,2.5553,16.7024,20.6999,24.0506,0.2992,11.0000,0.2692,1.0551
V2,F1_maker,183,79,0,30%x10x,1.2170,297.7689,-27.6699,-4.2297,70.2099,77.8242,24.0506,1.1308,11.0000,0.1783,0.5071
V2,F1_maker,184,79,0,risk1%,1.3194,380.4667,16.3059,2.0357,14.5202,19.3710,24.0506,0.2484,11.0000,0.2276,0.8783
V2,F1_maker,184,79,0,30%x10x,1.3008,380.4667,-2.8224,-0.3812,71.7342,78.7623,24.0506,1.4448,11.0000,0.2306,0.7156
V2,F1_maker,185,79,0,risk1%,1.4207,299.4969,22.6204,2.7580,15.3956,17.5902,24.0506,0.3289,11.0000,0.2677,1.1674
V2,F1_maker,185,79,0,30%x10x,1.2239,299.4969,-25.2576,-3.8096,78.3640,79.2694,24.0506,1.1373,11.0000,0.1803,0.5309
V2,F1_maker,186,79,0,risk1%,1.5653,396.1841,32.5760,3.8338,15.8094,18.7673,26.5823,0.4438,11.0000,0.3221,1.5588
V2,F1_maker,186,79,0,30%x10x,1.3008,396.1841,-3.2292,-0.4370,72.5501,78.5849,26.5823,1.5045,11.0000,0.2349,0.7222
V2,F1_maker,187,79,0,risk1%,1.2723,214.5827,13.6252,1.7188,15.8133,18.4718,25.3165,0.2152,11.0000,0.2045,0.7548
V2,F1_maker,187,79,0,30%x10x,1.1557,214.5827,-40.9910,-6.7955,75.3935,78.1187,25.3165,0.8149,11.0000,0.1307,0.3650
V2,F1_maker,188,79,0,risk1%,1.3587,402.4652,18.8294,2.3284,15.3173,20.0379,24.0506,0.2790,11.0000,0.2471,0.9907
V2,F1_maker,188,79,0,30%x10x,1.3008,402.4652,-4.7116,-0.6418,73.2295,76.6512,24.0506,1.5283,11.0000,0.2365,0.7118
V2,F1_maker,189,79,0,risk1%,1.3592,307.9231,19.6889,2.4268,15.8356,19.9475,25.3165,0.2839,11.0000,0.2634,0.9961
V2,F1_maker,189,79,0,30%x10x,1.2225,307.9231,-25.5928,-3.8673,77.8258,82.5090,25.3165,1.1693,11.0000,0.1838,0.5343
V2,F1_maker,190,79,0,risk1%,1.3944,342.1065,21.1848,2.5967,17.3228,22.1138,24.0506,0.3178,11.0000,0.2507,1.1028
V2,F1_maker,190,79,0,30%x10x,1.2510,342.1065,-18.5334,-2.6977,70.9809,75.4891,24.0506,1.2991,11.0000,0.2019,0.6185
V2,F1_maker,191,79,0,risk1%,1.3133,318.2025,15.6323,1.9567,16.5949,19.8683,27.8481,0.2425,10.0000,0.2185,0.8576
V2,F1_maker,191,79,0,30%x10x,1.2372,318.2025,-20.7392,-3.0534,73.9558,76.6537,27.8481,1.2084,10.0000,0.1916,0.5742
V2,F1_maker,192,79,0,risk1%,1.4622,332.0868,26.1998,3.1533,14.4395,20.2159,25.3165,0.3635,11.0000,0.3025,1.2819
V2,F1_maker,192,79,0,30%x10x,1.2547,332.0868,-15.3864,-2.2044,69.4693,77.0614,25.3165,1.2611,11.0000,0.2026,0.6042
V2,F1_maker,193,79,0,risk1%,1.4000,308.1199,21.1011,2.5872,14.2709,19.4184,25.3165,0.3113,11.0000,0.2566,1.1035
V2,F1_maker,193,79,0,30%x10x,1.2435,308.1199,-18.6842,-2.7217,73.5512,78.1216,25.3165,1.1701,11.0000,0.1888,0.5877
V2,F1_maker,194,79,0,risk1%,1.3106,242.6695,16.3870,2.0452,15.5091,20.1708,24.0506,0.2474,11.0000,0.2310,0.8671
V2,F1_maker,194,79,0,30%x10x,1.1725,242.6695,-38.6402,-6.3085,78.1716,81.6372,24.0506,0.9215,11.0000,0.1452,0.4113
V2,F1_maker,195,79,0,risk1%,1.3499,255.3293,18.7671,2.3212,16.8419,21.9368,25.3165,0.2746,11.0000,0.2531,0.9704
V2,F1_maker,195,79,0,30%x10x,1.1868,255.3293,-31.2627,-4.8785,74.2145,78.4537,25.3165,0.9696,11.0000,0.1571,0.4621
V2,F1_maker,196,79,0,risk1%,1.3435,267.2982,17.7523,2.2041,17.0121,19.9098,24.0506,0.2692,11.0000,0.2362,0.9534
V2,F1_maker,196,79,0,30%x10x,1.2049,267.2982,-27.8182,-4.2559,72.6476,76.4545,24.0506,1.0151,11.0000,0.1645,0.4987
V2,F1_maker,197,79,0,risk1%,1.4849,365.2786,26.2490,3.1586,16.4616,20.9683,25.3165,0.3807,11.0000,0.2786,1.3411
V2,F1_maker,197,79,0,30%x10x,1.2864,365.2786,-7.6892,-1.0618,74.3143,80.8158,25.3165,1.3871,11.0000,0.2196,0.7002
V2,F1_maker,198,79,0,risk1%,1.2399,267.8073,11.2794,1.4361,19.4411,20.1142,22.7848,0.1893,11.0000,0.1786,0.6634
V2,F1_maker,198,79,0,30%x10x,1.2014,267.8073,-30.1730,-4.6787,77.2534,81.5954,22.7848,1.0170,11.0000,0.1626,0.4882
V2,F1_maker,199,79,0,risk1%,1.4838,354.1420,27.5663,3.3016,17.2374,20.0705,24.0506,0.3787,11.0000,0.3113,1.3410
V2,F1_maker,199,79,0,30%x10x,1.2641,354.1420,-16.1734,-2.3262,75.4005,77.6538,24.0506,1.3448,11.0000,0.2093,0.6241
V2,F1b_matched,0,80,2,risk1%,1.7555,598.9090,51.5116,5.6999,19.8999,23.6364,21.2500,0.6276,11.0000,0.4121,2.1606
V2,F1b_matched,0,80,2,30%x10x,1.5807,598.9090,109.3889,10.3622,69.4379,74.7458,21.2500,2.2459,11.0000,0.3774,1.6032
V2,F1b_matched,1,80,2,risk1%,1.4072,253.8162,23.5158,2.8578,21.9037,26.5116,17.5000,0.3671,20.0000,0.2451,1.2050
V2,F1b_matched,1,80,2,30%x10x,1.2245,253.8162,-19.7760,-2.8970,72.1497,78.3143,17.5000,0.9518,20.0000,0.1643,0.6348
V2,F1b_matched,2,80,2,risk1%,1.6219,393.2725,39.4239,4.5339,18.6484,23.3504,20.0000,0.5220,17.0000,0.3443,1.7897
V2,F1b_matched,2,80,2,30%x10x,1.3721,393.2725,21.4070,2.6218,66.3142,73.7209,20.0000,1.4748,17.0000,0.2550,1.0212
V2,F1b_matched,3,80,2,risk1%,1.5582,416.6758,35.0398,4.0892,16.2823,22.5403,20.0000,0.4781,11.0000,0.3206,1.6123
V2,F1b_matched,3,80,2,30%x10x,1.3921,416.6758,31.6246,3.7341,65.2907,72.4688,20.0000,1.5625,11.0000,0.2716,1.0941
V2,F1b_matched,4,80,2,risk1%,1.6182,302.1888,39.6106,4.5525,15.4880,20.8474,21.2500,0.5239,11.0000,0.3443,1.7721
V2,F1b_matched,4,80,2,30%x10x,1.2791,302.1888,-2.3123,-0.3116,63.7728,70.8006,21.2500,1.1332,11.0000,0.2002,0.7655
V2,F1b_matched,5,80,2,risk1%,1.4132,178.2890,22.4016,2.7335,22.2359,28.3016,18.7500,0.3539,11.0000,0.2378,1.2009
V2,F1b_matched,5,80,2,30%x10x,1.1655,178.2890,-30.1224,-4.6695,72.5521,78.4530,18.7500,0.6686,11.0000,0.1200,0.4604
V2,F1b_matched,6,80,2,risk1%,1.5105,225.4941,31.4489,3.7156,20.4885,28.4586,18.7500,0.4501,11.0000,0.2934,1.4973
V2,F1b_matched,6,80,2,30%x10x,1.2013,225.4941,-22.9793,-3.4235,70.8186,76.5357,18.7500,0.8456,11.0000,0.1488,0.5646
V2,F1b_matched,7,80,2,risk1%,1.3783,113.6374,20.5586,2.5258,21.2012,27.6724,17.5000,0.3339,11.0000,0.2258,1.1060
V2,F1b_matched,7,80,2,30%x10x,1.1019,113.6374,-40.9555,-6.7881,74.3949,79.3699,17.5000,0.4261,11.0000,0.0778,0.2849
V2,F1b_matched,8,80,2,risk1%,1.4302,179.2162,24.8893,3.0097,20.5474,26.9935,18.7500,0.3792,13.0000,0.2554,1.2576
V2,F1b_matched,8,80,2,30%x10x,1.1599,179.2162,-30.8175,-4.7965,72.3094,78.5367,18.7500,0.6721,13.0000,0.1205,0.4472
V2,F1b_matched,9,80,2,risk1%,1.6476,568.3412,43.1976,4.9070,15.1035,19.7897,21.2500,0.5560,11.0000,0.3656,1.8689
V2,F1b_matched,9,80,2,30%x10x,1.5378,568.3412,87.9652,8.7844,62.0801,70.1822,21.2500,2.1313,11.0000,0.3545,1.4978
V2,F1b_matched,10,80,2,risk1%,1.3822,153.5908,21.4520,2.6268,21.0979,27.4159,16.2500,0.3443,13.0000,0.2316,1.1305
V2,F1b_matched,10,80,2,30%x10x,1.1355,153.5908,-35.7740,-5.7361,73.0246,78.7359,16.2500,0.5760,13.0000,0.1033,0.3846
V2,F1b_matched,11,80,2,risk1%,1.3411,46.6558,17.4659,2.1709,25.1247,31.0822,18.7500,0.2987,11.0000,0.2044,0.9986
V2,F1b_matched,11,80,2,30%x10x,1.0418,46.6558,-49.3871,-8.6847,80.0042,84.4455,18.7500,0.1750,11.0000,0.0328,0.1171
V2,F1b_matched,12,80,2,risk1%,1.4246,163.5352,24.1152,2.9243,27.5114,33.4432,16.2500,0.3737,20.0000,0.2485,1.2484
V2,F1b_matched,12,80,2,30%x10x,1.1478,163.5352,-33.5409,-5.3053,79.8502,84.6556,16.2500,0.6133,20.0000,0.1099,0.4164
V2,F1b_matched,13,80,2,risk1%,1.6031,303.0350,38.9668,4.4881,15.2104,20.7622,20.0000,0.5178,11.0000,0.3416,1.7479
V2,F1b_matched,13,80,2,30%x10x,1.2772,303.0350,-2.9832,-0.4032,63.1349,70.7226,20.0000,1.1364,11.0000,0.2006,0.7688
V2,F1b_matched,14,80,2,risk1%,1.4891,236.8202,29.2287,3.4802,17.8161,24.3426,18.7500,0.4232,11.0000,0.2833,1.4229
V2,F1b_matched,14,80,2,30%x10x,1.2156,236.8202,-18.7943,-2.7393,67.4096,74.5574,18.7500,0.8881,11.0000,0.1580,0.5994
V2,F1b_matched,15,80,2,risk1%,1.5924,238.1338,37.7447,4.3650,25.9663,31.6366,17.5000,0.5166,20.0000,0.3261,1.7333
V2,F1b_matched,15,80,2,30%x10x,1.2134,238.1338,-22.2564,-3.3030,77.8583,82.6454,17.5000,0.8930,20.0000,0.1551,0.5982
V2,F1b_matched,16,80,2,risk1%,1.8186,552.5202,58.2147,6.3121,15.2253,20.2105,20.0000,0.6959,13.0000,0.4302,2.3615
V2,F1b_matched,16,80,2,30%x10x,1.5152,552.5202,74.6346,7.7219,57.4216,66.6593,20.0000,2.0720,13.0000,0.3404,1.4207
V2,F1b_matched,17,81,1,risk1%,1.3741,271.0814,20.3730,2.5047,26.6011,32.4375,18.5185,0.3263,17.0000,0.2250,1.0985
V2,F1b_matched,17,81,1,30%x10x,1.2513,271.0814,-9.6598,-1.3462,78.1607,82.9762,18.5185,1.0040,17.0000,0.1816,0.7141
V2,F1b_matched,18,80,2,risk1%,1.6381,454.3645,41.5966,4.7497,21.0076,27.5217,18.7500,0.5525,11.0000,0.3467,1.8613
V2,F1b_matched,18,80,2,30%x10x,1.4231,454.3645,34.2147,4.0041,68.8950,75.0404,18.7500,1.7039,11.0000,0.2828,1.1911
V2,F1b_matched,19,80,2,risk1%,1.5126,219.9929,31.9659,3.7699,18.4700,24.0194,17.5000,0.4509,13.0000,0.3004,1.5052
V2,F1b_matched,19,80,2,30%x10x,1.1963,219.9929,-22.4495,-3.3351,69.3430,75.8589,17.5000,0.8250,13.0000,0.1476,0.5508
V2,F1b_matched,20,80,2,risk1%,1.5690,234.3461,35.5059,4.1371,25.9303,31.2914,18.7500,0.4872,20.0000,0.3192,1.6532
V2,F1b_matched,20,80,2,30%x10x,1.2143,234.3461,-18.9891,-2.7705,79.2163,83.3114,18.7500,0.8788,20.0000,0.1563,0.5959
V2,F1b_matched,21,81,1,risk1%,1.4324,166.1136,24.8854,3.0093,29.6946,34.1955,17.2840,0.3758,17.0000,0.2544,1.2692
V2,F1b_matched,21,81,1,30%x10x,1.1503,166.1136,-32.0866,-5.0314,81.3536,85.1713,17.2840,0.6152,17.0000,0.1126,0.4228
V2,F1b_matched,22,80,2,risk1%,1.5890,282.2582,38.4868,4.4398,17.6813,26.3317,18.7500,0.5151,13.0000,0.3377,1.7249
V2,F1b_matched,22,80,2,30%x10x,1.2532,282.2582,-9.2415,-1.2854,67.8206,74.6790,18.7500,1.0585,13.0000,0.1870,0.7089
V2,F1b_matched,23,80,2,risk1%,1.4227,158.6396,24.2312,2.9371,20.7397,25.9315,18.7500,0.3745,11.0000,0.2498,1.2393
V2,F1b_matched,23,80,2,30%x10x,1.1410,158.6396,-35.3374,-5.6508,72.7666,76.8030,18.7500,0.5949,11.0000,0.1061,0.3959
V2,F1b_matched,24,81,1,risk1%,1.4309,227.9458,25.2074,3.0446,29.1213,31.9589,19.7531,0.3795,19.0000,0.2563,1.2654
V2,F1b_matched,24,81,1,30%x10x,1.2025,227.9458,-23.3605,-3.4874,80.5314,83.4459,19.7531,0.8442,19.0000,0.1495,0.5698
V2,F1b_matched,25,80,2,risk1%,1.6769,415.4600,44.8529,5.0680,18.4392,19.9613,18.7500,0.5702,11.0000,0.3759,1.9521
V2,F1b_matched,25,80,2,30%x10x,1.3897,415.4600,29.7194,3.5325,70.9989,73.8175,18.7500,1.5580,11.0000,0.2696,1.0741
V2,F1b_matched,26,80,2,risk1%,1.6921,594.8351,45.8406,5.1633,14.5199,19.3147,21.2500,0.5764,11.0000,0.3845,1.9801
V2,F1b_matched,26,80,2,30%x10x,1.5776,594.8351,105.6839,10.0997,61.4972,69.4221,21.2500,2.2306,11.0000,0.3744,1.5940
V2,F1b_matched,27,80,2,risk1%,1.6064,310.1788,38.6385,4.4551,21.0486,23.8952,18.7500,0.5183,13.0000,0.3361,1.7580
V2,F1b_matched,27,80,2,30%x10x,1.2855,310.1788,-3.5951,-0.4873,74.6636,76.8994,18.7500,1.1632,13.0000,0.2018,0.7947
V2,F1b_matched,28,80,2,risk1%,1.5143,178.4481,31.6984,3.7419,20.3653,28.5334,17.5000,0.4502,11.0000,0.2973,1.5059
V2,F1b_matched,28,80,2,30%x10x,1.1601,178.4481,-30.2824,-4.6986,74.4504,79.8414,17.5000,0.6692,11.0000,0.1205,0.4501
V2,F1b_matched,29,81,1,risk1%,1.3139,83.8636,14.9430,1.8754,24.6423,30.4507,18.5185,0.2668,17.0000,0.1859,0.9156
V2,F1b_matched,29,81,1,30%x10x,1.0768,83.8636,-44.9917,-7.6645,76.8164,80.8297,18.5185,0.3106,17.0000,0.0577,0.2138
V2,F1b_matched,30,80,2,risk1%,1.8176,537.1046,58.3688,6.3259,14.6042,19.4319,21.2500,0.6874,11.0000,0.4435,2.3445
V2,F1b_matched,30,80,2,30%x10x,1.5032,537.1046,76.7786,7.8975,60.7420,69.6129,21.2500,2.0141,11.0000,0.3409,1.3805
V2,F1b_matched,31,80,2,risk1%,1.9903,646.9445,72.1933,7.5198,15.6489,20.4348,22.5000,0.7943,13.0000,0.5086,2.7944
V2,F1b_matched,31,80,2,30%x10x,1.6338,646.9445,143.3552,12.5981,62.9005,71.1256,22.5000,2.4260,13.0000,0.4095,1.7136
V2,F1b_matched,32,80,2,risk1%,1.4433,187.3155,25.2141,3.0454,16.9356,22.8890,20.0000,0.3806,11.0000,0.2584,1.2878
V2,F1b_matched,32,80,2,30%x10x,1.1727,187.3155,-26.5602,-4.0350,66.9879,73.7451,20.0000,0.7024,11.0000,0.1280,0.4804
V2,F1b_matched,33,80,2,risk1%,1.6020,396.3107,39.0730,4.4987,15.4723,19.7370,20.0000,0.5177,11.0000,0.3431,1.7423
V2,F1b_matched,33,80,2,30%x10x,1.3641,396.3107,21.3734,2.6180,63.2603,70.2083,20.0000,1.4862,11.0000,0.2557,1.0060
V2,F1b_matched,34,81,1,risk1%,1.3157,63.8762,15.6770,1.9620,28.7630,33.4617,17.2840,0.2759,19.0000,0.1916,0.9324
V2,F1b_matched,34,81,1,30%x10x,1.0574,63.8762,-47.9739,-8.3486,80.3713,84.6362,17.2840,0.2366,19.0000,0.0442,0.1626
V2,F1b_matched,35,80,2,risk1%,1.3682,85.8053,19.7442,2.4331,23.2252,29.4381,17.5000,0.3253,11.0000,0.2201,1.0793
V2,F1b_matched,35,80,2,30%x10x,1.0761,85.8053,-45.8301,-7.8535,77.7993,82.7692,17.5000,0.3218,11.0000,0.0586,0.2133
V2,F1b_matched,36,80,2,risk1%,1.5887,291.8126,37.4530,4.3355,18.1740,23.5249,20.0000,0.5047,13.0000,0.3313,1.7022
V2,F1b_matched,36,80,2,30%x10x,1.2682,291.8126,-6.0071,-0.8231,68.3488,74.5851,20.0000,1.0943,13.0000,0.1928,0.7437
V2,F1b_matched,37,81,1,risk1%,1.2411,38.5092,9.7590,1.2501,29.4848,34.8634,17.2840,0.2109,19.0000,0.1458,0.7119
V2,F1b_matched,37,81,1,30%x10x,1.0347,38.5092,-52.2538,-9.3923,80.7164,84.7845,17.2840,0.1426,19.0000,0.0263,0.0982
V2,F1b_matched,38,80,2,risk1%,1.6199,322.1986,40.5798,4.6491,23.0659,29.5043,17.5000,0.5447,20.0000,0.3402,1.8246
V2,F1b_matched,38,80,2,30%x10x,1.2905,322.1986,-4.6028,-0.6267,70.6529,77.5281,17.5000,1.2082,20.0000,0.2053,0.8201
V2,F1b_matched,39,80,2,risk1%,1.9370,722.3922,68.0855,7.1740,12.6615,17.9849,23.7500,0.7703,11.0000,0.4797,2.6432
V2,F1b_matched,39,80,2,30%x10x,1.7099,722.3922,184.7270,14.9816,50.4557,62.4543,23.7500,2.7090,11.0000,0.4443,1.9330
V2,F1b_matched,40,80,2,risk1%,1.4256,176.6848,24.1495,2.9281,20.1391,26.7218,18.7500,0.3704,13.0000,0.2512,1.2429
V2,F1b_matched,40,80,2,30%x10x,1.1593,176.6848,-30.7393,-4.7822,71.3866,77.9259,18.7500,0.6626,13.0000,0.1195,0.4441
V2,F1b_matched,41,80,2,risk1%,1.4931,330.1280,30.2400,3.5878,20.9698,25.1548,18.7500,0.4354,20.0000,0.2885,1.4459
V2,F1b_matched,41,80,2,30%x10x,1.2998,330.1280,0.4210,0.0561,68.3493,75.1787,18.7500,1.2380,20.0000,0.2137,0.8403
V2,F1b_matched,42,80,2,risk1%,1.6264,347.4793,40.4381,4.6350,17.8904,24.2141,21.2500,0.5310,11.0000,0.3497,1.8064
V2,F1b_matched,42,80,2,30%x10x,1.3223,347.4793,9.6029,1.2309,67.7634,74.6491,21.2500,1.3030,11.0000,0.2284,0.8906
V2,F1b_matched,43,80,2,risk1%,1.4993,249.9475,30.5453,3.6202,15.8751,22.2629,20.0000,0.4352,11.0000,0.2926,1.4542
V2,F1b_matched,43,80,2,30%x10x,1.2259,249.9475,-15.4925,-2.2208,65.0824,72.2040,20.0000,0.9373,11.0000,0.1672,0.6287
V2,F1b_matched,44,80,2,risk1%,1.4695,214.9232,27.9791,3.3461,18.6510,24.2166,20.0000,0.4103,13.0000,0.2756,1.3670
V2,F1b_matched,44,80,2,30%x10x,1.1935,214.9232,-23.1736,-3.4560,69.6182,75.6882,20.0000,0.8060,13.0000,0.1442,0.5389
V2,F1b_matched,45,81,1,risk1%,1.4802,215.4417,29.1326,3.4699,23.3521,30.9428,17.2840,0.4211,14.0000,0.2797,1.4183
V2,F1b_matched,45,81,1,30%x10x,1.1923,215.4417,-24.2702,-3.6410,73.5279,79.3827,17.2840,0.7979,14.0000,0.1429,0.5441
V2,F1b_matched,46,80,2,risk1%,1.6569,365.1954,42.6671,4.8550,16.9756,23.4503,21.2500,0.5510,11.0000,0.3628,1.8905
V2,F1b_matched,46,80,2,30%x10x,1.3402,365.1954,14.7457,1.8521,66.2949,73.5620,21.2500,1.3695,11.0000,0.2396,0.9338
V2,F1b_matched,47,80,2,risk1%,1.2712,51.3902,11.9664,1.5194,24.8411,31.1080,17.5000,0.2379,20.0000,0.1633,0.7961
V2,F1b_matched,47,80,2,30%x10x,1.0466,51.3902,-49.4932,-8.7103,78.7509,80.3938,17.5000,0.1927,20.0000,0.0357,0.1308
V2,F1b_matched,48,80,2,risk1%,1.3700,207.1178,19.9757,2.4595,24.6109,30.6299,17.5000,0.3281,13.0000,0.2215,1.0897
V2,F1b_matched,48,80,2,30%x10x,1.1882,207.1178,-25.9416,-3.9275,79.4981,84.0455,17.5000,0.7767,13.0000,0.1379,0.5362
V2,F1b_matched,49,80,2,risk1%,1.4239,165.8637,24.5101,2.9679,22.5440,27.8510,16.2500,0.3774,20.0000,0.2519,1.2547
V2,F1b_matched,49,80,2,30%x10x,1.1472,165.8637,-34.0334,-5.3992,73.6571,79.2110,16.2500,0.6220,20.0000,0.1111,0.4162
V2,F1b_matched,50,79,3,risk1%,1.7272,450.5816,48.5617,5.4230,16.2187,21.5574,21.5190,0.6095,13.0000,0.3962,2.0671
V2,F1b_matched,50,79,3,30%x10x,1.4305,450.5816,46.7633,5.2518,60.4957,69.1392,21.5190,1.7111,13.0000,0.2945,1.1719
V2,F1b_matched,51,80,2,risk1%,1.5923,288.5687,37.4319,4.3334,16.2642,21.9055,20.0000,0.5026,11.0000,0.3334,1.7101
V2,F1b_matched,51,80,2,30%x10x,1.2662,288.5687,-5.7385,-0.7854,65.4193,72.6012,20.0000,1.0821,11.0000,0.1925,0.7361
V2,F1b_matched,52,81,1,risk1%,1.4396,158.5097,25.5553,3.0828,24.9898,33.6320,19.7531,0.3834,17.0000,0.2583,1.2891
V2,F1b_matched,52,81,1,30%x10x,1.1420,158.5097,-33.5697,-5.3107,76.3444,80.4386,19.7531,0.5871,17.0000,0.1077,0.3996
V2,F1b_matched,53,80,2,risk1%,1.5868,425.3290,36.7018,4.2592,17.1961,23.8090,21.2500,0.4936,11.0000,0.3308,1.6866
V2,F1b_matched,53,80,2,30%x10x,1.4046,425.3290,34.3971,4.0230,66.6186,74.0176,21.2500,1.5950,11.0000,0.2764,1.1192
V2,F1b_matched,54,80,2,risk1%,1.2553,46.5827,11.2920,1.4376,24.2396,29.1289,16.2500,0.2326,11.0000,0.1580,0.7594
V2,F1b_matched,54,80,2,30%x10x,1.0408,46.5827,-52.3285,-9.4112,80.1807,81.7897,16.2500,0.1747,11.0000,0.0316,0.1160
V2,F1b_matched,55,80,2,risk1%,1.7734,439.1017,54.5679,5.9819,15.4798,24.1475,21.2500,0.6565,11.0000,0.4239,2.2284
V2,F1b_matched,55,80,2,30%x10x,1.4067,439.1017,39.8236,4.5738,63.5082,70.9849,21.2500,1.6466,11.0000,0.2860,1.1245
V2,F1b_matched,56,81,1,risk1%,1.3540,100.4005,19.1580,2.3661,24.1351,29.0932,17.2840,0.3152,17.0000,0.2160,1.0509
V2,F1b_matched,56,81,1,30%x10x,1.0878,100.4005,-43.9870,-7.4412,75.4608,80.6152,17.2840,0.3719,17.0000,0.0683,0.2492
V2,F1b_matched,57,81,1,risk1%,1.5155,218.0173,30.9501,3.6630,23.7407,30.2709,20.9877,0.4329,17.0000,0.2957,1.4874
V2,F1b_matched,57,81,1,30%x10x,1.2028,218.0173,-18.4370,-2.6823,74.5749,79.2051,20.9877,0.8075,17.0000,0.1508,0.5616
V2,F1b_matched,58,80,2,risk1%,1.6766,472.9978,45.6498,5.1449,18.1252,26.4713,20.0000,0.5796,13.0000,0.3777,1.9639
V2,F1b_matched,58,80,2,30%x10x,1.4440,472.9978,50.2457,5.5816,68.5205,75.0107,20.0000,1.7737,13.0000,0.3035,1.2473
V2,F1b_matched,59,80,2,risk1%,1.6884,444.6247,47.2942,5.3025,17.0870,21.8317,20.0000,0.5954,13.0000,0.3854,2.0007
V2,F1b_matched,59,80,2,30%x10x,1.4066,444.6247,34.9970,4.0848,66.1884,73.3234,20.0000,1.6673,13.0000,0.2822,1.1330
V2,F1b_matched,60,80,2,risk1%,1.3402,86.5323,17.6801,2.1958,24.1030,30.3605,16.2500,0.3029,13.0000,0.2056,1.0042
V2,F1b_matched,60,80,2,30%x10x,1.0771,86.5323,-45.3076,-7.7354,76.4486,81.8881,16.2500,0.3245,13.0000,0.0594,0.2183
V2,F1b_matched,61,81,1,risk1%,1.3295,102.5089,17.0752,2.1255,26.8065,32.6837,18.5185,0.2921,17.0000,0.2013,0.9734
V2,F1b_matched,61,81,1,30%x10x,1.0905,102.5089,-43.4228,-7.3174,82.5755,84.0874,18.5185,0.3797,17.0000,0.0698,0.2564
V2,F1b_matched,62,80,2,risk1%,1.6605,463.0171,42.9750,4.8852,13.8442,19.6262,22.5000,0.5522,11.0000,0.3664,1.8825
V2,F1b_matched,62,80,2,30%x10x,1.4440,463.0171,49.0088,5.4652,60.0842,68.3572,22.5000,1.7363,11.0000,0.2998,1.2191
V2,F1b_matched,63,80,2,risk1%,1.6424,351.1652,43.1974,4.9070,22.2248,24.5829,18.7500,0.5594,13.0000,0.3628,1.8714
V2,F1b_matched,63,80,2,30%x10x,1.3168,351.1652,6.1859,0.8040,76.4401,78.8780,18.7500,1.3169,13.0000,0.2266,0.8852
V2,F1b_matched,64,81,1,risk1%,1.3238,176.4332,16.4166,2.0487,22.7972,26.7421,17.2840,0.2866,17.0000,0.1958,0.9548
V2,F1b_matched,64,81,1,30%x10x,1.1584,176.4332,-33.2830,-5.2563,72.5495,77.7921,17.2840,0.6535,17.0000,0.1163,0.4480
V2,F1b_matched,65,80,2,risk1%,1.5184,248.3728,30.7133,3.6380,15.8518,22.5699,21.2500,0.4362,11.0000,0.2938,1.4928
V2,F1b_matched,65,80,2,30%x10x,1.2307,248.3728,-14.8775,-2.1261,64.4941,72.3905,21.2500,0.9314,11.0000,0.1668,0.6326
V2,F1b_matched,66,81,1,risk1%,1.5338,355.5192,33.1061,3.8891,25.0235,33.4676,18.5185,0.4565,17.0000,0.3064,1.5552
V2,F1b_matched,66,81,1,30%x10x,1.3305,355.5192,11.3196,1.4410,76.3099,80.3241,18.5185,1.3167,17.0000,0.2330,0.9303
V2,F1b_matched,67,80,2,risk1%,1.7625,504.4696,54.1448,5.9431,15.0050,19.9059,21.2500,0.6538,11.0000,0.4208,2.2015
V2,F1b_matched,67,80,2,30%x10x,1.4648,504.4696,59.8934,6.4619,61.4328,70.3307,21.2500,1.8918,11.0000,0.3193,1.2851
V2,F1b_matched,68,80,2,risk1%,1.5964,353.2730,38.9199,4.4834,20.2990,29.6921,20.0000,0.5175,11.0000,0.3412,1.7313
V2,F1b_matched,68,80,2,30%x10x,1.3246,353.2730,11.3468,1.4443,74.3004,78.8874,20.0000,1.3248,11.0000,0.2332,0.9093
V2,F1b_matched,69,81,1,risk1%,1.2851,192.6436,13.5891,1.7145,30.5573,35.9262,17.2840,0.2547,19.0000,0.1751,0.8439
V2,F1b_matched,69,81,1,30%x10x,1.1724,192.6436,-30.2271,-4.6885,82.0484,85.8990,17.2840,0.7135,19.0000,0.1268,0.4925
V2,F1b_matched,70,80,2,risk1%,1.6284,411.0868,39.4705,4.5385,14.4398,18.9989,21.2500,0.5207,11.0000,0.3455,1.7953
V2,F1b_matched,70,80,2,30%x10x,1.3917,411.0868,27.7204,3.3182,60.8941,68.6749,21.2500,1.5416,11.0000,0.2652,1.0696
V2,F1b_matched,71,81,1,risk1%,1.3908,166.4138,21.2376,2.6027,23.0057,28.9374,20.9877,0.3345,17.0000,0.2316,1.1373
V2,F1b_matched,71,81,1,30%x10x,1.1523,166.4138,-31.3871,-4.9015,73.5262,79.1189,20.9877,0.6163,17.0000,0.1135,0.4245
V2,F1b_matched,72,80,2,risk1%,1.6569,374.4870,43.1508,4.9024,19.7013,20.3032,20.0000,0.5570,13.0000,0.3641,1.8876
V2,F1b_matched,72,80,2,30%x10x,1.3479,374.4870,15.4746,1.9381,71.2182,71.5346,20.0000,1.4043,13.0000,0.2430,0.9562
V2,F1b_matched,73,80,2,risk1%,1.4411,157.9080,26.0154,3.1331,22.5610,29.0394,18.7500,0.3908,20.0000,0.2629,1.2936
V2,F1b_matched,73,80,2,30%x10x,1.1400,157.9080,-33.5122,-5.2998,74.0071,78.8880,18.7500,0.5922,20.0000,0.1078,0.3932
V2,F1b_matched,74,80,2,risk1%,1.4269,158.5939,24.8344,3.0036,21.2936,28.7673,17.5000,0.3847,11.0000,0.2515,1.2627
V2,F1b_matched,74,80,2,30%x10x,1.1395,158.5939,-36.4120,-5.8616,73.6979,77.6906,17.5000,0.5947,11.0000,0.1049,0.3962
V2,F1b_matched,75,80,2,risk1%,1.7106,534.2983,48.2781,5.3961,18.4763,24.7039,22.5000,0.6003,11.0000,0.3937,2.0374
V2,F1b_matched,75,80,2,30%x10x,1.5046,534.2983,76.7807,7.8976,69.0731,75.6346,22.5000,2.0036,11.0000,0.3392,1.3925
V2,F1b_matched,76,80,2,risk1%,1.6950,376.9268,46.3100,5.2084,14.9344,20.2017,22.5000,0.5810,11.0000,0.3864,1.9870
V2,F1b_matched,76,80,2,30%x10x,1.3541,376.9268,21.8482,2.6714,62.6189,70.5479,22.5000,1.4135,11.0000,0.2512,0.9724
V2,F1b_matched,77,81,1,risk1%,1.4988,219.3349,30.4719,3.6124,23.3373,27.6238,18.5185,0.4309,17.0000,0.2903,1.4600
V2,F1b_matched,77,81,1,30%x10x,1.1967,219.3349,-22.4541,-3.3359,74.4841,79.4430,18.5185,0.8124,17.0000,0.1466,0.5502
V2,F1b_matched,78,80,2,risk1%,1.8086,513.1817,55.6837,6.0836,18.6238,23.8616,21.2500,0.6638,11.0000,0.4320,2.3013
V2,F1b_matched,78,80,2,30%x10x,1.4900,513.1817,68.8795,7.2414,67.2099,74.9143,21.2500,1.9244,11.0000,0.3292,1.3302
V2,F1b_matched,79,80,2,risk1%,1.5285,187.1009,32.3697,3.8122,20.3566,25.7156,18.7500,0.4541,11.0000,0.3032,1.5343
V2,F1b_matched,79,80,2,30%x10x,1.1698,187.1009,-27.7855,-4.2501,74.3995,79.7920,18.7500,0.7016,11.0000,0.1270,0.4731
V2,F1b_matched,80,80,2,risk1%,1.3412,191.4049,17.7566,2.2046,21.6751,25.5826,16.2500,0.3074,20.0000,0.2046,1.0117
V2,F1b_matched,80,80,2,30%x10x,1.1705,191.4049,-32.1613,-5.0453,71.9855,77.2368,16.2500,0.7178,20.0000,0.1245,0.4842
V2,F1b_matched,81,80,2,risk1%,1.4557,207.0481,26.6089,3.1978,18.4272,24.9201,18.7500,0.3957,11.0000,0.2671,1.3267
V2,F1b_matched,81,80,2,30%x10x,1.1886,207.0481,-23.7808,-3.5582,68.5664,75.5350,18.7500,0.7764,11.0000,0.1400,0.5267
V2,F1b_matched,82,80,2,risk1%,1.4971,207.8463,30.8594,3.6534,17.5903,24.5978,18.7500,0.4400,13.0000,0.2934,1.4576
V2,F1b_matched,82,80,2,30%x10x,1.1850,207.8463,-23.8311,-3.5667,67.5462,73.7249,18.7500,0.7794,13.0000,0.1410,0.5198
V2,F1b_matched,83,80,2,risk1%,1.5955,398.1752,37.6907,4.3595,13.9471,18.5018,18.7500,0.5046,11.0000,0.3353,1.7226
V2,F1b_matched,83,80,2,30%x10x,1.3735,398.1752,22.5932,2.7550,60.0691,67.9129,18.7500,1.4932,11.0000,0.2573,1.0330
V2,F1b_matched,84,80,2,risk1%,1.6440,357.3438,41.5063,4.7408,17.6104,24.1858,21.2500,0.5393,11.0000,0.3577,1.8515
V2,F1b_matched,84,80,2,30%x10x,1.3353,357.3438,13.7985,1.7395,67.2205,74.4889,21.2500,1.3400,11.0000,0.2365,0.9227
V2,F1b_matched,85,80,2,risk1%,1.5110,246.9363,30.5350,3.6191,17.3158,23.8953,21.2500,0.4354,11.0000,0.2919,1.4744
V2,F1b_matched,85,80,2,30%x10x,1.2273,246.9363,-15.8637,-2.2782,66.7199,74.0346,21.2500,0.9260,11.0000,0.1651,0.6259
V2,F1b_matched,86,80,2,risk1%,1.5366,256.1989,33.2320,3.9022,15.9768,21.7458,18.7500,0.4638,11.0000,0.3074,1.5598
V2,F1b_matched,86,80,2,30%x10x,1.2322,256.1989,-14.8878,-2.1277,64.9940,72.2603,18.7500,0.9607,11.0000,0.1704,0.6444
V2,F1b_matched,87,80,2,risk1%,1.5797,382.9032,36.9089,4.2803,15.0593,20.0683,18.7500,0.4970,11.0000,0.3309,1.6819
V2,F1b_matched,87,80,2,30%x10x,1.3543,382.9032,17.6461,2.1918,61.2819,70.4188,18.7500,1.4359,11.0000,0.2481,0.9812
V2,F1b_matched,88,80,2,risk1%,1.4670,220.5674,27.8002,3.3268,24.1862,30.2487,20.0000,0.4094,11.0000,0.2739,1.3598
V2,F1b_matched,88,80,2,30%x10x,1.1982,220.5674,-22.6351,-3.3660,75.8798,81.2132,20.0000,0.8271,11.0000,0.1474,0.5520
V2,F1b_matched,89,81,1,risk1%,1.6237,536.1438,40.6968,4.6607,23.1284,27.8586,20.9877,0.5232,17.0000,0.3557,1.8008
V2,F1b_matched,89,81,1,30%x10x,1.5098,536.1438,76.7148,7.8923,73.3697,79.4463,20.9877,1.9857,17.0000,0.3407,1.4197
V2,F1b_matched,90,81,1,risk1%,1.6515,406.7085,43.8045,4.9662,19.5647,23.6361,18.5185,0.5660,13.0000,0.3578,1.9163
V2,F1b_matched,90,81,1,30%x10x,1.3658,406.7085,17.1400,2.1331,67.2403,73.3421,18.5185,1.5063,13.0000,0.2534,1.0295
V2,F1b_matched,91,80,2,risk1%,1.9341,526.0915,68.0339,7.1696,18.7233,23.8284,22.5000,0.7715,11.0000,0.4781,2.6612
V2,F1b_matched,91,80,2,30%x10x,1.4959,526.0915,70.3157,7.3626,63.7403,71.5435,22.5000,1.9728,11.0000,0.3328,1.3522
V2,F1b_matched,92,80,2,risk1%,1.4722,221.9841,27.8151,3.3284,18.4244,25.0499,18.7500,0.4084,13.0000,0.2749,1.3718
V2,F1b_matched,92,80,2,30%x10x,1.2018,221.9841,-22.3166,-3.3130,68.5149,75.6222,18.7500,0.8324,13.0000,0.1484,0.5599
V2,F1b_matched,93,80,2,risk1%,1.2882,12.9737,13.4652,1.6997,24.2513,30.0341,17.5000,0.2572,11.0000,0.1740,0.8512
V2,F1b_matched,93,80,2,30%x10x,1.0115,12.9737,-54.8117,-10.0555,79.3727,83.7052,17.5000,0.0487,11.0000,0.0090,0.0324
V2,F1b_matched,94,80,2,risk1%,1.2710,5.7613,12.0405,1.5284,23.8033,28.7490,16.2500,0.2421,11.0000,0.1632,0.8009
V2,F1b_matched,94,80,2,30%x10x,1.0051,5.7613,-56.6176,-10.5436,81.9279,82.0511,16.2500,0.0216,11.0000,0.0039,0.0145
V2,F1b_matched,95,80,2,risk1%,1.3697,129.2409,19.0644,2.3554,23.0216,28.8909,18.7500,0.3182,11.0000,0.2147,1.0784
V2,F1b_matched,95,80,2,30%x10x,1.1188,129.2409,-38.4030,-6.2603,74.2704,79.7200,18.7500,0.4847,11.0000,0.0877,0.3316
V2,F1b_matched,96,80,2,risk1%,1.3251,94.0574,16.3321,2.0388,20.4116,26.5346,16.2500,0.2898,13.0000,0.1950,0.9608
V2,F1b_matched,96,80,2,30%x10x,1.0836,94.0574,-45.4218,-7.7611,76.7427,78.5132,16.2500,0.3527,13.0000,0.0634,0.2365
V2,F1b_matched,97,80,2,risk1%,1.7854,551.2120,53.0813,5.8453,16.4393,21.7863,22.5000,0.6388,13.0000,0.4227,2.2335
V2,F1b_matched,97,80,2,30%x10x,1.5410,551.2120,93.3568,9.1956,62.9378,70.6738,22.5000,2.0670,13.0000,0.3576,1.4779
V2,F1b_matched,98,81,1,risk1%,1.3732,69.0993,20.6498,2.5362,28.5821,32.8650,18.5185,0.3319,17.0000,0.2259,1.1018
V2,F1b_matched,98,81,1,30%x10x,1.0601,69.0993,-48.3534,-8.4381,82.7457,86.2891,18.5185,0.2559,17.0000,0.0472,0.1700
V2,F1b_matched,99,80,2,risk1%,1.5270,251.7599,32.7608,3.8531,17.0839,25.1590,16.2500,0.4636,13.0000,0.3011,1.5484
V2,F1b_matched,99,80,2,30%x10x,1.2274,251.7599,-17.4216,-2.5216,66.5880,73.0706,16.2500,0.9441,13.0000,0.1655,0.6406
V2,F1b_matched,100,79,3,risk1%,1.8041,513.4995,54.3888,5.9655,13.1873,20.1709,24.0506,0.6578,11.0000,0.4298,2.2610
V2,F1b_matched,100,79,3,30%x10x,1.5045,513.4995,77.2076,7.9324,53.2298,61.9493,24.0506,1.9500,11.0000,0.3375,1.3605
V2,F1b_matched,101,80,2,risk1%,1.5641,250.9497,35.5610,4.1427,17.8989,24.5006,20.0000,0.4835,13.0000,0.3237,1.6353
V2,F1b_matched,101,80,2,30%x10x,1.2293,250.9497,-13.0875,-1.8540,67.7405,73.5666,20.0000,0.9411,13.0000,0.1706,0.6360
V2,F1b_matched,102,80,2,risk1%,1.5185,386.6569,32.3867,3.8140,20.5651,27.2108,18.7500,0.4525,13.0000,0.3051,1.5088
V2,F1b_matched,102,80,2,30%x10x,1.3560,386.6569,18.7844,2.3232,71.9389,78.4383,18.7500,1.4500,13.0000,0.2511,0.9993
V2,F1b_matched,103,80,2,risk1%,1.5029,223.0961,30.5429,3.6200,21.0116,26.5247,20.0000,0.4360,11.0000,0.2925,1.4625
V2,F1b_matched,103,80,2,30%x10x,1.2021,223.0961,-21.4080,-3.1629,71.8992,78.0335,20.0000,0.8366,11.0000,0.1501,0.5635
V2,F1b_matched,104,81,1,risk1%,1.4982,333.4531,30.1513,3.5784,23.9104,29.2270,19.7531,0.4251,17.0000,0.2907,1.4574
V2,F1b_matched,104,81,1,30%x10x,1.3097,333.4531,5.8830,0.7656,75.4174,80.6125,19.7531,1.2350,17.0000,0.2206,0.8726
V2,F1b_matched,105,80,2,risk1%,1.5751,321.4532,36.1086,4.1988,19.6269,21.2744,21.2500,0.4895,11.0000,0.3257,1.6560
V2,F1b_matched,105,80,2,30%x10x,1.2972,321.4532,1.4097,0.1869,72.5706,75.6701,21.2500,1.2054,11.0000,0.2112,0.8183
V2,F1b_matched,106,80,2,risk1%,1.5700,293.8556,34.7339,4.0577,14.2081,20.5069,22.5000,0.4742,11.0000,0.3194,1.6228
V2,F1b_matched,106,80,2,30%x10x,1.2773,293.8556,-2.2147,-0.2984,60.8998,68.6909,22.5000,1.1020,11.0000,0.1978,0.7533
V2,F1b_matched,107,81,1,risk1%,1.3240,120.5086,16.0914,2.0106,22.8048,28.9692,17.2840,0.2798,14.0000,0.1944,0.9504
V2,F1b_matched,107,81,1,30%x10x,1.1106,120.5086,-38.9044,-6.3624,74.3315,78.5388,17.2840,0.4463,14.0000,0.0828,0.3105
V2,F1b_matched,108,80,2,risk1%,1.4245,195.1392,23.2507,2.8283,21.2459,27.4053,20.0000,0.3617,11.0000,0.2441,1.2256
V2,F1b_matched,108,80,2,30%x10x,1.1826,195.1392,-26.2054,-3.9732,70.8820,77.1764,20.0000,0.7318,11.0000,0.1316,0.5053
V2,F1b_matched,109,81,1,risk1%,1.6373,397.9301,42.1079,4.8001,23.3811,27.8364,20.9877,0.5406,17.0000,0.3586,1.8480
V2,F1b_matched,109,81,1,30%x10x,1.3677,397.9301,22.5106,2.7457,73.1660,79.4152,20.9877,1.4738,17.0000,0.2570,1.0235
V2,F1b_matched,110,79,3,risk1%,1.6130,391.7448,38.7943,4.4708,22.5649,23.3044,18.9873,0.5225,11.0000,0.3405,1.7678
V2,F1b_matched,110,79,3,30%x10x,1.3710,391.7448,21.4819,2.6302,72.5848,73.6291,18.9873,1.4876,11.0000,0.2541,1.0230
V2,F1b_matched,111,80,2,risk1%,1.7596,492.9422,52.1887,5.7628,13.7882,18.4063,20.0000,0.6347,11.0000,0.4135,2.1836
V2,F1b_matched,111,80,2,30%x10x,1.4649,492.9422,58.1334,6.3048,60.1048,68.0667,20.0000,1.8485,11.0000,0.3146,1.2771
V2,F1b_matched,112,80,2,risk1%,1.5323,345.8804,32.3880,3.8142,16.5800,20.4531,20.0000,0.4542,13.0000,0.3032,1.5322
V2,F1b_matched,112,80,2,30%x10x,1.3244,345.8804,7.1574,0.9266,64.8535,70.9302,20.0000,1.2971,13.0000,0.2254,0.8955
V2,F1b_matched,113,81,1,risk1%,1.4422,277.6457,26.2867,3.1627,24.7874,28.8719,17.2840,0.3884,17.0000,0.2646,1.3019
V2,F1b_matched,113,81,1,30%x10x,1.2501,277.6457,-11.3138,-1.5891,76.0933,80.8947,17.2840,1.0283,17.0000,0.1824,0.7053
V2,F1b_matched,114,80,2,risk1%,1.4440,213.0498,25.5320,3.0803,21.6495,25.1064,17.5000,0.3854,13.0000,0.2601,1.2991
V2,F1b_matched,114,80,2,30%x10x,1.1933,213.0498,-25.1093,-3.7842,75.3905,76.6481,17.5000,0.7989,13.0000,0.1417,0.5400
V2,F1b_matched,115,80,2,risk1%,1.8253,548.0674,56.8686,6.1910,14.6194,19.6529,21.2500,0.6729,11.0000,0.4388,2.3419
V2,F1b_matched,115,80,2,30%x10x,1.5318,548.0674,84.6321,8.5250,60.4524,69.7024,21.2500,2.0553,11.0000,0.3492,1.4441
V2,F1b_matched,116,80,2,risk1%,1.7668,629.2217,53.2519,5.8611,15.5098,19.8339,22.5000,0.6434,11.0000,0.4196,2.1875
V2,F1b_matched,116,80,2,30%x10x,1.6103,629.2217,125.5889,11.4650,62.9983,70.0603,22.5000,2.3596,11.0000,0.3934,1.6853
V2,F1b_matched,117,80,2,risk1%,1.8367,533.6344,58.7014,6.3557,13.9009,18.6932,22.5000,0.6888,11.0000,0.4467,2.3748
V2,F1b_matched,117,80,2,30%x10x,1.5098,533.6344,78.8915,8.0686,60.1370,68.3286,22.5000,2.0011,11.0000,0.3423,1.3867
V2,F1b_matched,118,80,2,risk1%,1.3419,122.4373,17.9447,2.2264,19.9925,26.1809,17.5000,0.3072,11.0000,0.2066,1.0101
V2,F1b_matched,118,80,2,30%x10x,1.1085,122.4373,-40.2752,-6.6455,70.7548,77.0141,17.5000,0.4591,11.0000,0.0831,0.3066
V2,F1b_matched,119,80,2,risk1%,1.6836,417.5533,45.5692,5.1371,16.2632,22.0232,20.0000,0.5797,13.0000,0.3764,1.9780
V2,F1b_matched,119,80,2,30%x10x,1.3900,417.5533,28.6085,3.4138,64.3214,73.5763,20.0000,1.5658,13.0000,0.2686,1.0827
V2,F1b_matched,120,80,2,risk1%,1.6176,445.7289,40.6230,4.6534,17.3021,23.0772,20.0000,0.5317,13.0000,0.3523,1.7856
V2,F1b_matched,120,80,2,30%x10x,1.4168,445.7289,41.8680,4.7765,64.5982,72.4542,20.0000,1.6715,13.0000,0.2891,1.1622
V2,F1b_matched,121,80,2,risk1%,1.5513,199.3092,33.0975,3.8882,24.7517,29.0879,20.0000,0.4604,11.0000,0.3079,1.5896
V2,F1b_matched,121,80,2,30%x10x,1.1852,199.3092,-24.4976,-3.6797,78.6741,82.9453,20.0000,0.7474,11.0000,0.1356,0.5092
V2,F1b_matched,122,80,2,risk1%,1.7131,355.3220,47.4700,5.3193,15.3222,22.4533,22.5000,0.5925,11.0000,0.3908,2.0378
V2,F1b_matched,122,80,2,30%x10x,1.3336,355.3220,16.9773,2.1141,64.1754,70.5482,22.5000,1.3325,11.0000,0.2399,0.9130
V2,F1b_matched,123,81,1,risk1%,1.4668,343.3668,28.2144,3.3714,26.9461,32.7825,20.9877,0.4073,17.0000,0.2773,1.3618
V2,F1b_matched,123,81,1,30%x10x,1.3125,343.3668,5.7534,0.7491,78.8270,83.4982,20.9877,1.2717,17.0000,0.2234,0.8799
V2,F1b_matched,124,81,1,risk1%,1.5098,448.1729,30.9053,3.6583,22.1642,26.0341,20.9877,0.4337,11.0000,0.2936,1.4749
V2,F1b_matched,124,81,1,30%x10x,1.4223,448.1729,39.0605,4.4975,70.9639,76.4063,20.9877,1.6599,11.0000,0.2854,1.1764
V2,F1b_matched,125,80,2,risk1%,1.4375,179.9859,24.5942,2.9772,18.2712,24.7778,18.7500,0.3745,11.0000,0.2540,1.2673
V2,F1b_matched,125,80,2,30%x10x,1.1657,179.9859,-28.6085,-4.3965,69.8291,75.1788,18.7500,0.6749,11.0000,0.1225,0.4584
V2,F1b_matched,126,80,2,risk1%,1.4852,143.3461,28.3208,3.3829,23.9302,33.1900,18.7500,0.4149,11.0000,0.2769,1.4094
V2,F1b_matched,126,80,2,30%x10x,1.1311,143.3461,-34.2284,-5.4366,75.7150,80.4134,18.7500,0.5375,11.0000,0.0992,0.3635
V2,F1b_matched,127,81,1,risk1%,1.2951,82.7697,14.3249,1.8021,25.6788,31.6367,17.2840,0.2617,17.0000,0.1811,0.8754
V2,F1b_matched,127,81,1,30%x10x,1.0734,82.7697,-46.2171,-7.9416,77.1962,82.2655,17.2840,0.3066,17.0000,0.0565,0.2087
V2,F1b_matched,128,80,2,risk1%,1.4663,197.2280,27.8221,3.3292,15.7387,21.5699,18.7500,0.4109,11.0000,0.2735,1.3655
V2,F1b_matched,128,80,2,30%x10x,1.1772,197.2280,-27.3391,-4.1714,68.1657,71.5372,18.7500,0.7396,11.0000,0.1323,0.4987
V2,F1b_matched,129,80,2,risk1%,1.5775,277.9905,37.0914,4.2988,21.5462,23.0209,18.7500,0.4993,13.0000,0.3316,1.6811
V2,F1b_matched,129,80,2,30%x10x,1.2511,277.9905,-9.0816,-1.2622,75.6944,78.1131,18.7500,1.0425,13.0000,0.1854,0.6987
V2,F1b_matched,130,80,2,risk1%,1.4221,174.3371,24.0581,2.9180,19.5880,26.2090,17.5000,0.3689,13.0000,0.2509,1.2313
V2,F1b_matched,130,80,2,30%x10x,1.1568,174.3371,-30.8832,-4.8086,70.9436,77.2960,17.5000,0.6538,13.0000,0.1182,0.4373
V2,F1b_matched,131,80,2,risk1%,1.3585,81.6198,18.6822,2.3115,23.0405,29.2172,17.5000,0.3139,11.0000,0.2125,1.0549
V2,F1b_matched,131,80,2,30%x10x,1.0733,81.6198,-46.1620,-7.9290,77.5852,82.5587,17.5000,0.3061,11.0000,0.0559,0.2064
V2,F1b_matched,132,80,2,risk1%,1.5840,305.4978,36.6770,4.2567,17.8985,24.2252,20.0000,0.4960,11.0000,0.3279,1.6824
V2,F1b_matched,132,80,2,30%x10x,1.2824,305.4978,-2.0275,-0.2729,69.3845,74.6253,20.0000,1.1456,11.0000,0.2018,0.7778
V2,F1b_matched,133,80,2,risk1%,1.6064,301.2226,38.7576,4.4671,15.1419,23.5789,20.0000,0.5178,11.0000,0.3384,1.7532
V2,F1b_matched,133,80,2,30%x10x,1.2775,301.2226,-3.8496,-0.5224,63.1894,70.6682,20.0000,1.1296,11.0000,0.1988,0.7698
V2,F1b_matched,134,80,2,risk1%,1.5026,175.4324,29.9235,3.5542,19.6293,24.6425,18.7500,0.4316,11.0000,0.2867,1.4614
V2,F1b_matched,134,80,2,30%x10x,1.1599,175.4324,-30.6084,-4.7582,73.1560,78.5252,18.7500,0.6579,11.0000,0.1186,0.4432
V2,F1b_matched,135,81,1,risk1%,1.6655,428.8131,43.9097,4.9764,23.2892,27.3930,20.9877,0.5545,13.0000,0.3705,1.9173
V2,F1b_matched,135,81,1,30%x10x,1.4017,428.8131,35.3775,4.1239,72.9371,78.3291,20.9877,1.5882,13.0000,0.2780,1.1071
V2,F1b_matched,136,80,2,risk1%,1.5071,320.8371,30.3549,3.6000,14.2660,19.0051,21.2500,0.4344,11.0000,0.2904,1.4627
V2,F1b_matched,136,80,2,30%x10x,1.2978,320.8371,-0.5297,-0.0708,60.6818,68.7236,21.2500,1.2031,11.0000,0.2092,0.8230
V2,F1b_matched,137,81,1,risk1%,1.5621,272.0403,35.7547,4.1626,23.9508,29.0156,19.7531,0.4810,17.0000,0.3232,1.6387
V2,F1b_matched,137,81,1,30%x10x,1.2479,272.0403,-9.5734,-1.3336,75.0240,80.2718,19.7531,1.0076,17.0000,0.1820,0.6935
V2,F1b_matched,138,80,2,risk1%,1.6895,344.4773,45.7353,5.1531,17.4992,24.3661,20.0000,0.5766,13.0000,0.3821,1.9804
V2,F1b_matched,138,80,2,30%x10x,1.3221,344.4773,13.1000,1.6560,67.3088,73.3048,20.0000,1.2918,13.0000,0.2325,0.8863
V2,F1b_matched,139,80,2,risk1%,1.4456,201.8117,25.8832,3.1187,19.7979,26.5044,18.7500,0.3877,13.0000,0.2633,1.3013
V2,F1b_matched,139,80,2,30%x10x,1.1836,201.8117,-25.3070,-3.8181,70.5359,77.3772,18.7500,0.7568,13.0000,0.1366,0.5141
V2,F1b_matched,140,80,2,risk1%,1.6351,389.8688,41.1645,4.7070,20.6442,25.9421,21.2500,0.5367,11.0000,0.3553,1.8284
V2,F1b_matched,140,80,2,30%x10x,1.3673,389.8688,22.9711,2.7972,74.5995,79.8528,21.2500,1.4620,11.0000,0.2552,1.0232
V2,F1b_matched,141,81,1,risk1%,1.5308,253.7693,33.0991,3.8884,25.1320,30.0115,19.7531,0.4562,17.0000,0.3067,1.5474
V2,F1b_matched,141,81,1,30%x10x,1.2309,253.7693,-14.6005,-2.0837,76.5272,81.2582,19.7531,0.9399,17.0000,0.1692,0.6468
V2,F1b_matched,142,80,2,risk1%,1.8816,482.3366,64.0310,6.8254,14.4178,20.4869,21.2500,0.7408,11.0000,0.4595,2.5245
V2,F1b_matched,142,80,2,30%x10x,1.4470,482.3366,51.1916,5.6701,56.4762,65.8666,21.2500,1.8088,11.0000,0.3065,1.2266
V2,F1b_matched,143,81,1,risk1%,1.3955,271.2467,22.1734,2.7080,26.3152,32.2968,19.7531,0.3442,17.0000,0.2381,1.1599
V2,F1b_matched,143,81,1,30%x10x,1.2477,271.2467,-11.0884,-1.5558,78.1387,83.0772,19.7531,1.0046,17.0000,0.1801,0.7000
V2,F1b_matched,144,80,2,risk1%,1.4771,251.1888,27.6190,3.3073,18.2440,21.1835,18.7500,0.4076,11.0000,0.2727,1.3831
V2,F1b_matched,144,80,2,30%x10x,1.2321,251.1888,-17.7889,-2.5795,70.4562,73.0593,18.7500,0.9420,11.0000,0.1647,0.6408
V2,F1b_matched,145,80,2,risk1%,1.6774,403.6680,45.1399,5.0957,21.9137,22.9919,20.0000,0.5741,13.0000,0.3752,1.9518
V2,F1b_matched,145,80,2,30%x10x,1.3729,403.6680,24.3641,2.9518,75.8115,77.7867,20.0000,1.5138,13.0000,0.2602,1.0263
V2,F1b_matched,146,80,2,risk1%,1.3475,46.7458,18.1735,2.2528,25.0374,31.0417,18.7500,0.3068,11.0000,0.2094,1.0194
V2,F1b_matched,146,80,2,30%x10x,1.0414,46.7458,-49.7820,-8.7801,80.0809,84.5069,18.7500,0.1753,11.0000,0.0327,0.1160
V2,F1b_matched,147,81,1,risk1%,1.3674,90.9167,20.1129,2.4752,23.7887,32.6387,18.5185,0.3256,17.0000,0.2225,1.0835
V2,F1b_matched,147,81,1,30%x10x,1.0801,90.9167,-43.9206,-7.4266,74.9078,79.3951,18.5185,0.3367,17.0000,0.0629,0.2267
V2,F1b_matched,148,80,2,risk1%,1.4762,245.8319,27.7153,3.3177,20.5194,27.0671,18.7500,0.4062,11.0000,0.2749,1.3776
V2,F1b_matched,148,80,2,30%x10x,1.2276,245.8319,-15.6625,-2.2470,67.2182,74.8490,18.7500,0.9219,11.0000,0.1652,0.6281
V2,F1b_matched,149,80,2,risk1%,1.6244,474.4109,41.2686,4.7173,19.8634,26.0118,20.0000,0.5398,13.0000,0.3534,1.8150
V2,F1b_matched,149,80,2,30%x10x,1.4395,474.4109,47.3543,5.3082,71.2050,77.3248,20.0000,1.7790,13.0000,0.3005,1.2296
V2,F1b_matched,150,80,2,risk1%,1.5202,284.9412,31.1896,3.6883,16.9796,23.8236,20.0000,0.4416,11.0000,0.2960,1.5006
V2,F1b_matched,150,80,2,30%x10x,1.2674,284.9412,-4.6724,-0.6364,63.1572,71.0609,20.0000,1.0685,11.0000,0.1915,0.7375
V2,F1b_matched,151,80,2,risk1%,1.6676,570.2209,44.4514,5.0291,15.9986,20.7144,22.5000,0.5649,11.0000,0.3755,1.9138
V2,F1b_matched,151,80,2,30%x10x,1.5453,570.2209,92.9846,9.1675,63.8949,71.3670,22.5000,2.1383,11.0000,0.3600,1.5110
V2,F1b_matched,152,81,1,risk1%,1.4747,182.3313,28.4704,3.3990,25.9207,31.2060,18.5185,0.4106,17.0000,0.2787,1.3908
V2,F1b_matched,152,81,1,30%x10x,1.1636,182.3313,-28.9146,-4.4512,77.8083,82.5759,18.5185,0.6753,17.0000,0.1238,0.4588
V2,F1b_matched,153,80,2,risk1%,1.3427,110.2627,17.9575,2.2279,24.9895,31.0027,16.2500,0.3070,20.0000,0.2071,1.0108
V2,F1b_matched,153,80,2,30%x10x,1.0973,110.2627,-43.1933,-7.2673,77.2138,82.2726,16.2500,0.4135,20.0000,0.0743,0.2743
V2,F1b_matched,154,81,1,risk1%,1.4819,308.3549,29.3219,3.4901,27.5402,32.1944,18.5185,0.4201,17.0000,0.2826,1.4139
V2,F1b_matched,154,81,1,30%x10x,1.2810,308.3549,-2.6588,-0.3589,80.0793,84.0136,18.5185,1.1421,17.0000,0.2021,0.7980
V2,F1b_matched,155,80,2,risk1%,1.4968,255.9654,29.4021,3.4987,18.3459,25.1792,20.0000,0.4247,13.0000,0.2842,1.4385
V2,F1b_matched,155,80,2,30%x10x,1.2385,255.9654,-12.8328,-1.8157,65.4548,73.6373,20.0000,0.9599,13.0000,0.1717,0.6627
V2,F1b_matched,156,80,2,risk1%,1.4545,300.2134,27.4829,3.2926,22.8289,27.1039,18.7500,0.4078,20.0000,0.2711,1.3362
V2,F1b_matched,156,80,2,30%x10x,1.2670,300.2134,-8.9697,-1.2460,73.6421,79.0281,18.7500,1.1258,20.0000,0.1934,0.7511
V2,F1b_matched,157,80,2,risk1%,1.5129,242.8553,30.0954,3.5725,17.6118,24.3031,20.0000,0.4294,11.0000,0.2905,1.4768
V2,F1b_matched,157,80,2,30%x10x,1.2296,242.8553,-14.3832,-2.0505,67.4631,74.7630,20.0000,0.9107,11.0000,0.1650,0.6313
V2,F1b_matched,158,80,2,risk1%,1.3731,145.4718,20.6653,2.5379,20.9000,27.0206,16.2500,0.3378,13.0000,0.2252,1.1085
V2,F1b_matched,158,80,2,30%x10x,1.1276,145.4718,-37.9985,-6.1784,73.5687,78.2499,16.2500,0.5455,13.0000,0.0970,0.3625
V2,F1b_matched,159,81,1,risk1%,1.5275,326.0232,33.7551,3.9566,22.9719,27.4149,18.5185,0.4634,17.0000,0.3103,1.5527
V2,F1b_matched,159,81,1,30%x10x,1.2914,326.0232,-0.4669,-0.0624,73.1017,79.0320,18.5185,1.2075,17.0000,0.2113,0.8214
V2,F1b_matched,160,80,2,risk1%,1.4501,206.1941,26.0286,3.1346,19.5702,26.0150,18.7500,0.3909,13.0000,0.2627,1.3150
V2,F1b_matched,160,80,2,30%x10x,1.1875,206.1941,-25.4961,-3.8506,70.2721,76.8923,18.7500,0.7732,13.0000,0.1379,0.5247
V2,F1b_matched,161,80,2,risk1%,1.7355,520.3617,50.4575,5.6015,17.7482,23.5426,21.2500,0.6193,13.0000,0.4059,2.1181
V2,F1b_matched,161,80,2,30%x10x,1.4941,520.3617,72.3251,7.5308,68.1572,74.8854,21.2500,1.9514,13.0000,0.3340,1.3736
V2,F1b_matched,162,80,2,risk1%,1.5962,298.7506,38.7215,4.4634,20.3401,25.4464,21.2500,0.5169,11.0000,0.3392,1.7254
V2,F1b_matched,162,80,2,30%x10x,1.2714,298.7506,-4.1630,-0.5657,70.4043,76.6302,21.2500,1.1203,11.0000,0.1981,0.7521
V2,F1b_matched,163,80,2,risk1%,1.2353,49.9498,9.5252,1.2213,28.6671,34.4103,16.2500,0.2100,13.0000,0.1443,0.6935
V2,F1b_matched,163,80,2,30%x10x,1.0450,49.9498,-50.6270,-8.9864,81.2900,85.7539,16.2500,0.1873,13.0000,0.0343,0.1272
V2,F1b_matched,164,80,2,risk1%,1.4393,194.6982,25.3200,3.0570,17.9657,24.3001,18.7500,0.3835,11.0000,0.2580,1.2863
V2,F1b_matched,164,80,2,30%x10x,1.1752,194.6982,-27.6962,-4.2343,69.0122,74.8782,18.7500,0.7301,11.0000,0.1306,0.4894
V2,F1b_matched,165,80,2,risk1%,1.4062,184.6139,22.5202,2.7468,24.2239,28.1032,18.7500,0.3535,11.0000,0.2400,1.1879
V2,F1b_matched,165,80,2,30%x10x,1.1681,184.6139,-29.5270,-4.5615,77.6809,78.6884,18.7500,0.6923,11.0000,0.1243,0.4706
V2,F1b_matched,166,80,2,risk1%,1.7072,462.8973,49.2127,5.4845,15.8779,20.0163,20.0000,0.6132,11.0000,0.3939,2.0566
V2,F1b_matched,166,80,2,30%x10x,1.4241,462.8973,42.4419,4.8329,63.7633,70.4485,20.0000,1.7359,11.0000,0.2935,1.1820
V2,F1b_matched,167,80,2,risk1%,1.5834,373.4168,37.2978,4.3198,17.1494,21.6647,18.7500,0.5016,13.0000,0.3324,1.6966
V2,F1b_matched,167,80,2,30%x10x,1.3425,373.4168,13.7216,1.7303,66.3625,73.1545,18.7500,1.4003,13.0000,0.2413,0.9492
V2,F1b_matched,168,79,3,risk1%,1.6370,390.4758,41.3594,4.7263,19.7532,25.5153,21.5190,0.5453,11.0000,0.3564,1.8256
V2,F1b_matched,168,79,3,30%x10x,1.3673,390.4758,23.7936,2.8886,65.8126,73.3645,21.5190,1.4828,11.0000,0.2567,1.0093
V2,F1b_matched,169,80,2,risk1%,1.5707,295.7586,34.4342,4.0268,18.3314,24.8470,21.2500,0.4731,13.0000,0.3162,1.6311
V2,F1b_matched,169,80,2,30%x10x,1.2808,295.7586,-3.4046,-0.4611,69.5176,74.5865,21.2500,1.1091,13.0000,0.1973,0.7653
V2,F1b_matched,170,80,2,risk1%,1.5955,289.4750,38.5554,4.4467,16.9264,25.4463,18.7500,0.5160,13.0000,0.3375,1.7399
V2,F1b_matched,170,80,2,30%x10x,1.2625,289.4750,-7.3920,-1.0193,66.1573,73.1811,18.7500,1.0855,13.0000,0.1912,0.7329
V2,F1b_matched,171,80,2,risk1%,1.3561,139.2958,18.7087,2.3145,18.9572,25.3852,17.5000,0.3153,11.0000,0.2123,1.0491
V2,F1b_matched,171,80,2,30%x10x,1.1258,139.2958,-37.6994,-6.1181,69.6111,76.3017,17.5000,0.5224,11.0000,0.0940,0.3550
V2,F1b_matched,172,80,2,risk1%,1.5601,206.4195,34.6486,4.0489,20.2115,28.5508,20.0000,0.4779,11.0000,0.3157,1.6199
V2,F1b_matched,172,80,2,30%x10x,1.1891,206.4195,-23.9667,-3.5896,74.4512,79.8522,20.0000,0.7741,11.0000,0.1398,0.5245
V2,F1b_matched,173,80,2,risk1%,1.7482,623.1697,50.5509,5.6102,15.3256,19.7171,23.7500,0.6176,11.0000,0.4091,2.1256
V2,F1b_matched,173,80,2,30%x10x,1.6056,623.1697,123.6308,11.3354,63.0853,70.1808,23.7500,2.3369,11.0000,0.3918,1.6540
V2,F1b_matched,174,81,1,risk1%,1.2340,29.2071,9.9167,1.2695,28.2923,34.0859,14.8148,0.2125,17.0000,0.1475,0.7007
V2,F1b_matched,174,81,1,30%x10x,1.0254,29.2071,-53.9475,-9.8279,80.6162,84.7015,14.8148,0.1082,17.0000,0.0200,0.0731
V2,F1b_matched,175,80,2,risk1%,1.4663,119.0700,27.6771,3.3135,22.3316,28.8942,18.7500,0.4059,13.0000,0.2751,1.3637
V2,F1b_matched,175,80,2,30%x10x,1.1067,119.0700,-38.3021,-6.2398,77.0442,81.3941,18.7500,0.4465,13.0000,0.0833,0.2994
V2,F1b_matched,176,80,2,risk1%,1.5023,224.7100,31.1750,3.6868,21.1962,28.8061,18.7500,0.4487,11.0000,0.2910,1.4766
V2,F1b_matched,176,80,2,30%x10x,1.1985,224.7100,-24.0508,-3.6038,71.9191,77.3537,18.7500,0.8427,11.0000,0.1474,0.5588
V2,F1b_matched,177,79,3,risk1%,2.0902,696.4746,81.7486,8.2973,13.5527,22.2370,22.7848,0.8842,11.0000,0.5351,3.0639
V2,F1b_matched,177,79,3,30%x10x,1.6890,696.4746,172.0409,14.2845,54.7147,64.4985,22.7848,2.6448,11.0000,0.4345,1.8470
V2,F1b_matched,178,80,2,risk1%,1.3957,165.1790,22.0413,2.6931,18.6990,25.4427,17.5000,0.3487,11.0000,0.2368,1.1661
V2,F1b_matched,178,80,2,30%x10x,1.1487,165.1790,-32.6094,-5.1293,69.1074,76.2035,17.5000,0.6194,11.0000,0.1121,0.4189
V2,F1b_matched,179,80,2,risk1%,1.7175,504.1227,49.4746,5.5092,15.6219,23.9980,21.2500,0.6143,11.0000,0.3960,2.0707
V2,F1b_matched,179,80,2,30%x10x,1.4718,504.1227,62.5498,6.6962,64.6843,71.6224,21.2500,1.8905,11.0000,0.3208,1.3170
V2,F1b_matched,180,80,2,risk1%,1.5510,465.9152,33.0864,3.8871,19.5277,24.3078,21.2500,0.4575,20.0000,0.3101,1.5799
V2,F1b_matched,180,80,2,30%x10x,1.4553,465.9152,50.9438,5.6469,65.7912,73.1120,21.2500,1.7472,20.0000,0.3026,1.2545
V2,F1b_matched,181,81,1,risk1%,1.5069,208.7072,31.0471,3.6733,25.3724,31.6917,18.5185,0.4362,17.0000,0.2944,1.4791
V2,F1b_matched,181,81,1,30%x10x,1.1893,208.7072,-22.3602,-3.3203,77.1625,81.2087,18.5185,0.7730,17.0000,0.1425,0.5304
V2,F1b_matched,182,81,1,risk1%,1.4992,289.5485,30.7151,3.6382,23.1951,27.0769,18.5185,0.4337,17.0000,0.2916,1.4650
V2,F1b_matched,182,81,1,30%x10x,1.2609,289.5485,-9.2364,-1.2846,73.8986,78.8313,18.5185,1.0724,17.0000,0.1886,0.7341
V2,F1b_matched,183,80,2,risk1%,1.4859,240.5608,29.4060,3.4991,19.8157,26.3701,18.7500,0.4250,13.0000,0.2848,1.4217
V2,F1b_matched,183,80,2,30%x10x,1.2177,240.5608,-18.3835,-2.6738,74.8942,77.2568,18.7500,0.9021,13.0000,0.1606,0.6111
V2,F1b_matched,184,80,2,risk1%,1.6775,592.0376,45.0410,5.0862,14.9109,19.6880,20.0000,0.5716,13.0000,0.3772,1.9428
V2,F1b_matched,184,80,2,30%x10x,1.5683,592.0376,99.3035,9.6378,61.6404,69.5925,20.0000,2.2201,13.0000,0.3681,1.5668
V2,F1b_matched,185,80,2,risk1%,1.5015,229.0846,30.6718,3.6336,21.7939,28.0372,18.7500,0.4363,13.0000,0.2933,1.4612
V2,F1b_matched,185,80,2,30%x10x,1.2068,229.0846,-18.5987,-2.7081,74.9215,79.6069,18.7500,0.8591,13.0000,0.1556,0.5757
V2,F1b_matched,186,80,2,risk1%,1.7023,496.3267,47.5129,5.3234,16.0471,21.4337,22.5000,0.5928,11.0000,0.3910,2.0066
V2,F1b_matched,186,80,2,30%x10x,1.4691,496.3267,62.0001,6.6480,65.0493,72.0157,22.5000,1.8612,11.0000,0.3195,1.2932
V2,F1b_matched,187,81,1,risk1%,1.2692,46.8325,12.2462,1.5532,27.7462,33.3309,17.2840,0.2399,17.0000,0.1650,0.8001
V2,F1b_matched,187,81,1,30%x10x,1.0410,46.8325,-51.9290,-9.3103,80.1219,84.2629,17.2840,0.1735,17.0000,0.0318,0.1164
V2,F1b_matched,188,80,2,risk1%,1.4484,214.9224,26.0140,3.1330,17.6790,24.3619,18.7500,0.3896,11.0000,0.2634,1.3088
V2,F1b_matched,188,80,2,30%x10x,1.1966,214.9224,-22.8412,-3.4004,68.4819,74.1607,18.7500,0.8060,11.0000,0.1445,0.5502
V2,F1b_matched,189,80,2,risk1%,1.6736,357.4483,45.2408,5.1055,17.5914,23.4920,20.0000,0.5743,13.0000,0.3778,1.9418
V2,F1b_matched,189,80,2,30%x10x,1.3294,357.4483,13.0896,1.6547,67.3236,74.3642,20.0000,1.3404,13.0000,0.2366,0.9122
V2,F1b_matched,190,80,2,risk1%,1.5479,188.9510,33.7547,3.9565,20.3568,28.0503,20.0000,0.4720,11.0000,0.3076,1.5933
V2,F1b_matched,190,80,2,30%x10x,1.1705,188.9510,-29.0522,-4.4759,74.4986,79.4915,20.0000,0.7086,11.0000,0.1261,0.4743
V2,F1b_matched,191,80,2,risk1%,1.3660,167.8424,19.4668,2.4014,26.0552,28.5810,16.2500,0.3249,20.0000,0.2172,1.0831
V2,F1b_matched,191,80,2,30%x10x,1.1506,167.8424,-35.5144,-5.6853,79.6826,81.6614,16.2500,0.6294,20.0000,0.1103,0.4267
V2,F1b_matched,192,80,2,risk1%,1.3792,62.7777,20.8074,2.5540,26.6451,34.4169,16.2500,0.3394,20.0000,0.2269,1.1241
V2,F1b_matched,192,80,2,30%x10x,1.0550,62.7777,-49.6553,-8.7494,80.9971,85.1449,16.2500,0.2354,20.0000,0.0429,0.1560
V2,F1b_matched,193,80,2,risk1%,1.2805,59.1533,12.8035,1.6204,23.8461,28.6312,15.0000,0.2508,11.0000,0.1689,0.8327
V2,F1b_matched,193,80,2,30%x10x,1.0527,59.1533,-50.2063,-8.8833,79.7417,79.8651,15.0000,0.2218,11.0000,0.0401,0.1498
V2,F1b_matched,194,80,2,risk1%,1.3567,157.0128,19.0801,2.3571,18.0153,24.7172,17.5000,0.3185,11.0000,0.2155,1.0520
V2,F1b_matched,194,80,2,30%x10x,1.1405,157.0128,-35.2872,-5.6411,67.8240,75.1463,17.5000,0.5888,11.0000,0.1055,0.3966
V2,F1b_matched,195,80,2,risk1%,1.8000,532.6338,56.0227,6.1144,14.5440,19.4139,21.2500,0.6678,11.0000,0.4319,2.2850
V2,F1b_matched,195,80,2,30%x10x,1.5008,532.6338,72.2426,7.5239,60.7570,69.1847,21.2500,1.9974,11.0000,0.3349,1.3660
V2,F1b_matched,196,80,2,risk1%,1.5977,295.8481,38.3483,4.4259,15.8249,21.4700,21.2500,0.5112,11.0000,0.3387,1.7249
V2,F1b_matched,196,80,2,30%x10x,1.2707,295.8481,-4.2818,-0.5822,64.3685,71.7501,21.2500,1.1094,11.0000,0.1967,0.7483
V2,F1b_matched,197,80,2,risk1%,1.5186,392.0135,31.2736,3.6971,19.5637,22.3108,20.0000,0.4433,11.0000,0.2962,1.5028
V2,F1b_matched,197,80,2,30%x10x,1.3696,392.0135,19.1786,2.3684,72.5609,73.0362,20.0000,1.4701,11.0000,0.2516,1.0341
V2,F1b_matched,198,80,2,risk1%,1.4899,247.5785,28.4742,3.3994,19.4213,24.1297,18.7500,0.4158,11.0000,0.2780,1.4196
V2,F1b_matched,198,80,2,30%x10x,1.2306,247.5785,-15.8206,-2.2715,68.6914,74.9260,18.7500,0.9284,11.0000,0.1651,0.6399
V2,F1b_matched,199,81,1,risk1%,1.1267,-118.3795,1.7349,0.2297,30.2834,35.8183,16.0494,0.1151,17.0000,0.0805,0.3788
V2,F1b_matched,199,81,1,30%x10x,0.8985,-118.3795,-69.1305,-14.5140,85.0265,87.7986,16.0494,-0.4384,17.0000,-0.0826,-0.2903
V2,F2,0,78,4,risk1%,2.3478,1058.8856,86.9983,8.7095,9.6013,12.2371,33.3333,0.8680,11.0000,0.7680,3.3452
V2,F2,0,78,4,30%x10x,2.4461,1058.8856,962.6320,37.0681,38.4298,45.0679,33.3333,4.0726,11.0000,0.8422,3.4936
V2,F2,1,78,4,risk1%,0.9694,35.6990,-3.9730,-0.5394,19.1544,23.1285,19.2308,-0.0239,19.0000,-0.0319,-0.0844
V2,F2,1,78,4,30%x10x,1.0404,35.6990,-26.9276,-4.0991,61.5359,69.5596,19.2308,0.1373,19.0000,0.0391,0.1084
V2,F2,2,78,4,risk1%,1.9142,488.5354,55.1268,6.0329,18.3954,22.6462,23.3766,0.6789,12.0000,0.4371,2.4257
V2,F2,2,78,4,30%x10x,1.5394,488.5354,77.2586,7.9365,70.7090,71.7287,23.3766,1.9034,12.0000,0.3336,1.3621
V2,F2,3,78,4,risk1%,1.0766,0.5641,2.4091,0.3181,22.3764,25.6534,21.7949,0.0554,21.0000,0.0789,0.2033
V2,F2,3,78,4,30%x10x,1.0007,0.5641,-29.5313,-4.5623,66.6599,73.5171,21.7949,0.0022,21.0000,0.0007,0.0016
V2,F2,4,77,5,risk1%,1.3806,157.4323,20.4754,2.5164,22.7771,23.3653,19.4805,0.2938,20.0000,0.2814,1.0387
V2,F2,4,77,5,30%x10x,1.1735,157.4323,-4.7945,-0.6534,73.7430,77.3199,19.4805,0.6134,20.0000,0.1502,0.4636
V2,F2,5,77,5,risk1%,1.9677,727.3886,57.6468,6.2611,13.8359,16.5910,23.3766,0.6677,11.0000,0.5304,2.4745
V2,F2,5,77,5,30%x10x,1.9549,727.3886,279.0685,19.4567,47.1182,52.7009,23.3766,2.8340,11.0000,0.5334,2.3990
V2,F2,6,77,5,risk1%,2.3311,918.5217,84.2346,8.4938,11.8607,16.5172,28.5714,0.8951,9.0000,0.6021,3.3696
V2,F2,6,77,5,30%x10x,2.1274,918.5217,462.5610,25.9172,50.0250,66.5110,28.5714,3.5787,9.0000,0.5952,2.7049
V2,F2,7,78,4,risk1%,1.7461,629.3589,44.8100,5.0638,13.9662,17.4458,25.6410,0.5288,17.0000,0.5086,1.9470
V2,F2,7,78,4,30%x10x,1.7569,629.3589,221.4605,16.8582,53.6042,62.8607,25.6410,2.4206,17.0000,0.5178,1.9341
V2,F2,8,77,5,risk1%,1.0092,71.6793,-2.1779,-0.2934,28.0069,32.0152,20.7792,0.0075,21.0000,0.0087,0.0254
V2,F2,8,77,5,30%x10x,1.0771,71.6793,-28.0178,-4.2913,80.3877,84.1951,20.7792,0.2793,21.0000,0.0670,0.2041
V2,F2,9,77,5,risk1%,1.4873,266.6899,27.6448,3.3101,20.6421,22.8888,23.3766,0.3773,13.0000,0.3354,1.3149
V2,F2,9,77,5,30%x10x,1.2859,266.6899,18.4235,2.2817,72.4918,76.8586,23.3766,1.0391,13.0000,0.2313,0.7345
V2,F2,10,76,6,risk1%,1.8275,649.5172,47.6888,5.3401,14.4938,17.4473,30.2632,0.5667,8.0000,0.5408,2.0784
V2,F2,10,76,6,30%x10x,1.8182,649.5172,239.7527,17.7242,51.5895,60.3225,30.2632,2.5639,8.0000,0.5257,2.0049
V2,F2,11,80,2,risk1%,1.6242,578.0800,38.6586,4.4571,11.7463,17.1925,27.5000,0.4561,8.0000,0.4742,1.6633
V2,F2,11,80,2,30%x10x,1.6752,578.0800,198.4366,15.7053,49.1301,58.2587,27.5000,2.1678,8.0000,0.5092,1.7568
V2,F2,12,79,3,risk1%,0.9751,-39.1509,-4.2137,-0.5727,26.1080,30.4928,19.2308,-0.0203,13.0000,-0.0242,-0.0692
V2,F2,12,79,3,30%x10x,0.9596,-39.1509,-45.2909,-7.7316,72.4338,82.5616,19.2308,-0.1506,13.0000,-0.0395,-0.1067
V2,F2,13,78,4,risk1%,1.4396,427.5275,23.6734,2.8753,14.6132,17.3251,26.9231,0.3080,13.0000,0.3662,1.1368
V2,F2,13,78,4,30%x10x,1.5313,427.5275,112.4691,10.5775,52.5362,55.0405,26.9231,1.6443,13.0000,0.4181,1.3149
V2,F2,14,80,2,risk1%,1.4761,332.8534,24.6889,2.9876,10.5720,16.3372,21.2500,0.3462,10.0000,0.2828,1.2841
V2,F2,14,80,2,30%x10x,1.3800,332.8534,36.6043,4.2493,45.9943,58.3824,21.2500,1.2482,10.0000,0.2642,0.9839
V2,F2,15,78,4,risk1%,2.2744,822.5843,82.2941,8.3406,17.3642,19.9281,29.4872,0.8427,18.0000,0.6974,3.2389
V2,F2,15,78,4,30%x10x,2.0200,822.5843,454.6957,25.6809,59.6972,66.3909,29.4872,3.1638,18.0000,0.6675,2.4840
V2,F2,16,81,1,risk1%,0.6357,-436.0443,-22.3558,-3.3195,27.6114,33.2937,19.7531,-0.2966,16.0000,-0.5514,-1.0361
V2,F2,16,81,1,30%x10x,0.5690,-436.0443,-78.5504,-18.5670,82.4732,87.9970,19.7531,-1.6150,16.0000,-0.6919,-1.1841
V2,F2,17,77,5,risk1%,2.3197,1044.3385,92.4443,9.1267,13.0739,14.2317,29.8701,0.9378,12.0000,0.7043,3.3965
V2,F2,17,77,5,30%x10x,2.2987,1044.3385,748.0663,33.0050,47.3628,50.7429,29.8701,4.0689,12.0000,0.7204,3.2242
V2,F2,18,78,4,risk1%,1.3661,209.2751,19.7558,2.4345,15.5455,18.2708,23.0769,0.2811,9.0000,0.2760,0.9925
V2,F2,18,78,4,30%x10x,1.2315,209.2751,13.9984,1.7633,54.8078,62.4162,23.0769,0.8049,9.0000,0.2069,0.6148
V2,F2,19,77,5,risk1%,1.2666,161.3103,13.0825,1.6538,16.2148,18.4893,22.0779,0.2056,12.0000,0.2108,0.7197
V2,F2,19,77,5,30%x10x,1.1764,161.3103,-5.2849,-0.7218,59.7817,63.7881,22.0779,0.6285,12.0000,0.1550,0.4511
V2,F2,20,79,3,risk1%,2.3463,821.1424,89.1891,8.8786,15.2464,23.3757,30.3797,0.9296,9.0000,0.5734,3.5114
V2,F2,20,79,3,30%x10x,1.9609,821.1424,337.5774,21.7664,59.3225,66.1038,30.3797,3.1183,9.0000,0.5375,2.3961
V2,F2,21,77,5,risk1%,2.6400,1019.2596,124.2056,11.3735,16.4036,16.6265,27.2727,1.1670,15.0000,0.7437,4.2394
V2,F2,21,77,5,30%x10x,2.1930,1019.2596,662.7359,31.1364,61.0539,61.2792,27.2727,3.9711,15.0000,0.6835,3.0059
V2,F2,22,77,5,risk1%,1.7407,428.2449,41.7089,4.7608,17.1648,22.0215,20.7792,0.5453,11.0000,0.3784,1.9801
V2,F2,22,77,5,30%x10x,1.4845,428.2449,65.4748,6.9504,66.4943,75.0029,20.7792,1.6685,11.0000,0.3123,1.2550
V2,F2,23,78,4,risk1%,0.9053,-51.3924,-6.8614,-0.9439,18.4247,24.6274,23.0769,-0.0691,14.0000,-0.1041,-0.2531
V2,F2,23,78,4,30%x10x,0.9377,-51.3924,-36.2705,-5.8336,58.3164,72.2108,23.0769,-0.1977,14.0000,-0.0688,-0.1615
V2,F2,24,80,2,risk1%,1.0730,-134.4600,1.4707,0.1950,33.0279,35.4431,21.5190,0.0569,19.0000,0.0646,0.2021
V2,F2,24,80,2,30%x10x,0.8608,-134.4600,-54.8081,-10.0545,87.1354,87.3243,21.5190,-0.5106,19.0000,-0.1540,-0.3684
V2,F2,25,78,4,risk1%,2.4313,855.4166,103.3472,9.9320,10.7775,13.8683,25.9740,1.0217,8.0000,0.7170,3.7530
V2,F2,25,78,4,30%x10x,1.9966,855.4166,415.3607,24.4536,48.2998,54.1507,25.9740,3.3328,8.0000,0.6097,2.4947
V2,F2,26,79,3,risk1%,0.3343,-763.4247,-36.8495,-5.9482,40.1692,40.5384,11.5385,-0.5754,24.0000,-1.1668,-1.9230
V2,F2,26,79,3,30%x10x,0.2583,-763.4247,-91.4204,-27.9379,92.5083,92.7599,11.5385,-2.9362,24.0000,-1.5551,-2.0769
V2,F2,27,79,3,risk1%,2.4080,1041.7167,97.5962,9.5120,13.0164,18.6644,27.8481,0.9677,13.0000,0.6495,3.6548
V2,F2,27,79,3,30%x10x,2.2658,1041.7167,707.7773,32.1441,53.5871,64.3278,27.8481,3.9559,13.0000,0.6806,3.1561
V2,F2,28,78,4,risk1%,1.7969,592.6174,52.6519,5.8057,10.3050,13.5860,23.3766,0.6147,12.0000,0.5327,2.1646
V2,F2,28,78,4,30%x10x,1.6537,592.6174,181.2048,14.7908,43.1497,50.7377,23.3766,2.3089,12.0000,0.4824,1.7211
V2,F2,29,77,5,risk1%,1.4625,106.9839,22.4600,2.7401,23.2352,25.6927,25.0000,0.3587,8.0000,0.2461,1.2340
V2,F2,29,77,5,30%x10x,1.1147,106.9839,-31.1775,-4.8628,78.9147,79.0111,25.0000,0.4223,8.0000,0.0813,0.2917
V2,F2,30,79,3,risk1%,1.4332,310.3894,22.7686,2.7746,12.6154,14.9955,23.0769,0.3066,9.0000,0.3270,1.1416
V2,F2,30,79,3,30%x10x,1.3803,310.3894,50.0692,5.5651,41.7459,48.9005,23.0769,1.1938,9.0000,0.3002,0.9709
V2,F2,31,78,4,risk1%,0.6135,-391.5568,-23.4246,-3.4982,35.3359,44.3319,14.2857,-0.3235,14.0000,-0.4754,-1.0912
V2,F2,31,78,4,30%x10x,0.6040,-391.5568,-77.6222,-18.1055,88.6087,92.6325,14.2857,-1.5255,14.0000,-0.4971,-1.0745
V2,F2,32,78,4,risk1%,0.9420,17.0822,-5.8176,-0.7965,23.7680,24.4877,21.7949,-0.0461,14.0000,-0.0583,-0.1595
V2,F2,32,78,4,30%x10x,1.0185,17.0822,-35.4274,-5.6684,69.1548,70.3661,21.7949,0.0657,14.0000,0.0166,0.0490
V2,F2,33,77,5,risk1%,2.0842,738.3513,69.8481,7.3233,21.6734,28.2005,25.0000,0.8082,26.0000,0.5117,2.8678
V2,F2,33,77,5,30%x10x,1.8631,738.3513,251.9238,18.2784,67.9975,78.8605,25.0000,2.9145,26.0000,0.4901,2.1801
V2,F2,34,80,2,risk1%,0.9327,-197.3129,-7.9356,-1.0970,32.7679,35.0627,15.0000,-0.0590,21.0000,-0.0620,-0.1984
V2,F2,34,80,2,30%x10x,0.8187,-197.3129,-65.9179,-13.3774,87.3710,89.7632,15.0000,-0.7399,21.0000,-0.1965,-0.5161
V2,F2,35,79,3,risk1%,1.0224,-42.7490,-2.1596,-0.2909,15.3493,22.9208,18.9873,0.0174,16.0000,0.0180,0.0615
V2,F2,35,79,3,30%x10x,0.9532,-42.7490,-45.8608,-7.8605,57.9368,66.7916,18.9873,-0.1623,16.0000,-0.0416,-0.1235
V2,F2,36,76,6,risk1%,0.7904,-186.9152,-14.8258,-2.1182,29.6674,30.4820,16.0000,-0.1750,15.0000,-0.1893,-0.5800
V2,F2,36,76,6,30%x10x,0.7999,-186.9152,-62.9607,-12.4104,79.5142,82.4033,16.0000,-0.7477,15.0000,-0.1957,-0.5344
V2,F2,37,77,5,risk1%,1.5756,238.8086,31.1490,3.6840,24.3597,27.2400,23.6842,0.4244,18.0000,0.3526,1.5159
V2,F2,37,77,5,30%x10x,1.2719,238.8086,13.8777,1.7489,78.9204,79.8977,23.6842,0.9427,18.0000,0.2142,0.6844
V2,F2,38,77,5,risk1%,1.4372,109.1195,24.2874,2.9433,19.2097,21.3432,18.4211,0.3547,11.0000,0.2931,1.2177
V2,F2,38,77,5,30%x10x,1.1132,109.1195,-23.1130,-3.4459,76.6559,78.2068,18.4211,0.4307,11.0000,0.0977,0.2998
V2,F2,39,78,4,risk1%,1.6439,469.9992,37.5244,4.3427,8.8431,11.9868,28.2051,0.4449,8.0000,0.5289,1.6679
V2,F2,39,78,4,30%x10x,1.5635,469.9992,142.4757,12.5437,49.6121,52.1666,28.2051,1.8077,8.0000,0.4697,1.3800
V2,F2,40,76,6,risk1%,1.7773,576.8742,40.5900,4.6501,13.3570,16.4034,30.6667,0.5014,11.0000,0.5072,1.9102
V2,F2,40,76,6,30%x10x,1.7646,576.8742,181.6442,14.8147,49.0056,62.7440,30.6667,2.3075,11.0000,0.4729,1.8022
V2,F2,41,79,3,risk1%,1.6809,544.1120,41.2542,4.7159,10.9761,14.4284,21.5190,0.4867,13.0000,0.4931,1.8022
V2,F2,41,79,3,30%x10x,1.6386,544.1120,151.3939,13.0873,42.6270,51.9225,21.5190,2.0662,13.0000,0.4418,1.6076
V2,F2,42,81,1,risk1%,1.0813,87.4654,2.8777,0.3792,21.1763,22.5011,23.7500,0.0609,16.0000,0.0867,0.2213
V2,F2,42,81,1,30%x10x,1.0969,87.4654,-11.8700,-1.6717,71.5425,73.6794,23.7500,0.3280,16.0000,0.1017,0.2541
V2,F2,43,78,4,risk1%,1.4783,335.1007,26.6416,3.2013,19.8235,25.2073,26.9231,0.3454,10.0000,0.3729,1.2634
V2,F2,43,78,4,30%x10x,1.3888,335.1007,62.8949,6.7264,64.3203,72.7775,26.9231,1.2888,10.0000,0.3303,0.9864
V2,F2,44,78,4,risk1%,1.4320,88.3988,22.9350,2.7932,15.0280,20.6845,24.3590,0.3126,13.0000,0.3148,1.1412
V2,F2,44,78,4,30%x10x,1.0994,88.3988,-13.8855,-1.9747,61.0254,68.9796,24.3590,0.3400,13.0000,0.0973,0.2526
V2,F2,45,80,2,risk1%,1.0037,-34.3516,-3.3958,-0.4599,20.1803,22.4023,18.7500,0.0030,14.0000,0.0031,0.0106
V2,F2,45,80,2,30%x10x,0.9644,-34.3516,-44.6565,-7.5896,68.7789,77.7104,18.7500,-0.1288,14.0000,-0.0341,-0.0973
V2,F2,46,76,6,risk1%,1.3528,336.2943,18.2836,2.2655,16.9119,18.9726,24.0000,0.2569,16.0000,0.3118,0.9206
V2,F2,46,76,6,30%x10x,1.3984,336.2943,58.3257,6.3221,58.2586,62.6468,24.0000,1.3452,16.0000,0.3205,0.9913
V2,F2,47,76,6,risk1%,1.8133,536.0766,49.9691,5.5557,26.1665,29.9564,21.0526,0.6299,13.0000,0.4324,2.1960
V2,F2,47,76,6,30%x10x,1.6012,536.0766,104.7218,10.0308,79.4346,82.2478,21.0526,2.1161,13.0000,0.3741,1.5840
V2,F2,48,80,2,risk1%,1.7606,560.2260,50.8167,5.6351,14.6504,17.3373,26.2500,0.5716,12.0000,0.5377,2.0428
V2,F2,48,80,2,30%x10x,1.6179,560.2260,171.5632,14.2577,54.0845,59.3152,26.2500,2.1008,12.0000,0.4763,1.6078
V2,F2,49,81,1,risk1%,0.8599,-201.2665,-11.2413,-1.5784,22.9736,24.3653,18.5185,-0.1166,11.0000,-0.1509,-0.4008
V2,F2,49,81,1,30%x10x,0.8061,-201.2665,-63.6108,-12.6171,75.6871,78.7018,18.5185,-0.7454,11.0000,-0.2254,-0.5280
V2,F2,50,76,6,risk1%,1.5584,357.0238,30.5078,3.6162,18.8265,22.6651,23.6842,0.4134,15.0000,0.3556,1.4675
V2,F2,50,76,6,30%x10x,1.4243,357.0238,58.8643,6.3703,65.3975,69.5767,23.6842,1.4093,15.0000,0.3139,1.0732
V2,F2,51,79,3,risk1%,0.8482,-80.3521,-10.9090,-1.5293,20.5177,30.4502,17.7215,-0.1230,11.0000,-0.1828,-0.4246
V2,F2,51,79,3,30%x10x,0.9166,-80.3521,-47.3882,-8.2116,65.8508,75.0273,17.7215,-0.3051,11.0000,-0.0913,-0.2255
V2,F2,52,75,7,risk1%,1.7284,435.0784,44.9397,5.0764,17.6367,20.9276,22.9730,0.5693,11.0000,0.4716,1.9333
V2,F2,52,75,7,30%x10x,1.4824,435.0784,88.6604,8.8380,61.1427,68.7839,22.9730,1.7638,11.0000,0.3684,1.2208
V2,F2,53,76,6,risk1%,3.0014,1250.4526,143.6751,12.6178,12.9850,19.8802,28.9474,1.3073,14.0000,0.7691,5.0094
V2,F2,53,76,6,30%x10x,2.6353,1250.4526,1148.5438,40.0485,46.8797,63.2125,28.9474,4.9360,14.0000,0.7509,3.9443
V2,F2,54,79,3,risk1%,1.1450,108.6224,6.3785,0.8284,16.4374,17.5769,18.9873,0.1112,14.0000,0.1376,0.3984
V2,F2,54,79,3,30%x10x,1.1191,108.6224,-12.7103,-1.7973,55.2838,58.3410,18.9873,0.4125,14.0000,0.1136,0.3138
V2,F2,55,79,3,risk1%,0.8637,-1.7623,-9.6633,-1.3467,20.6351,22.4226,19.2308,-0.1071,17.0000,-0.1578,-0.3750
V2,F2,55,79,3,30%x10x,0.9981,-1.7623,-35.5806,-5.6983,61.0671,66.3948,19.2308,-0.0068,17.0000,-0.0019,-0.0051
V2,F2,56,79,3,risk1%,1.5514,501.5093,29.9100,3.5528,17.9591,20.1238,25.6410,0.3848,16.0000,0.3840,1.4431
V2,F2,56,79,3,30%x10x,1.5989,501.5093,125.6922,11.4718,61.6482,69.4020,25.6410,1.9289,16.0000,0.4162,1.5026
V2,F2,57,76,6,risk1%,1.9859,676.3449,60.9795,6.5581,13.9668,16.1301,28.0000,0.6963,17.0000,0.6198,2.5062
V2,F2,57,76,6,30%x10x,1.8449,676.3449,267.0516,18.9444,49.8807,55.7664,28.0000,2.7054,17.0000,0.5482,2.0692
V2,F2,58,75,7,risk1%,1.0287,202.5512,-0.4940,-0.0661,15.2501,20.1269,17.3333,0.0220,14.0000,0.0285,0.0765
V2,F2,58,75,7,30%x10x,1.2440,202.5512,7.0211,0.9094,52.4045,65.9733,17.3333,0.8102,14.0000,0.1876,0.6366
V2,F2,59,78,4,risk1%,2.0378,625.4285,60.0748,6.4780,18.0789,22.3254,28.5714,0.7190,14.0000,0.4586,2.6622
V2,F2,59,78,4,30%x10x,1.7909,625.4285,176.1740,14.5147,62.0544,71.3583,28.5714,2.4367,14.0000,0.4256,1.9973
V2,F2,60,77,5,risk1%,1.9629,605.5613,56.2666,6.1365,17.9118,20.5176,25.0000,0.6527,14.0000,0.5600,2.4677
V2,F2,60,77,5,30%x10x,1.7465,605.5613,204.3739,16.0098,59.2078,63.8654,25.0000,2.3904,14.0000,0.5023,1.8470
V2,F2,61,76,6,risk1%,2.4168,1039.0005,93.9329,9.2389,16.8642,17.7094,30.6667,0.9459,11.0000,0.8500,3.5495
V2,F2,61,76,6,30%x10x,2.4302,1039.0005,967.9737,37.1598,55.7158,57.5448,30.6667,4.1560,11.0000,0.8767,3.5026
V2,F2,62,81,1,risk1%,1.0180,89.6767,-2.0191,-0.2718,19.2107,21.3985,20.9877,0.0143,18.0000,0.0161,0.0506
V2,F2,62,81,1,30%x10x,1.0934,89.6767,-23.2372,-3.4667,64.9609,69.4594,20.9877,0.3321,18.0000,0.0855,0.2525
V2,F2,63,81,1,risk1%,1.5617,495.7875,32.3463,3.8098,10.8977,12.8848,20.9877,0.4092,6.0000,0.3634,1.5260
V2,F2,63,81,1,30%x10x,1.5660,495.7875,112.9254,10.6091,42.0971,46.9912,20.9877,1.8363,6.0000,0.3964,1.4863
V2,F2,64,79,3,risk1%,1.1407,183.4286,5.9439,0.7733,21.2591,24.4799,25.3165,0.1036,16.0000,0.1331,0.3782
V2,F2,64,79,3,30%x10x,1.2074,183.4286,5.8613,0.7628,66.8433,73.7979,25.3165,0.6966,16.0000,0.1808,0.5353
V2,F2,65,78,4,risk1%,1.0820,6.6593,2.6165,0.3452,24.0616,27.3080,23.3766,0.0645,8.0000,0.0813,0.2221
V2,F2,65,78,4,30%x10x,1.0072,6.6593,-29.6985,-4.5925,71.4335,75.6640,23.3766,0.0259,8.0000,0.0079,0.0190
V2,F2,66,77,5,risk1%,1.1562,197.7219,6.7775,0.8787,14.1592,14.7698,22.3684,0.1168,10.0000,0.1475,0.4151
V2,F2,66,77,5,30%x10x,1.2308,197.7219,12.9360,1.6363,53.9156,54.6530,22.3684,0.7805,10.0000,0.2029,0.5880
V2,F2,67,79,3,risk1%,0.8752,-84.5730,-9.7680,-1.3620,25.1151,25.8886,15.3846,-0.0998,19.0000,-0.1241,-0.3464
V2,F2,67,79,3,30%x10x,0.9129,-84.5730,-54.9347,-10.0882,76.3513,77.7221,15.3846,-0.3253,19.0000,-0.0780,-0.2303
V2,F2,68,77,5,risk1%,1.8015,843.0018,48.8896,5.4540,16.6904,19.1544,24.6753,0.6032,10.0000,0.4402,2.1389
V2,F2,68,77,5,30%x10x,1.9925,843.0018,366.8254,22.8220,57.1858,63.3605,24.6753,3.2844,10.0000,0.5621,2.5846
V2,F2,69,77,5,risk1%,1.5970,330.0684,30.9300,3.6609,15.6523,20.4605,27.6316,0.4148,13.0000,0.3663,1.5310
V2,F2,69,77,5,30%x10x,1.4035,330.0684,45.2682,5.1081,60.1968,64.2811,27.6316,1.3029,13.0000,0.2869,0.9933
V2,F2,70,80,2,risk1%,0.9154,10.5325,-7.4095,-1.0218,24.1641,32.7590,16.4557,-0.0681,21.0000,-0.0893,-0.2366
V2,F2,70,80,2,30%x10x,1.0109,10.5325,-38.5023,-6.2804,72.3493,81.5080,16.4557,0.0400,21.0000,0.0102,0.0294
V2,F2,71,79,3,risk1%,1.8488,626.3133,51.5162,5.7003,19.7351,25.5597,24.3590,0.6361,22.0000,0.4203,2.2648
V2,F2,71,79,3,30%x10x,1.7330,626.3133,169.1415,14.1213,55.5130,69.2101,24.3590,2.4089,22.0000,0.4280,1.9085
V2,F2,72,80,2,risk1%,1.0188,-252.9076,-2.4234,-0.3268,25.3997,26.0101,17.7215,0.0152,15.0000,0.0155,0.0530
V2,F2,72,80,2,30%x10x,0.7546,-252.9076,-68.9534,-14.4488,82.6401,82.7377,17.7215,-0.9604,15.0000,-0.2768,-0.6596
V2,F2,73,75,7,risk1%,1.3968,195.8346,17.1847,2.1383,19.2376,21.3405,21.6216,0.2844,11.0000,0.2228,1.0310
V2,F2,73,75,7,30%x10x,1.2492,195.8346,2.3561,0.3112,66.3607,70.6726,21.6216,0.7939,11.0000,0.1696,0.6315
V2,F2,74,79,3,risk1%,1.6225,623.2049,34.4455,4.0280,16.6411,20.5644,22.7848,0.4717,13.0000,0.3215,1.6781
V2,F2,74,79,3,30%x10x,1.7062,623.2049,143.3039,12.5949,61.0741,68.6628,22.7848,2.3666,13.0000,0.4034,1.8622
V2,F2,75,80,2,risk1%,1.1344,314.0687,5.7679,0.7510,21.4476,26.7964,22.7848,0.1030,14.0000,0.1295,0.3612
V2,F2,75,80,2,30%x10x,1.3540,314.0687,41.9630,4.7859,66.0425,74.2324,22.7848,1.1927,14.0000,0.2858,0.9121
V2,F2,76,76,6,risk1%,2.0019,736.7729,63.5146,6.7805,10.1847,13.4799,28.0000,0.7086,10.0000,0.6874,2.5749
V2,F2,76,76,6,30%x10x,1.9146,736.7729,366.0888,22.7962,40.6670,48.1841,28.0000,2.9471,10.0000,0.6460,2.2540
V2,F2,77,78,4,risk1%,1.5988,414.4937,32.5332,3.8293,17.7906,20.1349,24.6753,0.4469,9.0000,0.3344,1.5834
V2,F2,77,78,4,30%x10x,1.4894,414.4937,65.7232,6.9718,63.4493,68.8374,24.6753,1.6149,9.0000,0.3177,1.2479
V2,F2,78,80,2,risk1%,2.1779,709.9564,78.3428,8.0243,12.7700,15.7195,25.3165,0.8317,14.0000,0.5789,3.0837
V2,F2,78,80,2,30%x10x,1.8279,709.9564,255.0305,18.4171,51.8366,65.0234,25.3165,2.6960,14.0000,0.5127,2.0966
V2,F2,79,75,7,risk1%,1.5376,299.3965,29.9708,3.5592,19.6266,23.9028,21.6216,0.4150,13.0000,0.3607,1.4269
V2,F2,79,75,7,30%x10x,1.3425,299.3965,38.5632,4.4475,66.5037,73.0365,21.6216,1.2138,13.0000,0.2742,0.8711
V2,F2,80,76,6,risk1%,2.1621,682.8593,67.7150,7.1425,19.7287,23.6721,26.6667,0.8086,15.0000,0.4881,2.9595
V2,F2,80,76,6,30%x10x,1.8749,682.8593,219.1459,16.7456,61.5173,68.9868,26.6667,2.7314,15.0000,0.4620,2.1671
V2,F2,81,77,5,risk1%,1.2516,114.6873,8.8719,1.1405,24.0182,29.1644,21.0526,0.1949,15.0000,0.1401,0.6732
V2,F2,81,77,5,30%x10x,1.1335,114.6873,-27.0498,-4.1206,74.8036,81.7457,21.0526,0.4527,15.0000,0.0891,0.3495
V2,F2,82,79,3,risk1%,0.7279,-306.3599,-15.6050,-2.2381,32.3552,35.3597,20.2532,-0.1968,21.0000,-0.3325,-0.7253
V2,F2,82,79,3,30%x10x,0.6475,-306.3599,-68.2658,-14.1984,85.3624,88.0888,20.2532,-1.1634,21.0000,-0.4738,-0.9045
V2,F2,83,76,6,risk1%,2.0719,996.7548,66.4254,7.0322,11.3391,15.8489,30.6667,0.7578,11.0000,0.5874,2.7219
V2,F2,83,76,6,30%x10x,2.3098,996.7548,641.4961,30.6432,39.1817,58.9620,30.6667,3.9870,11.0000,0.6815,3.2353
V2,F2,84,76,6,risk1%,1.8935,638.3344,54.6119,5.9859,11.1978,17.6484,26.6667,0.6590,11.0000,0.5099,2.3298
V2,F2,84,76,6,30%x10x,1.7485,638.3344,206.2776,16.1063,43.3768,52.5515,26.6667,2.5533,11.0000,0.4900,1.8899
V2,F2,85,81,1,risk1%,0.7786,-290.3427,-15.5458,-2.2290,23.7557,27.4741,17.2840,-0.1835,14.0000,-0.2644,-0.6356
V2,F2,85,81,1,30%x10x,0.7164,-290.3427,-70.1900,-14.9114,76.9877,80.1561,17.2840,-1.0753,14.0000,-0.3629,-0.7861
V2,F2,86,79,3,risk1%,1.3936,291.1380,21.4722,2.6291,22.7691,23.5321,24.3590,0.2919,18.0000,0.3152,1.0580
V2,F2,86,79,3,30%x10x,1.3370,291.1380,38.7956,4.4709,71.4237,72.7902,24.3590,1.1198,18.0000,0.2768,0.8720
V2,F2,87,79,3,risk1%,1.5237,408.8112,30.2952,3.5937,9.5463,15.8095,18.9873,0.4131,9.0000,0.3195,1.4378
V2,F2,87,79,3,30%x10x,1.4307,408.8112,55.5402,6.0706,38.2314,39.4828,18.9873,1.5524,9.0000,0.3067,1.1254
V2,F2,88,78,4,risk1%,1.2965,72.8791,15.7445,1.9699,22.2413,23.1802,20.7792,0.2411,12.0000,0.2339,0.8186
V2,F2,88,78,4,30%x10x,1.0750,72.8791,-25.0973,-3.7821,76.7013,76.9829,20.7792,0.2839,12.0000,0.0721,0.1969
V2,F2,89,75,7,risk1%,1.5135,470.5981,28.2655,3.3769,15.9835,19.7702,21.3333,0.3778,16.0000,0.3865,1.3439
V2,F2,89,75,7,30%x10x,1.5697,470.5981,114.5294,10.7199,53.6798,61.0398,21.3333,1.8824,16.0000,0.4077,1.4222
V2,F2,90,82,0,risk1%,0.8156,-204.5953,-13.4231,-1.9046,24.2398,26.4907,15.8537,-0.1484,22.0000,-0.2054,-0.5236
V2,F2,90,82,0,30%x10x,0.7973,-204.5953,-64.6363,-12.9497,74.7409,79.0299,15.8537,-0.7485,22.0000,-0.2208,-0.5516
V2,F2,91,80,2,risk1%,0.8735,-250.2971,-9.9178,-1.3838,16.8756,23.5400,20.2532,-0.0995,18.0000,-0.1220,-0.3526
V2,F2,91,80,2,30%x10x,0.7410,-250.2971,-66.3785,-13.5345,70.0616,74.4588,20.2532,-0.9505,18.0000,-0.3080,-0.6964
V2,F2,92,78,4,risk1%,1.8694,556.8108,52.8696,5.8258,14.0453,16.6681,27.2727,0.6525,7.0000,0.4328,2.2704
V2,F2,92,78,4,30%x10x,1.6477,556.8108,131.4236,11.8454,52.2768,59.0689,27.2727,2.1694,7.0000,0.3913,1.6235
V2,F2,93,80,2,risk1%,1.7166,490.4235,42.5348,4.8421,10.8874,15.4360,28.7500,0.4878,12.0000,0.5254,1.8748
V2,F2,93,80,2,30%x10x,1.5943,490.4235,143.2579,12.5920,44.1743,57.6228,28.7500,1.8391,12.0000,0.4532,1.4869
V2,F2,94,78,4,risk1%,1.1990,174.6623,9.5754,1.2275,13.6813,18.6911,20.7792,0.1518,13.0000,0.1856,0.5384
V2,F2,94,78,4,30%x10x,1.1916,174.6623,-0.0928,-0.0124,59.5255,65.7502,20.7792,0.6805,13.0000,0.1688,0.4934
V2,F2,95,79,3,risk1%,0.8098,-221.7625,-12.8151,-1.8130,30.3101,32.5460,17.9487,-0.1479,14.0000,-0.1967,-0.5227
V2,F2,95,79,3,30%x10x,0.7547,-221.7625,-63.0066,-12.4249,80.5688,85.9398,17.9487,-0.8529,14.0000,-0.2762,-0.6609
V2,F2,96,76,6,risk1%,1.6597,593.3152,37.4927,4.3395,22.1392,24.8133,22.6667,0.4875,22.0000,0.4206,1.7119
V2,F2,96,76,6,30%x10x,1.7232,593.3152,191.4610,15.3407,69.1507,73.3511,22.6667,2.3733,22.0000,0.4913,1.8308
V2,F2,97,78,4,risk1%,1.4584,366.5575,23.3783,2.8425,13.9396,16.8206,25.6410,0.3075,9.0000,0.3506,1.1735
V2,F2,97,78,4,30%x10x,1.4631,366.5575,72.6063,7.5542,51.0612,52.2869,25.6410,1.4098,9.0000,0.3420,1.1208
V2,F2,98,77,5,risk1%,1.6086,524.2516,36.8377,4.2731,15.8263,20.2599,23.6842,0.4689,14.0000,0.4333,1.6304
V2,F2,98,77,5,30%x10x,1.5902,524.2516,140.6545,12.4305,51.9582,63.9971,23.6842,2.0694,14.0000,0.4399,1.5172
V2,F2,99,81,1,risk1%,1.8612,594.6508,52.9627,5.8344,14.2452,24.2997,25.9259,0.5799,14.0000,0.5598,2.2568
V2,F2,99,81,1,30%x10x,1.7279,594.6508,225.5112,17.0536,45.7118,68.1679,25.9259,2.2024,14.0000,0.5415,1.8386
V2,F2,100,80,2,risk1%,0.8619,-147.3723,-9.6589,-1.3461,23.4453,25.1964,22.5000,-0.1071,21.0000,-0.1735,-0.3796
V2,F2,100,80,2,30%x10x,0.8494,-147.3723,-54.9848,-10.1015,74.0389,76.4048,22.5000,-0.5526,21.0000,-0.1784,-0.3953
V2,F2,101,74,8,risk1%,1.6232,361.2887,31.4371,3.7144,10.4586,13.5040,31.0811,0.4073,8.0000,0.4577,1.5276
V2,F2,101,74,8,30%x10x,1.4901,361.2887,92.6871,9.1450,38.5425,45.7478,31.0811,1.4647,8.0000,0.3955,1.1764
V2,F2,102,76,6,risk1%,2.4211,1082.2309,94.3125,9.2674,9.8079,14.1670,34.6667,0.9483,9.0000,0.8551,3.5150
V2,F2,102,76,6,30%x10x,2.4082,1082.2309,993.4824,37.5925,41.7369,55.2711,34.6667,4.3289,9.0000,0.8427,3.3340
V2,F2,103,76,6,risk1%,2.3725,1175.2038,99.3183,9.6389,12.3989,15.2874,29.3333,1.0044,12.0000,0.7657,3.5415
V2,F2,103,76,6,30%x10x,2.4641,1175.2038,1056.7794,38.6294,41.9454,56.2156,29.3333,4.7008,12.0000,0.7819,3.6730
V2,F2,104,77,5,risk1%,1.3237,315.5759,18.5458,2.2958,16.1316,24.5894,20.7792,0.2646,17.0000,0.2806,0.9011
V2,F2,104,77,5,30%x10x,1.3282,315.5759,37.8750,4.3782,53.5771,63.6621,20.7792,1.2295,17.0000,0.2805,0.8881
V2,F2,105,78,4,risk1%,0.7535,-260.2887,-16.2177,-2.3331,18.8494,23.9311,19.2308,-0.2028,19.0000,-0.2931,-0.6887
V2,F2,105,78,4,30%x10x,0.7266,-260.2887,-66.0381,-13.4182,66.0381,66.3170,19.2308,-1.0011,19.0000,-0.3510,-0.7279
V2,F2,106,79,3,risk1%,1.2065,64.0685,7.6328,0.9862,20.4929,25.8889,21.5190,0.1641,11.0000,0.1320,0.5697
V2,F2,106,79,3,30%x10x,1.0660,64.0685,-36.5029,-5.8795,74.4336,81.8962,21.5190,0.2433,11.0000,0.0520,0.1751
V2,F2,107,77,5,risk1%,1.7217,418.6207,46.8264,5.2578,14.2793,15.1152,23.6842,0.5549,13.0000,0.5569,1.9384
V2,F2,107,77,5,30%x10x,1.4437,418.6207,90.8634,9.0067,55.9981,58.5829,23.6842,1.6525,13.0000,0.3810,1.1356
V2,F2,108,76,6,risk1%,0.6980,-235.2703,-16.2836,-2.3434,24.2696,25.3197,22.6667,-0.2223,11.0000,-0.4102,-0.7894
V2,F2,108,76,6,30%x10x,0.7218,-235.2703,-61.3792,-11.9204,75.8855,77.6568,22.6667,-0.9411,11.0000,-0.3523,-0.6935
V2,F2,109,77,5,risk1%,1.2439,85.8044,11.6800,1.4847,31.2595,35.2040,18.1818,0.1950,30.0000,0.1874,0.6743
V2,F2,109,77,5,30%x10x,1.0901,85.8044,-26.7235,-4.0635,84.4608,87.7131,18.1818,0.3343,30.0000,0.0782,0.2382
V2,F2,110,78,4,risk1%,1.0509,-95.9254,0.4010,0.0534,20.3219,20.7335,19.2308,0.0412,17.0000,0.0481,0.1425
V2,F2,110,78,4,30%x10x,0.9025,-95.9254,-50.3934,-8.9290,74.9562,75.3192,19.2308,-0.3689,17.0000,-0.1065,-0.2600
V2,F2,111,80,2,risk1%,1.6413,483.1112,38.5943,4.4507,15.2952,18.5463,23.7500,0.4510,18.0000,0.4949,1.6988
V2,F2,111,80,2,30%x10x,1.5704,483.1112,147.7585,12.8678,56.4428,60.5317,23.7500,1.8117,18.0000,0.4719,1.4594
V2,F2,112,76,6,risk1%,1.5517,340.4185,32.0576,3.7796,10.4217,18.3483,21.3333,0.4262,10.0000,0.3925,1.4709
V2,F2,112,76,6,30%x10x,1.3716,340.4185,51.4515,5.6943,50.7334,56.7457,21.3333,1.3617,10.0000,0.3059,0.9411
V2,F2,113,79,3,risk1%,1.8922,496.5620,53.5116,5.8850,14.1139,21.1043,25.6410,0.6478,7.0000,0.4415,2.3626
V2,F2,113,79,3,30%x10x,1.5642,496.5620,91.7278,9.0724,59.4576,69.3182,25.6410,1.9099,7.0000,0.3508,1.4221
V2,F2,114,77,5,risk1%,1.8532,615.2634,48.0022,5.3699,11.3363,16.1925,27.2727,0.5700,13.0000,0.5085,2.1557
V2,F2,114,77,5,30%x10x,1.8140,615.2634,229.8082,17.2586,44.0312,57.7322,27.2727,2.3971,13.0000,0.5315,2.0017
V2,F2,115,79,3,risk1%,1.1234,267.2119,4.7382,0.6195,19.2843,21.0450,24.0506,0.0919,11.0000,0.1124,0.3304
V2,F2,115,79,3,30%x10x,1.3108,267.2119,25.9820,3.1295,66.8769,69.5892,24.0506,1.0147,11.0000,0.2419,0.8154
V2,F2,116,80,2,risk1%,0.9801,151.6340,-2.9150,-0.3939,18.7860,19.2910,18.9873,-0.0150,15.0000,-0.0227,-0.0544
V2,F2,116,80,2,30%x10x,1.1692,151.6340,-2.1824,-0.2940,61.7361,63.0945,18.9873,0.5758,15.0000,0.1556,0.4518
V2,F2,117,78,4,risk1%,1.1731,203.1738,7.9774,1.0293,23.2961,25.7491,25.9740,0.1299,12.0000,0.1658,0.4577
V2,F2,117,78,4,30%x10x,1.2298,203.1738,11.7276,1.4905,71.1021,74.4738,25.9740,0.7916,12.0000,0.2024,0.5842
V2,F2,118,80,2,risk1%,1.3236,195.3046,15.9851,1.9982,15.8555,18.5388,18.7500,0.2738,11.0000,0.1970,0.9240
V2,F2,118,80,2,30%x10x,1.1885,195.3046,-19.3122,-2.8223,62.2958,67.0400,18.7500,0.7324,11.0000,0.1402,0.5164
V2,F2,119,78,4,risk1%,1.3912,212.9937,17.3632,2.1590,27.3558,31.9491,25.9740,0.2893,9.0000,0.2113,1.0327
V2,F2,119,78,4,30%x10x,1.2439,212.9937,-3.1977,-0.4327,78.9179,84.5997,25.9740,0.8298,9.0000,0.1644,0.6199
V2,F2,120,75,7,risk1%,1.5435,462.1045,29.2136,3.4786,19.9863,22.5414,18.6667,0.4493,16.0000,0.2848,1.4815
V2,F2,120,75,7,30%x10x,1.5030,462.1045,46.1311,5.1912,63.6467,68.7725,18.6667,1.8484,16.0000,0.2913,1.3210
V2,F2,121,76,6,risk1%,2.0135,492.2281,52.2963,5.7727,8.6146,14.1451,30.2632,0.6037,8.0000,0.5984,2.4118
V2,F2,121,76,6,30%x10x,1.6998,492.2281,163.3819,13.7924,49.4835,54.9478,30.2632,1.9430,8.0000,0.4933,1.5914
V2,F2,122,76,6,risk1%,2.0906,677.8144,64.1184,6.8330,14.8956,19.3048,30.6667,0.7110,14.0000,0.7080,2.6941
V2,F2,122,76,6,30%x10x,1.9017,677.8144,335.0567,21.6725,53.2465,62.3364,30.6667,2.7113,14.0000,0.6592,2.1680
V2,F2,123,79,3,risk1%,0.6285,-288.7445,-21.4680,-3.1728,24.1384,25.9388,22.7848,-0.2893,14.0000,-0.5154,-1.0191
V2,F2,123,79,3,30%x10x,0.6907,-288.7445,-69.0003,-14.4660,74.9582,77.5813,22.7848,-1.0965,14.0000,-0.3819,-0.8030
V2,F2,124,79,3,risk1%,0.7344,-373.7920,-18.8488,-2.7480,30.9324,32.4211,17.7215,-0.2367,18.0000,-0.3209,-0.7748
V2,F2,124,79,3,30%x10x,0.6583,-373.7920,-77.5285,-18.0598,86.8004,88.6651,17.7215,-1.4195,18.0000,-0.4447,-0.9527
V2,F2,125,75,7,risk1%,1.0673,24.2320,0.6974,0.0928,23.0983,24.3162,22.6667,0.0534,11.0000,0.0544,0.1812
V2,F2,125,75,7,30%x10x,1.0274,24.2320,-32.1493,-5.0431,70.5432,72.3970,22.6667,0.0969,11.0000,0.0246,0.0712
V2,F2,126,77,5,risk1%,2.0035,941.5018,62.6737,6.7071,16.8677,19.6219,27.2727,0.7029,13.0000,0.5831,2.6073
V2,F2,126,77,5,30%x10x,2.2378,941.5018,567.8946,28.8338,54.7437,61.8822,27.2727,3.6682,13.0000,0.6703,3.1684
V2,F2,127,78,4,risk1%,1.2037,9.5765,8.7897,1.1303,22.5807,34.7222,17.9487,0.1591,13.0000,0.1537,0.5628
V2,F2,127,78,4,30%x10x,1.0101,9.5765,-37.8211,-6.1426,78.0238,85.6909,17.9487,0.0368,13.0000,0.0092,0.0270
V2,F2,128,78,4,risk1%,1.7334,623.1717,42.6778,4.8561,21.3955,27.0057,28.2051,0.4996,15.0000,0.5376,1.8809
V2,F2,128,78,4,30%x10x,1.8065,623.1717,245.7039,17.9973,67.7036,77.6984,28.2051,2.3968,15.0000,0.5556,2.0287
V2,F2,129,81,1,risk1%,2.1185,738.8042,83.0145,8.3977,7.7752,18.7798,21.2500,0.8827,8.0000,0.5379,3.1232
V2,F2,129,81,1,30%x10x,1.7490,738.8042,206.9353,16.1395,30.9624,42.8421,21.2500,2.7705,8.0000,0.4581,1.9954
V2,F2,130,80,2,risk1%,1.6634,382.0489,37.6637,4.3568,23.8042,28.8930,21.2500,0.4867,23.0000,0.3538,1.8007
V2,F2,130,80,2,30%x10x,1.4177,382.0489,45.9461,5.1734,77.4507,81.9502,21.2500,1.4327,23.0000,0.2799,1.0952
V2,F2,131,79,3,risk1%,1.9780,717.6164,60.3676,6.5040,8.7280,14.0371,25.6410,0.6749,10.0000,0.5672,2.5634
V2,F2,131,79,3,30%x10x,1.8857,717.6164,303.1917,20.4440,30.9112,46.0261,25.6410,2.7601,10.0000,0.5713,2.2536
V2,F2,132,79,3,risk1%,1.1295,226.7549,5.1562,0.6730,18.1030,20.7102,25.3165,0.0934,14.0000,0.1216,0.3423
V2,F2,132,79,3,30%x10x,1.2688,226.7549,19.3142,2.3840,61.5788,67.8978,25.3165,0.8611,14.0000,0.2239,0.6857
V2,F2,133,81,1,risk1%,0.9963,-131.2809,-4.4567,-0.6064,20.0827,23.9591,16.0494,-0.0031,21.0000,-0.0029,-0.0107
V2,F2,133,81,1,30%x10x,0.8729,-131.2809,-63.2747,-12.5099,75.4320,78.1055,16.0494,-0.4862,21.0000,-0.1126,-0.3466
V2,F2,134,76,6,risk1%,1.2046,217.4412,9.6838,1.2408,14.7828,18.4836,25.0000,0.1526,12.0000,0.1913,0.5398
V2,F2,134,76,6,30%x10x,1.2529,217.4412,20.6751,2.5390,56.6810,62.4263,25.0000,0.8583,12.0000,0.2278,0.6427
V2,F2,135,78,4,risk1%,1.0683,250.4992,1.5668,0.2076,20.7161,24.5930,15.3846,0.0568,21.0000,0.0659,0.1918
V2,F2,135,78,4,30%x10x,1.2657,250.4992,11.6854,1.4854,67.2460,73.0975,15.3846,0.9635,21.0000,0.2172,0.7214
V2,F2,136,80,2,risk1%,1.7361,478.3787,43.3191,4.9189,16.7979,21.3774,22.7848,0.5503,10.0000,0.3833,1.9993
V2,F2,136,80,2,30%x10x,1.5351,478.3787,75.9458,7.8295,62.5225,69.6203,22.7848,1.8166,10.0000,0.3301,1.4290
V2,F2,137,78,4,risk1%,1.4641,334.3576,23.7197,2.8805,32.4858,34.1833,20.7792,0.3686,17.0000,0.2536,1.2802
V2,F2,137,78,4,30%x10x,1.3602,334.3576,17.5442,2.1800,85.3210,87.9219,20.7792,1.3027,17.0000,0.2307,0.9547
V2,F2,138,77,5,risk1%,1.5139,456.0423,25.4410,3.0703,23.3184,25.1475,19.7368,0.3907,17.0000,0.2667,1.3746
V2,F2,138,77,5,30%x10x,1.5366,456.0423,65.3587,6.9404,69.8128,73.8762,19.7368,1.8002,17.0000,0.3122,1.4057
V2,F2,139,77,5,risk1%,1.9169,606.3547,58.6485,6.3510,14.3728,15.8823,23.6842,0.6825,13.0000,0.5462,2.4411
V2,F2,139,77,5,30%x10x,1.7012,606.3547,184.5683,14.9730,54.6138,59.2510,23.6842,2.3935,13.0000,0.4767,1.7957
V2,F2,140,79,3,risk1%,1.0327,-51.2934,-0.2250,-0.0301,22.5123,24.3291,20.2532,0.0247,14.0000,0.0335,0.0883
V2,F2,140,79,3,30%x10x,0.9441,-51.2934,-39.2206,-6.4272,71.4526,74.7072,20.2532,-0.1948,14.0000,-0.0639,-0.1465
V2,F2,141,78,4,risk1%,0.8587,-236.1367,-9.7158,-1.3544,26.8114,27.7926,20.7792,-0.1100,15.0000,-0.1625,-0.3858
V2,F2,141,78,4,30%x10x,0.7510,-236.1367,-63.5217,-12.5886,76.9041,83.2958,20.7792,-0.9200,15.0000,-0.3174,-0.6468
V2,F2,142,82,0,risk1%,0.7971,-93.5777,-13.4410,-1.9074,26.3539,28.2318,18.5185,-0.1566,15.0000,-0.2436,-0.5635
V2,F2,142,82,0,30%x10x,0.9020,-93.5777,-49.2229,-8.6452,77.7487,79.9836,18.5185,-0.3466,15.0000,-0.1068,-0.2617
V2,F2,143,79,3,risk1%,1.3587,344.8443,16.9716,2.1135,18.9765,25.7423,21.5190,0.2812,11.0000,0.2070,0.9891
V2,F2,143,79,3,30%x10x,1.3766,344.8443,28.1905,3.3689,59.2604,73.5618,21.5190,1.3095,11.0000,0.2498,0.9974
V2,F2,144,77,5,risk1%,1.3388,295.7852,18.4543,2.2852,11.3774,18.9940,26.3158,0.2563,13.0000,0.3113,0.8919
V2,F2,144,77,5,30%x10x,1.3445,295.7852,50.3866,5.5948,43.7731,60.3441,26.3158,1.1676,13.0000,0.3074,0.8697
V2,F2,145,78,4,risk1%,1.3001,199.5464,15.5449,1.9464,24.3173,24.3173,24.6753,0.2238,13.0000,0.2614,0.7991
V2,F2,145,78,4,30%x10x,1.2288,199.5464,14.1469,1.7810,70.6744,70.7644,24.6753,0.7775,13.0000,0.2089,0.5866
V2,F2,146,76,6,risk1%,1.6301,387.0388,34.2756,4.0104,10.7127,14.4968,26.3158,0.4366,10.0000,0.4352,1.6050
V2,F2,146,76,6,30%x10x,1.4773,387.0388,84.9033,8.5463,48.8143,54.0141,26.3158,1.5278,10.0000,0.3683,1.1730
V2,F2,147,76,6,risk1%,1.7802,491.2158,44.3559,5.0198,18.0225,20.9526,20.0000,0.5927,14.0000,0.3854,2.0796
V2,F2,147,76,6,30%x10x,1.5664,491.2158,81.3011,8.2617,61.1526,65.8782,20.0000,1.9649,14.0000,0.3375,1.4559
V2,F2,148,79,3,risk1%,1.7655,374.5966,43.9348,4.9789,17.2086,19.7465,22.7848,0.5679,13.0000,0.3697,2.0788
V2,F2,148,79,3,30%x10x,1.4090,374.5966,32.6881,3.8455,66.2402,68.7120,22.7848,1.4225,13.0000,0.2593,1.0733
V2,F2,149,80,2,risk1%,1.1636,105.8800,6.6477,0.8624,24.4891,24.5277,22.5000,0.1228,15.0000,0.1329,0.4487
V2,F2,149,80,2,30%x10x,1.1178,105.8800,-14.3425,-2.0443,72.2024,79.0512,22.5000,0.3970,15.0000,0.1081,0.3163
V2,F2,150,79,3,risk1%,1.6983,432.7498,39.5972,4.5512,16.0176,19.8046,23.0769,0.5165,11.0000,0.3710,1.8658
V2,F2,150,79,3,30%x10x,1.4854,432.7498,56.9960,6.2025,58.6801,59.7632,23.0769,1.6644,11.0000,0.3030,1.2399
V2,F2,151,78,4,risk1%,1.1215,-136.0769,4.4597,0.5838,22.3200,25.3300,23.0769,0.0907,11.0000,0.1079,0.3290
V2,F2,151,78,4,30%x10x,0.8482,-136.0769,-50.8196,-9.0338,75.3866,77.2608,23.0769,-0.5234,11.0000,-0.1802,-0.3971
V2,F2,152,80,2,risk1%,1.0702,-23.3255,0.5600,0.0745,25.4170,27.6356,20.2532,0.0558,11.0000,0.0554,0.1954
V2,F2,152,80,2,30%x10x,0.9751,-23.3255,-42.8001,-7.1819,75.9850,78.0021,20.2532,-0.0886,11.0000,-0.0229,-0.0676
V2,F2,153,82,0,risk1%,1.2168,138.7765,10.5053,1.3417,20.2151,21.0425,24.3902,0.1648,13.0000,0.1804,0.6003
V2,F2,153,82,0,30%x10x,1.1460,138.7765,-14.6309,-2.0883,66.4457,68.2546,24.3902,0.5077,13.0000,0.1250,0.3899
V2,F2,154,79,3,risk1%,1.4627,217.7540,24.3448,2.9497,10.1461,15.1534,26.5823,0.3192,7.0000,0.3417,1.2122
V2,F2,154,79,3,30%x10x,1.2535,217.7540,18.5964,2.3016,44.0350,49.9319,26.5823,0.8269,7.0000,0.2200,0.6386
V2,F2,155,80,2,risk1%,2.0463,672.6747,79.7669,8.1390,25.9431,28.5931,21.2500,0.8421,30.0000,0.5631,2.9389
V2,F2,155,80,2,30%x10x,1.6545,672.6747,165.9749,13.9412,76.8468,81.0625,21.2500,2.5225,30.0000,0.4388,1.7553
V2,F2,156,79,3,risk1%,1.3866,312.1705,19.5282,2.4085,17.2477,19.9858,28.2051,0.2676,9.0000,0.3022,1.0067
V2,F2,156,79,3,30%x10x,1.3819,312.1705,50.4181,5.5978,67.1325,72.7587,28.2051,1.2007,9.0000,0.3014,0.9670
V2,F2,157,76,6,risk1%,1.9019,596.9107,55.4244,6.0601,16.3020,18.8599,23.6842,0.6625,18.0000,0.5025,2.3676
V2,F2,157,76,6,30%x10x,1.6875,596.9107,152.0943,13.1293,62.7989,66.5514,23.6842,2.3562,18.0000,0.4329,1.7342
V2,F2,158,77,5,risk1%,1.7612,585.1470,48.1389,5.3829,21.0763,22.4982,22.0779,0.6091,13.0000,0.4112,2.0860
V2,F2,158,77,5,30%x10x,1.6302,585.1470,139.2684,12.3439,70.6935,70.8930,22.0779,2.2798,13.0000,0.4070,1.6615
V2,F2,159,80,2,risk1%,1.3982,297.4410,21.8230,2.6686,11.7458,13.1277,27.8481,0.2842,12.0000,0.3468,1.0532
V2,F2,159,80,2,30%x10x,1.3450,297.4410,46.6473,5.2407,42.4836,53.6085,27.8481,1.1295,12.0000,0.2945,0.8762
V2,F2,160,77,5,risk1%,1.3094,235.1794,16.2911,2.0340,11.6189,13.6268,22.0779,0.2360,9.0000,0.2621,0.8244
V2,F2,160,77,5,30%x10x,1.2622,235.1794,19.8082,2.4404,46.8529,49.4271,22.0779,0.9163,9.0000,0.2316,0.6705
V2,F2,161,77,5,risk1%,2.3835,998.6303,99.4401,9.6478,12.1452,16.7855,27.6316,0.9970,7.0000,0.7436,3.5972
V2,F2,161,77,5,30%x10x,2.1870,998.6303,657.3497,31.0125,46.1838,56.5231,27.6316,3.9420,7.0000,0.7092,2.9657
V2,F2,162,78,4,risk1%,0.9408,-15.7727,-5.3761,-0.7345,24.6626,27.9685,20.7792,-0.0448,21.0000,-0.0604,-0.1578
V2,F2,162,78,4,30%x10x,0.9819,-15.7727,-37.2869,-6.0354,72.3675,78.4238,20.7792,-0.0615,21.0000,-0.0170,-0.0467
V2,F2,163,76,6,risk1%,1.4832,156.8058,27.5963,3.3048,20.6481,24.4547,29.3333,0.3665,7.0000,0.3953,1.2635
V2,F2,163,76,6,30%x10x,1.1742,156.8058,5.1855,0.6768,67.2468,71.3693,29.3333,0.6272,7.0000,0.1748,0.4404
V2,F2,164,79,3,risk1%,0.9579,-186.6687,-4.2590,-0.5790,22.7422,26.4866,24.0506,-0.0327,13.0000,-0.0493,-0.1152
V2,F2,164,79,3,30%x10x,0.8060,-186.6687,-57.1146,-10.6810,75.0789,77.1018,24.0506,-0.7089,13.0000,-0.2591,-0.5129
V2,F2,165,78,4,risk1%,2.2423,755.3365,83.6611,8.4487,21.2151,22.0272,22.0779,0.9219,21.0000,0.5412,3.3036
V2,F2,165,78,4,30%x10x,1.8358,755.3365,231.0828,17.3189,68.5709,70.4234,22.0779,2.9429,21.0000,0.4760,2.1156
V2,F2,166,77,5,risk1%,1.7514,611.0143,43.5723,4.9436,22.2980,23.0369,21.0526,0.5794,14.0000,0.3762,2.0172
V2,F2,166,77,5,30%x10x,1.6970,611.0143,136.9956,12.2010,70.3195,71.4690,21.0526,2.4119,14.0000,0.3970,1.7957
V2,F2,167,76,6,risk1%,1.2739,187.8666,12.5937,1.5951,16.6772,21.9833,21.3333,0.2073,10.0000,0.2007,0.7232
V2,F2,167,76,6,30%x10x,1.2205,187.8666,6.8272,0.8850,60.9379,70.8748,21.3333,0.7515,10.0000,0.1852,0.5592
V2,F2,168,79,3,risk1%,1.3915,233.4943,21.0345,2.5797,17.0911,17.7293,15.3846,0.3106,19.0000,0.2646,1.0935
V2,F2,168,79,3,30%x10x,1.2466,233.4943,4.3548,0.5703,59.2064,60.7530,15.3846,0.8981,19.0000,0.1983,0.6562
V2,F2,169,79,3,risk1%,0.9485,-35.5582,-6.1131,-0.8381,28.8369,38.7053,13.9241,-0.0447,22.0000,-0.0534,-0.1489
V2,F2,169,79,3,30%x10x,0.9654,-35.5582,-45.6790,-7.8192,82.3207,89.1394,13.9241,-0.1350,22.0000,-0.0355,-0.0964
V2,F2,170,76,6,risk1%,1.0781,-111.5303,-1.0021,-0.1343,35.0453,39.8612,17.3333,0.0648,23.0000,0.0477,0.2158
V2,F2,170,76,6,30%x10x,0.8805,-111.5303,-60.6842,-11.7106,85.9514,88.0461,17.3333,-0.4461,23.0000,-0.0891,-0.3183
V2,F2,171,80,2,risk1%,1.8126,522.6436,48.7947,5.4450,13.2314,20.4358,25.0000,0.5644,14.0000,0.4867,2.1260
V2,F2,171,80,2,30%x10x,1.6248,522.6436,135.4377,12.1023,47.5230,53.9565,25.0000,1.9599,14.0000,0.4280,1.5757
V2,F2,172,79,3,risk1%,1.3244,116.6769,16.7854,2.0918,19.4234,19.9516,24.3590,0.2401,10.0000,0.2634,0.8634
V2,F2,172,79,3,30%x10x,1.1265,116.6769,-13.7122,-1.9484,65.2230,67.1929,24.3590,0.4488,10.0000,0.1170,0.3194
V2,F2,173,78,4,risk1%,1.5278,330.4946,28.7067,3.4243,22.5504,23.8695,19.2308,0.4354,12.0000,0.2745,1.4760
V2,F2,173,78,4,30%x10x,1.3459,330.4946,13.1174,1.6580,69.4178,72.3300,19.2308,1.2711,12.0000,0.2251,0.9462
V2,F2,174,77,5,risk1%,1.7894,487.5185,48.3741,5.4052,16.4438,17.8815,26.3158,0.5808,7.0000,0.5128,2.0552
V2,F2,174,77,5,30%x10x,1.5729,487.5185,131.1482,11.8276,57.5925,62.6397,26.3158,1.9244,7.0000,0.4319,1.4427
V2,F2,175,74,8,risk1%,1.3564,83.7730,15.6324,1.9567,22.7336,30.6562,16.2162,0.2860,18.0000,0.1958,0.9688
V2,F2,175,74,8,30%x10x,1.0901,83.7730,-35.1377,-5.6120,75.2191,82.2295,16.2162,0.3396,18.0000,0.0642,0.2328
V2,F2,176,77,5,risk1%,3.0487,1381.9317,165.9390,13.9391,10.5714,13.4849,31.5789,1.4180,10.0000,0.8547,5.1498
V2,F2,176,77,5,30%x10x,2.6905,1381.9317,1715.8101,47.2247,41.1869,46.7255,31.5789,5.4550,10.0000,0.8311,4.0619
V2,F2,177,76,6,risk1%,2.2003,657.3063,72.8598,7.5752,8.9693,11.9763,31.5789,0.7705,9.0000,0.7765,2.9543
V2,F2,177,76,6,30%x10x,1.8357,657.3063,297.2431,20.2054,36.3161,44.1829,31.5789,2.5946,9.0000,0.6163,1.9549
V2,F2,178,77,5,risk1%,1.0361,105.3728,0.2176,0.0290,14.9090,19.7185,22.3684,0.0261,9.0000,0.0379,0.0944
V2,F2,178,77,5,30%x10x,1.1256,105.3728,-8.9321,-1.2405,56.1311,70.2466,22.3684,0.4159,9.0000,0.1175,0.3163
V2,F2,179,78,4,risk1%,1.0133,-200.9932,-2.9251,-0.3953,32.2556,33.2434,15.3846,0.0103,13.0000,0.0102,0.0368
V2,F2,179,78,4,30%x10x,0.7829,-200.9932,-63.8696,-12.7003,85.7852,86.9303,15.3846,-0.7731,13.0000,-0.2144,-0.5799
V2,F2,180,77,5,risk1%,1.1616,106.5323,7.2336,0.9361,14.1532,20.0799,20.7792,0.1189,11.0000,0.1575,0.4341
V2,F2,180,77,5,30%x10x,1.1261,106.5323,-7.7590,-1.0718,50.2685,60.7531,20.7792,0.4151,11.0000,0.1194,0.3289
V2,F2,181,79,3,risk1%,1.6245,522.5533,39.5187,4.5433,12.4424,17.7458,21.5190,0.4772,14.0000,0.4535,1.7117
V2,F2,181,79,3,30%x10x,1.5741,522.5533,138.6094,12.3026,49.2964,59.6991,21.5190,1.9844,14.0000,0.4375,1.5413
V2,F2,182,76,6,risk1%,1.2468,41.0077,11.7980,1.4990,24.8995,28.7046,21.3333,0.1946,28.0000,0.1972,0.6617
V2,F2,182,76,6,30%x10x,1.0445,41.0077,-29.1635,-4.4959,78.7918,83.9584,21.3333,0.1640,28.0000,0.0421,0.1159
V2,F2,183,74,8,risk1%,2.5196,1010.8906,104.8033,10.0367,8.5911,12.4306,28.7671,1.0628,9.0000,0.8258,3.8068
V2,F2,183,74,8,30%x10x,2.2688,1010.8906,740.7477,32.8513,35.4860,43.4199,28.7671,4.1543,9.0000,0.7526,3.0481
V2,F2,184,76,6,risk1%,1.5705,503.5958,33.0196,3.8801,17.0373,21.4572,24.0000,0.4407,14.0000,0.3886,1.5135
V2,F2,184,76,6,30%x10x,1.5961,503.5958,131.8858,11.8751,58.7703,68.1549,24.0000,2.0144,14.0000,0.4279,1.5396
V2,F2,185,78,4,risk1%,1.4803,84.6373,23.4324,2.8485,23.5770,25.7209,18.1818,0.3657,15.0000,0.2531,1.3041
V2,F2,185,78,4,30%x10x,1.0900,84.6373,-35.4385,-5.6705,80.0339,80.0798,18.1818,0.3298,15.0000,0.0648,0.2324
V2,F2,186,81,1,risk1%,1.0149,-139.7819,-1.9450,-0.2617,21.9828,25.3039,20.9877,0.0124,16.0000,0.0147,0.0425
V2,F2,186,81,1,30%x10x,0.8659,-139.7819,-56.2202,-10.4347,76.5618,79.3671,20.9877,-0.5177,16.0000,-0.1587,-0.3648
V2,F2,187,77,5,risk1%,1.5221,254.3464,27.7105,3.3171,14.7026,21.0519,23.3766,0.3730,12.0000,0.3454,1.3740
V2,F2,187,77,5,30%x10x,1.3066,254.3464,31.1763,3.6869,52.3225,60.6749,23.3766,0.9910,12.0000,0.2532,0.7777
V2,F2,188,79,3,risk1%,1.8306,650.8266,52.4768,5.7895,18.4983,22.8006,26.5823,0.5788,11.0000,0.6260,2.1749
V2,F2,188,79,3,30%x10x,1.7770,650.8266,269.7996,19.0628,61.8884,72.9802,26.5823,2.4715,11.0000,0.5832,1.9643
V2,F2,189,74,8,risk1%,1.2862,202.7068,13.7146,1.7295,16.7301,19.5990,25.6757,0.2021,22.0000,0.2622,0.7286
V2,F2,189,74,8,30%x10x,1.2609,202.7068,26.5141,3.1875,56.4024,62.3586,25.6757,0.8218,22.0000,0.2385,0.6495
V2,F2,190,77,5,risk1%,1.9243,852.3482,55.4217,6.0598,11.3943,23.9221,25.0000,0.6859,8.0000,0.4472,2.4490
V2,F2,190,77,5,30%x10x,2.0237,852.3482,327.0955,21.3731,42.2763,62.8661,25.0000,3.3645,8.0000,0.5237,2.6300
V2,F2,191,79,3,risk1%,0.8746,14.4793,-9.7946,-1.3659,22.4158,26.6357,18.9873,-0.1035,11.0000,-0.1419,-0.3556
V2,F2,191,79,3,30%x10x,1.0150,14.4793,-35.9110,-5.7629,67.3317,76.5309,18.9873,0.0550,11.0000,0.0143,0.0418
V2,F2,192,78,4,risk1%,2.4149,1009.9745,102.2208,9.8505,21.6235,22.9225,26.9231,1.0125,15.0000,0.6707,3.6976
V2,F2,192,78,4,30%x10x,2.1940,1009.9745,581.8934,29.1908,68.8888,71.6535,26.9231,3.8845,15.0000,0.6350,3.0161
V2,F2,193,78,4,risk1%,0.9297,63.9991,-6.4130,-0.8804,22.9446,25.9027,19.4805,-0.0544,12.0000,-0.0674,-0.1902
V2,F2,193,78,4,30%x10x,1.0744,63.9991,-24.7873,-3.7291,66.5597,69.9695,19.4805,0.2493,12.0000,0.0643,0.1978
V2,F2,194,79,3,risk1%,1.3142,251.0097,15.4840,1.9392,20.6029,23.1126,24.0506,0.2330,11.0000,0.2278,0.8395
V2,F2,194,79,3,30%x10x,1.2825,251.0097,11.9743,1.5204,66.4166,69.9696,24.0506,0.9532,11.0000,0.2122,0.7256
V2,F2,195,78,4,risk1%,0.8788,3.4710,-7.6376,-1.0544,28.3698,30.0941,24.6753,-0.0861,13.0000,-0.1478,-0.3155
V2,F2,195,78,4,30%x10x,1.0043,3.4710,-27.0500,-4.1206,74.4038,76.5217,24.6753,0.0135,13.0000,0.0044,0.0107
V2,F2,196,79,3,risk1%,1.8243,552.0929,52.7661,5.8162,19.1079,20.1403,23.0769,0.6403,13.0000,0.4392,2.2574
V2,F2,196,79,3,30%x10x,1.5896,552.0929,119.7288,11.0742,61.9463,64.4502,23.0769,2.1234,13.0000,0.3855,1.5350
V2,F2,197,79,3,risk1%,1.9740,630.3760,61.2016,6.5777,15.7455,21.8509,26.5823,0.7055,8.0000,0.4775,2.5846
V2,F2,197,79,3,30%x10x,1.7149,630.3760,178.9301,14.6665,53.4370,68.8794,26.5823,2.3938,8.0000,0.4410,1.8241
V2,F2,198,79,3,risk1%,2.1795,782.6227,86.4545,8.6673,19.0578,24.9931,21.7949,0.9215,14.0000,0.5680,3.2122
V2,F2,198,79,3,30%x10x,1.8188,782.6227,250.6297,18.2202,64.7602,70.2719,21.7949,3.0101,14.0000,0.4895,2.1529
V2,F2,199,78,4,risk1%,1.5062,223.0580,26.7197,3.2098,25.0593,25.9169,25.9740,0.3551,9.0000,0.3592,1.3126
V2,F2,199,78,4,30%x10x,1.2656,223.0580,21.2535,2.6045,74.8863,76.6568,25.9740,0.8691,9.0000,0.2282,0.6621
V2,BH-EM,0,82,0,lev,0.7898,0.0000,-26.9177,-4.0974,48.5909,53.3508,36.5854,-0.2610,8.0000,-0.1783,-0.2356
V2,BH-EM,1,82,0,lev,1.6288,0.0000,41.6122,4.7513,23.7315,32.0579,47.5610,0.5588,6.0000,0.3454,0.7094
V2,BH-EM,2,82,0,lev,1.1517,0.0000,3.9612,0.5196,23.5749,45.5756,45.1220,0.1758,11.0000,0.1151,0.1755
V2,BH-EM,3,82,0,lev,1.3753,0.0000,24.9224,3.0133,21.8972,33.5227,48.7805,0.3634,4.0000,0.2756,0.4990
V2,BH-EM,4,82,0,lev,1.9542,0.0000,75.1217,7.7620,53.0939,56.4642,47.5610,1.1758,4.0000,0.3394,0.9925
V2,BH-EM,5,82,0,lev,0.7758,0.0000,-27.7954,-4.2519,56.6295,63.2066,40.2439,-0.2481,11.0000,-0.1610,-0.1900
V2,BH-EM,6,82,0,lev,1.1630,0.0000,-2.2282,-0.3002,44.9116,46.8708,51.2195,0.1886,5.0000,0.0937,0.1545
V2,BH-EM,7,81,0,lev,1.1151,0.0000,-3.1686,-0.4287,55.8432,60.1977,39.5062,0.1613,9.0000,0.0808,0.1444
V2,BH-EM,8,82,0,lev,2.1223,0.0000,58.4028,6.3290,10.1116,21.8192,42.6829,0.6126,8.0000,0.6209,1.7844
V2,BH-EM,9,82,0,lev,1.2454,0.0000,11.6141,1.4767,20.4235,24.5476,39.0244,0.1792,5.0000,0.1956,0.3344
V2,BH-EM,10,82,0,lev,0.8608,0.0000,-17.2332,-2.4919,31.3569,37.8200,40.2439,-0.1235,6.0000,-0.0841,-0.1509
V2,BH-EM,11,82,0,lev,0.8474,0.0000,-21.9947,-3.2597,42.1413,44.8647,39.0244,-0.1875,8.0000,-0.1343,-0.1701
V2,BH-EM,12,82,0,lev,1.3002,0.0000,13.0525,1.6503,11.0796,24.3074,47.5610,0.1880,6.0000,0.2211,0.3922
V2,BH-EM,13,82,0,lev,4.1159,0.0000,199.9504,15.7834,11.1545,19.8867,50.0000,1.4765,6.0000,0.9106,2.8784
V2,BH-EM,14,82,0,lev,3.1295,0.0000,111.8457,10.5341,8.2925,21.1313,42.6829,1.0443,6.0000,0.6368,3.0673
V2,BH-EM,15,82,0,lev,2.8114,0.0000,119.8885,11.0850,15.4308,27.7807,43.9024,1.0993,4.0000,0.6546,2.6262
V2,BH-EM,16,82,0,lev,1.7504,0.0000,45.7886,5.1583,19.9899,44.2785,43.9024,0.6612,6.0000,0.3094,0.8921
V2,BH-EM,17,82,0,lev,2.0941,0.0000,60.9943,6.5594,13.5245,26.1723,42.6829,0.6610,4.0000,0.5349,1.2230
V2,BH-EM,18,82,0,lev,0.7959,0.0000,-16.4932,-2.3760,26.0960,35.0343,47.5610,-0.1670,6.0000,-0.1768,-0.2022
V2,BH-EM,19,82,0,lev,1.6288,0.0000,36.2426,4.2124,15.7819,23.4608,47.5610,0.4452,6.0000,0.3912,0.8357
V2,BH-EM,20,82,0,lev,2.4403,0.0000,107.3188,10.2160,19.3036,34.5102,51.2195,1.2086,8.0000,0.4285,1.7074
V2,BH-EM,21,82,0,lev,2.2173,0.0000,137.4545,12.2299,39.7536,43.5650,46.3415,1.2928,14.0000,0.5940,1.4941
V2,BH-EM,22,82,0,lev,2.9506,0.0000,193.3694,15.4412,27.2199,38.4116,41.4634,1.9579,9.0000,0.4875,1.9197
V2,BH-EM,23,82,0,lev,1.3395,0.0000,19.7469,2.4334,36.3040,45.3117,45.1220,0.4312,7.0000,0.2100,0.3977
V2,BH-EM,24,82,0,lev,1.7352,0.0000,40.4690,4.6381,17.8133,22.0069,45.1220,0.4577,5.0000,0.5153,0.9515
V2,BH-EM,25,82,0,lev,1.0870,0.0000,-0.3987,-0.0533,29.4999,34.8210,43.9024,0.0814,4.0000,0.0638,0.1026
V2,BH-EM,26,82,0,lev,1.7181,0.0000,49.2843,5.4912,20.3139,25.9934,40.2439,0.5731,6.0000,0.4524,0.9979
V2,BH-EM,27,82,0,lev,3.0306,0.0000,223.2733,16.9459,22.6198,38.3854,39.0244,1.7316,19.0000,0.6996,2.2364
V2,BH-EM,28,82,0,lev,4.1215,0.0000,359.0011,22.5454,27.0492,29.8201,56.0976,2.1424,6.0000,0.8956,4.0688
V2,BH-EM,29,82,0,lev,0.9120,0.0000,-15.5628,-2.2316,23.5773,27.9267,41.4634,-0.1027,6.0000,-0.0733,-0.1142
V2,BH-EM,30,82,0,lev,0.6090,0.0000,-26.1048,-3.9558,26.1048,30.0616,40.2439,-0.3272,10.0000,-0.3808,-0.4926
V2,BH-EM,31,82,0,lev,2.2650,0.0000,95.4479,9.3524,16.4210,48.7112,51.2195,0.9525,7.0000,0.5833,1.4964
V2,BH-EM,32,82,0,lev,0.4558,0.0000,-60.7295,-11.7242,62.4819,63.4046,39.0244,-0.9338,6.0000,-0.5242,-0.5794
V2,BH-EM,33,82,0,lev,0.9143,0.0000,-13.0149,-1.8431,29.2029,48.4331,43.9024,-0.0845,7.0000,-0.0705,-0.0867
V2,BH-EM,34,82,0,lev,1.0640,0.0000,-9.7012,-1.3522,42.5775,44.9255,39.0244,0.0861,7.0000,0.0413,0.0787
V2,BH-EM,35,82,0,lev,1.4783,0.0000,26.9705,3.2371,22.1254,26.2563,51.2195,0.4266,6.0000,0.2668,0.4627
V2,BH-EM,36,82,0,lev,1.5857,0.0000,28.3113,3.3819,30.3351,35.5833,48.7805,0.4158,4.0000,0.2829,0.5020
V2,BH-EM,37,82,0,lev,1.5159,0.0000,33.0181,3.8800,35.3892,44.3737,41.4634,0.4351,7.0000,0.3325,0.7768
V2,BH-EM,38,82,0,lev,1.5194,0.0000,20.4145,2.5094,22.2220,41.1180,45.1220,0.2956,5.0000,0.2656,0.4068
V2,BH-EM,39,82,0,lev,2.1649,0.0000,48.5077,5.4179,12.6445,48.5112,45.1220,0.5393,7.0000,0.5137,1.4344
V2,BH-EM,40,82,0,lev,0.6147,0.0000,-31.0545,-4.8401,43.2986,47.7808,39.0244,-0.3816,6.0000,-0.3497,-0.4063
V2,BH-EM,41,82,0,lev,1.2260,0.0000,8.5554,1.1012,24.3099,32.4997,41.4634,0.1756,5.0000,0.1451,0.2775
V2,BH-EM,42,82,0,lev,2.2077,0.0000,69.0804,7.2584,20.2915,20.7065,50.0000,0.7430,10.0000,0.5174,1.8133
V2,BH-EM,43,82,0,lev,2.0336,0.0000,83.3258,8.4222,23.7087,35.4856,46.3415,0.8912,7.0000,0.5235,1.0821
V2,BH-EM,44,82,0,lev,2.4431,0.0000,87.0371,8.7125,17.7232,25.1428,46.3415,0.8971,5.0000,0.5307,2.0328
V2,BH-EM,45,82,0,lev,1.7029,0.0000,52.5903,5.8000,23.6575,29.2309,37.8049,0.7586,6.0000,0.3283,0.8589
V2,BH-EM,46,82,0,lev,0.8173,0.0000,-24.5776,-3.6933,39.1981,43.9258,40.2439,-0.2202,8.0000,-0.1531,-0.1896
V2,BH-EM,47,82,0,lev,0.9685,0.0000,-6.2618,-0.8590,30.9100,42.5865,40.2439,-0.0217,9.0000,-0.0205,-0.0382
V2,BH-EM,48,82,0,lev,1.2735,0.0000,11.7210,1.4897,17.0130,23.1338,47.5610,0.1926,4.0000,0.1871,0.3016
V2,BH-EM,49,82,0,lev,1.4599,0.0000,19.9960,2.4618,30.2381,43.0545,56.0976,0.4653,5.0000,0.2076,0.4121
V2,BH-EM,50,82,0,lev,1.0053,0.0000,-7.1955,-0.9913,37.0588,50.3933,47.5610,0.0051,7.0000,0.0040,0.0049
V2,BH-EM,51,82,0,lev,0.8479,0.0000,-19.3321,-2.8255,36.8531,52.5944,47.5610,-0.1623,6.0000,-0.1184,-0.1828
V2,BH-EM,52,80,0,lev,0.9439,0.0000,-14.8220,-2.1176,40.3012,47.3461,38.7500,-0.0666,6.0000,-0.0418,-0.0634
V2,BH-EM,53,82,0,lev,1.4803,0.0000,23.8601,2.8960,43.0120,46.1785,40.2439,0.5160,8.0000,0.2481,0.3658
V2,BH-EM,54,82,0,lev,3.6209,0.0000,183.1311,14.8954,15.5359,27.8159,51.2195,1.5211,4.0000,0.6457,3.1632
V2,BH-EM,55,82,0,lev,0.8237,0.0000,-23.8394,-3.5681,30.8768,33.8151,50.0000,-0.2026,5.0000,-0.1364,-0.1670
V2,BH-EM,56,82,0,lev,1.1014,0.0000,0.0469,0.0063,26.8291,32.2562,45.1220,0.0942,5.0000,0.0735,0.1018
V2,BH-EM,57,82,0,lev,1.8252,0.0000,43.2337,4.9105,21.5929,24.8540,41.4634,0.5241,8.0000,0.4012,1.0538
V2,BH-EM,58,82,0,lev,1.5952,0.0000,54.0261,5.9322,35.8756,42.0053,52.4390,0.7415,8.0000,0.3692,0.6345
V2,BH-EM,59,82,0,lev,1.2533,0.0000,10.8181,1.3799,29.5038,31.7078,48.7805,0.2468,5.0000,0.1607,0.2837
V2,BH-EM,60,82,0,lev,2.7296,0.0000,175.2214,14.4619,21.2574,35.2204,47.5610,1.5119,10.0000,0.6405,1.6271
V2,BH-EM,61,82,0,lev,0.9075,0.0000,-14.5261,-2.0723,35.2776,41.1453,51.2195,-0.1042,4.0000,-0.0826,-0.1166
V2,BH-EM,62,82,0,lev,1.2493,0.0000,11.3770,1.4480,22.1059,27.8291,50.0000,0.2154,5.0000,0.1662,0.3243
V2,BH-EM,63,82,0,lev,1.0480,0.0000,-1.7498,-0.2352,23.2286,29.5172,43.9024,0.0471,5.0000,0.0419,0.0632
V2,BH-EM,64,82,0,lev,1.1815,0.0000,3.5083,0.4611,32.0959,36.8328,39.0244,0.1844,10.0000,0.1102,0.2058
V2,BH-EM,65,82,0,lev,0.6477,0.0000,-25.3817,-3.8309,29.4328,32.9777,39.0244,-0.3191,7.0000,-0.3906,-0.4793
V2,BH-EM,66,82,0,lev,1.2951,0.0000,13.8345,1.7438,31.7275,35.7429,42.6829,0.2523,8.0000,0.1828,0.3948
V2,BH-EM,67,82,0,lev,1.8859,0.0000,60.3203,6.4998,32.0161,46.3853,59.7561,0.9470,3.0000,0.3174,0.8319
V2,BH-EM,68,82,0,lev,0.7834,0.0000,-23.1883,-3.4585,33.3525,36.7498,45.1220,-0.2333,7.0000,-0.1837,-0.2526
V2,BH-EM,69,82,0,lev,1.0149,0.0000,-17.3548,-2.5110,37.0087,45.5952,46.3415,0.0227,4.0000,0.0104,0.0163
V2,BH-EM,70,82,0,lev,1.7200,0.0000,40.1385,4.6052,26.2341,34.5533,48.7805,0.5310,6.0000,0.3507,0.6557
V2,BH-EM,71,82,0,lev,1.5196,0.0000,22.0055,2.6891,41.6015,44.9325,46.3415,0.5305,6.0000,0.2374,0.3766
V2,BH-EM,72,82,0,lev,1.1585,0.0000,4.5436,0.5946,38.1440,39.0100,46.3415,0.1550,4.0000,0.1121,0.1840
V2,BH-EM,73,82,0,lev,1.7757,0.0000,42.3503,4.8240,17.0030,29.1995,51.2195,0.5345,7.0000,0.3703,0.8294
V2,BH-EM,74,82,0,lev,0.5799,0.0000,-39.1110,-6.4047,43.6495,51.8721,46.3415,-0.5171,4.0000,-0.4257,-0.4845
V2,BH-EM,75,82,0,lev,2.0589,0.0000,82.9105,8.3894,24.1932,33.2853,43.9024,0.9367,6.0000,0.4601,1.2546
V2,BH-EM,76,82,0,lev,1.0357,0.0000,-1.9625,-0.2641,22.6839,33.6578,37.8049,0.0280,7.0000,0.0288,0.0413
V2,BH-EM,77,79,0,lev,0.9239,0.0000,-15.1770,-2.1721,46.4510,53.0617,41.7722,-0.0939,5.0000,-0.0644,-0.0913
V2,BH-EM,78,82,0,lev,1.3015,0.0000,17.6093,2.1876,56.5262,64.0334,41.4634,0.4318,6.0000,0.2082,0.3216
V2,BH-EM,79,82,0,lev,2.2922,0.0000,69.6064,7.3029,13.7965,20.2706,40.2439,0.7205,6.0000,0.5918,1.9883
V2,BH-EM,80,82,0,lev,0.9138,0.0000,-21.3412,-3.1519,39.1209,41.7865,52.4390,-0.1018,5.0000,-0.0599,-0.0704
V2,BH-EM,81,82,0,lev,0.8645,0.0000,-17.1078,-2.4722,37.2851,43.9488,40.2439,-0.1459,6.0000,-0.1175,-0.1699
V2,BH-EM,82,82,0,lev,1.1597,0.0000,-6.2237,-0.8536,30.8398,44.9913,42.6829,0.2506,6.0000,0.0931,0.2294
V2,BH-EM,83,82,0,lev,3.1759,0.0000,146.6995,12.8033,15.0014,23.3869,46.3415,1.2654,7.0000,0.6908,2.4744
V2,BH-EM,84,82,0,lev,0.8591,0.0000,-16.3483,-2.3535,29.7168,41.2410,48.7805,-0.1393,5.0000,-0.1180,-0.1531
V2,BH-EM,85,82,0,lev,1.4058,0.0000,27.8111,3.3280,41.6270,48.4388,41.4634,0.4891,7.0000,0.2551,0.4828
V2,BH-EM,86,82,0,lev,3.3758,0.0000,212.9234,16.4393,23.6468,26.2011,47.5610,1.7578,8.0000,0.5909,3.1758
V2,BH-EM,87,82,0,lev,1.1300,0.0000,4.2141,0.5522,27.1079,38.2215,45.1220,0.1388,5.0000,0.1077,0.1766
V2,BH-EM,88,82,0,lev,1.7919,0.0000,53.7496,5.9069,38.6937,46.2372,39.0244,0.7076,9.0000,0.3581,1.0625
V2,BH-EM,89,82,0,lev,2.2729,0.0000,61.9523,6.6438,17.0047,31.7302,41.4634,0.6680,9.0000,0.5207,1.8401
V2,BH-EM,90,82,0,lev,1.2422,0.0000,9.2228,1.1840,29.0660,46.7444,54.8780,0.2099,5.0000,0.1555,0.2228
V2,BH-EM,91,82,0,lev,0.8557,0.0000,-22.5714,-3.3554,51.6512,55.9878,45.1220,-0.1853,9.0000,-0.1238,-0.1668
V2,BH-EM,92,82,0,lev,1.8839,0.0000,43.1023,4.8977,8.4709,14.4576,45.1220,0.4931,4.0000,0.4708,1.4951
V2,BH-EM,93,82,0,lev,1.7571,0.0000,72.2766,7.5267,28.0938,35.8809,36.5854,1.0550,7.0000,0.3628,0.9580
V2,BH-EM,94,82,0,lev,1.8009,0.0000,74.7779,7.7337,36.4342,43.7785,45.1220,0.9516,8.0000,0.4041,0.9646
V2,BH-EM,95,82,0,lev,1.1606,0.0000,3.5108,0.4614,47.0564,48.9404,48.7805,0.1801,5.0000,0.1094,0.1991
V2,BH-EM,96,82,0,lev,2.1299,0.0000,69.1347,7.2630,22.1094,27.9467,42.6829,0.8043,5.0000,0.4400,1.1819
V2,BH-EM,97,82,0,lev,1.4345,0.0000,20.9571,2.5710,24.3389,33.7668,52.4390,0.3104,7.0000,0.2580,0.4229
V2,BH-EM,98,82,0,lev,1.1009,0.0000,-0.0114,-0.0015,48.3477,51.3057,37.8049,0.1092,8.0000,0.0758,0.1267
V2,BH-EM,99,82,0,lev,0.6757,0.0000,-31.4383,-4.9109,37.6016,45.1329,39.0244,-0.3893,5.0000,-0.3484,-0.4414
V2,BH-EM,100,82,0,lev,2.4314,0.0000,136.5590,12.1734,38.1460,42.4877,46.3415,1.4695,5.0000,0.4625,1.7008
V2,BH-EM,101,82,0,lev,0.8575,0.0000,-24.4649,-3.6741,39.7677,43.3182,30.4878,-0.1630,8.0000,-0.0880,-0.1416
V2,BH-EM,102,82,0,lev,1.7054,0.0000,36.4516,4.2338,16.3024,32.0892,47.5610,0.4419,6.0000,0.4063,0.7614
V2,BH-EM,103,82,0,lev,2.3511,0.0000,72.6745,7.5598,13.6150,31.1488,53.6585,0.7535,5.0000,0.5762,1.6852
V2,BH-EM,104,82,0,lev,2.2980,0.0000,104.4738,10.0130,18.1017,27.8081,51.2195,1.0378,7.0000,0.5760,1.4806
V2,BH-EM,105,82,0,lev,0.9807,0.0000,-5.2818,-0.7214,18.2482,26.2908,46.3415,-0.0142,3.0000,-0.0147,-0.0200
V2,BH-EM,106,82,0,lev,2.3114,0.0000,91.0014,9.0172,24.5531,37.4813,47.5610,0.9277,9.0000,0.5594,1.5699
V2,BH-EM,107,82,0,lev,1.3614,0.0000,21.0121,2.5772,15.9931,27.4617,42.6829,0.3240,6.0000,0.2406,0.5021
V2,BH-EM,108,82,0,lev,2.6882,0.0000,197.7157,15.6679,21.7447,35.3514,51.2195,1.6820,5.0000,0.6170,1.6829
V2,BH-EM,109,82,0,lev,1.2490,0.0000,10.0745,1.2889,26.3495,32.8367,40.2439,0.2031,6.0000,0.1584,0.2670
V2,BH-EM,110,82,0,lev,1.5531,0.0000,29.9015,3.5519,26.8593,34.6154,42.6829,0.4779,6.0000,0.2586,0.6165
V2,BH-EM,111,82,0,lev,0.8098,0.0000,-25.5545,-3.8607,32.5799,38.7144,40.2439,-0.2276,6.0000,-0.1456,-0.2203
V2,BH-EM,112,80,0,lev,1.6182,0.0000,51.4418,5.6934,51.0736,53.2790,51.2500,0.7238,6.0000,0.3807,0.5560
V2,BH-EM,113,82,0,lev,0.8768,0.0000,-12.2027,-1.7213,31.0495,33.9614,40.2439,-0.1043,6.0000,-0.1022,-0.1780
V2,BH-EM,114,82,0,lev,2.7224,0.0000,203.1871,15.9493,39.5652,49.8746,47.5610,1.9298,7.0000,0.5081,1.8594
V2,BH-EM,115,82,0,lev,2.0512,0.0000,84.0738,8.4812,25.7284,27.2100,46.3415,0.8738,7.0000,0.5523,1.2586
V2,BH-EM,116,82,0,lev,2.1353,0.0000,63.4168,6.7720,19.8927,26.2577,46.3415,0.7237,8.0000,0.4534,1.3343
V2,BH-EM,117,82,0,lev,1.6033,0.0000,37.3309,4.3231,29.3832,39.9530,45.1220,0.5481,4.0000,0.3011,0.6397
V2,BH-EM,118,81,0,lev,0.6801,0.0000,-34.0131,-5.3953,49.9006,51.9646,41.9753,-0.3603,7.0000,-0.2380,-0.2682
V2,BH-EM,119,82,0,lev,1.2623,0.0000,8.8633,1.1395,23.8859,32.3722,39.0244,0.2117,8.0000,0.1371,0.4117
V2,BH-EM,120,82,0,lev,1.8511,0.0000,47.4900,5.3212,29.8628,36.3751,47.5610,0.5590,6.0000,0.4280,1.2754
V2,BH-EM,121,82,0,lev,1.9431,0.0000,56.9994,6.2028,23.9475,30.0954,47.5610,0.6753,5.0000,0.4261,1.0932
V2,BH-EM,122,82,0,lev,1.6061,0.0000,44.2616,5.0106,44.1529,51.4916,54.8780,0.6154,4.0000,0.3344,0.6784
V2,BH-EM,123,82,0,lev,0.6908,0.0000,-32.0962,-5.0332,34.1484,42.8452,37.8049,-0.4036,6.0000,-0.3643,-0.4812
V2,BH-EM,124,82,0,lev,0.9181,0.0000,-18.0484,-2.6206,28.7687,39.9212,50.0000,-0.1102,5.0000,-0.0737,-0.0888
V2,BH-EM,125,82,0,lev,1.4156,0.0000,27.4359,3.2875,35.7953,43.7084,40.2439,0.5142,7.0000,0.2450,0.4977
V2,BH-EM,126,82,0,lev,1.2101,0.0000,8.1365,1.0491,28.1360,49.1687,41.4634,0.2068,6.0000,0.1378,0.3012
V2,BH-EM,127,82,0,lev,1.3151,0.0000,18.5643,2.2979,25.3324,29.0827,45.1220,0.3230,6.0000,0.2180,0.3840
V2,BH-EM,128,82,0,lev,0.6183,0.0000,-33.7852,-5.3518,40.2714,43.9029,56.0976,-0.4041,4.0000,-0.3278,-0.3473
V2,BH-EM,129,82,0,lev,4.0165,0.0000,175.9279,14.5010,7.5325,16.4183,53.6585,1.3735,5.0000,0.8344,4.1997
V2,BH-EM,130,82,0,lev,0.5902,0.0000,-54.2339,-9.9029,60.8303,66.4717,39.0244,-0.6801,5.0000,-0.3238,-0.4030
V2,BH-EM,131,82,0,lev,1.1019,0.0000,-5.2077,-0.7110,56.2281,61.4789,43.9024,0.1398,9.0000,0.0745,0.1026
V2,BH-EM,132,82,0,lev,2.2460,0.0000,90.2684,8.9613,28.9832,33.8007,46.3415,0.9235,7.0000,0.5519,1.6262
V2,BH-EM,133,80,0,lev,3.4662,0.0000,211.9234,16.3896,29.3631,29.8102,50.0000,1.5941,5.0000,0.8823,2.3826
V2,BH-EM,134,82,0,lev,1.4504,0.0000,26.2157,3.1550,21.8472,25.0175,40.2439,0.3679,7.0000,0.2865,0.6390
V2,BH-EM,135,82,0,lev,2.3812,0.0000,96.0420,9.3967,8.9419,23.6639,47.5610,0.9607,6.0000,0.5612,1.8380
V2,BH-EM,136,82,0,lev,0.8212,0.0000,-19.2329,-2.8096,36.2305,42.1992,41.4634,-0.1685,6.0000,-0.1290,-0.1921
V2,BH-EM,137,82,0,lev,1.3145,0.0000,13.5994,1.7157,17.4748,28.3045,47.5610,0.2098,5.0000,0.2096,0.3378
V2,BH-EM,138,82,0,lev,0.7591,0.0000,-16.5017,-2.3774,21.3788,25.4316,50.0000,-0.1817,4.0000,-0.2207,-0.2738
V2,BH-EM,139,82,0,lev,0.6660,0.0000,-34.8646,-5.5591,44.3469,49.9320,52.4390,-0.4259,7.0000,-0.3350,-0.3822
V2,BH-EM,140,82,0,lev,2.9061,0.0000,298.6125,20.2606,38.7683,47.6980,53.6585,2.2979,4.0000,0.5898,2.0280
V2,BH-EM,141,82,0,lev,1.4623,0.0000,27.4709,3.2913,34.6192,43.0463,47.5610,0.4135,5.0000,0.2823,0.4633
V2,BH-EM,142,82,0,lev,1.7634,0.0000,77.9841,7.9953,26.2332,39.1814,53.6585,0.9267,9.0000,0.4477,0.8469
V2,BH-EM,143,82,0,lev,1.2539,0.0000,11.6342,1.4792,35.0782,42.6614,41.4634,0.2804,5.0000,0.1670,0.3094
V2,BH-EM,144,82,0,lev,2.0855,0.0000,62.6176,6.7022,17.7107,34.7082,45.1220,0.6756,6.0000,0.5339,1.3200
V2,BH-EM,145,82,0,lev,1.4830,0.0000,36.7649,4.2657,21.4912,27.4367,46.3415,0.5436,8.0000,0.3129,0.5316
V2,BH-EM,146,82,0,lev,0.7392,0.0000,-27.0777,-4.1255,37.3900,39.9061,31.7073,-0.3148,12.0000,-0.2757,-0.4236
V2,BH-EM,147,82,0,lev,2.4578,0.0000,141.0428,12.4547,21.2406,26.7140,48.7805,1.2868,10.0000,0.6184,1.5557
V2,BH-EM,148,82,0,lev,0.9163,0.0000,-9.3442,-1.3003,23.6002,32.1487,46.3415,-0.0597,6.0000,-0.0603,-0.0686
V2,BH-EM,149,82,0,lev,2.7829,0.0000,125.8857,11.4845,19.2197,24.9753,46.3415,1.1444,5.0000,0.6581,2.1402
V2,BH-EM,150,82,0,lev,1.0136,0.0000,-5.0030,-0.6824,39.4089,40.3428,52.4390,0.0129,7.0000,0.0112,0.0147
V2,BH-EM,151,82,0,lev,1.7005,0.0000,43.6817,4.9542,20.5610,26.4104,48.7805,0.5711,6.0000,0.3449,0.9331
V2,BH-EM,152,81,0,lev,2.6940,0.0000,134.4565,12.0398,16.1167,26.1771,48.1481,1.2145,5.0000,0.6859,1.5887
V2,BH-EM,153,82,0,lev,1.4016,0.0000,29.8521,3.5466,31.5082,36.5983,47.5610,0.5366,5.0000,0.2634,0.4648
V2,BH-EM,154,82,0,lev,2.5344,0.0000,149.2603,12.9588,31.5653,36.2776,47.5610,1.4298,6.0000,0.5403,1.9727
V2,BH-EM,155,82,0,lev,0.8163,0.0000,-13.2959,-1.8854,23.4747,33.3599,46.3415,-0.1451,5.0000,-0.2015,-0.2536
V2,BH-EM,156,82,0,lev,1.1194,0.0000,-1.7753,-0.2387,51.7630,57.4153,41.4634,0.1458,8.0000,0.0805,0.1448
V2,BH-EM,157,82,0,lev,3.8532,0.0000,282.6854,19.6081,32.1329,39.4638,51.2195,2.1445,6.0000,0.6139,2.1143
V2,BH-EM,158,82,0,lev,1.0426,0.0000,-2.3919,-0.3225,34.8070,40.5721,43.9024,0.0403,7.0000,0.0352,0.0566
V2,BH-EM,159,82,0,lev,1.1189,0.0000,0.0530,0.0071,41.2776,48.6392,45.1220,0.1455,11.0000,0.0863,0.1526
V2,BH-EM,160,82,0,lev,1.7860,0.0000,52.6103,5.8018,34.9184,36.6315,52.4390,0.6428,6.0000,0.4186,0.6951
V2,BH-EM,161,82,0,lev,0.8546,0.0000,-15.2382,-2.1816,32.6106,36.8539,46.3415,-0.1416,7.0000,-0.1373,-0.1774
V2,BH-EM,162,82,0,lev,0.7291,0.0000,-33.7429,-5.3437,52.9571,58.3653,39.0244,-0.3539,8.0000,-0.2070,-0.3363
V2,BH-EM,163,82,0,lev,1.3151,0.0000,17.0892,2.1272,27.9617,31.7130,45.1220,0.2653,6.0000,0.2319,0.3421
V2,BH-EM,164,82,0,lev,0.8135,0.0000,-11.9439,-1.6827,19.7657,41.2650,35.3659,-0.1293,8.0000,-0.1884,-0.2616
V2,BH-EM,165,82,0,lev,2.7063,0.0000,144.6267,12.6764,27.6318,38.4735,47.5610,1.3572,7.0000,0.5812,1.4644
V2,BH-EM,166,82,0,lev,1.5113,0.0000,31.3836,3.7087,21.2512,26.8811,46.3415,0.4216,4.0000,0.3210,0.6906
V2,BH-EM,167,82,0,lev,2.0225,0.0000,40.2720,4.6185,12.5068,20.3579,42.6829,0.4645,7.0000,0.4605,1.3660
V2,BH-EM,168,82,0,lev,1.3466,0.0000,20.6626,2.5376,43.7108,50.5156,54.8780,0.3875,4.0000,0.2303,0.3406
V2,BH-EM,169,82,0,lev,2.4847,0.0000,89.3321,8.8896,17.2060,19.1959,58.5366,0.8682,4.0000,0.6571,1.8278
V2,BH-EM,170,82,0,lev,3.5741,0.0000,240.1706,17.7436,14.4620,21.8270,48.7805,1.7291,5.0000,0.7823,3.1170
V2,BH-EM,171,82,0,lev,1.7475,0.0000,53.2121,5.8574,23.1563,29.1367,47.5610,0.6351,5.0000,0.4298,0.8502
V2,BH-EM,172,82,0,lev,0.9207,0.0000,-20.4496,-3.0062,50.3179,61.6462,36.5854,-0.1089,10.0000,-0.0602,-0.1012
V2,BH-EM,173,82,0,lev,2.3155,0.0000,135.2721,12.0917,22.5345,27.4767,41.4634,1.3702,5.0000,0.5198,1.4991
V2,BH-EM,174,82,0,lev,0.9796,0.0000,-5.1854,-0.7079,21.5556,31.3089,37.8049,-0.0168,5.0000,-0.0176,-0.0314
V2,BH-EM,175,82,0,lev,1.4394,0.0000,26.3759,3.1724,44.0455,49.7374,50.0000,0.4704,5.0000,0.2446,0.4617
V2,BH-EM,176,82,0,lev,0.9837,0.0000,-13.3565,-1.8946,40.7494,45.3920,43.9024,-0.0179,5.0000,-0.0101,-0.0182
V2,BH-EM,177,82,0,lev,0.9691,0.0000,-10.4136,-1.4564,39.0585,45.4182,45.1220,-0.0310,6.0000,-0.0232,-0.0300
V2,BH-EM,178,82,0,lev,3.1389,0.0000,316.5530,20.9690,26.0099,37.4561,53.6585,2.1034,6.0000,0.7819,2.3180
V2,BH-EM,179,82,0,lev,1.7012,0.0000,56.7397,6.1794,28.5992,34.7237,42.6829,0.7253,6.0000,0.3794,0.9654
V2,BH-EM,180,82,0,lev,2.6357,0.0000,106.5600,10.1621,16.3552,22.1155,52.4390,0.9970,6.0000,0.6867,1.6412
V2,BH-EM,181,82,0,lev,2.8640,0.0000,192.7597,15.4092,16.0340,27.0768,41.4634,1.7565,8.0000,0.5168,2.5437
V2,BH-EM,182,82,0,lev,3.8597,0.0000,226.3191,17.0923,11.1747,27.4788,46.3415,2.0191,9.0000,0.4833,4.4290
V2,BH-EM,183,82,0,lev,0.9532,0.0000,-12.8012,-1.8109,31.8724,41.3148,40.2439,-0.0496,5.0000,-0.0344,-0.0475
V2,BH-EM,184,82,0,lev,1.1301,0.0000,-8.4069,-1.1648,40.2001,48.3993,37.8049,0.1883,9.0000,0.0757,0.1478
V2,BH-EM,185,82,0,lev,0.8765,0.0000,-23.3719,-3.4893,49.4548,55.7660,41.4634,-0.1455,5.0000,-0.0793,-0.1177
V2,BH-EM,186,82,0,lev,1.2461,0.0000,7.4856,0.9677,43.9528,48.2729,42.6829,0.2872,9.0000,0.1474,0.2421
V2,BH-EM,187,82,0,lev,0.7090,0.0000,-30.3645,-4.7136,49.0176,58.1329,43.9024,-0.3599,6.0000,-0.2945,-0.4082
V2,BH-EM,188,82,0,lev,0.3844,0.0000,-61.9568,-12.0973,68.1284,72.8235,35.3659,-1.0389,10.0000,-0.6966,-0.7593
V2,BH-EM,189,80,0,lev,1.9591,0.0000,72.6523,7.5580,12.4696,21.7162,47.5000,0.7897,7.0000,0.5459,1.2548
V2,BH-EM,190,82,0,lev,3.0234,0.0000,145.6629,12.7399,14.3277,24.0523,37.8049,1.2765,8.0000,0.6583,2.4820
V2,BH-EM,191,82,0,lev,1.1622,0.0000,1.4579,0.1933,39.7784,46.2015,47.5610,0.1986,4.0000,0.1108,0.1657
V2,BH-EM,192,82,0,lev,1.6605,0.0000,38.1472,4.4056,22.4789,31.6627,51.2195,0.5007,4.0000,0.3392,0.8482
V2,BH-EM,193,82,0,lev,0.6696,0.0000,-27.2225,-4.1509,48.1177,51.7885,46.3415,-0.3250,9.0000,-0.3189,-0.3534
V2,BH-EM,194,82,0,lev,1.2105,0.0000,7.7399,0.9996,24.5528,35.7323,52.4390,0.1804,5.0000,0.1353,0.2461
V2,BH-EM,195,82,0,lev,0.7971,0.0000,-19.0632,-2.7823,32.6417,34.8647,46.3415,-0.1773,5.0000,-0.1497,-0.1944
V2,BH-EM,196,82,0,lev,1.4561,0.0000,28.6695,3.4203,39.9340,49.6750,50.0000,0.6483,8.0000,0.2478,0.4846
V2,BH-EM,197,82,0,lev,1.0643,0.0000,-5.6572,-0.7740,39.8532,40.9890,42.6829,0.0776,8.0000,0.0465,0.0748
V2,BH-EM,198,82,0,lev,0.8827,0.0000,-16.0783,-2.3115,39.9347,42.2440,42.6829,-0.1255,6.0000,-0.0964,-0.1588
V2,BH-EM,199,82,0,lev,1.2503,0.0000,10.6248,1.3563,15.0856,17.9573,46.3415,0.1978,5.0000,0.1589,0.4123
V2,BH-EM-3x,0,82,0,lev,0.7898,0.0000,-99.4746,-50.3553,99.8458,104.5096,36.5854,-1.1179,8.0000,-0.1783,-0.2356
V2,BH-EM-3x,1,82,0,lev,1.6288,0.0000,-10.2752,-1.4361,85.4063,103.4712,47.5610,2.3930,6.0000,0.3454,0.7094
V2,BH-EM-3x,2,82,0,lev,1.1517,0.0000,-100.0000,-100.0000,100.0000,101.8433,45.1220,0.7527,11.0000,0.1151,0.1755
V2,BH-EM-3x,3,82,0,lev,1.3753,0.0000,-10.9476,-1.5350,71.6858,88.2129,48.7805,1.5565,4.0000,0.2756,0.4990
V2,BH-EM-3x,4,82,0,lev,1.9542,0.0000,-100.0000,-100.0000,100.0000,178.8508,47.5610,5.0356,4.0000,0.3394,0.9925
V2,BH-EM-3x,5,82,0,lev,0.7758,0.0000,-100.0000,-100.0000,100.0000,147.1108,40.2439,-1.0627,11.0000,-0.1610,-0.1900
V2,BH-EM-3x,6,82,0,lev,1.1630,0.0000,-100.0000,-100.0000,100.0000,136.0863,51.2195,0.8077,5.0000,0.0937,0.1545
V2,BH-EM-3x,7,81,0,lev,1.1151,0.0000,-96.7785,-36.7660,99.7059,105.4216,39.5062,0.6906,9.0000,0.0808,0.1444
V2,BH-EM-3x,8,82,0,lev,2.1223,0.0000,344.2758,22.0134,38.3847,70.6965,42.6829,2.6236,8.0000,0.6209,1.7844
V2,BH-EM-3x,9,82,0,lev,1.2454,0.0000,-4.5683,-0.6219,70.9180,78.2521,39.0244,0.7673,5.0000,0.1956,0.3344
V2,BH-EM-3x,10,82,0,lev,0.8608,0.0000,-89.4682,-25.9396,92.3628,95.3506,40.2439,-0.5289,6.0000,-0.0841,-0.1509
V2,BH-EM-3x,11,82,0,lev,0.8474,0.0000,-100.0000,-100.0000,100.0000,118.3639,39.0244,-0.8030,8.0000,-0.1343,-0.1701
V2,BH-EM-3x,12,82,0,lev,1.3002,0.0000,11.5971,1.4747,43.6579,83.2742,47.5610,0.8052,6.0000,0.2211,0.3922
V2,BH-EM-3x,13,82,0,lev,4.1159,0.0000,3413.0049,60.7752,47.7941,74.7567,50.0000,6.3235,6.0000,0.9106,2.8784
V2,BH-EM-3x,14,82,0,lev,3.1295,0.0000,908.1713,36.1094,33.7857,76.6489,42.6829,4.4725,6.0000,0.6368,3.0673
V2,BH-EM-3x,15,82,0,lev,2.8114,0.0000,941.1922,36.6959,55.5184,65.1965,43.9024,4.7081,4.0000,0.6546,2.6262
V2,BH-EM-3x,16,82,0,lev,1.7504,0.0000,7.1863,0.9302,71.7925,156.5107,43.9024,2.8317,6.0000,0.3094,0.8921
V2,BH-EM-3x,17,82,0,lev,2.0941,0.0000,239.4189,17.7088,57.6296,99.0500,42.6829,2.8308,4.0000,0.5349,1.2230
V2,BH-EM-3x,18,82,0,lev,0.7959,0.0000,-84.5379,-22.0466,90.3725,94.5794,47.5610,-0.7152,6.0000,-0.1768,-0.2022
V2,BH-EM-3x,19,82,0,lev,1.6288,0.0000,88.5276,8.8277,59.6094,72.0889,47.5610,1.9067,6.0000,0.3912,0.8357
V2,BH-EM-3x,20,82,0,lev,2.4403,0.0000,260.9949,18.6806,68.4380,83.7882,51.2195,5.1762,8.0000,0.4285,1.7074
V2,BH-EM-3x,21,82,0,lev,2.2173,0.0000,350.4273,22.2375,93.9298,95.9979,46.3415,5.5367,14.0000,0.5940,1.4941
V2,BH-EM-3x,22,82,0,lev,2.9506,0.0000,-92.7234,-29.5044,99.7085,130.8554,41.4634,8.3851,9.0000,0.4875,1.9197
V2,BH-EM-3x,23,82,0,lev,1.3395,0.0000,-85.8575,-22.9689,95.5066,101.9703,45.1220,1.8468,7.0000,0.2100,0.3977
V2,BH-EM-3x,24,82,0,lev,1.7352,0.0000,165.7205,13.9266,62.2494,74.1393,45.1220,1.9601,5.0000,0.5153,0.9515
V2,BH-EM-3x,25,82,0,lev,1.0870,0.0000,-65.4782,-13.2291,84.3607,89.6657,43.9024,0.3488,4.0000,0.0638,0.1026
V2,BH-EM-3x,26,82,0,lev,1.7181,0.0000,134.3662,12.0341,69.8392,77.2945,40.2439,2.4546,6.0000,0.4524,0.9979
V2,BH-EM-3x,27,82,0,lev,3.0306,0.0000,769.7190,33.4531,88.1493,105.0990,39.0244,7.4161,19.0000,0.6996,2.2364
V2,BH-EM-3x,28,82,0,lev,4.1215,0.0000,9050.6090,82.6795,78.9029,81.2492,56.0976,9.1751,6.0000,0.8956,4.0688
V2,BH-EM-3x,29,82,0,lev,0.9120,0.0000,-90.5986,-27.0531,92.7391,101.8781,41.4634,-0.4399,6.0000,-0.0733,-0.1142
V2,BH-EM-3x,30,82,0,lev,0.6090,0.0000,-85.3583,-22.6115,85.3583,94.5220,40.2439,-1.4014,10.0000,-0.3808,-0.4926
V2,BH-EM-3x,31,82,0,lev,2.2650,0.0000,398.0056,23.8861,66.9135,115.9868,51.2195,4.0791,7.0000,0.5833,1.4964
V2,BH-EM-3x,32,82,0,lev,0.4558,0.0000,-100.0000,-100.0000,100.0000,181.6109,39.0244,-3.9991,6.0000,-0.5242,-0.5794
V2,BH-EM-3x,33,82,0,lev,0.9143,0.0000,-100.0000,-100.0000,100.0000,153.2177,43.9024,-0.3618,7.0000,-0.0705,-0.0867
V2,BH-EM-3x,34,82,0,lev,1.0640,0.0000,-95.6612,-34.2036,98.8938,100.8567,39.0244,0.3690,7.0000,0.0413,0.0787
V2,BH-EM-3x,35,82,0,lev,1.4783,0.0000,-68.5325,-14.2949,88.6127,94.9272,51.2195,1.8272,6.0000,0.2668,0.4627
V2,BH-EM-3x,36,82,0,lev,1.5857,0.0000,-47.6502,-8.2727,93.9389,119.7046,48.7805,1.7808,4.0000,0.2829,0.5020
V2,BH-EM-3x,37,82,0,lev,1.5159,0.0000,52.2599,5.7694,87.7462,93.3999,41.4634,1.8633,7.0000,0.3325,0.7768
V2,BH-EM-3x,38,82,0,lev,1.5194,0.0000,-52.3095,-9.4064,90.0262,154.7733,45.1220,1.2661,5.0000,0.2656,0.4068
V2,BH-EM-3x,39,82,0,lev,2.1649,0.0000,225.0717,17.0325,48.6570,117.7896,45.1220,2.3096,7.0000,0.5137,1.4344
V2,BH-EM-3x,40,82,0,lev,0.6147,0.0000,-99.8957,-59.9903,99.9495,134.9092,39.0244,-1.6343,6.0000,-0.3497,-0.4063
V2,BH-EM-3x,41,82,0,lev,1.2260,0.0000,-38.0686,-6.1925,78.3681,92.6536,41.4634,0.7522,5.0000,0.1451,0.2775
V2,BH-EM-3x,42,82,0,lev,2.2077,0.0000,321.8026,21.1713,64.0603,64.8280,50.0000,3.1819,10.0000,0.5174,1.8133
V2,BH-EM-3x,43,82,0,lev,2.0336,0.0000,26.3737,3.1722,92.2299,126.7018,46.3415,3.8169,7.0000,0.5235,1.0821
V2,BH-EM-3x,44,82,0,lev,2.4431,0.0000,465.6145,26.0082,61.0004,75.4605,46.3415,3.8420,5.0000,0.5307,2.0328
V2,BH-EM-3x,45,82,0,lev,1.7029,0.0000,-27.3508,-4.1734,86.4213,90.9356,37.8049,3.2488,6.0000,0.3283,0.8589
V2,BH-EM-3x,46,82,0,lev,0.8173,0.0000,-100.0000,-100.0000,100.0000,116.9105,40.2439,-0.9429,8.0000,-0.1531,-0.1896
V2,BH-EM-3x,47,82,0,lev,0.9685,0.0000,-57.9171,-10.9058,84.6752,94.4360,40.2439,-0.0930,9.0000,-0.0205,-0.0382
V2,BH-EM-3x,48,82,0,lev,1.2735,0.0000,-23.3118,-3.4792,67.2724,89.2776,47.5610,0.8250,4.0000,0.1871,0.3016
V2,BH-EM-3x,49,82,0,lev,1.4599,0.0000,-100.0000,-100.0000,100.0000,140.4527,56.0976,1.9929,5.0000,0.2076,0.4121
V2,BH-EM-3x,50,82,0,lev,1.0053,0.0000,-100.0000,-100.0000,100.0000,104.8812,47.5610,0.0220,7.0000,0.0040,0.0049
V2,BH-EM-3x,51,82,0,lev,0.8479,0.0000,-89.2529,-25.7394,93.5454,118.7904,47.5610,-0.6952,6.0000,-0.1184,-0.1828
V2,BH-EM-3x,52,80,0,lev,0.9439,0.0000,-93.7277,-30.8874,98.0910,99.0907,38.7500,-0.2852,6.0000,-0.0418,-0.0634
V2,BH-EM-3x,53,82,0,lev,1.4803,0.0000,-100.0000,-100.0000,100.0000,162.2874,40.2439,2.2098,8.0000,0.2481,0.3658
V2,BH-EM-3x,54,82,0,lev,3.6209,0.0000,1656.2560,46.5712,57.6471,73.4443,51.2195,6.5145,4.0000,0.6457,3.1632
V2,BH-EM-3x,55,82,0,lev,0.8237,0.0000,-99.5243,-51.0092,99.5787,101.5282,50.0000,-0.8676,5.0000,-0.1364,-0.1670
V2,BH-EM-3x,56,82,0,lev,1.1014,0.0000,-100.0000,-100.0000,100.0000,123.9195,45.1220,0.4036,5.0000,0.0735,0.1018
V2,BH-EM-3x,57,82,0,lev,1.8252,0.0000,119.2866,11.0444,67.9283,79.8691,41.4634,2.2446,8.0000,0.4012,1.0538
V2,BH-EM-3x,58,82,0,lev,1.5952,0.0000,-100.0000,-100.0000,100.0000,112.9611,52.4390,3.1758,8.0000,0.3692,0.6345
V2,BH-EM-3x,59,82,0,lev,1.2533,0.0000,-65.4764,-13.2285,87.2340,88.5198,48.7805,1.0568,5.0000,0.1607,0.2837
V2,BH-EM-3x,60,82,0,lev,2.7296,0.0000,260.7980,18.6720,87.2003,96.2577,47.5610,6.4749,10.0000,0.6405,1.6271
V2,BH-EM-3x,61,82,0,lev,0.9075,0.0000,-85.1554,-22.4694,94.4384,95.7063,51.2195,-0.4461,4.0000,-0.0826,-0.1166
V2,BH-EM-3x,62,82,0,lev,1.2493,0.0000,-29.2296,-4.5078,73.3159,82.2772,50.0000,0.9223,5.0000,0.1662,0.3243
V2,BH-EM-3x,63,82,0,lev,1.0480,0.0000,-60.5833,-11.6804,82.2470,87.4683,43.9024,0.2019,5.0000,0.0419,0.0632
V2,BH-EM-3x,64,82,0,lev,1.1815,0.0000,-91.8715,-28.4553,96.9332,120.4287,39.0244,0.7899,10.0000,0.1102,0.2058
V2,BH-EM-3x,65,82,0,lev,0.6477,0.0000,-83.1894,-21.1721,86.6240,90.0572,39.0244,-1.3664,7.0000,-0.3906,-0.4793
V2,BH-EM-3x,66,82,0,lev,1.2951,0.0000,-27.0684,-4.1238,85.7713,88.6396,42.6829,1.0803,8.0000,0.1828,0.3948
V2,BH-EM-3x,67,82,0,lev,1.8859,0.0000,-90.4293,-26.8792,98.9586,109.1703,59.7561,4.0558,3.0000,0.3174,0.8319
V2,BH-EM-3x,68,82,0,lev,0.7834,0.0000,-91.1445,-27.6330,92.7532,99.9630,45.1220,-0.9990,7.0000,-0.1837,-0.2526
V2,BH-EM-3x,69,82,0,lev,1.0149,0.0000,-100.0000,-100.0000,100.0000,136.5694,46.3415,0.0972,4.0000,0.0104,0.0163
V2,BH-EM-3x,70,82,0,lev,1.7200,0.0000,-49.5926,-8.7343,93.6873,107.2147,48.7805,2.2740,6.0000,0.3507,0.6557
V2,BH-EM-3x,71,82,0,lev,1.5196,0.0000,-100.0000,-100.0000,100.0000,154.1471,46.3415,2.2719,6.0000,0.2374,0.3766
V2,BH-EM-3x,72,82,0,lev,1.1585,0.0000,-63.3747,-12.5417,93.2590,93.8907,46.3415,0.6637,4.0000,0.1121,0.1840
V2,BH-EM-3x,73,82,0,lev,1.7757,0.0000,58.5163,6.3391,69.5045,85.4620,51.2195,2.2890,7.0000,0.3703,0.8294
V2,BH-EM-3x,74,82,0,lev,0.5799,0.0000,-98.1439,-41.2507,98.5092,99.6206,46.3415,-2.2148,4.0000,-0.4257,-0.4845
V2,BH-EM-3x,75,82,0,lev,2.0589,0.0000,145.7364,12.7444,76.1796,88.1851,43.9024,4.0114,6.0000,0.4601,1.2546
V2,BH-EM-3x,76,82,0,lev,1.0357,0.0000,-53.9355,-9.8247,79.9910,90.6697,37.8049,0.1200,7.0000,0.0288,0.0413
V2,BH-EM-3x,77,79,0,lev,0.9239,0.0000,-96.9432,-37.2071,99.3421,121.4933,41.7722,-0.4020,5.0000,-0.0644,-0.0913
V2,BH-EM-3x,78,82,0,lev,1.3015,0.0000,-100.0000,-100.0000,100.0000,100.4487,41.4634,1.8492,6.0000,0.2082,0.3216
V2,BH-EM-3x,79,82,0,lev,2.2922,0.0000,400.5576,23.9706,50.3966,63.7780,40.2439,3.0857,6.0000,0.5918,1.9883
V2,BH-EM-3x,80,82,0,lev,0.9138,0.0000,-100.0000,-100.0000,100.0000,162.9909,52.4390,-0.4358,5.0000,-0.0599,-0.0704
V2,BH-EM-3x,81,82,0,lev,0.8645,0.0000,-84.7330,-22.1786,92.5925,96.6910,40.2439,-0.6247,6.0000,-0.1175,-0.1699
V2,BH-EM-3x,82,82,0,lev,1.1597,0.0000,-94.9145,-32.7947,94.9145,97.4931,42.6829,1.0731,6.0000,0.0931,0.2294
V2,BH-EM-3x,83,82,0,lev,3.1759,0.0000,1281.0967,41.9465,57.8370,74.0028,46.3415,5.4192,7.0000,0.6908,2.4744
V2,BH-EM-3x,84,82,0,lev,0.8591,0.0000,-87.6901,-24.3821,93.0944,125.6643,48.7805,-0.5968,5.0000,-0.1180,-0.1531
V2,BH-EM-3x,85,82,0,lev,1.4058,0.0000,-77.5609,-18.0756,97.3580,118.7460,41.4634,2.0945,7.0000,0.2551,0.4828
V2,BH-EM-3x,86,82,0,lev,3.3758,0.0000,1584.7282,45.7603,73.4574,83.4889,47.5610,7.5281,8.0000,0.5909,3.1758
V2,BH-EM-3x,87,82,0,lev,1.1300,0.0000,-57.9845,-10.9248,83.1337,92.7525,45.1220,0.5946,5.0000,0.1077,0.1766
V2,BH-EM-3x,88,82,0,lev,1.7919,0.0000,57.3153,6.2313,91.4994,96.4784,39.0244,3.0307,9.0000,0.3581,1.0625
V2,BH-EM-3x,89,82,0,lev,2.2729,0.0000,326.0119,21.3320,57.8131,78.1365,41.4634,2.8610,9.0000,0.5207,1.8401
V2,BH-EM-3x,90,82,0,lev,1.2422,0.0000,-100.0000,-100.0000,100.0000,137.4601,54.8780,0.8991,5.0000,0.1555,0.2228
V2,BH-EM-3x,91,82,0,lev,0.8557,0.0000,-98.2703,-41.8007,99.6607,152.6613,45.1220,-0.7935,9.0000,-0.1238,-0.1668
V2,BH-EM-3x,92,82,0,lev,1.8839,0.0000,185.6006,15.0286,33.4398,50.5173,45.1220,2.1118,4.0000,0.4708,1.4951
V2,BH-EM-3x,93,82,0,lev,1.7571,0.0000,-67.7905,-14.0280,92.8867,106.8228,36.5854,4.5183,7.0000,0.3628,0.9580
V2,BH-EM-3x,94,82,0,lev,1.8009,0.0000,-100.0000,-100.0000,100.0000,121.5827,45.1220,4.0755,8.0000,0.4041,0.9646
V2,BH-EM-3x,95,82,0,lev,1.1606,0.0000,-82.7791,-20.9181,98.2155,103.9946,48.7805,0.7715,5.0000,0.1094,0.1991
V2,BH-EM-3x,96,82,0,lev,2.1299,0.0000,122.2921,11.2463,78.7099,88.7229,42.6829,3.4446,5.0000,0.4400,1.1819
V2,BH-EM-3x,97,82,0,lev,1.4345,0.0000,-33.3411,-5.2673,87.0728,100.5659,52.4390,1.3292,7.0000,0.2580,0.4229
V2,BH-EM-3x,98,82,0,lev,1.1009,0.0000,-73.7111,-16.3265,97.3201,98.4556,37.8049,0.4675,8.0000,0.0758,0.1267
V2,BH-EM-3x,99,82,0,lev,0.6757,0.0000,-93.2023,-30.1417,95.0127,114.6926,39.0244,-1.6671,5.0000,-0.3484,-0.4414
V2,BH-EM-3x,100,82,0,lev,2.4314,0.0000,141.0973,12.4581,94.7776,99.1649,46.3415,6.2936,5.0000,0.4625,1.7008
V2,BH-EM-3x,101,82,0,lev,0.8575,0.0000,-100.0000,-100.0000,100.0000,148.3954,30.4878,-0.6980,8.0000,-0.0880,-0.1416
V2,BH-EM-3x,102,82,0,lev,1.7054,0.0000,87.1957,8.7248,62.8334,85.6207,47.5610,1.8926,6.0000,0.4063,0.7614
V2,BH-EM-3x,103,82,0,lev,2.3511,0.0000,389.1838,23.5910,52.6973,95.1911,53.6585,3.2271,5.0000,0.5762,1.6852
V2,BH-EM-3x,104,82,0,lev,2.2980,0.0000,357.5565,22.4938,70.1486,96.6377,51.2195,4.4447,7.0000,0.5760,1.4806
V2,BH-EM-3x,105,82,0,lev,0.9807,0.0000,-67.3423,-13.8694,81.8338,84.1932,46.3415,-0.0607,3.0000,-0.0147,-0.0200
V2,BH-EM-3x,106,82,0,lev,2.3114,0.0000,389.5141,23.6022,75.3512,87.3785,47.5610,3.9732,9.0000,0.5594,1.5699
V2,BH-EM-3x,107,82,0,lev,1.3614,0.0000,-5.9667,-0.8174,62.4765,79.4225,42.6829,1.3875,6.0000,0.2406,0.5021
V2,BH-EM-3x,108,82,0,lev,2.6882,0.0000,140.1826,12.4011,92.4499,129.4361,51.2195,7.2036,5.0000,0.6170,1.6829
V2,BH-EM-3x,109,82,0,lev,1.2490,0.0000,-47.9263,-8.3374,84.5206,96.8083,40.2439,0.8698,6.0000,0.1584,0.2670
V2,BH-EM-3x,110,82,0,lev,1.5531,0.0000,-28.2632,-4.3349,87.3983,93.8626,42.6829,2.0468,6.0000,0.2586,0.6165
V2,BH-EM-3x,111,82,0,lev,0.8098,0.0000,-97.4168,-38.6017,97.7737,147.0184,40.2439,-0.9748,6.0000,-0.1456,-0.2203
V2,BH-EM-3x,112,80,0,lev,1.6182,0.0000,-100.0000,-100.0000,100.0000,144.3706,51.2500,3.1000,6.0000,0.3807,0.5560
V2,BH-EM-3x,113,82,0,lev,0.8768,0.0000,-68.0142,-14.1079,85.9100,89.0424,40.2439,-0.4466,6.0000,-0.1022,-0.1780
V2,BH-EM-3x,114,82,0,lev,2.7224,0.0000,-100.0000,-100.0000,100.0000,112.5679,47.5610,8.2649,7.0000,0.5081,1.8594
V2,BH-EM-3x,115,82,0,lev,2.0512,0.0000,277.1607,19.3763,83.9744,86.4119,46.3415,3.7421,7.0000,0.5523,1.2586
V2,BH-EM-3x,116,82,0,lev,2.1353,0.0000,194.9549,15.5243,68.9439,76.7199,46.3415,3.0993,8.0000,0.4534,1.3343
V2,BH-EM-3x,117,82,0,lev,1.6033,0.0000,-42.9103,-7.2058,91.4894,99.5657,45.1220,2.3472,4.0000,0.3011,0.6397
V2,BH-EM-3x,118,81,0,lev,0.6801,0.0000,-100.0000,-100.0000,100.0000,148.7360,41.9753,-1.5429,7.0000,-0.2380,-0.2682
V2,BH-EM-3x,119,82,0,lev,1.2623,0.0000,-33.2906,-5.2578,72.5881,83.1572,39.0244,0.9067,8.0000,0.1371,0.4117
V2,BH-EM-3x,120,82,0,lev,1.8511,0.0000,159.5040,13.5674,80.9262,90.8638,47.5610,2.3941,6.0000,0.4280,1.2754
V2,BH-EM-3x,121,82,0,lev,1.9431,0.0000,127.2516,11.5742,79.0897,87.2314,47.5610,2.8922,5.0000,0.4261,1.0932
V2,BH-EM-3x,122,82,0,lev,1.6061,0.0000,-23.9126,-3.5804,96.8780,98.6810,54.8780,2.6357,4.0000,0.3344,0.6784
V2,BH-EM-3x,123,82,0,lev,0.6908,0.0000,-92.1076,-28.7361,93.0506,128.2710,37.8049,-1.7283,6.0000,-0.3643,-0.4812
V2,BH-EM-3x,124,82,0,lev,0.9181,0.0000,-100.0000,-100.0000,100.0000,120.8242,50.0000,-0.4718,5.0000,-0.0737,-0.0888
V2,BH-EM-3x,125,82,0,lev,1.4156,0.0000,-87.3680,-24.1210,98.1595,103.9225,40.2439,2.2021,7.0000,0.2450,0.4977
V2,BH-EM-3x,126,82,0,lev,1.2101,0.0000,-50.0817,-8.8529,83.4179,127.1066,41.4634,0.8856,6.0000,0.1378,0.3012
V2,BH-EM-3x,127,82,0,lev,1.3151,0.0000,-43.6518,-7.3675,81.0454,85.0881,45.1220,1.3832,6.0000,0.2180,0.3840
V2,BH-EM-3x,128,82,0,lev,0.6183,0.0000,-100.0000,-100.0000,100.0000,114.9070,56.0976,-1.7306,4.0000,-0.3278,-0.3473
V2,BH-EM-3x,129,82,0,lev,4.0165,0.0000,2771.7402,56.5095,29.3844,50.3416,53.6585,5.8822,5.0000,0.8344,4.1997
V2,BH-EM-3x,130,82,0,lev,0.5902,0.0000,-100.0000,-100.0000,100.0000,101.0812,39.0244,-2.9127,5.0000,-0.3238,-0.4030
V2,BH-EM-3x,131,82,0,lev,1.1019,0.0000,-100.0000,-100.0000,100.0000,140.4844,43.9024,0.5985,9.0000,0.0745,0.1026
V2,BH-EM-3x,132,82,0,lev,2.2460,0.0000,397.2613,23.8614,81.7791,88.7338,46.3415,3.9552,7.0000,0.5519,1.6262
V2,BH-EM-3x,133,80,0,lev,3.4662,0.0000,2109.1357,51.1268,88.2156,93.0078,50.0000,6.8269,5.0000,0.8823,2.3826
V2,BH-EM-3x,134,82,0,lev,1.4504,0.0000,23.2908,2.8328,72.1809,75.5474,40.2439,1.5755,7.0000,0.2865,0.6390
V2,BH-EM-3x,135,82,0,lev,2.3812,0.0000,521.5809,27.6044,40.3044,73.5346,47.5610,4.1146,6.0000,0.5612,1.8380
V2,BH-EM-3x,136,82,0,lev,0.8212,0.0000,-93.0597,-29.9479,96.7803,102.5805,41.4634,-0.7218,6.0000,-0.1290,-0.1921
V2,BH-EM-3x,137,82,0,lev,1.3145,0.0000,-15.9104,-2.2854,69.1192,87.4070,47.5610,0.8986,5.0000,0.2096,0.3378
V2,BH-EM-3x,138,82,0,lev,0.7591,0.0000,-73.4572,-16.2191,78.8787,85.0073,50.0000,-0.7782,4.0000,-0.2207,-0.2738
V2,BH-EM-3x,139,82,0,lev,0.6660,0.0000,-99.0927,-46.6014,99.5090,124.2099,52.4390,-1.8240,7.0000,-0.3350,-0.3822
V2,BH-EM-3x,140,82,0,lev,2.9061,0.0000,267.0945,18.9462,97.9111,109.5769,53.6585,9.8412,4.0000,0.5898,2.0280
V2,BH-EM-3x,141,82,0,lev,1.4623,0.0000,-90.7802,-27.2426,99.0291,132.7352,47.5610,1.7707,5.0000,0.2823,0.4633
V2,BH-EM-3x,142,82,0,lev,1.7634,0.0000,-100.0000,-100.0000,100.0000,137.9211,53.6585,3.9689,9.0000,0.4477,0.8469
V2,BH-EM-3x,143,82,0,lev,1.2539,0.0000,-77.2233,-17.9122,94.3702,101.0363,41.4634,1.2011,5.0000,0.1670,0.3094
V2,BH-EM-3x,144,82,0,lev,2.0855,0.0000,276.9082,19.3656,61.7961,78.1544,45.1220,2.8934,6.0000,0.5339,1.3200
V2,BH-EM-3x,145,82,0,lev,1.4830,0.0000,-75.0625,-16.9135,93.6913,100.9706,46.3415,2.3279,8.0000,0.3129,0.5316
V2,BH-EM-3x,146,82,0,lev,0.7392,0.0000,-88.4957,-25.0618,90.4175,91.7856,31.7073,-1.3480,12.0000,-0.2757,-0.4236
V2,BH-EM-3x,147,82,0,lev,2.4578,0.0000,413.9186,24.4071,84.3578,99.2634,48.7805,5.5109,10.0000,0.6184,1.5557
V2,BH-EM-3x,148,82,0,lev,0.9163,0.0000,-100.0000,-100.0000,100.0000,127.1427,46.3415,-0.2558,6.0000,-0.0603,-0.0686
V2,BH-EM-3x,149,82,0,lev,2.7829,0.0000,859.0538,35.2054,68.4571,84.5673,46.3415,4.9010,5.0000,0.6581,2.1402
V2,BH-EM-3x,150,82,0,lev,1.0136,0.0000,-83.6221,-21.4459,96.6488,99.7144,52.4390,0.0551,7.0000,0.0112,0.0147
V2,BH-EM-3x,151,82,0,lev,1.7005,0.0000,64.2002,6.8401,76.1407,97.0810,48.7805,2.4458,6.0000,0.3449,0.9331
V2,BH-EM-3x,152,81,0,lev,2.6940,0.0000,664.4362,31.1754,74.0911,87.3910,48.1481,5.2012,5.0000,0.6859,1.5887
V2,BH-EM-3x,153,82,0,lev,1.4016,0.0000,-88.7001,-25.2408,98.3617,112.9396,47.5610,2.2982,5.0000,0.2634,0.4648
V2,BH-EM-3x,154,82,0,lev,2.5344,0.0000,447.6142,25.4656,87.4250,90.4253,47.5610,6.1234,6.0000,0.5403,1.9727
V2,BH-EM-3x,155,82,0,lev,0.8163,0.0000,-62.3806,-12.2286,75.7445,89.2973,46.3415,-0.6214,5.0000,-0.2015,-0.2536
V2,BH-EM-3x,156,82,0,lev,1.1194,0.0000,-97.4373,-38.6671,99.7235,105.2080,41.4634,0.6245,8.0000,0.0805,0.1448
V2,BH-EM-3x,157,82,0,lev,3.8532,0.0000,-100.0000,-100.0000,100.0000,138.2192,51.2195,9.1842,6.0000,0.6139,2.1143
V2,BH-EM-3x,158,82,0,lev,1.0426,0.0000,-59.8153,-11.4527,89.7217,93.1329,43.9024,0.1725,7.0000,0.0352,0.0566
V2,BH-EM-3x,159,82,0,lev,1.1189,0.0000,-82.1054,-20.5121,95.6320,113.6948,45.1220,0.6230,11.0000,0.0863,0.1526
V2,BH-EM-3x,160,82,0,lev,1.7860,0.0000,-64.4487,-12.8883,98.3428,98.7818,52.4390,2.7530,6.0000,0.4186,0.6951
V2,BH-EM-3x,161,82,0,lev,0.8546,0.0000,-79.8967,-19.2683,91.1946,95.2558,46.3415,-0.6066,7.0000,-0.1373,-0.1774
V2,BH-EM-3x,162,82,0,lev,0.7291,0.0000,-97.3624,-38.4307,98.9707,110.5850,39.0244,-1.5156,8.0000,-0.2070,-0.3363
V2,BH-EM-3x,163,82,0,lev,1.3151,0.0000,-40.2644,-6.6432,89.5067,124.3559,45.1220,1.1362,6.0000,0.2319,0.3421
V2,BH-EM-3x,164,82,0,lev,0.8135,0.0000,-57.5081,-10.7907,69.6854,155.0396,35.3659,-0.5536,8.0000,-0.1884,-0.2616
V2,BH-EM-3x,165,82,0,lev,2.7063,0.0000,-100.0000,-100.0000,100.0000,146.4558,47.5610,5.8126,7.0000,0.5812,1.4644
V2,BH-EM-3x,166,82,0,lev,1.5113,0.0000,35.4197,4.1282,71.5913,81.2695,46.3415,1.8054,4.0000,0.3210,0.6906
V2,BH-EM-3x,167,82,0,lev,2.0225,0.0000,172.6191,14.3169,46.0719,61.5262,42.6829,1.9892,7.0000,0.4605,1.3660
V2,BH-EM-3x,168,82,0,lev,1.3466,0.0000,-100.0000,-100.0000,100.0000,104.1561,54.8780,1.6595,4.0000,0.2303,0.3406
V2,BH-EM-3x,169,82,0,lev,2.4847,0.0000,608.7558,29.8585,60.6258,64.7678,58.5366,3.7181,4.0000,0.6571,1.8278
V2,BH-EM-3x,170,82,0,lev,3.5741,0.0000,3348.6053,60.3788,55.7502,68.2773,48.7805,7.4053,5.0000,0.7823,3.1170
V2,BH-EM-3x,171,82,0,lev,1.7475,0.0000,78.0021,7.9968,79.7603,83.8577,47.5610,2.7200,5.0000,0.4298,0.8502
V2,BH-EM-3x,172,82,0,lev,0.9207,0.0000,-98.6804,-43.8646,99.7105,105.1674,36.5854,-0.4664,10.0000,-0.0602,-0.1012
V2,BH-EM-3x,173,82,0,lev,2.3155,0.0000,163.2920,13.7872,82.4121,89.5480,41.4634,5.8680,5.0000,0.5198,1.4991
V2,BH-EM-3x,174,82,0,lev,0.9796,0.0000,-52.1294,-9.3608,73.1105,87.6919,37.8049,-0.0719,5.0000,-0.0176,-0.0314
V2,BH-EM-3x,175,82,0,lev,1.4394,0.0000,-89.7813,-26.2372,99.3354,113.0690,50.0000,2.0147,5.0000,0.2446,0.4617
V2,BH-EM-3x,176,82,0,lev,0.9837,0.0000,-100.0000,-100.0000,100.0000,126.6988,43.9024,-0.0767,5.0000,-0.0101,-0.0182
V2,BH-EM-3x,177,82,0,lev,0.9691,0.0000,-97.7300,-39.6514,99.4354,116.2743,45.1220,-0.1329,6.0000,-0.0232,-0.0300
V2,BH-EM-3x,178,82,0,lev,3.1389,0.0000,374.9695,23.1058,97.2475,112.5684,53.6585,9.0085,6.0000,0.7819,2.3180
V2,BH-EM-3x,179,82,0,lev,1.7012,0.0000,38.4192,4.4330,85.7178,91.2304,42.6829,3.1064,6.0000,0.3794,0.9654
V2,BH-EM-3x,180,82,0,lev,2.6357,0.0000,600.1186,29.6462,67.2171,87.7302,52.4390,4.2698,6.0000,0.6867,1.6412
V2,BH-EM-3x,181,82,0,lev,2.8640,0.0000,851.1117,35.0555,57.6046,98.7361,41.4634,7.5224,8.0000,0.5168,2.5437
V2,BH-EM-3x,182,82,0,lev,3.8597,0.0000,1735.1195,47.4327,49.4673,76.4626,46.3415,8.6472,9.0000,0.4833,4.4290
V2,BH-EM-3x,183,82,0,lev,0.9532,0.0000,-100.0000,-100.0000,100.0000,116.9122,40.2439,-0.2125,5.0000,-0.0344,-0.0475
V2,BH-EM-3x,184,82,0,lev,1.1301,0.0000,-99.1369,-46.9560,99.6956,113.6578,37.8049,0.8063,9.0000,0.0757,0.1478
V2,BH-EM-3x,185,82,0,lev,0.8765,0.0000,-99.9817,-68.2823,99.9949,113.8158,41.4634,-0.6230,5.0000,-0.0793,-0.1177
V2,BH-EM-3x,186,82,0,lev,1.2461,0.0000,-98.3101,-41.9812,99.7187,108.8713,42.6829,1.2301,9.0000,0.1474,0.2421
V2,BH-EM-3x,187,82,0,lev,0.7090,0.0000,-92.3916,-29.0837,97.5177,99.1015,43.9024,-1.5415,6.0000,-0.2945,-0.4082
V2,BH-EM-3x,188,82,0,lev,0.3844,0.0000,-99.9891,-70.3962,99.9942,101.6449,35.3659,-4.4492,10.0000,-0.6966,-0.7593
V2,BH-EM-3x,189,80,0,lev,1.9591,0.0000,282.8609,19.6155,53.0757,76.9761,47.5000,3.3820,7.0000,0.5459,1.2548
V2,BH-EM-3x,190,82,0,lev,3.0234,0.0000,1106.0877,39.4035,58.0883,82.3651,37.8049,5.4669,8.0000,0.6583,2.4820
V2,BH-EM-3x,191,82,0,lev,1.1622,0.0000,-100.0000,-100.0000,100.0000,114.1112,47.5610,0.8504,4.0000,0.1108,0.1657
V2,BH-EM-3x,192,82,0,lev,1.6605,0.0000,60.3882,6.5058,73.4033,82.1905,51.2195,2.1445,4.0000,0.3392,0.8482
V2,BH-EM-3x,193,82,0,lev,0.6696,0.0000,-94.4282,-31.9709,98.5248,99.0849,46.3415,-1.3919,9.0000,-0.3189,-0.3534
V2,BH-EM-3x,194,82,0,lev,1.2105,0.0000,-45.7215,-7.8289,76.3312,86.8786,52.4390,0.7724,5.0000,0.1353,0.2461
V2,BH-EM-3x,195,82,0,lev,0.7971,0.0000,-95.4989,-33.8803,97.7042,107.5222,46.3415,-0.7594,5.0000,-0.1497,-0.1944
V2,BH-EM-3x,196,82,0,lev,1.4561,0.0000,-100.0000,-100.0000,100.0000,128.4648,50.0000,2.7764,8.0000,0.2478,0.4846
V2,BH-EM-3x,197,82,0,lev,1.0643,0.0000,-100.0000,-100.0000,100.0000,108.8400,42.6829,0.3325,8.0000,0.0465,0.0748
V2,BH-EM-3x,198,82,0,lev,0.8827,0.0000,-82.2756,-20.6135,94.3039,95.2300,42.6829,-0.5374,6.0000,-0.0964,-0.1588
V2,BH-EM-3x,199,82,0,lev,1.2503,0.0000,-16.0086,-2.3006,57.1735,62.6895,46.3415,0.8472,5.0000,0.1589,0.4123
V3,F1_taker,0,71,4,risk1%,1.1069,-17.1563,3.8896,0.5708,17.0787,18.9475,33.8028,0.0767,11.0000,0.1139,0.2816
V3,F1_taker,0,71,4,30%x10x,0.9861,-17.1563,-50.2511,-9.8903,80.6294,83.0802,33.8028,-0.0725,11.0000,-0.0163,-0.0324
V3,F1_taker,1,71,4,risk1%,1.2993,-139.7885,13.4204,1.8962,18.1561,19.0957,35.2113,0.2106,12.0000,0.2585,0.7786
V3,F1_taker,1,71,4,30%x10x,0.8877,-139.7885,-63.5699,-13.9826,85.4111,86.4104,35.2113,-0.5907,12.0000,-0.1395,-0.2627
V3,F1_taker,2,71,4,risk1%,1.2682,120.4925,11.5911,1.6493,16.5160,18.4494,38.0282,0.1814,8.0000,0.2478,0.6844
V3,F1_taker,2,71,4,30%x10x,1.1049,120.4925,-23.4553,-3.9086,83.8544,85.2148,38.0282,0.5091,8.0000,0.1157,0.2409
V3,F1_taker,3,72,3,risk1%,1.3644,288.9093,16.4937,2.3034,13.6962,14.0083,40.2778,0.2366,6.0000,0.3430,0.9176
V3,F1_taker,3,72,3,30%x10x,1.2799,288.9093,31.3914,4.1564,74.4496,75.3585,40.2778,1.2038,6.0000,0.2843,0.6452
V3,F1_taker,4,71,4,risk1%,1.1301,45.8780,4.9674,0.7258,18.1132,20.5621,36.6197,0.0880,12.0000,0.1417,0.3328
V3,F1_taker,4,71,4,30%x10x,1.0412,45.8780,-36.3983,-6.5273,80.9118,82.8015,36.6197,0.1939,12.0000,0.0454,0.0934
V3,F1_taker,5,71,4,risk1%,1.2461,96.8319,10.7255,1.5313,16.7408,18.1586,36.6197,0.1691,11.0000,0.2377,0.6344
V3,F1_taker,5,71,4,30%x10x,1.0864,96.8319,-26.6549,-4.5187,78.4176,79.2909,36.6197,0.4091,11.0000,0.0949,0.1995
V3,F1_taker,6,72,3,risk1%,1.1621,-139.7796,6.6141,0.9599,17.7716,19.1486,33.3333,0.1161,7.0000,0.1592,0.4314
V3,F1_taker,6,72,3,30%x10x,0.8926,-139.7796,-64.7165,-14.3920,83.2235,85.9137,33.3333,-0.5824,7.0000,-0.1363,-0.2560
V3,F1_taker,7,71,4,risk1%,1.2186,129.0706,9.5405,1.3685,16.8866,18.0868,35.2113,0.1531,10.0000,0.2193,0.5682
V3,F1_taker,7,71,4,30%x10x,1.1178,129.0706,-17.1048,-2.7594,77.6028,79.2399,35.2113,0.5454,10.0000,0.1291,0.2798
V3,F1_taker,8,72,3,risk1%,1.4409,134.7529,20.8656,2.8671,12.7829,15.3623,38.8889,0.2920,10.0000,0.3916,1.1221
V3,F1_taker,8,72,3,30%x10x,1.1196,134.7529,-17.1824,-2.7730,72.9754,75.6921,38.8889,0.5615,10.0000,0.1334,0.2771
V3,F1_taker,9,72,3,risk1%,1.2574,-10.7327,11.2426,1.6019,14.9534,18.5441,37.5000,0.1717,6.0000,0.2531,0.6601
V3,F1_taker,9,72,3,30%x10x,0.9911,-10.7327,-47.0458,-9.0472,83.5918,84.4473,37.5000,-0.0447,6.0000,-0.0106,-0.0206
V3,F1_taker,10,72,3,risk1%,1.1738,162.4620,7.2464,1.0490,13.4061,17.2797,37.5000,0.1176,7.0000,0.1873,0.4479
V3,F1_taker,10,72,3,30%x10x,1.1433,162.4620,-13.3667,-2.1175,73.4989,76.1854,37.5000,0.6769,7.0000,0.1556,0.3311
V3,F1_taker,11,72,3,risk1%,1.2746,-117.0720,12.2143,1.7338,16.4099,18.8466,36.1111,0.1882,11.0000,0.2534,0.7136
V3,F1_taker,11,72,3,30%x10x,0.9035,-117.0720,-59.5734,-12.6366,84.3063,87.1549,36.1111,-0.4878,11.0000,-0.1213,-0.2229
V3,F1_taker,12,72,3,risk1%,1.0883,-62.7596,2.7630,0.4074,16.8369,19.3599,33.3333,0.0635,11.0000,0.0893,0.2348
V3,F1_taker,12,72,3,30%x10x,0.9499,-62.7596,-55.7583,-11.4535,82.3697,83.8845,33.3333,-0.2615,11.0000,-0.0604,-0.1213
V3,F1_taker,13,71,4,risk1%,1.2384,-56.6270,10.6253,1.5176,19.1221,20.7231,35.2113,0.1661,11.0000,0.2429,0.6210
V3,F1_taker,13,71,4,30%x10x,0.9543,-56.6270,-53.5197,-10.7992,85.4782,86.9172,35.2113,-0.2393,11.0000,-0.0561,-0.1090
V3,F1_taker,14,73,2,risk1%,1.1449,9.8143,5.6533,0.8237,14.9251,18.5653,36.9863,0.0981,10.0000,0.1479,0.3775
V3,F1_taker,14,73,2,30%x10x,1.0087,9.8143,-39.0089,-7.1098,76.1783,79.8314,36.9863,0.0403,10.0000,0.0103,0.0210
V3,F1_taker,15,71,4,risk1%,1.1584,-127.5866,6.4801,0.9410,18.1227,20.5442,32.3944,0.1161,8.0000,0.1567,0.4208
V3,F1_taker,15,71,4,30%x10x,0.8957,-127.5866,-62.4549,-13.5950,84.8611,86.8917,32.3944,-0.5391,8.0000,-0.1269,-0.2407
V3,F1_taker,16,72,3,risk1%,1.3905,107.0185,18.6076,2.5781,8.7802,11.2156,37.5000,0.2645,8.0000,0.3632,1.0060
V3,F1_taker,16,72,3,30%x10x,1.0952,107.0185,-24.0871,-4.0273,69.7651,74.1050,37.5000,0.4459,8.0000,0.1060,0.2158
V3,F1_taker,17,72,3,risk1%,1.3512,39.5574,16.4709,2.3004,14.1316,18.2329,36.1111,0.2438,10.0000,0.3075,0.9144
V3,F1_taker,17,72,3,30%x10x,1.0340,39.5574,-36.4743,-6.5440,73.2815,76.5576,36.1111,0.1648,10.0000,0.0398,0.0818
V3,F1_taker,18,72,3,risk1%,1.0563,-201.6194,1.2471,0.1850,19.2406,22.3288,31.9444,0.0415,11.0000,0.0602,0.1514
V3,F1_taker,18,72,3,30%x10x,0.8392,-201.6194,-68.5760,-15.8585,85.9330,88.0731,31.9444,-0.8401,11.0000,-0.2086,-0.3880
V3,F1_taker,19,72,3,risk1%,1.1541,154.2563,5.9190,0.8614,15.3310,18.6986,34.7222,0.1092,10.0000,0.1428,0.4046
V3,F1_taker,19,72,3,30%x10x,1.1391,154.2563,-13.0744,-2.0683,65.8638,68.4183,34.7222,0.6427,10.0000,0.1507,0.3298
V3,F1_taker,20,72,3,risk1%,1.3129,-67.2198,14.4058,2.0277,17.5461,19.2117,36.1111,0.2145,7.0000,0.2929,0.8103
V3,F1_taker,20,72,3,30%x10x,0.9450,-67.2198,-54.9804,-11.2230,83.0286,84.8094,36.1111,-0.2801,7.0000,-0.0667,-0.1288
V3,F1_taker,21,71,4,risk1%,1.1378,-37.3365,5.2280,0.7630,17.9158,19.7324,36.6197,0.0945,6.0000,0.1407,0.3546
V3,F1_taker,21,71,4,30%x10x,0.9693,-37.3365,-52.0649,-10.3882,87.7895,88.5012,36.6197,-0.1578,6.0000,-0.0360,-0.0714
V3,F1_taker,22,72,3,risk1%,1.0334,-119.6391,0.1987,0.0296,19.5802,23.2824,33.3333,0.0239,10.0000,0.0373,0.0888
V3,F1_taker,22,72,3,30%x10x,0.9068,-119.6391,-62.2103,-13.5112,85.3850,87.8152,33.3333,-0.4985,10.0000,-0.1175,-0.2216
V3,F1_taker,23,72,3,risk1%,1.0783,-97.0124,2.3268,0.3437,19.3718,22.3257,36.1111,0.0542,12.0000,0.0821,0.2037
V3,F1_taker,23,72,3,30%x10x,0.9189,-97.0124,-57.2839,-11.9158,83.8982,86.4842,36.1111,-0.4042,12.0000,-0.0992,-0.1909
V3,F1_taker,24,71,4,risk1%,1.2157,20.7361,9.4867,1.3611,16.9003,18.6515,35.2113,0.1512,11.0000,0.2225,0.5607
V3,F1_taker,24,71,4,30%x10x,1.0179,20.7361,-40.4709,-7.4454,78.2433,80.5476,35.2113,0.0876,11.0000,0.0208,0.0418
V3,F1_taker,25,72,3,risk1%,1.1456,45.7223,5.5923,0.8150,14.1130,17.7954,37.5000,0.0972,5.0000,0.1495,0.3724
V3,F1_taker,25,72,3,30%x10x,1.0402,45.7223,-35.0576,-6.2360,76.4453,80.5998,37.5000,0.1905,5.0000,0.0465,0.0914
V3,F1_taker,26,72,3,risk1%,1.2295,19.3196,9.9258,1.4216,15.4689,19.0057,34.7222,0.1611,10.0000,0.2100,0.6041
V3,F1_taker,26,72,3,30%x10x,1.0165,19.3196,-40.1835,-7.3789,79.7799,81.6776,34.7222,0.0805,10.0000,0.0194,0.0407
V3,F1_taker,27,72,3,risk1%,1.1509,2.6727,6.1144,0.8892,18.3226,19.4911,33.3333,0.1085,11.0000,0.1518,0.4019
V3,F1_taker,27,72,3,30%x10x,1.0022,2.6727,-45.7308,-8.7138,84.5266,85.8748,33.3333,0.0111,11.0000,0.0026,0.0054
V3,F1_taker,28,72,3,risk1%,1.3612,91.8457,16.4008,2.2912,12.5716,14.1595,38.8889,0.2371,6.0000,0.3327,0.9198
V3,F1_taker,28,72,3,30%x10x,1.0777,91.8457,-29.7388,-5.1285,82.2514,83.6293,38.8889,0.3827,6.0000,0.0885,0.1783
V3,F1_taker,29,73,2,risk1%,1.0867,-64.3847,2.9951,0.4412,19.3359,22.4383,35.6164,0.0609,8.0000,0.0975,0.2284
V3,F1_taker,29,73,2,30%x10x,0.9426,-64.3847,-50.1768,-9.8703,82.8552,85.7748,35.6164,-0.2646,8.0000,-0.0691,-0.1368
V3,F1_taker,30,74,1,risk1%,1.0236,-102.4975,-0.3226,-0.0482,18.9071,21.6563,35.1351,0.0165,6.0000,0.0262,0.0627
V3,F1_taker,30,74,1,30%x10x,0.9155,-102.4975,-57.9202,-12.1128,82.7802,85.5593,35.1351,-0.4155,6.0000,-0.1050,-0.2022
V3,F1_taker,31,71,4,risk1%,1.0809,141.9030,2.4734,0.3651,17.7706,20.6270,33.8028,0.0582,10.0000,0.0846,0.2130
V3,F1_taker,31,71,4,30%x10x,1.1285,141.9030,-15.3927,-2.4624,75.5118,77.8110,33.8028,0.5996,10.0000,0.1390,0.3177
V3,F1_taker,32,72,3,risk1%,1.1253,-88.0723,4.6947,0.6867,19.3034,23.0193,34.7222,0.0884,6.0000,0.1272,0.3292
V3,F1_taker,32,72,3,30%x10x,0.9253,-88.0723,-55.6759,-11.4290,83.8513,86.5997,34.7222,-0.3670,6.0000,-0.0913,-0.1728
V3,F1_taker,33,72,3,risk1%,1.2702,54.4604,11.6885,1.6626,15.4847,17.3423,36.1111,0.1855,10.0000,0.2319,0.7026
V3,F1_taker,33,72,3,30%x10x,1.0455,54.4604,-36.5938,-6.5702,78.9590,81.1718,36.1111,0.2269,10.0000,0.0529,0.1067
V3,F1_taker,34,71,4,risk1%,1.1645,-46.0109,6.7292,0.9762,15.3472,18.8350,35.2113,0.1138,8.0000,0.1731,0.4253
V3,F1_taker,34,71,4,30%x10x,0.9618,-46.0109,-52.3899,-10.4791,80.3006,83.2627,35.2113,-0.1944,8.0000,-0.0452,-0.0892
V3,F1_taker,35,72,3,risk1%,1.3163,-9.6341,14.5277,2.0440,13.9663,16.5027,37.5000,0.2133,8.0000,0.3080,0.8148
V3,F1_taker,35,72,3,30%x10x,0.9917,-9.6341,-44.7827,-8.4776,83.8436,85.6719,37.5000,-0.0401,8.0000,-0.0098,-0.0197
V3,F1_taker,36,72,3,risk1%,1.1244,-47.1335,4.7244,0.6909,13.1928,15.8443,36.1111,0.0855,10.0000,0.1327,0.3243
V3,F1_taker,36,72,3,30%x10x,0.9601,-47.1335,-50.0176,-9.8274,77.7756,81.1804,36.1111,-0.1964,10.0000,-0.0485,-0.0947
V3,F1_taker,37,71,4,risk1%,1.3920,37.5247,18.2785,2.5356,15.6446,16.5681,36.6197,0.2697,6.0000,0.3318,1.0096
V3,F1_taker,37,71,4,30%x10x,1.0334,37.5247,-36.2888,-6.5033,79.3118,80.7845,36.6197,0.1586,6.0000,0.0380,0.0782
V3,F1_taker,38,74,1,risk1%,1.4151,353.2665,18.9465,2.6218,11.2155,12.7850,43.2432,0.2565,4.0000,0.3999,1.0327
V3,F1_taker,38,74,1,30%x10x,1.3601,353.2665,59.7354,7.2358,64.1979,67.2606,43.2432,1.4322,4.0000,0.3486,0.8065
V3,F1_taker,39,72,3,risk1%,1.3226,9.8766,14.5831,2.0513,16.5036,19.2867,36.1111,0.2235,11.0000,0.2694,0.8404
V3,F1_taker,39,72,3,30%x10x,1.0080,9.8766,-45.9278,-8.7633,82.5041,83.7159,36.1111,0.0412,11.0000,0.0094,0.0186
V3,F1_taker,40,72,3,risk1%,1.3920,142.1496,17.8984,2.4864,14.8025,15.9686,38.8889,0.2554,10.0000,0.3546,0.9965
V3,F1_taker,40,72,3,30%x10x,1.1234,142.1496,-16.5253,-2.6583,78.5479,81.0776,38.8889,0.5923,10.0000,0.1389,0.2917
V3,F1_taker,41,72,3,risk1%,1.1226,1.0099,4.6311,0.6776,15.9394,18.5070,34.7222,0.0864,10.0000,0.1275,0.3223
V3,F1_taker,41,72,3,30%x10x,1.0008,1.0099,-45.7260,-8.7126,78.8259,82.0698,34.7222,0.0042,10.0000,0.0010,0.0020
V3,F1_taker,42,72,3,risk1%,1.3445,0.2925,15.6233,2.1890,17.0459,19.6842,37.5000,0.2307,11.0000,0.3058,0.8819
V3,F1_taker,42,72,3,30%x10x,1.0003,0.2925,-44.5653,-8.4240,79.6245,82.0120,37.5000,0.0012,11.0000,0.0003,0.0006
V3,F1_taker,43,71,4,risk1%,1.3064,55.5086,13.9418,1.9659,13.6241,16.4504,36.6197,0.2112,6.0000,0.2875,0.7873
V3,F1_taker,43,71,4,30%x10x,1.0482,55.5086,-35.2880,-6.2857,75.4502,78.5571,36.6197,0.2345,6.0000,0.0547,0.1092
V3,F1_taker,44,72,3,risk1%,1.0961,74.1608,3.3498,0.4927,11.9558,15.1455,34.7222,0.0676,5.0000,0.1036,0.2528
V3,F1_taker,44,72,3,30%x10x,1.0639,74.1608,-31.0143,-5.3874,71.7808,74.2747,34.7222,0.3090,5.0000,0.0730,0.1551
V3,F1_taker,45,72,3,risk1%,1.3855,245.6214,17.5724,2.4441,8.7962,12.4980,38.8889,0.2499,5.0000,0.3601,0.9710
V3,F1_taker,45,72,3,30%x10x,1.2364,245.6214,16.3021,2.2782,58.1285,61.0857,38.8889,1.0234,5.0000,0.2429,0.5497
V3,F1_taker,46,72,3,risk1%,1.1302,49.0046,5.0228,0.7337,16.9514,18.8988,37.5000,0.0879,11.0000,0.1419,0.3353
V3,F1_taker,46,72,3,30%x10x,1.0418,49.0046,-37.6249,-6.7984,82.3168,83.4433,37.5000,0.2042,11.0000,0.0476,0.0957
V3,F1_taker,47,72,3,risk1%,1.5648,248.8975,26.7074,3.5939,13.0389,15.7147,38.8889,0.3691,10.0000,0.4123,1.4324
V3,F1_taker,47,72,3,30%x10x,1.2431,248.8975,18.7390,2.5951,70.9569,75.1235,38.8889,1.0371,10.0000,0.2485,0.5689
V3,F1_taker,48,72,3,risk1%,1.0739,29.3638,2.3222,0.3430,15.7647,19.2979,34.7222,0.0525,11.0000,0.0830,0.1944
V3,F1_taker,48,72,3,30%x10x,1.0244,29.3638,-42.6886,-7.9681,80.4383,82.6128,34.7222,0.1223,11.0000,0.0279,0.0562
V3,F1_taker,49,71,4,risk1%,1.0984,-72.9164,3.5689,0.5244,16.7041,20.6160,32.3944,0.0722,7.0000,0.1079,0.2614
V3,F1_taker,49,71,4,30%x10x,0.9406,-72.9164,-56.2144,-11.5903,86.9175,89.1387,32.3944,-0.3081,7.0000,-0.0716,-0.1393
V3,F1_taker,50,71,4,risk1%,1.5264,124.7710,24.1328,3.2772,14.4355,16.4302,40.8451,0.3333,10.0000,0.4439,1.3105
V3,F1_taker,50,71,4,30%x10x,1.1089,124.7710,-21.6946,-3.5821,77.4589,79.6502,40.8451,0.5272,10.0000,0.1216,0.2431
V3,F1_taker,51,72,3,risk1%,1.2445,-156.2746,11.1352,1.5873,17.3812,19.8917,33.3333,0.1757,11.0000,0.2333,0.6502
V3,F1_taker,51,72,3,30%x10x,0.8814,-156.2746,-66.6499,-15.1086,86.8723,88.9250,33.3333,-0.6511,11.0000,-0.1517,-0.2823
V3,F1_taker,52,72,3,risk1%,1.0644,-215.1304,1.6063,0.2380,20.1170,23.2073,31.9444,0.0474,11.0000,0.0673,0.1733
V3,F1_taker,52,72,3,30%x10x,0.8336,-215.1304,-70.4548,-16.6288,88.3288,90.3172,31.9444,-0.8964,11.0000,-0.2188,-0.4031
V3,F1_taker,53,72,3,risk1%,1.3492,56.5172,15.6279,2.1896,15.7857,18.0228,37.5000,0.2356,12.0000,0.2861,0.8997
V3,F1_taker,53,72,3,30%x10x,1.0496,56.5172,-34.7776,-6.1758,77.4103,78.8780,37.5000,0.2355,12.0000,0.0560,0.1123
V3,F1_taker,54,73,2,risk1%,1.1279,102.9690,5.0965,0.7442,13.9066,15.2793,32.8767,0.0929,10.0000,0.1344,0.3429
V3,F1_taker,54,73,2,30%x10x,1.0916,102.9690,-24.0338,-4.0173,73.6119,76.0621,32.8767,0.4232,10.0000,0.1019,0.2260
V3,F1_taker,55,72,3,risk1%,1.2960,169.2214,13.3427,1.8858,14.4201,16.7721,36.1111,0.2019,11.0000,0.2731,0.7675
V3,F1_taker,55,72,3,30%x10x,1.1554,169.2214,-8.1184,-1.2550,72.8444,75.9907,36.1111,0.7051,11.0000,0.1663,0.3740
V3,F1_taker,56,72,3,risk1%,1.4186,50.6847,19.6467,2.7117,14.8259,16.4748,37.5000,0.2834,11.0000,0.3447,1.0778
V3,F1_taker,56,72,3,30%x10x,1.0430,50.6847,-37.2375,-6.7123,80.9915,83.2751,37.5000,0.2112,11.0000,0.0495,0.0960
V3,F1_taker,57,72,3,risk1%,1.2828,107.8935,12.5969,1.7855,13.0255,14.8301,38.8889,0.1872,6.0000,0.2846,0.7200
V3,F1_taker,57,72,3,30%x10x,1.0971,107.8935,-24.1696,-4.0429,76.2279,78.6861,38.8889,0.4496,6.0000,0.1062,0.2188
V3,F1_taker,58,72,3,risk1%,1.0981,-304.8865,3.5056,0.5153,18.7078,21.6424,31.9444,0.0720,12.0000,0.1053,0.2636
V3,F1_taker,58,72,3,30%x10x,0.7715,-304.8865,-77.3938,-19.8922,90.6522,92.3847,31.9444,-1.2704,12.0000,-0.3127,-0.5497
V3,F1_taker,59,74,1,risk1%,1.4204,58.0814,20.3081,2.7962,14.0565,16.3015,37.8378,0.2835,11.0000,0.3542,1.0938
V3,F1_taker,59,74,1,30%x10x,1.0493,58.0814,-35.7290,-6.3812,80.3902,83.2716,37.8378,0.2355,11.0000,0.0565,0.1132
V3,F1_taker,60,71,4,risk1%,1.2419,111.0487,10.7554,1.5354,16.7998,18.9515,35.2113,0.1689,10.0000,0.2406,0.6305
V3,F1_taker,60,71,4,30%x10x,1.0959,111.0487,-23.2392,-3.8682,77.3079,80.0290,35.2113,0.4692,10.0000,0.1092,0.2313
V3,F1_taker,61,72,3,risk1%,1.1925,-22.1491,8.4217,1.2134,15.4821,17.3571,33.3333,0.1388,10.0000,0.1933,0.5115
V3,F1_taker,61,72,3,30%x10x,0.9813,-22.1491,-48.4708,-9.4165,78.3979,81.7123,33.3333,-0.0923,10.0000,-0.0219,-0.0436
V3,F1_taker,62,72,3,risk1%,1.1114,-72.3666,4.0975,0.6008,21.8396,23.4637,33.3333,0.0799,11.0000,0.1164,0.2960
V3,F1_taker,62,72,3,30%x10x,0.9417,-72.3666,-55.8392,-11.4777,88.9074,89.8444,33.3333,-0.3015,11.0000,-0.0711,-0.1432
V3,F1_taker,63,72,3,risk1%,1.2112,28.2517,9.3324,1.3398,14.6224,17.4655,34.7222,0.1480,10.0000,0.2170,0.5538
V3,F1_taker,63,72,3,30%x10x,1.0241,28.2517,-40.3730,-7.4227,75.0360,78.6970,34.7222,0.1177,10.0000,0.0279,0.0553
V3,F1_taker,64,72,3,risk1%,1.2075,-7.4086,8.9958,1.2932,18.0477,19.1858,36.1111,0.1433,7.0000,0.2117,0.5403
V3,F1_taker,64,72,3,30%x10x,0.9938,-7.4086,-46.5017,-8.9084,83.7580,85.7350,36.1111,-0.0309,7.0000,-0.0073,-0.0143
V3,F1_taker,65,73,2,risk1%,1.2431,141.1366,11.0659,1.5778,15.8562,19.1697,36.9863,0.1672,10.0000,0.2503,0.6331
V3,F1_taker,65,73,2,30%x10x,1.1280,141.1366,-15.7595,-2.5256,73.0001,76.4455,36.9863,0.5800,10.0000,0.1396,0.2920
V3,F1_taker,66,71,4,risk1%,1.1638,-57.4135,6.8552,0.9939,20.9394,24.6520,32.3944,0.1202,11.0000,0.1652,0.4360
V3,F1_taker,66,71,4,30%x10x,0.9523,-57.4135,-53.0628,-10.6689,85.1124,86.1943,32.3944,-0.2426,11.0000,-0.0572,-0.1153
V3,F1_taker,67,72,3,risk1%,1.3557,62.9458,16.2528,2.2718,12.6542,16.6493,37.5000,0.2379,5.0000,0.3177,0.9118
V3,F1_taker,67,72,3,30%x10x,1.0538,62.9458,-34.9347,-6.2095,75.1391,78.8525,37.5000,0.2623,5.0000,0.0612,0.1222
V3,F1_taker,68,72,3,risk1%,1.2367,9.3600,10.5987,1.5140,17.2190,19.4918,34.7222,0.1662,11.0000,0.2324,0.6221
V3,F1_taker,68,72,3,30%x10x,1.0078,9.3600,-44.3526,-8.3717,83.7258,85.7088,34.7222,0.0390,11.0000,0.0091,0.0182
V3,F1_taker,69,73,2,risk1%,1.1369,-147.8405,5.4897,0.8004,17.3059,20.3268,32.8767,0.0993,11.0000,0.1401,0.3675
V3,F1_taker,69,73,2,30%x10x,0.8832,-147.8405,-64.8608,-14.4443,84.7312,87.2204,32.8767,-0.6076,11.0000,-0.1466,-0.2736
V3,F1_taker,70,71,4,risk1%,1.3510,182.2596,15.6234,2.1890,12.3886,13.6452,39.4366,0.2302,5.0000,0.3237,0.8827
V3,F1_taker,70,71,4,30%x10x,1.1748,182.2596,-1.0872,-0.1629,66.4764,69.1478,39.4366,0.7701,5.0000,0.1852,0.4000
V3,F1_taker,71,71,4,risk1%,1.1566,-145.9231,5.9571,0.8668,19.0436,22.7752,29.5775,0.1192,11.0000,0.1357,0.4248
V3,F1_taker,71,71,4,30%x10x,0.8904,-145.9231,-66.7699,-15.1542,85.5334,86.8519,29.5775,-0.6166,11.0000,-0.1377,-0.2633
V3,F1_taker,72,71,4,risk1%,1.1093,-131.9255,3.9636,0.5815,20.0520,23.1856,32.3944,0.0796,12.0000,0.1135,0.2906
V3,F1_taker,72,71,4,30%x10x,0.8962,-131.9255,-63.0791,-13.8107,88.7260,90.0105,32.3944,-0.5574,12.0000,-0.1300,-0.2546
V3,F1_taker,73,71,4,risk1%,1.2610,91.8789,11.4974,1.6366,14.2528,16.5347,35.2113,0.1825,8.0000,0.2395,0.6802
V3,F1_taker,73,71,4,30%x10x,1.0812,91.8789,-26.3961,-4.4685,72.3122,75.1903,35.2113,0.3882,8.0000,0.0912,0.1980
V3,F1_taker,74,72,3,risk1%,1.3079,-81.8088,13.9721,1.9700,16.2639,20.2615,36.1111,0.2104,10.0000,0.2810,0.8009
V3,F1_taker,74,72,3,30%x10x,0.9324,-81.8088,-55.5438,-11.3896,81.1618,83.9736,36.1111,-0.3409,10.0000,-0.0836,-0.1587
V3,F1_taker,75,71,4,risk1%,1.2017,275.4789,8.6748,1.2486,14.1089,15.6275,36.6197,0.1392,10.0000,0.2118,0.5186
V3,F1_taker,75,71,4,30%x10x,1.2747,275.4789,28.7633,3.8429,70.5198,71.7125,36.6197,1.1640,10.0000,0.2745,0.6566
V3,F1_taker,76,71,4,risk1%,1.0827,-173.5893,2.6012,0.3838,19.1420,21.0029,30.9859,0.0620,11.0000,0.0867,0.2225
V3,F1_taker,76,71,4,30%x10x,0.8634,-173.5893,-67.0182,-15.2491,87.2770,88.5953,30.9859,-0.7335,11.0000,-0.1735,-0.3299
V3,F1_taker,77,72,3,risk1%,1.2074,-12.3569,8.7374,1.2573,18.0009,18.3230,34.7222,0.1456,11.0000,0.1911,0.5451
V3,F1_taker,77,72,3,30%x10x,0.9901,-12.3569,-49.7742,-9.7620,85.5915,86.2016,34.7222,-0.0515,11.0000,-0.0117,-0.0232
V3,F1_taker,78,72,3,risk1%,1.2899,39.7067,12.8582,1.8207,15.0374,16.3165,38.8889,0.1909,11.0000,0.2864,0.7382
V3,F1_taker,78,72,3,30%x10x,1.0350,39.7067,-36.4510,-6.5388,80.8855,83.1828,38.8889,0.1654,11.0000,0.0399,0.0816
V3,F1_taker,79,71,4,risk1%,1.0881,-91.6384,3.0758,0.4529,18.7561,21.8767,32.3944,0.0642,11.0000,0.0989,0.2343
V3,F1_taker,79,71,4,30%x10x,0.9273,-91.6384,-59.2173,-12.5223,85.4200,86.1752,32.3944,-0.3872,11.0000,-0.0893,-0.1700
V3,F1_taker,80,71,4,risk1%,1.2826,-109.1542,12.5292,1.7763,19.0574,20.0154,36.6197,0.1933,11.0000,0.2645,0.7283
V3,F1_taker,80,71,4,30%x10x,0.9141,-109.1542,-61.1682,-13.1595,86.7082,88.5917,36.6197,-0.4612,11.0000,-0.1070,-0.1977
V3,F1_taker,81,72,3,risk1%,1.2473,-26.9192,10.5853,1.5121,17.8498,19.8175,36.1111,0.1707,11.0000,0.2173,0.6442
V3,F1_taker,81,72,3,30%x10x,0.9784,-26.9192,-51.4621,-10.2210,84.3654,87.1235,36.1111,-0.1122,11.0000,-0.0257,-0.0509
V3,F1_taker,82,72,3,risk1%,0.9978,-221.6725,-1.7823,-0.2679,23.4661,26.1652,31.9444,-0.0016,12.0000,-0.0024,-0.0058
V3,F1_taker,82,72,3,30%x10x,0.8258,-221.6725,-71.2182,-16.9537,90.5535,91.9513,31.9444,-0.9236,12.0000,-0.2248,-0.4093
V3,F1_taker,83,73,2,risk1%,1.3220,-104.7594,14.6910,2.0656,14.7559,17.2132,35.6164,0.2219,11.0000,0.2709,0.8487
V3,F1_taker,83,73,2,30%x10x,0.9189,-104.7594,-60.6141,-12.9758,84.1242,86.2236,35.6164,-0.4305,11.0000,-0.1023,-0.1955
V3,F1_taker,84,72,3,risk1%,1.2414,92.9498,10.6508,1.5211,12.1436,14.3648,37.5000,0.1622,10.0000,0.2511,0.6187
V3,F1_taker,84,72,3,30%x10x,1.0847,92.9498,-26.2462,-4.4395,71.1969,75.8519,37.5000,0.3873,10.0000,0.0931,0.1876
V3,F1_taker,85,73,2,risk1%,1.2573,-82.9521,11.6983,1.6639,17.5488,19.1620,35.6164,0.1789,11.0000,0.2461,0.6775
V3,F1_taker,85,73,2,30%x10x,0.9315,-82.9521,-55.5993,-11.4061,83.4805,84.7782,35.6164,-0.3409,11.0000,-0.0844,-0.1642
V3,F1_taker,86,71,4,risk1%,1.1651,82.0622,6.7705,0.9820,14.5904,15.6400,36.6197,0.1139,8.0000,0.1747,0.4261
V3,F1_taker,86,71,4,30%x10x,1.0706,82.0622,-31.4993,-5.4869,75.5323,77.4535,36.6197,0.3467,8.0000,0.0793,0.1609
V3,F1_taker,87,72,3,risk1%,1.2870,60.5289,12.4183,1.7614,13.2301,16.4002,36.1111,0.1960,7.0000,0.2390,0.7410
V3,F1_taker,87,72,3,30%x10x,1.0542,60.5289,-33.3793,-5.8785,70.2576,74.3986,36.1111,0.2522,7.0000,0.0603,0.1223
V3,F1_taker,88,73,2,risk1%,1.0869,-32.1814,3.0229,0.4452,19.1076,19.7884,34.2466,0.0624,9.0000,0.0973,0.2318
V3,F1_taker,88,73,2,30%x10x,0.9739,-32.1814,-50.8120,-10.0426,81.4537,82.6223,34.2466,-0.1323,9.0000,-0.0313,-0.0632
V3,F1_taker,89,71,4,risk1%,1.3246,-11.3705,14.5707,2.0497,15.6016,18.3950,35.2113,0.2262,11.0000,0.2705,0.8457
V3,F1_taker,89,71,4,30%x10x,0.9906,-11.3705,-46.7207,-8.9641,82.4257,83.6313,35.2113,-0.0480,11.0000,-0.0112,-0.0227
V3,F1_taker,90,72,3,risk1%,1.2482,-46.5354,11.2848,1.6077,14.6672,18.0063,34.7222,0.1751,11.0000,0.2436,0.6508
V3,F1_taker,90,72,3,30%x10x,0.9605,-46.5354,-51.4860,-10.2276,81.4910,84.3263,34.7222,-0.1939,11.0000,-0.0467,-0.0901
V3,F1_taker,91,72,3,risk1%,1.1416,185.6315,5.5990,0.8159,14.5793,16.1124,36.1111,0.0981,10.0000,0.1484,0.3683
V3,F1_taker,91,72,3,30%x10x,1.1716,185.6315,-3.3954,-0.5139,68.0981,69.3101,36.1111,0.7735,10.0000,0.1832,0.4039
V3,F1_taker,92,73,2,risk1%,1.1752,-40.1321,7.2266,1.0462,17.5640,20.5502,36.9863,0.1195,10.0000,0.1761,0.4567
V3,F1_taker,92,73,2,30%x10x,0.9656,-40.1321,-48.0788,-9.3140,80.4973,83.4753,36.9863,-0.1649,10.0000,-0.0420,-0.0811
V3,F1_taker,93,72,3,risk1%,1.2541,125.6199,10.9208,1.5580,14.7674,16.1962,36.1111,0.1750,5.0000,0.2223,0.6606
V3,F1_taker,93,72,3,30%x10x,1.1109,125.6199,-19.9194,-3.2592,76.1874,77.4558,36.1111,0.5234,5.0000,0.1229,0.2674
V3,F1_taker,94,71,4,risk1%,1.2981,37.7992,13.5448,1.9128,17.3560,18.4748,36.6197,0.2055,11.0000,0.2841,0.7675
V3,F1_taker,94,71,4,30%x10x,1.0321,37.7992,-39.9960,-7.3356,82.4291,83.6119,36.6197,0.1597,11.0000,0.0367,0.0716
V3,F1_taker,95,72,3,risk1%,1.1422,-35.9314,5.7103,0.8318,15.9056,20.0278,33.3333,0.1015,10.0000,0.1472,0.3756
V3,F1_taker,95,72,3,30%x10x,0.9696,-35.9314,-49.8184,-9.7739,79.5464,83.1233,33.3333,-0.1497,10.0000,-0.0361,-0.0705
V3,F1_taker,96,72,3,risk1%,1.0849,-112.2783,2.5098,0.3704,17.3723,19.5991,34.7222,0.0595,11.0000,0.0845,0.2235
V3,F1_taker,96,72,3,30%x10x,0.9101,-112.2783,-59.9729,-12.7660,84.8964,87.4441,34.7222,-0.4678,11.0000,-0.1135,-0.2133
V3,F1_taker,97,72,3,risk1%,1.4935,95.7430,23.9490,3.2544,12.9736,14.1311,37.5000,0.3317,5.0000,0.4105,1.2707
V3,F1_taker,97,72,3,30%x10x,1.0820,95.7430,-27.7083,-4.7245,73.3795,74.6176,37.5000,0.3989,5.0000,0.0937,0.1897
V3,F1_taker,98,73,2,risk1%,1.1301,-335.8866,4.8372,0.7071,20.8294,24.6339,31.5068,0.0971,7.0000,0.1218,0.3534
V3,F1_taker,98,73,2,30%x10x,0.7535,-335.8866,-79.4685,-21.0343,90.1186,91.9260,31.5068,-1.3804,7.0000,-0.3451,-0.5914
V3,F1_taker,99,72,3,risk1%,1.3022,105.2228,13.4025,1.8938,13.6571,16.5010,38.8889,0.1997,11.0000,0.2861,0.7692
V3,F1_taker,99,72,3,30%x10x,1.0921,105.2228,-26.4261,-4.4743,79.1431,80.6494,38.8889,0.4384,11.0000,0.1020,0.2063
V3,F1_taker,100,71,4,risk1%,1.6588,218.9413,30.2254,4.0180,8.0902,9.7766,42.2535,0.4074,5.0000,0.4854,1.6125
V3,F1_taker,100,71,4,30%x10x,1.2082,218.9413,7.2593,1.0508,58.6331,64.9197,42.2535,0.9251,5.0000,0.2183,0.4589
V3,F1_taker,101,72,3,risk1%,1.1809,-76.4601,7.8209,1.1295,15.8615,18.6931,34.7222,0.1274,11.0000,0.1921,0.4764
V3,F1_taker,101,72,3,30%x10x,0.9379,-76.4601,-56.1069,-11.5580,82.5704,83.2322,34.7222,-0.3186,11.0000,-0.0757,-0.1491
V3,F1_taker,102,73,2,risk1%,1.1588,116.8386,6.4828,0.9413,16.1867,17.5675,36.9863,0.1077,7.0000,0.1668,0.4135
V3,F1_taker,102,73,2,30%x10x,1.0979,116.8386,-26.1041,-4.4121,77.8132,80.5660,36.9863,0.4802,7.0000,0.1102,0.2278
V3,F1_taker,103,72,3,risk1%,1.2058,95.8850,8.6717,1.2482,14.6791,17.2338,37.5000,0.1378,10.0000,0.2092,0.5304
V3,F1_taker,103,72,3,30%x10x,1.0796,95.8850,-31.2216,-5.4299,77.4739,79.1877,37.5000,0.3995,10.0000,0.0900,0.1837
V3,F1_taker,104,72,3,risk1%,1.1361,119.6889,5.2252,0.7626,14.7912,17.3794,36.1111,0.0934,10.0000,0.1403,0.3527
V3,F1_taker,104,72,3,30%x10x,1.1089,119.6889,-19.3977,-3.1654,72.0204,73.7204,36.1111,0.4987,10.0000,0.1197,0.2567
V3,F1_taker,105,72,3,risk1%,1.0317,-81.8478,0.1799,0.0268,18.2070,21.7779,34.7222,0.0223,8.0000,0.0360,0.0830
V3,F1_taker,105,72,3,30%x10x,0.9293,-81.8478,-54.3949,-11.0517,82.3335,85.4070,34.7222,-0.3410,8.0000,-0.0849,-0.1680
V3,F1_taker,106,73,2,risk1%,1.0495,-309.0309,0.6647,0.0989,21.4449,24.5430,32.8767,0.0361,12.0000,0.0496,0.1332
V3,F1_taker,106,73,2,30%x10x,0.7677,-309.0309,-77.7892,-20.1028,90.0282,91.7963,32.8767,-1.2700,12.0000,-0.3160,-0.5492
V3,F1_taker,107,72,3,risk1%,0.9484,-171.6659,-3.9947,-0.6062,20.6659,23.7393,31.9444,-0.0380,12.0000,-0.0634,-0.1388
V3,F1_taker,107,72,3,30%x10x,0.8601,-171.6659,-65.5664,-14.7028,85.8797,88.2281,31.9444,-0.7153,12.0000,-0.1773,-0.3368
V3,F1_taker,108,71,4,risk1%,1.1215,-64.8130,4.5296,0.6630,15.3148,17.3170,33.8028,0.0865,8.0000,0.1253,0.3193
V3,F1_taker,108,71,4,30%x10x,0.9450,-64.8130,-53.3409,-10.7481,80.8506,83.5210,33.8028,-0.2739,8.0000,-0.0656,-0.1303
V3,F1_taker,109,71,4,risk1%,1.1750,-137.5114,7.1483,1.0352,17.2761,20.1490,35.2113,0.1221,12.0000,0.1740,0.4551
V3,F1_taker,109,71,4,30%x10x,0.8949,-137.5114,-66.0136,-14.8689,85.9448,88.5519,35.2113,-0.5810,12.0000,-0.1305,-0.2372
V3,F1_taker,110,74,1,risk1%,1.0419,-50.0912,0.6206,0.0923,18.1811,21.3109,33.7838,0.0296,11.0000,0.0466,0.1121
V3,F1_taker,110,74,1,30%x10x,0.9603,-50.0912,-54.2578,-11.0119,83.2870,85.4212,33.7838,-0.2031,11.0000,-0.0480,-0.0970
V3,F1_taker,111,72,3,risk1%,0.9730,-194.0078,-2.9032,-0.4385,20.2093,23.8329,30.5556,-0.0203,10.0000,-0.0321,-0.0734
V3,F1_taker,111,72,3,30%x10x,0.8457,-194.0078,-67.3137,-15.3628,85.4909,87.9319,30.5556,-0.8084,10.0000,-0.2030,-0.3868
V3,F1_taker,112,72,3,risk1%,1.3206,55.8107,14.2621,2.0086,16.8350,20.2078,38.8889,0.2134,12.0000,0.2865,0.8156
V3,F1_taker,112,72,3,30%x10x,1.0521,55.8107,-31.0186,-5.3883,80.5262,82.9394,38.8889,0.2325,12.0000,0.0578,0.1182
V3,F1_taker,113,71,4,risk1%,1.1614,-3.4859,6.5159,0.9460,15.5639,19.0580,35.2113,0.1123,11.0000,0.1650,0.4199
V3,F1_taker,113,71,4,30%x10x,0.9970,-3.4859,-44.6968,-8.4564,79.1353,81.5952,35.2113,-0.0147,11.0000,-0.0035,-0.0071
V3,F1_taker,114,74,1,risk1%,1.0141,-95.5018,-0.7001,-0.1047,18.4319,21.5104,33.7838,0.0102,11.0000,0.0167,0.0379
V3,F1_taker,114,74,1,30%x10x,0.9250,-95.5018,-60.3659,-12.8942,84.9642,87.5928,33.7838,-0.3872,11.0000,-0.0919,-0.1754
V3,F1_taker,115,72,3,risk1%,1.2080,43.0466,8.7150,1.2542,15.1277,18.4367,36.1111,0.1433,11.0000,0.1951,0.5413
V3,F1_taker,115,72,3,30%x10x,1.0367,43.0466,-38.1605,-6.9182,78.9580,81.0892,36.1111,0.1794,11.0000,0.0419,0.0869
V3,F1_taker,116,72,3,risk1%,1.3670,-10.3700,16.8227,2.3464,16.3479,19.7089,36.1111,0.2524,10.0000,0.2969,0.9556
V3,F1_taker,116,72,3,30%x10x,0.9911,-10.3700,-44.3376,-8.3680,79.6801,81.8175,36.1111,-0.0432,10.0000,-0.0107,-0.0208
V3,F1_taker,117,71,4,risk1%,1.1440,167.3191,5.6162,0.8184,15.4970,17.0023,36.6197,0.0987,10.0000,0.1505,0.3707
V3,F1_taker,117,71,4,30%x10x,1.1494,167.3191,-12.5726,-1.9842,74.2332,76.5955,36.6197,0.7070,10.0000,0.1595,0.3426
V3,F1_taker,118,71,4,risk1%,1.3241,100.5098,13.8201,1.9497,14.3977,17.7535,38.0282,0.2157,6.0000,0.2619,0.8235
V3,F1_taker,118,71,4,30%x10x,1.0920,100.5098,-23.5663,-3.9294,74.7986,77.3729,38.0282,0.4247,6.0000,0.1009,0.2146
V3,F1_taker,119,71,4,risk1%,1.1999,62.5648,8.2555,1.1902,15.9934,17.2715,36.6197,0.1380,10.0000,0.1906,0.5149
V3,F1_taker,119,71,4,30%x10x,1.0561,62.5648,-31.7319,-5.5349,71.4177,75.7968,36.6197,0.2644,10.0000,0.0633,0.1282
V3,F1_taker,120,71,4,risk1%,1.0860,-87.7556,2.7380,0.4037,19.2583,23.2736,32.3944,0.0630,11.0000,0.0895,0.2286
V3,F1_taker,120,71,4,30%x10x,0.9310,-87.7556,-59.2321,-12.5270,86.3203,87.4400,32.3944,-0.3708,11.0000,-0.0844,-0.1634
V3,F1_taker,121,71,4,risk1%,1.0825,-215.4609,2.4854,0.3669,21.0064,22.6571,32.3944,0.0602,12.0000,0.0843,0.2195
V3,F1_taker,121,71,4,30%x10x,0.8374,-215.4609,-72.1781,-17.3728,89.2051,91.0086,32.3944,-0.9104,12.0000,-0.2093,-0.3812
V3,F1_taker,122,72,3,risk1%,1.2605,0.0671,11.9501,1.6981,16.3891,18.8720,34.7222,0.1837,10.0000,0.2544,0.6846
V3,F1_taker,122,72,3,30%x10x,1.0001,0.0671,-45.1891,-8.5784,78.8456,81.1892,34.7222,0.0003,10.0000,0.0001,0.0001
V3,F1_taker,123,71,4,risk1%,1.1888,-97.0063,7.8785,1.1376,17.7065,19.2785,35.2113,0.1317,11.0000,0.1879,0.4921
V3,F1_taker,123,71,4,30%x10x,0.9225,-97.0063,-58.6806,-12.3515,84.6124,85.7661,35.2113,-0.4099,11.0000,-0.0967,-0.1839
V3,F1_taker,124,72,3,risk1%,1.2675,-143.8132,12.2026,1.7322,16.9516,18.4409,34.7222,0.1889,6.0000,0.2510,0.7051
V3,F1_taker,124,72,3,30%x10x,0.8903,-143.8132,-65.6573,-14.7364,86.8839,88.2017,34.7222,-0.5992,6.0000,-0.1389,-0.2578
V3,F1_taker,125,72,3,risk1%,1.2368,56.2542,10.0670,1.4410,15.0327,17.3078,37.5000,0.1579,11.0000,0.2270,0.6087
V3,F1_taker,125,72,3,30%x10x,1.0480,56.2542,-34.9057,-6.2033,80.6227,82.3084,37.5000,0.2344,11.0000,0.0554,0.1132
V3,F1_taker,126,72,3,risk1%,1.2262,-34.9270,9.9127,1.4198,16.3581,18.0302,36.1111,0.1567,11.0000,0.2225,0.5886
V3,F1_taker,126,72,3,30%x10x,0.9711,-34.9270,-51.1409,-10.1326,79.5043,82.0199,36.1111,-0.1455,11.0000,-0.0343,-0.0656
V3,F1_taker,127,72,3,risk1%,1.3781,189.2308,17.4479,2.4279,15.1017,16.5098,37.5000,0.2553,11.0000,0.3226,0.9747
V3,F1_taker,127,72,3,30%x10x,1.1752,189.2308,-0.1720,-0.0257,75.1206,78.1670,37.5000,0.7885,11.0000,0.1902,0.4199
V3,F1_taker,128,71,4,risk1%,1.3191,155.3807,14.4410,2.0324,12.8881,16.9553,38.0282,0.2122,10.0000,0.3233,0.8105
V3,F1_taker,128,71,4,30%x10x,1.1392,155.3807,-13.2096,-2.0911,68.8565,73.3827,38.0282,0.6565,10.0000,0.1525,0.3122
V3,F1_taker,129,71,4,risk1%,1.2388,6.2449,10.5237,1.5037,17.3549,20.2825,35.2113,0.1673,11.0000,0.2319,0.6206
V3,F1_taker,129,71,4,30%x10x,1.0053,6.2449,-43.7070,-8.2139,80.6002,81.5306,35.2113,0.0264,11.0000,0.0062,0.0123
V3,F1_taker,130,74,1,risk1%,1.3320,38.8504,15.5251,2.1760,14.7312,19.2481,37.8378,0.2217,12.0000,0.3124,0.8604
V3,F1_taker,130,74,1,30%x10x,1.0340,38.8504,-36.8374,-6.6238,81.9616,83.7040,37.8378,0.1575,12.0000,0.0390,0.0793
V3,F1_taker,131,72,3,risk1%,1.1715,-55.3618,7.2382,1.0478,16.9187,19.1324,36.1111,0.1185,12.0000,0.1841,0.4465
V3,F1_taker,131,72,3,30%x10x,0.9545,-55.3618,-53.5580,-10.8101,84.1817,85.6255,36.1111,-0.2307,12.0000,-0.0545,-0.1072
V3,F1_taker,132,72,3,risk1%,1.3543,88.1921,15.9919,2.2375,15.9099,16.6356,38.8889,0.2341,8.0000,0.3160,0.9000
V3,F1_taker,132,72,3,30%x10x,1.0774,88.1921,-30.2340,-5.2286,80.2197,81.4509,38.8889,0.3675,8.0000,0.0855,0.1702
V3,F1_taker,133,72,3,risk1%,1.2779,-11.5447,12.1211,1.7212,14.6304,15.9415,36.1111,0.1916,6.0000,0.2369,0.7222
V3,F1_taker,133,72,3,30%x10x,0.9895,-11.5447,-42.0534,-7.8166,76.4684,78.2006,36.1111,-0.0481,6.0000,-0.0123,-0.0249
V3,F1_taker,134,72,3,risk1%,1.3224,-93.6535,15.1102,2.1212,18.6837,19.7833,33.3333,0.2315,12.0000,0.2744,0.8545
V3,F1_taker,134,72,3,30%x10x,0.9246,-93.6535,-58.5613,-12.3138,84.5209,86.2302,33.3333,-0.3902,12.0000,-0.0925,-0.1796
V3,F1_taker,135,73,2,risk1%,1.0863,-237.1795,2.6847,0.3960,19.9836,23.0551,32.8767,0.0630,12.0000,0.0876,0.2321
V3,F1_taker,135,73,2,30%x10x,0.8091,-237.1795,-71.3679,-17.0182,87.0535,88.9792,32.8767,-0.9747,12.0000,-0.2497,-0.4511
V3,F1_taker,136,71,4,risk1%,1.2208,89.9444,9.6230,1.3799,15.2851,19.7294,35.2113,0.1544,11.0000,0.2201,0.5751
V3,F1_taker,136,71,4,30%x10x,1.0772,89.9444,-30.0876,-5.1989,76.3993,79.7568,35.2113,0.3800,11.0000,0.0865,0.1804
V3,F1_taker,137,73,2,risk1%,1.1427,-133.8561,5.8013,0.8447,16.1724,18.1175,34.2466,0.1008,6.0000,0.1498,0.3786
V3,F1_taker,137,73,2,30%x10x,0.8986,-133.8561,-65.0913,-14.5282,84.6846,87.2436,34.2466,-0.5501,6.0000,-0.1276,-0.2397
V3,F1_taker,138,72,3,risk1%,1.1785,-27.6638,7.5992,1.0985,16.2772,18.4950,33.3333,0.1278,11.0000,0.1793,0.4714
V3,F1_taker,138,72,3,30%x10x,0.9772,-27.6638,-50.3477,-9.9164,81.5245,84.2471,33.3333,-0.1153,11.0000,-0.0270,-0.0531
V3,F1_taker,139,73,2,risk1%,1.0438,-247.0543,0.2641,0.0393,24.2564,25.5479,30.1370,0.0332,12.0000,0.0435,0.1202
V3,F1_taker,139,73,2,30%x10x,0.8162,-247.0543,-73.7557,-18.0891,91.8328,91.9854,30.1370,-1.0153,12.0000,-0.2454,-0.4616
V3,F1_taker,140,71,4,risk1%,1.2080,7.3616,8.8689,1.2756,13.5750,15.7612,35.2113,0.1453,6.0000,0.2040,0.5412
V3,F1_taker,140,71,4,30%x10x,1.0063,7.3616,-42.1742,-7.8453,76.2585,78.2022,35.2113,0.0311,6.0000,0.0074,0.0150
V3,F1_taker,141,73,2,risk1%,1.0435,-58.5106,0.5589,0.0832,18.9838,22.2853,34.2466,0.0311,11.0000,0.0461,0.1157
V3,F1_taker,141,73,2,30%x10x,0.9518,-58.5106,-54.0117,-10.9406,84.7808,87.4267,34.2466,-0.2405,11.0000,-0.0579,-0.1121
V3,F1_taker,142,74,1,risk1%,1.0025,-143.4029,-1.2870,-0.1930,16.9444,20.7771,33.7838,0.0018,10.0000,0.0030,0.0067
V3,F1_taker,142,74,1,30%x10x,0.8856,-143.4029,-62.8102,-13.7174,82.4707,85.1470,33.7838,-0.5814,10.0000,-0.1474,-0.2760
V3,F1_taker,143,71,4,risk1%,1.2036,-125.5234,8.7168,1.2545,17.5969,21.5625,32.3944,0.1481,10.0000,0.1903,0.5417
V3,F1_taker,143,71,4,30%x10x,0.9021,-125.5234,-62.3897,-13.5726,84.1137,86.1186,32.3944,-0.5304,10.0000,-0.1239,-0.2392
V3,F1_taker,144,72,3,risk1%,1.2409,-9.2553,10.8163,1.5438,15.7287,18.8375,36.1111,0.1675,11.0000,0.2411,0.6260
V3,F1_taker,144,72,3,30%x10x,0.9921,-9.2553,-45.5639,-8.6720,84.0401,85.6642,36.1111,-0.0386,11.0000,-0.0093,-0.0182
V3,F1_taker,145,71,4,risk1%,1.1998,-78.3318,8.3924,1.2093,15.1023,18.1747,32.3944,0.1455,10.0000,0.1811,0.5318
V3,F1_taker,145,71,4,30%x10x,0.9399,-78.3318,-59.2060,-12.5187,80.9383,82.4186,32.3944,-0.3310,10.0000,-0.0738,-0.1438
V3,F1_taker,146,72,3,risk1%,1.2785,164.3313,12.2364,1.7368,14.4959,15.8101,38.8889,0.1845,11.0000,0.2687,0.7095
V3,F1_taker,146,72,3,30%x10x,1.1456,164.3313,-12.8715,-2.0343,78.3174,80.9492,38.8889,0.6847,11.0000,0.1579,0.3275
V3,F1_taker,147,74,1,risk1%,1.1247,-4.4478,4.7975,0.7014,13.5147,16.5751,36.4865,0.0852,10.0000,0.1323,0.3284
V3,F1_taker,147,74,1,30%x10x,0.9962,-4.4478,-42.0750,-7.8218,73.3302,77.6606,36.4865,-0.0180,10.0000,-0.0046,-0.0094
V3,F1_taker,148,71,4,risk1%,1.3199,4.9197,14.6038,2.0541,18.1804,19.6756,36.6197,0.2186,11.0000,0.3020,0.8232
V3,F1_taker,148,71,4,30%x10x,1.0042,4.9197,-43.1170,-8.0710,86.9630,88.2527,36.6197,0.0208,11.0000,0.0049,0.0099
V3,F1_taker,149,72,3,risk1%,1.3464,60.5673,15.9322,2.2296,11.9110,14.3651,36.1111,0.2399,8.0000,0.2896,0.9017
V3,F1_taker,149,72,3,30%x10x,1.0504,60.5673,-36.8921,-6.6359,71.7064,76.0226,36.1111,0.2524,8.0000,0.0579,0.1157
V3,F1_taker,150,72,3,risk1%,1.3959,70.9690,18.6158,2.5792,15.7579,19.3993,36.1111,0.2721,10.0000,0.3275,1.0297
V3,F1_taker,150,72,3,30%x10x,1.0606,70.9690,-31.7409,-5.5367,76.7746,79.6414,36.1111,0.2957,10.0000,0.0701,0.1451
V3,F1_taker,151,71,4,risk1%,1.3731,38.2301,17.2327,2.3999,14.1694,16.3897,35.2113,0.2598,6.0000,0.3060,0.9646
V3,F1_taker,151,71,4,30%x10x,1.0344,38.2301,-34.2240,-6.0574,72.0234,74.1931,35.2113,0.1615,6.0000,0.0398,0.0819
V3,F1_taker,152,71,4,risk1%,1.1215,-40.6374,4.5913,0.6718,17.9712,19.6970,32.3944,0.0886,11.0000,0.1251,0.3214
V3,F1_taker,152,71,4,30%x10x,0.9664,-40.6374,-52.0902,-10.3952,84.7066,85.6416,32.3944,-0.1717,11.0000,-0.0395,-0.0796
V3,F1_taker,153,72,3,risk1%,1.2114,-3.6955,9.4451,1.3553,17.4843,21.1027,33.3333,0.1529,10.0000,0.2086,0.5622
V3,F1_taker,153,72,3,30%x10x,0.9970,-3.6955,-46.9626,-9.0259,81.2187,82.9115,33.3333,-0.0154,10.0000,-0.0036,-0.0071
V3,F1_taker,154,72,3,risk1%,1.2340,-11.2501,10.2372,1.4644,14.8601,18.9051,36.1111,0.1603,6.0000,0.2301,0.6034
V3,F1_taker,154,72,3,30%x10x,0.9899,-11.2501,-43.3428,-8.1255,78.1728,81.4894,36.1111,-0.0469,6.0000,-0.0118,-0.0231
V3,F1_taker,155,71,4,risk1%,1.2681,223.5146,11.5042,1.6375,14.7452,16.9417,38.0282,0.1775,5.0000,0.2568,0.6794
V3,F1_taker,155,71,4,30%x10x,1.2026,223.5146,3.4199,0.5029,72.5869,75.0377,38.0282,0.9444,5.0000,0.2137,0.4556
V3,F1_taker,156,72,3,risk1%,0.9883,-201.6092,-2.4043,-0.3624,21.5809,25.2551,30.5556,-0.0088,11.0000,-0.0126,-0.0317
V3,F1_taker,156,72,3,30%x10x,0.8377,-201.6092,-67.7587,-15.5356,85.5862,87.9629,30.5556,-0.8400,11.0000,-0.2125,-0.4069
V3,F1_taker,157,73,2,risk1%,1.1543,-117.9318,6.2116,0.9029,14.8560,17.2129,36.9863,0.1051,6.0000,0.1595,0.4022
V3,F1_taker,157,73,2,30%x10x,0.9023,-117.9318,-59.3202,-12.5552,83.0492,85.8098,36.9863,-0.4847,6.0000,-0.1230,-0.2260
V3,F1_taker,158,71,4,risk1%,1.3378,34.1990,15.6778,2.1961,15.1379,18.9020,35.2113,0.2348,10.0000,0.3070,0.8776
V3,F1_taker,158,71,4,30%x10x,1.0290,34.1990,-38.8686,-7.0780,81.9890,83.3938,35.2113,0.1445,10.0000,0.0339,0.0681
V3,F1_taker,159,72,3,risk1%,1.2505,5.1512,10.8531,1.5488,16.2960,18.8412,37.5000,0.1686,11.0000,0.2381,0.6453
V3,F1_taker,159,72,3,30%x10x,1.0043,5.1512,-43.9717,-8.2784,81.4507,82.8667,37.5000,0.0215,11.0000,0.0051,0.0101
V3,F1_taker,160,72,3,risk1%,1.1023,-267.5946,3.5107,0.5160,20.7633,23.8604,30.5556,0.0764,11.0000,0.1023,0.2776
V3,F1_taker,160,72,3,30%x10x,0.8048,-267.5946,-76.2358,-19.2930,88.2092,90.2155,30.5556,-1.1150,11.0000,-0.2604,-0.4674
V3,F1_taker,161,72,3,risk1%,1.1866,-56.1573,7.7827,1.1242,15.2181,18.1702,33.3333,0.1344,8.0000,0.1736,0.4958
V3,F1_taker,161,72,3,30%x10x,0.9549,-56.1573,-54.6449,-11.1246,78.9963,82.1770,33.3333,-0.2340,8.0000,-0.0546,-0.1063
V3,F1_taker,162,72,3,risk1%,1.1819,53.7089,7.7335,1.1173,14.9164,19.2223,34.7222,0.1275,10.0000,0.1863,0.4779
V3,F1_taker,162,72,3,30%x10x,1.0446,53.7089,-37.6816,-6.8111,82.0702,85.0625,34.7222,0.2238,10.0000,0.0512,0.1071
V3,F1_taker,163,72,3,risk1%,1.3311,-146.6190,15.4160,2.1616,15.3938,19.0388,33.3333,0.2379,11.0000,0.2712,0.8814
V3,F1_taker,163,72,3,30%x10x,0.8833,-146.6190,-63.7266,-14.0379,86.5361,88.9232,33.3333,-0.6109,11.0000,-0.1484,-0.2829
V3,F1_taker,164,72,3,risk1%,1.2530,160.3755,11.0534,1.5761,10.9402,14.6173,38.8889,0.1682,8.0000,0.2541,0.6448
V3,F1_taker,164,72,3,30%x10x,1.1548,160.3755,-6.3513,-0.9740,69.9997,72.7566,38.8889,0.6682,8.0000,0.1641,0.3599
V3,F1_taker,165,72,3,risk1%,1.2714,-115.5370,11.9100,1.6926,15.5274,17.0389,36.1111,0.1866,8.0000,0.2412,0.7067
V3,F1_taker,165,72,3,30%x10x,0.9050,-115.5370,-60.0506,-12.7912,81.3487,82.8714,36.1111,-0.4814,8.0000,-0.1172,-0.2230
V3,F1_taker,166,72,3,risk1%,1.1990,93.8875,8.3154,1.1986,15.2959,17.5681,37.5000,0.1340,10.0000,0.1997,0.5110
V3,F1_taker,166,72,3,30%x10x,1.0834,93.8875,-26.6496,-4.5177,71.8271,75.9587,37.5000,0.3912,10.0000,0.0931,0.1911
V3,F1_taker,167,72,3,risk1%,1.2783,37.1116,12.1519,1.7254,15.7212,16.9808,37.5000,0.1867,6.0000,0.2539,0.7148
V3,F1_taker,167,72,3,30%x10x,1.0309,37.1116,-39.9225,-7.3187,82.8913,83.9269,37.5000,0.1546,6.0000,0.0359,0.0721
V3,F1_taker,168,71,4,risk1%,1.1920,15.3808,8.0168,1.1569,17.3511,19.0128,35.2113,0.1326,11.0000,0.1928,0.4962
V3,F1_taker,168,71,4,30%x10x,1.0127,15.3808,-44.6496,-8.4448,83.2814,85.6736,35.2113,0.0650,11.0000,0.0148,0.0286
V3,F1_taker,169,74,1,risk1%,1.2473,-91.8373,11.4375,1.6285,15.9628,18.5149,35.1351,0.1729,11.0000,0.2440,0.6553
V3,F1_taker,169,74,1,30%x10x,0.9283,-91.8373,-60.1969,-12.8390,86.0190,87.2449,35.1351,-0.3723,11.0000,-0.0879,-0.1661
V3,F1_taker,170,71,4,risk1%,1.2163,-259.7619,9.1483,1.3143,19.4519,21.4725,32.3944,0.1576,12.0000,0.1890,0.5759
V3,F1_taker,170,71,4,30%x10x,0.8059,-259.7619,-75.3447,-18.8487,88.6953,90.4156,32.3944,-1.0976,12.0000,-0.2553,-0.4567
V3,F1_taker,171,72,3,risk1%,1.1804,-36.1615,7.4594,1.0789,17.4707,19.7167,37.5000,0.1214,12.0000,0.1882,0.4633
V3,F1_taker,171,72,3,30%x10x,0.9705,-36.1615,-52.3327,-10.4630,85.8983,87.1149,37.5000,-0.1507,12.0000,-0.0348,-0.0677
V3,F1_taker,172,72,3,risk1%,1.0585,-41.5089,1.2060,0.1790,20.1051,22.8927,33.3333,0.0423,10.0000,0.0594,0.1555
V3,F1_taker,172,72,3,30%x10x,0.9633,-41.5089,-46.7862,-8.9808,77.1569,80.6728,33.3333,-0.1730,10.0000,-0.0443,-0.0913
V3,F1_taker,173,75,0,risk1%,1.1466,-140.6106,5.9893,0.8714,16.1188,19.1769,34.6667,0.1031,11.0000,0.1488,0.3927
V3,F1_taker,173,75,0,30%x10x,0.8853,-140.6106,-61.9429,-13.4202,85.4615,86.5512,34.6667,-0.5624,11.0000,-0.1461,-0.2762
V3,F1_taker,174,71,4,risk1%,1.2328,94.8623,9.9374,1.4232,16.2384,17.5976,38.0282,0.1556,11.0000,0.2361,0.5921
V3,F1_taker,174,71,4,30%x10x,1.0849,94.8623,-26.6354,-4.5149,77.8146,79.6312,38.0282,0.4008,11.0000,0.0940,0.1898
V3,F1_taker,175,72,3,risk1%,1.2308,144.9079,10.0960,1.4450,13.3610,15.9353,37.5000,0.1556,10.0000,0.2385,0.5941
V3,F1_taker,175,72,3,30%x10x,1.1333,144.9079,-12.4673,-1.9666,69.9585,73.7110,37.5000,0.6038,10.0000,0.1458,0.3150
V3,F1_taker,176,75,0,risk1%,1.2908,-111.3576,12.6432,1.7917,14.4603,16.7504,38.6667,0.1903,6.0000,0.2437,0.7520
V3,F1_taker,176,75,0,30%x10x,0.9071,-111.3576,-58.9984,-12.4524,82.2284,85.2361,38.6667,-0.4454,6.0000,-0.1151,-0.2093
V3,F1_taker,177,72,3,risk1%,1.4017,224.6393,18.4952,2.5636,13.7374,16.4689,38.8889,0.2621,10.0000,0.3673,1.0212
V3,F1_taker,177,72,3,30%x10x,1.2073,224.6393,7.1458,1.0348,67.5686,72.0158,38.8889,0.9360,10.0000,0.2198,0.4766
V3,F1_taker,178,72,3,risk1%,1.0502,11.9995,1.1154,0.1656,19.7449,22.6928,34.7222,0.0358,11.0000,0.0570,0.1320
V3,F1_taker,178,72,3,30%x10x,1.0104,11.9995,-42.4309,-7.9065,82.6566,84.1115,34.7222,0.0500,11.0000,0.0119,0.0246
V3,F1_taker,179,71,4,risk1%,1.1958,67.3897,8.5231,1.2275,14.6114,16.1139,35.2113,0.1371,5.0000,0.2097,0.5100
V3,F1_taker,179,71,4,30%x10x,1.0579,67.3897,-33.7924,-5.9657,75.4592,79.1536,35.2113,0.2847,5.0000,0.0657,0.1330
V3,F1_taker,180,72,3,risk1%,1.2481,-97.4870,11.2152,1.5982,18.2272,20.0180,34.7222,0.1750,11.0000,0.2395,0.6533
V3,F1_taker,180,72,3,30%x10x,0.9211,-97.4870,-58.7302,-12.3672,84.5494,86.8785,34.7222,-0.4062,11.0000,-0.0972,-0.1839
V3,F1_taker,181,71,4,risk1%,1.2117,38.3765,8.6786,1.2491,17.0726,18.1655,36.6197,0.1455,8.0000,0.1927,0.5452
V3,F1_taker,181,71,4,30%x10x,1.0339,38.3765,-36.8200,-6.6200,82.1354,83.3186,36.6197,0.1622,8.0000,0.0385,0.0799
V3,F1_taker,182,72,3,risk1%,1.5409,182.5568,25.1020,3.3971,11.9442,13.4135,40.2778,0.3467,7.0000,0.4144,1.3588
V3,F1_taker,182,72,3,30%x10x,1.1700,182.5568,-2.1886,-0.3295,72.0047,74.3632,40.2778,0.7607,7.0000,0.1838,0.3932
V3,F1_taker,183,72,3,risk1%,0.9728,-112.5250,-2.6621,-0.4017,20.0460,23.6418,33.3333,-0.0195,6.0000,-0.0333,-0.0720
V3,F1_taker,183,72,3,30%x10x,0.9080,-112.5250,-59.7307,-12.6874,84.0395,86.4789,33.3333,-0.4689,6.0000,-0.1140,-0.2185
V3,F1_taker,184,72,3,risk1%,1.2473,37.5886,10.6963,1.5273,15.8585,17.6518,34.7222,0.1750,10.0000,0.2120,0.6510
V3,F1_taker,184,72,3,30%x10x,1.0311,37.5886,-41.2618,-7.6299,78.7349,82.1476,34.7222,0.1566,10.0000,0.0357,0.0726
V3,F1_taker,185,71,4,risk1%,1.2785,-58.0253,12.1760,1.7286,17.0513,19.2974,35.2113,0.1952,11.0000,0.2378,0.7255
V3,F1_taker,185,71,4,30%x10x,0.9525,-58.0253,-54.5662,-11.1017,82.3428,83.7095,35.2113,-0.2452,11.0000,-0.0569,-0.1088
V3,F1_taker,186,71,4,risk1%,1.3967,40.8221,18.4509,2.5579,18.1517,19.7229,35.2113,0.2767,11.0000,0.3145,1.0253
V3,F1_taker,186,71,4,30%x10x,1.0355,40.8221,-37.6929,-6.8136,80.7224,81.9659,35.2113,0.1725,11.0000,0.0404,0.0808
V3,F1_taker,187,73,2,risk1%,1.0927,-64.6456,3.2362,0.4762,15.5626,17.8519,34.2466,0.0660,10.0000,0.1007,0.2463
V3,F1_taker,187,73,2,30%x10x,0.9439,-64.6456,-51.5108,-10.2344,79.2734,82.3647,34.2466,-0.2657,10.0000,-0.0679,-0.1333
V3,F1_taker,188,72,3,risk1%,1.2810,188.7183,12.5612,1.7807,12.2167,15.0322,37.5000,0.1888,5.0000,0.2738,0.7210
V3,F1_taker,188,72,3,30%x10x,1.1748,188.7183,-1.9088,-0.2871,71.8083,74.8317,37.5000,0.7863,5.0000,0.1868,0.4142
V3,F1_taker,189,73,2,risk1%,1.2288,-23.5748,10.0255,1.4353,12.3640,16.2916,36.9863,0.1559,6.0000,0.2248,0.5961
V3,F1_taker,189,73,2,30%x10x,0.9792,-23.5748,-44.8530,-8.4950,76.9833,80.6589,36.9863,-0.0969,6.0000,-0.0248,-0.0497
V3,F1_taker,190,72,3,risk1%,1.3854,179.4635,17.8170,2.4759,11.9149,16.0951,38.8889,0.2543,5.0000,0.3543,0.9821
V3,F1_taker,190,72,3,30%x10x,1.1640,179.4635,-4.5285,-0.6889,72.9671,74.6760,38.8889,0.7478,5.0000,0.1781,0.3887
V3,F1_taker,191,72,3,risk1%,1.1195,-133.6288,4.2068,0.6166,18.1752,18.7013,33.3333,0.0860,12.0000,0.1136,0.3180
V3,F1_taker,191,72,3,30%x10x,0.8940,-133.6288,-62.5240,-13.6187,87.4596,88.2070,33.3333,-0.5568,12.0000,-0.1342,-0.2594
V3,F1_taker,192,71,4,risk1%,1.2626,-42.2714,11.4945,1.6362,17.2894,19.6617,33.8028,0.1888,6.0000,0.2221,0.6914
V3,F1_taker,192,71,4,30%x10x,0.9655,-42.2714,-51.1069,-10.1233,81.4085,82.7574,33.8028,-0.1786,6.0000,-0.0420,-0.0847
V3,F1_taker,193,72,3,risk1%,1.3989,133.0481,18.6140,2.5790,14.2657,18.0347,38.8889,0.2642,11.0000,0.3647,1.0140
V3,F1_taker,193,72,3,30%x10x,1.1243,133.0481,-14.4791,-2.3060,76.5699,78.2453,38.8889,0.5544,11.0000,0.1358,0.2832
V3,F1_taker,194,71,4,risk1%,1.3786,53.9440,17.3733,2.4182,14.6112,15.6821,38.0282,0.2519,5.0000,0.3517,0.9641
V3,F1_taker,194,71,4,30%x10x,1.0462,53.9440,-36.2135,-6.4868,74.4431,78.6179,38.0282,0.2279,5.0000,0.0529,0.1042
V3,F1_taker,195,72,3,risk1%,1.3333,123.0278,15.1138,2.1217,12.0779,16.6149,37.5000,0.2243,5.0000,0.2982,0.8583
V3,F1_taker,195,72,3,30%x10x,1.1052,123.0278,-23.3358,-3.8863,71.3633,75.2615,37.5000,0.5126,5.0000,0.1176,0.2459
V3,F1_taker,196,71,4,risk1%,1.2586,131.5980,11.4101,1.6247,15.9167,19.1451,35.2113,0.1817,10.0000,0.2368,0.6735
V3,F1_taker,196,71,4,30%x10x,1.1180,131.5980,-19.1229,-3.1162,72.0581,76.2716,35.2113,0.5560,10.0000,0.1290,0.2715
V3,F1_taker,197,71,4,risk1%,0.9977,-188.2510,-1.6997,-0.2554,18.8656,21.9595,29.5775,-0.0018,11.0000,-0.0027,-0.0063
V3,F1_taker,197,71,4,30%x10x,0.8536,-188.2510,-68.9701,-16.0168,85.4133,86.6922,29.5775,-0.7954,11.0000,-0.1856,-0.3523
V3,F1_taker,198,71,4,risk1%,1.4535,57.8834,21.4138,2.9366,17.3127,18.5826,36.6197,0.3109,10.0000,0.3579,1.1657
V3,F1_taker,198,71,4,30%x10x,1.0505,57.8834,-32.8502,-5.7673,78.0369,80.5861,36.6197,0.2446,10.0000,0.0584,0.1197
V3,F1_taker,199,71,4,risk1%,1.0698,-60.3666,1.8289,0.2707,19.5590,22.4345,32.3944,0.0512,11.0000,0.0715,0.1857
V3,F1_taker,199,71,4,30%x10x,0.9521,-60.3666,-55.8526,-11.4817,87.4296,88.3903,32.3944,-0.2551,11.0000,-0.0577,-0.1151
V3,F1_maker,0,71,4,risk1%,1.1337,4.1437,5.2059,0.7599,16.5959,18.4778,33.8028,0.0945,11.0000,0.1402,0.3523
V3,F1_maker,0,71,4,30%x10x,1.0034,4.1437,-46.9087,-9.0121,79.8861,82.2041,33.8028,0.0175,11.0000,0.0039,0.0079
V3,F1_maker,1,71,4,risk1%,1.3311,-118.4885,14.9332,2.0978,17.6355,18.5573,35.2113,0.2293,12.0000,0.2813,0.8617
V3,F1_maker,1,71,4,30%x10x,0.9037,-118.4885,-61.1132,-13.1412,84.9433,85.9738,35.2113,-0.5007,12.0000,-0.1183,-0.2247
V3,F1_maker,2,71,4,risk1%,1.2997,141.7925,13.0380,1.8449,16.0863,18.0519,38.0282,0.1996,8.0000,0.2726,0.7651
V3,F1_maker,2,71,4,30%x10x,1.1248,141.7925,-18.3461,-2.9780,83.3532,84.8103,38.0282,0.5991,8.0000,0.1362,0.2861
V3,F1_maker,3,72,3,risk1%,1.3997,310.5093,18.0609,2.5075,13.1958,13.5071,40.2778,0.2552,6.0000,0.3700,1.0069
V3,F1_maker,3,72,3,30%x10x,1.3047,310.5093,40.2144,5.1710,73.6441,74.5807,40.2778,1.2938,6.0000,0.3056,0.7007
V3,F1_maker,4,71,4,risk1%,1.1605,67.1780,6.3779,0.9265,17.6449,20.0664,36.6197,0.1068,12.0000,0.1719,0.4103
V3,F1_maker,4,71,4,30%x10x,1.0610,67.1780,-32.1438,-5.6201,80.3404,82.3178,36.6197,0.2839,12.0000,0.0665,0.1380
V3,F1_maker,5,71,4,risk1%,1.2775,118.1319,12.1917,1.7308,16.2719,17.5263,36.6197,0.1877,11.0000,0.2637,0.7157
V3,F1_maker,5,71,4,30%x10x,1.1067,118.1319,-21.7582,-3.5938,77.7340,78.3809,36.6197,0.4991,11.0000,0.1158,0.2457
V3,F1_maker,6,72,3,risk1%,1.1878,-118.1796,7.8853,1.1386,17.3291,18.7273,33.3333,0.1326,7.0000,0.1818,0.4999
V3,F1_maker,6,72,3,30%x10x,0.9082,-118.1796,-62.3011,-13.5422,82.3540,85.1686,33.3333,-0.4924,7.0000,-0.1152,-0.2183
V3,F1_maker,7,71,4,risk1%,1.2484,150.3706,10.9528,1.5624,16.4188,17.4937,35.2113,0.1711,10.0000,0.2452,0.6457
V3,F1_maker,7,71,4,30%x10x,1.1389,150.3706,-11.5823,-1.8194,76.9145,78.6198,35.2113,0.6354,10.0000,0.1505,0.3294
V3,F1_maker,8,72,3,risk1%,1.4777,156.3529,22.5458,3.0792,12.2704,14.6296,38.8889,0.3112,10.0000,0.4173,1.2167
V3,F1_maker,8,72,3,30%x10x,1.1405,156.3529,-11.5838,-1.8197,72.1499,74.9472,38.8889,0.6515,10.0000,0.1547,0.3246
V3,F1_maker,9,72,3,risk1%,1.2883,10.8673,12.6688,1.7952,14.4864,17.9127,37.5000,0.1894,6.0000,0.2792,0.7393
V3,F1_maker,9,72,3,30%x10x,1.0092,10.8673,-43.4425,-8.1497,83.0826,83.9783,37.5000,0.0453,6.0000,0.0107,0.0211
V3,F1_maker,10,72,3,risk1%,1.2031,184.0620,8.6181,1.2407,12.8015,16.6132,37.5000,0.1352,7.0000,0.2155,0.5235
V3,F1_maker,10,72,3,30%x10x,1.1643,184.0620,-7.5113,-1.1580,72.6392,75.0967,37.5000,0.7669,7.0000,0.1763,0.3787
V3,F1_maker,11,72,3,risk1%,1.3050,-95.4720,13.6475,1.9266,15.9618,18.2126,36.1111,0.2059,11.0000,0.2771,0.7926
V3,F1_maker,11,72,3,30%x10x,0.9204,-95.4720,-56.8133,-11.7717,83.5971,86.5604,36.1111,-0.3978,11.0000,-0.0989,-0.1834
V3,F1_maker,12,72,3,risk1%,1.1136,-41.1596,4.0290,0.5909,16.2913,18.6552,33.3333,0.0806,11.0000,0.1131,0.3023
V3,F1_maker,12,72,3,30%x10x,0.9667,-41.1596,-52.7396,-10.5774,81.8077,83.1573,33.3333,-0.1715,11.0000,-0.0396,-0.0803
V3,F1_maker,13,71,4,risk1%,1.2665,-35.3270,11.9591,1.6993,18.7072,20.3143,35.2113,0.1831,11.0000,0.2675,0.6943
V3,F1_maker,13,71,4,30%x10x,0.9712,-35.3270,-50.3960,-9.9295,85.0260,86.5086,35.2113,-0.1493,11.0000,-0.0350,-0.0686
V3,F1_maker,14,73,2,risk1%,1.1731,31.7143,6.9977,1.0140,14.2480,17.8455,36.9863,0.1155,10.0000,0.1739,0.4511
V3,F1_maker,14,73,2,30%x10x,1.0286,31.7143,-34.8129,-6.1834,75.1123,78.9075,36.9863,0.1303,10.0000,0.0333,0.0684
V3,F1_maker,15,71,4,risk1%,1.1867,-106.2866,7.8960,1.1401,17.6401,19.8774,32.3944,0.1348,8.0000,0.1817,0.4960
V3,F1_maker,15,71,4,30%x10x,0.9121,-106.2866,-59.9238,-12.7500,84.3762,86.2472,32.3944,-0.4491,8.0000,-0.1058,-0.2022
V3,F1_maker,16,72,3,risk1%,1.4244,128.6185,20.1939,2.7816,8.5848,10.7130,37.5000,0.2830,8.0000,0.3885,1.0941
V3,F1_maker,16,72,3,30%x10x,1.1158,128.6185,-18.9482,-3.0850,68.8170,72.9475,37.5000,0.5359,8.0000,0.1274,0.2617
V3,F1_maker,17,72,3,risk1%,1.3839,61.1574,18.0324,2.5038,13.6055,17.5379,36.1111,0.2623,10.0000,0.3307,1.0002
V3,F1_maker,17,72,3,30%x10x,1.0533,61.1574,-32.1648,-5.6245,72.4406,75.5083,36.1111,0.2548,10.0000,0.0615,0.1277
V3,F1_maker,18,72,3,risk1%,1.0814,-180.0194,2.5362,0.3743,18.6146,21.7117,31.9444,0.0591,11.0000,0.0858,0.2190
V3,F1_maker,18,72,3,30%x10x,0.8547,-180.0194,-66.4232,-15.0227,85.3096,87.5318,31.9444,-0.7501,11.0000,-0.1863,-0.3497
V3,F1_maker,19,72,3,risk1%,1.1830,175.8563,7.3227,1.0597,14.5424,17.9214,34.7222,0.1275,10.0000,0.1667,0.4807
V3,F1_maker,19,72,3,30%x10x,1.1606,175.8563,-7.2019,-1.1087,64.7976,67.4297,34.7222,0.7327,10.0000,0.1718,0.3798
V3,F1_maker,20,72,3,risk1%,1.3450,-45.6198,15.9331,2.2298,17.0357,18.5480,36.1111,0.2330,7.0000,0.3179,0.8937
V3,F1_maker,20,72,3,30%x10x,0.9622,-45.6198,-51.9101,-10.3451,82.4871,84.2517,36.1111,-0.1901,7.0000,-0.0452,-0.0882
V3,F1_maker,21,71,4,risk1%,1.1665,-16.0365,6.5735,0.9542,17.4822,19.1444,36.6197,0.1124,6.0000,0.1674,0.4286
V3,F1_maker,21,71,4,30%x10x,0.9867,-16.0365,-48.8439,-9.5146,87.3957,88.1297,36.6197,-0.0678,6.0000,-0.0155,-0.0309
V3,F1_maker,22,72,3,risk1%,1.0570,-98.0391,1.3845,0.2053,18.9961,22.7169,33.3333,0.0403,10.0000,0.0628,0.1517
V3,F1_maker,22,72,3,30%x10x,0.9227,-98.0391,-59.6259,-12.6536,84.7372,87.2620,33.3333,-0.4085,10.0000,-0.0963,-0.1832
V3,F1_maker,23,72,3,risk1%,1.1068,-75.4124,3.7018,0.5437,18.6649,21.6293,36.1111,0.0727,12.0000,0.1101,0.2780
V3,F1_maker,23,72,3,30%x10x,0.9363,-75.4124,-54.3701,-11.0445,83.0640,85.7731,36.1111,-0.3142,12.0000,-0.0771,-0.1498
V3,F1_maker,24,71,4,risk1%,1.2459,42.0361,10.9250,1.5586,16.4095,18.2077,35.2113,0.1696,11.0000,0.2496,0.6394
V3,F1_maker,24,71,4,30%x10x,1.0368,42.0361,-36.4854,-6.5464,77.5542,79.9294,35.2113,0.1776,11.0000,0.0421,0.0856
V3,F1_maker,25,72,3,risk1%,1.1747,67.3223,6.9422,1.0062,13.4610,17.1637,37.5000,0.1148,5.0000,0.1767,0.4470
V3,F1_maker,25,72,3,30%x10x,1.0599,67.3223,-30.6529,-5.3137,75.4121,79.7278,37.5000,0.2805,5.0000,0.0685,0.1358
V3,F1_maker,26,72,3,risk1%,1.2580,40.9196,11.3027,1.6101,14.9987,18.4031,34.7222,0.1784,10.0000,0.2325,0.6791
V3,F1_maker,26,72,3,30%x10x,1.0354,40.9196,-36.1224,-6.4669,79.1380,81.0943,34.7222,0.1705,10.0000,0.0411,0.0872
V3,F1_maker,27,72,3,risk1%,1.1772,24.2727,7.4278,1.0745,17.8705,19.0417,33.3333,0.1256,11.0000,0.1757,0.4721
V3,F1_maker,27,72,3,30%x10x,1.0200,24.2727,-42.0392,-7.8133,83.9149,85.3373,33.3333,0.1011,11.0000,0.0234,0.0498
V3,F1_maker,28,72,3,risk1%,1.3934,113.4457,17.8570,2.4811,12.1019,13.7178,38.8889,0.2544,6.0000,0.3569,1.0019
V3,F1_maker,28,72,3,30%x10x,1.0971,113.4457,-24.9755,-4.1957,81.7020,83.1214,38.8889,0.4727,6.0000,0.1093,0.2222
V3,F1_maker,29,73,2,risk1%,1.1162,-42.4847,4.4581,0.6527,18.6689,21.7831,35.6164,0.0802,8.0000,0.1284,0.3061
V3,F1_maker,29,73,2,30%x10x,0.9617,-42.4847,-46.7402,-8.9691,82.0829,85.1186,35.6164,-0.1746,8.0000,-0.0456,-0.0912
V3,F1_maker,30,74,1,risk1%,1.0491,-80.2975,0.9582,0.1424,18.1943,20.9527,35.1351,0.0337,6.0000,0.0535,0.1302
V3,F1_maker,30,74,1,30%x10x,0.9330,-80.2975,-54.9682,-11.2194,81.8565,84.7691,35.1351,-0.3255,6.0000,-0.0823,-0.1599
V3,F1_maker,31,71,4,risk1%,1.1072,163.2030,3.7663,0.5530,17.2009,19.9055,33.8028,0.0759,10.0000,0.1103,0.2822
V3,F1_maker,31,71,4,30%x10x,1.1497,163.2030,-9.7571,-1.5197,74.7619,77.1295,33.8028,0.6896,10.0000,0.1598,0.3695
V3,F1_maker,32,72,3,risk1%,1.1530,-66.4723,6.0455,0.8794,18.6797,22.4100,34.7222,0.1062,6.0000,0.1528,0.4018
V3,F1_maker,32,72,3,30%x10x,0.9429,-66.4723,-52.6541,-10.5533,83.1376,85.9930,34.7222,-0.2770,6.0000,-0.0689,-0.1316
V3,F1_maker,33,72,3,risk1%,1.2999,76.0604,13.0836,1.8510,15.0052,16.7660,36.1111,0.2028,10.0000,0.2534,0.7800
V3,F1_maker,33,72,3,30%x10x,1.0643,76.0604,-32.2895,-5.6504,78.2915,80.5726,36.1111,0.3169,10.0000,0.0738,0.1504
V3,F1_maker,34,71,4,risk1%,1.1927,-24.7109,8.0624,1.1633,14.7952,18.1410,35.2113,0.1313,8.0000,0.1996,0.4982
V3,F1_maker,34,71,4,30%x10x,0.9793,-24.7109,-49.1912,-9.6065,79.4516,82.5236,35.2113,-0.1044,8.0000,-0.0243,-0.0483
V3,F1_maker,35,72,3,risk1%,1.3492,11.9659,16.0785,2.2489,13.4631,16.0428,37.5000,0.2320,8.0000,0.3349,0.8998
V3,F1_maker,35,72,3,30%x10x,1.0105,11.9659,-41.0297,-7.5755,83.3423,85.2258,37.5000,0.0499,8.0000,0.0121,0.0247
V3,F1_maker,36,72,3,risk1%,1.1520,-25.5335,6.0402,0.8787,12.5328,15.1948,36.1111,0.1029,10.0000,0.1596,0.3963
V3,F1_maker,36,72,3,30%x10x,0.9781,-25.5335,-46.6159,-8.9374,76.8003,80.3346,36.1111,-0.1064,10.0000,-0.0263,-0.0518
V3,F1_maker,37,71,4,risk1%,1.4259,58.8247,19.8553,2.7384,15.1661,16.0963,36.6197,0.2884,6.0000,0.3547,1.0974
V3,F1_maker,37,71,4,30%x10x,1.0530,58.8247,-32.0286,-5.5962,78.6748,80.1916,36.6197,0.2486,6.0000,0.0596,0.1238
V3,F1_maker,38,74,1,risk1%,1.4527,375.4665,20.6062,2.8341,10.6723,12.2500,43.2432,0.2753,4.0000,0.4291,1.1265
V3,F1_maker,38,74,1,30%x10x,1.3877,375.4665,70.7382,8.3066,63.0809,66.2365,43.2432,1.5222,4.0000,0.3705,0.8661
V3,F1_maker,39,72,3,risk1%,1.3547,31.4766,16.1084,2.2528,16.0768,18.8586,36.1111,0.2419,11.0000,0.2915,0.9245
V3,F1_maker,39,72,3,30%x10x,1.0259,31.4766,-42.2475,-7.8627,81.9786,83.0898,36.1111,0.1312,11.0000,0.0300,0.0599
V3,F1_maker,40,72,3,risk1%,1.4246,163.7496,19.3702,2.6763,14.3918,15.4554,38.8889,0.2727,10.0000,0.3784,1.0797
V3,F1_maker,40,72,3,30%x10x,1.1438,163.7496,-10.8820,-1.7038,77.8878,80.4931,38.8889,0.6823,10.0000,0.1600,0.3393
V3,F1_maker,41,72,3,risk1%,1.1507,22.6099,6.0112,0.8745,15.2631,17.8420,34.7222,0.1046,10.0000,0.1544,0.3965
V3,F1_maker,41,72,3,30%x10x,1.0191,22.6099,-42.0337,-7.8120,77.8945,81.2621,34.7222,0.0942,10.0000,0.0221,0.0444
V3,F1_maker,42,72,3,risk1%,1.3779,21.8925,17.1678,2.3914,16.5802,19.2320,37.5000,0.2492,11.0000,0.3302,0.9676
V3,F1_maker,42,72,3,30%x10x,1.0190,21.8925,-40.7961,-7.5210,78.9970,81.4727,37.5000,0.0912,11.0000,0.0218,0.0427
V3,F1_maker,43,71,4,risk1%,1.3386,76.8086,15.4424,2.1651,13.1205,15.7803,36.6197,0.2297,6.0000,0.3126,0.8706
V3,F1_maker,43,71,4,30%x10x,1.0675,76.8086,-30.9593,-5.3762,74.6983,77.6152,36.6197,0.3245,6.0000,0.0757,0.1524
V3,F1_maker,44,72,3,risk1%,1.1228,95.7608,4.6578,0.6814,11.3935,14.5876,34.7222,0.0851,5.0000,0.1303,0.3232
V3,F1_maker,44,72,3,30%x10x,1.0836,95.7608,-26.3389,-4.4574,70.8936,73.4638,34.7222,0.3990,5.0000,0.0943,0.2024
V3,F1_maker,45,72,3,risk1%,1.4199,267.2214,19.1013,2.6417,8.2037,11.7578,38.8889,0.2679,5.0000,0.3859,1.0574
V3,F1_maker,45,72,3,30%x10x,1.2605,267.2214,24.1246,3.2762,56.8285,59.8749,38.8889,1.1134,5.0000,0.2643,0.6043
V3,F1_maker,46,72,3,risk1%,1.1591,70.6046,6.3788,0.9266,16.3907,18.1853,37.5000,0.1057,11.0000,0.1707,0.4097
V3,F1_maker,46,72,3,30%x10x,1.0610,70.6046,-33.3896,-5.8806,81.7531,82.9146,37.5000,0.2942,11.0000,0.0685,0.1392
V3,F1_maker,47,72,3,risk1%,1.6024,270.4975,28.3848,3.7973,12.5884,15.2679,38.8889,0.3874,10.0000,0.4326,1.5278
V3,F1_maker,47,72,3,30%x10x,1.2676,270.4975,26.7219,3.5957,70.1495,74.4326,38.8889,1.1271,10.0000,0.2701,0.6250
V3,F1_maker,48,72,3,risk1%,1.1009,50.9638,3.6580,0.5373,15.0101,18.7684,34.7222,0.0705,11.0000,0.1115,0.2655
V3,F1_maker,48,72,3,30%x10x,1.0428,50.9638,-38.7912,-7.0604,79.8168,81.8453,34.7222,0.2123,11.0000,0.0485,0.0985
V3,F1_maker,49,71,4,risk1%,1.1249,-51.6164,4.8972,0.7157,16.2997,20.2158,32.3944,0.0901,7.0000,0.1348,0.3319
V3,F1_maker,49,71,4,30%x10x,0.9574,-51.6164,-53.2688,-10.7275,86.4367,88.6545,32.3944,-0.2181,7.0000,-0.0507,-0.0995
V3,F1_maker,50,71,4,risk1%,1.5631,146.0710,25.7296,3.4743,14.0468,16.0316,40.8451,0.3514,10.0000,0.4677,1.4024
V3,F1_maker,50,71,4,30%x10x,1.1289,146.0710,-16.4696,-2.6486,76.8083,79.0997,40.8451,0.6172,10.0000,0.1423,0.2871
V3,F1_maker,51,72,3,risk1%,1.2734,-134.6746,12.5675,1.7815,16.9680,19.2690,33.3333,0.1935,11.0000,0.2568,0.7274
V3,F1_maker,51,72,3,30%x10x,0.8967,-134.6746,-64.3647,-14.2652,86.4500,88.4209,33.3333,-0.5611,11.0000,-0.1307,-0.2454
V3,F1_maker,52,72,3,risk1%,1.0891,-193.5304,2.8665,0.4225,19.5318,22.6374,31.9444,0.0645,11.0000,0.0917,0.2395
V3,F1_maker,52,72,3,30%x10x,0.8486,-193.5304,-68.4284,-15.7997,87.8093,89.8757,31.9444,-0.8064,11.0000,-0.1968,-0.3660
V3,F1_maker,53,72,3,risk1%,1.3816,78.1172,17.1266,2.3861,15.3172,17.5610,37.5000,0.2536,12.0000,0.3078,0.9834
V3,F1_maker,53,72,3,30%x10x,1.0694,78.1172,-30.3528,-5.2527,76.7168,78.2187,37.5000,0.3255,12.0000,0.0774,0.1566
V3,F1_maker,54,73,2,risk1%,1.1554,124.8690,6.4967,0.9433,13.4146,14.7895,32.8767,0.1110,10.0000,0.1607,0.4169
V3,F1_maker,54,73,2,30%x10x,1.1125,124.8690,-18.8203,-3.0623,72.5583,75.1043,32.8767,0.5132,10.0000,0.1236,0.2771
V3,F1_maker,55,72,3,risk1%,1.3279,190.8214,14.8471,2.0863,13.9427,16.2902,36.1111,0.2203,11.0000,0.2978,0.8505
V3,F1_maker,55,72,3,30%x10x,1.1775,190.8214,-1.9171,-0.2883,72.0154,75.3008,36.1111,0.7951,11.0000,0.1876,0.4262
V3,F1_maker,56,72,3,risk1%,1.4529,72.2847,21.2277,2.9130,14.3524,15.8682,37.5000,0.3017,11.0000,0.3669,1.1665
V3,F1_maker,56,72,3,30%x10x,1.0621,72.2847,-32.9759,-5.7937,80.4027,82.8040,37.5000,0.3012,11.0000,0.0706,0.1381
V3,F1_maker,57,72,3,risk1%,1.3166,129.4935,14.1533,1.9941,12.5126,14.0866,38.8889,0.2063,6.0000,0.3136,0.8063
V3,F1_maker,57,72,3,30%x10x,1.1179,129.4935,-19.0362,-3.1008,75.4993,78.0307,38.8889,0.5396,6.0000,0.1274,0.2651
V3,F1_maker,58,72,3,risk1%,1.1237,-283.2865,4.8085,0.7030,18.0829,21.0293,31.9444,0.0894,12.0000,0.1306,0.3322
V3,F1_maker,58,72,3,30%x10x,0.7853,-283.2865,-75.8374,-19.0926,90.1628,91.9994,31.9444,-1.1804,12.0000,-0.2905,-0.5153
V3,F1_maker,59,74,1,risk1%,1.4560,80.2814,21.9980,3.0103,13.6092,15.8587,37.8378,0.3024,11.0000,0.3776,1.1870
V3,F1_maker,59,74,1,30%x10x,1.0690,80.2814,-31.2433,-5.4343,79.6750,82.6440,37.8378,0.3255,11.0000,0.0781,0.1579
V3,F1_maker,60,71,4,risk1%,1.2704,132.3487,12.1045,1.7190,16.3819,18.5504,35.2113,0.1860,10.0000,0.2649,0.7052
V3,F1_maker,60,71,4,30%x10x,1.1156,132.3487,-18.1181,-2.9376,76.6110,79.4884,35.2113,0.5592,10.0000,0.1302,0.2785
V3,F1_maker,61,72,3,risk1%,1.2215,-0.5491,9.8610,1.4127,14.9503,16.6807,33.3333,0.1571,10.0000,0.2188,0.5886
V3,F1_maker,61,72,3,30%x10x,0.9995,-0.5491,-44.9633,-8.5223,77.4480,80.8887,33.3333,-0.0023,10.0000,-0.0005,-0.0011
V3,F1_maker,62,72,3,risk1%,1.1370,-50.7666,5.3770,0.7843,21.4301,22.8972,33.3333,0.0969,11.0000,0.1411,0.3643
V3,F1_maker,62,72,3,30%x10x,0.9586,-50.7666,-52.8269,-10.6021,88.5489,89.5154,33.3333,-0.2115,11.0000,-0.0499,-0.1015
V3,F1_maker,63,72,3,risk1%,1.2404,49.8517,10.7451,1.5340,14.1426,16.8244,34.7222,0.1658,10.0000,0.2431,0.6307
V3,F1_maker,63,72,3,30%x10x,1.0430,49.8517,-36.3223,-6.5106,74.2486,77.7606,34.7222,0.2077,10.0000,0.0492,0.0985
V3,F1_maker,64,72,3,risk1%,1.2366,14.1914,10.3840,1.4846,17.6220,18.6595,36.1111,0.1609,7.0000,0.2377,0.6162
V3,F1_maker,64,72,3,30%x10x,1.0120,14.1914,-42.8618,-8.0096,83.2543,85.2910,36.1111,0.0591,7.0000,0.0140,0.0276
V3,F1_maker,65,73,2,risk1%,1.2759,163.0366,12.6394,1.7912,15.3813,18.5002,36.9863,0.1865,10.0000,0.2792,0.7189
V3,F1_maker,65,73,2,30%x10x,1.1497,163.0366,-9.9847,-1.5568,72.2007,75.4127,36.9863,0.6700,10.0000,0.1613,0.3405
V3,F1_maker,66,71,4,risk1%,1.1910,-36.1135,8.2084,1.1837,20.4835,24.0657,32.3944,0.1379,11.0000,0.1896,0.5083
V3,F1_maker,66,71,4,30%x10x,0.9696,-36.1135,-49.9096,-9.7983,84.6493,85.7640,32.3944,-0.1526,11.0000,-0.0360,-0.0733
V3,F1_maker,67,72,3,risk1%,1.3893,84.5458,17.7963,2.4732,12.1589,16.1573,37.5000,0.2562,5.0000,0.3422,0.9982
V3,F1_maker,67,72,3,30%x10x,1.0731,84.5458,-30.5193,-5.2865,74.1678,77.8024,37.5000,0.3523,5.0000,0.0823,0.1657
V3,F1_maker,68,72,3,risk1%,1.2659,30.9600,12.0150,1.7068,16.7428,19.0601,34.7222,0.1839,11.0000,0.2571,0.6991
V3,F1_maker,68,72,3,30%x10x,1.0260,30.9600,-40.5682,-7.4680,83.1903,85.2369,34.7222,0.1290,11.0000,0.0302,0.0607
V3,F1_maker,69,73,2,risk1%,1.1648,-125.9405,6.9089,1.0015,16.8223,19.7083,32.8767,0.1176,11.0000,0.1659,0.4424
V3,F1_maker,69,73,2,30%x10x,0.8993,-125.9405,-62.4218,-13.5836,83.9240,86.5311,32.8767,-0.5176,11.0000,-0.1249,-0.2351
V3,F1_maker,70,71,4,risk1%,1.3865,203.5596,17.1894,2.3942,11.8462,12.9396,39.4366,0.2492,5.0000,0.3504,0.9724
V3,F1_maker,70,71,4,30%x10x,1.1976,203.5596,5.4841,0.7996,65.2388,68.0837,39.4366,0.8601,5.0000,0.2069,0.4513
V3,F1_maker,71,71,4,risk1%,1.1817,-124.6231,7.2449,1.0488,18.4752,22.2146,29.5775,0.1363,11.0000,0.1551,0.4931
V3,F1_maker,71,71,4,30%x10x,0.9053,-124.6231,-64.5239,-14.3224,85.0828,86.2678,29.5775,-0.5266,11.0000,-0.1176,-0.2268
V3,F1_maker,72,71,4,risk1%,1.1343,-110.6255,5.2155,0.7612,19.6491,22.6365,32.3944,0.0965,12.0000,0.1375,0.3574
V3,F1_maker,72,71,4,30%x10x,0.9119,-110.6255,-60.5896,-12.9678,88.3617,89.6865,32.3944,-0.4674,12.0000,-0.1090,-0.2156
V3,F1_maker,73,71,4,risk1%,1.2906,113.1789,12.8971,1.8259,13.7449,15.8694,35.2113,0.2001,8.0000,0.2626,0.7575
V3,F1_maker,73,71,4,30%x10x,1.1013,113.1789,-21.4838,-3.5434,71.2593,74.3921,35.2113,0.4782,8.0000,0.1124,0.2465
V3,F1_maker,74,72,3,risk1%,1.3389,-60.2088,15.4370,2.1644,15.6252,19.6524,36.1111,0.2282,10.0000,0.3046,0.8816
V3,F1_maker,74,72,3,30%x10x,0.9497,-60.2088,-52.5125,-10.5135,80.3319,83.2657,36.1111,-0.2509,10.0000,-0.0615,-0.1179
V3,F1_maker,75,71,4,risk1%,1.2329,296.7789,10.1351,1.4504,13.6256,14.9467,36.6197,0.1580,10.0000,0.2404,0.5991
V3,F1_maker,75,71,4,30%x10x,1.2999,296.7789,37.2859,4.8404,69.6223,70.8502,36.6197,1.2540,10.0000,0.2957,0.7156
V3,F1_maker,76,71,4,risk1%,1.1079,-152.2893,3.8964,0.5718,18.7244,20.4734,30.9859,0.0797,11.0000,0.1113,0.2904
V3,F1_maker,76,71,4,30%x10x,0.8788,-152.2893,-64.7910,-14.4190,86.8791,88.2266,30.9859,-0.6435,11.0000,-0.1522,-0.2921
V3,F1_maker,77,72,3,risk1%,1.2357,9.2431,10.1052,1.4463,17.5528,17.8754,34.7222,0.1630,11.0000,0.2138,0.6197
V3,F1_maker,77,72,3,30%x10x,1.0075,9.2431,-46.3518,-8.8704,85.1293,85.7584,34.7222,0.0385,11.0000,0.0088,0.0175
V3,F1_maker,78,72,3,risk1%,1.3234,61.3067,14.3957,2.0264,14.5367,15.8090,38.8889,0.2098,11.0000,0.3144,0.8235
V3,F1_maker,78,72,3,30%x10x,1.0547,61.3067,-32.1400,-5.6193,80.2955,82.6618,38.8889,0.2554,11.0000,0.0616,0.1272
V3,F1_maker,79,71,4,risk1%,1.1138,-70.3384,4.3589,0.6384,18.3245,21.2665,32.3944,0.0817,11.0000,0.1258,0.3027
V3,F1_maker,79,71,4,30%x10x,0.9435,-70.3384,-56.4702,-11.6675,84.9524,85.7311,32.3944,-0.2972,11.0000,-0.0686,-0.1317
V3,F1_maker,80,71,4,risk1%,1.3134,-87.8542,13.9707,1.9698,18.6214,19.5873,36.6197,0.2112,11.0000,0.2889,0.8080
V3,F1_maker,80,71,4,30%x10x,0.9302,-87.8542,-58.5507,-12.3105,86.2931,88.0835,36.6197,-0.3712,11.0000,-0.0861,-0.1604
V3,F1_maker,81,72,3,risk1%,1.2773,-5.3192,12.0154,1.7069,17.4246,19.2030,36.1111,0.1886,11.0000,0.2399,0.7225
V3,F1_maker,81,72,3,30%x10x,0.9957,-5.3192,-48.1537,-9.3336,83.6733,86.5394,36.1111,-0.0222,11.0000,-0.0051,-0.0101
V3,F1_maker,82,72,3,risk1%,1.0232,-200.0725,-0.4605,-0.0688,22.8790,25.5984,31.9444,0.0170,12.0000,0.0251,0.0625
V3,F1_maker,82,72,3,30%x10x,0.8409,-200.0725,-69.2432,-16.1274,90.1219,91.5826,31.9444,-0.8336,12.0000,-0.2029,-0.3727
V3,F1_maker,83,73,2,risk1%,1.3512,-82.8594,16.0986,2.2515,14.2622,16.7123,35.6164,0.2386,11.0000,0.2913,0.9259
V3,F1_maker,83,73,2,30%x10x,0.9352,-82.8594,-57.8844,-12.1016,83.4823,85.4815,35.6164,-0.3405,11.0000,-0.0809,-0.1560
V3,F1_maker,84,72,3,risk1%,1.2739,114.5498,12.1583,1.7262,11.5947,13.6925,37.5000,0.1810,10.0000,0.2803,0.7021
V3,F1_maker,84,72,3,30%x10x,1.1056,114.5498,-21.2522,-3.5010,69.9384,74.7709,37.5000,0.4773,10.0000,0.1147,0.2333
V3,F1_maker,85,73,2,risk1%,1.2874,-61.0521,13.1627,1.8616,17.1169,18.7484,35.6164,0.1968,11.0000,0.2706,0.7568
V3,F1_maker,85,73,2,30%x10x,0.9490,-61.0521,-52.5294,-10.5182,82.9836,84.1990,35.6164,-0.2509,11.0000,-0.0621,-0.1220
V3,F1_maker,86,71,4,risk1%,1.1942,103.3622,8.1436,1.1746,14.1212,15.1704,36.6197,0.1319,8.0000,0.2024,0.5015
V3,F1_maker,86,71,4,30%x10x,1.0899,103.3622,-26.9197,-4.5702,74.7825,76.7609,36.6197,0.4367,8.0000,0.0999,0.2046
V3,F1_maker,87,72,3,risk1%,1.3193,82.1289,13.9275,1.9640,12.4286,15.6052,36.1111,0.2146,7.0000,0.2616,0.8246
V3,F1_maker,87,72,3,30%x10x,1.0744,82.1289,-28.8617,-4.9528,69.1008,73.0593,36.1111,0.3422,7.0000,0.0818,0.1675
V3,F1_maker,88,73,2,risk1%,1.1134,-10.2814,4.3646,0.6393,18.5281,19.2086,34.2466,0.0801,9.0000,0.1249,0.3024
V3,F1_maker,88,73,2,30%x10x,0.9916,-10.2814,-47.4140,-9.1418,80.7064,81.9211,34.2466,-0.0423,9.0000,-0.0100,-0.0204
V3,F1_maker,89,71,4,risk1%,1.3546,9.9295,15.9808,2.2360,15.2100,18.0009,35.2113,0.2434,11.0000,0.2910,0.9241
V3,F1_maker,89,71,4,30%x10x,1.0083,9.9295,-43.1474,-8.0783,81.7494,83.0464,35.2113,0.0420,11.0000,0.0098,0.0201
V3,F1_maker,90,72,3,risk1%,1.2797,-24.9354,12.8138,1.8147,14.1416,17.5644,34.7222,0.1941,11.0000,0.2699,0.7337
V3,F1_maker,90,72,3,30%x10x,0.9786,-24.9354,-48.1813,-9.3408,80.6745,83.6183,34.7222,-0.1039,11.0000,-0.0250,-0.0487
V3,F1_maker,91,72,3,risk1%,1.1712,207.2315,7.0130,1.0162,13.9500,15.3037,36.1111,0.1166,10.0000,0.1764,0.4453
V3,F1_maker,91,72,3,30%x10x,1.1940,207.2315,3.1203,0.4594,67.0996,68.3769,36.1111,0.8635,10.0000,0.2045,0.4556
V3,F1_maker,92,73,2,risk1%,1.2043,-18.2321,8.6232,1.2414,16.9137,19.9141,36.9863,0.1373,10.0000,0.2022,0.5330
V3,F1_maker,92,73,2,30%x10x,0.9842,-18.2321,-44.4979,-8.4074,79.6206,82.7149,36.9863,-0.0749,10.0000,-0.0191,-0.0372
V3,F1_maker,93,72,3,risk1%,1.2845,147.2199,12.3515,1.7524,14.2939,15.5527,36.1111,0.1928,5.0000,0.2449,0.7399
V3,F1_maker,93,72,3,30%x10x,1.1316,147.2199,-14.5034,-2.3102,75.4355,76.7638,36.1111,0.6134,5.0000,0.1441,0.3167
V3,F1_maker,94,71,4,risk1%,1.3316,59.0992,15.1107,2.1213,16.8472,17.9897,36.6197,0.2248,11.0000,0.3108,0.8542
V3,F1_maker,94,71,4,30%x10x,1.0508,59.0992,-35.9765,-6.4351,81.8852,83.1035,36.6197,0.2497,11.0000,0.0574,0.1130
V3,F1_maker,95,72,3,risk1%,1.1698,-14.3314,7.0747,1.0248,15.2543,19.3949,33.3333,0.1194,10.0000,0.1730,0.4487
V3,F1_maker,95,72,3,30%x10x,0.9877,-14.3314,-46.4019,-8.8831,78.6469,82.3628,33.3333,-0.0597,10.0000,-0.0144,-0.0284
V3,F1_maker,96,72,3,risk1%,1.1100,-90.6783,3.7318,0.5480,16.9214,19.0839,34.7222,0.0760,11.0000,0.1078,0.2896
V3,F1_maker,96,72,3,30%x10x,0.9266,-90.6783,-57.2391,-11.9020,84.2277,86.8747,34.7222,-0.3778,11.0000,-0.0917,-0.1738
V3,F1_maker,97,72,3,risk1%,1.5281,117.3430,25.5565,3.4530,12.4798,13.6724,37.5000,0.3496,5.0000,0.4325,1.3602
V3,F1_maker,97,72,3,30%x10x,1.1017,117.3430,-22.8103,-3.7883,72.5416,73.7599,37.5000,0.4889,5.0000,0.1148,0.2346
V3,F1_maker,98,73,2,risk1%,1.1569,-313.9866,6.2334,0.9060,20.1897,24.0060,31.5068,0.1153,7.0000,0.1445,0.4263
V3,F1_maker,98,73,2,30%x10x,0.7671,-313.9866,-78.0332,-20.2343,89.6583,91.5102,31.5068,-1.2904,7.0000,-0.3226,-0.5576
V3,F1_maker,99,72,3,risk1%,1.3353,126.8228,14.9179,2.0957,13.1546,15.8191,38.8889,0.2182,11.0000,0.3125,0.8536
V3,F1_maker,99,72,3,30%x10x,1.1123,126.8228,-21.4417,-3.5357,78.5008,79.7971,38.8889,0.5284,11.0000,0.1229,0.2508
V3,F1_maker,100,71,4,risk1%,1.6997,240.2413,31.9543,4.2228,7.8944,9.0328,42.2535,0.4261,5.0000,0.5074,1.7134
V3,F1_maker,100,71,4,30%x10x,1.2312,240.2413,14.3802,2.0243,56.9321,63.3953,42.2535,1.0151,5.0000,0.2395,0.5083
V3,F1_maker,101,72,3,risk1%,1.2092,-54.8601,9.2071,1.3224,15.4275,18.2591,34.7222,0.1452,11.0000,0.2188,0.5512
V3,F1_maker,101,72,3,30%x10x,0.9549,-54.8601,-53.1128,-10.6831,82.0147,82.6970,34.7222,-0.2286,11.0000,-0.0543,-0.1080
V3,F1_maker,102,73,2,risk1%,1.1870,138.7386,7.8292,1.1307,15.6207,17.0033,36.9863,0.1249,7.0000,0.1935,0.4871
V3,F1_maker,102,73,2,30%x10x,1.1176,138.7386,-21.0256,-3.4597,76.9437,79.8021,36.9863,0.5702,7.0000,0.1309,0.2730
V3,F1_maker,103,72,3,risk1%,1.2341,117.4850,9.9866,1.4300,14.1469,16.7345,37.5000,0.1545,10.0000,0.2346,0.6036
V3,F1_maker,103,72,3,30%x10x,1.0987,117.4850,-26.5554,-4.4994,76.7818,78.2527,37.5000,0.4895,10.0000,0.1103,0.2270
V3,F1_maker,104,72,3,risk1%,1.1655,141.2889,6.6199,0.9607,14.1901,16.6200,36.1111,0.1117,10.0000,0.1677,0.4289
V3,F1_maker,104,72,3,30%x10x,1.1302,141.2889,-13.9484,-2.2158,71.1407,72.9170,36.1111,0.5887,10.0000,0.1413,0.3062
V3,F1_maker,105,72,3,risk1%,1.0582,-60.2478,1.4900,0.2209,17.6598,21.0606,34.7222,0.0403,8.0000,0.0651,0.1527
V3,F1_maker,105,72,3,30%x10x,0.9473,-60.2478,-51.2878,-10.1729,81.5379,84.7340,34.7222,-0.2510,8.0000,-0.0625,-0.1249
V3,F1_maker,106,73,2,risk1%,1.0756,-287.1309,2.0032,0.2963,20.7315,23.8401,32.8767,0.0542,12.0000,0.0744,0.2033
V3,F1_maker,106,73,2,30%x10x,0.7818,-287.1309,-76.2381,-19.2942,89.5638,91.4053,32.8767,-1.1800,12.0000,-0.2936,-0.5146
V3,F1_maker,107,72,3,risk1%,0.9722,-150.0659,-2.7519,-0.4154,20.1981,23.1208,31.9444,-0.0201,12.0000,-0.0336,-0.0747
V3,F1_maker,107,72,3,30%x10x,0.8762,-150.0659,-63.2106,-13.8566,85.2406,87.6377,31.9444,-0.6253,12.0000,-0.1550,-0.2973
V3,F1_maker,108,71,4,risk1%,1.1488,-43.5130,5.8570,0.8526,14.8324,16.6726,33.8028,0.1043,8.0000,0.1510,0.3909
V3,F1_maker,108,71,4,30%x10x,0.9626,-43.5130,-50.2067,-9.8783,80.2595,82.7932,33.8028,-0.1839,8.0000,-0.0440,-0.0883
V3,F1_maker,109,71,4,risk1%,1.2030,-116.5114,8.4838,1.2220,16.8223,19.5330,35.2113,0.1396,12.0000,0.1989,0.5282
V3,F1_maker,109,71,4,30%x10x,0.9100,-116.5114,-63.7632,-14.0509,85.5066,88.0461,35.2113,-0.4923,12.0000,-0.1105,-0.2024
V3,F1_maker,110,74,1,risk1%,1.0672,-27.8912,1.9100,0.2826,17.6487,20.6066,33.7838,0.0468,11.0000,0.0737,0.1799
V3,F1_maker,110,74,1,30%x10x,0.9776,-27.8912,-51.0500,-10.1077,82.5962,84.6230,33.7838,-0.1131,11.0000,-0.0267,-0.0545
V3,F1_maker,111,72,3,risk1%,0.9958,-172.4078,-1.6962,-0.2548,19.6251,23.2672,30.5556,-0.0031,10.0000,-0.0049,-0.0114
V3,F1_maker,111,72,3,30%x10x,0.8612,-172.4078,-65.0763,-14.5227,84.8484,87.3845,30.5556,-0.7184,10.0000,-0.1804,-0.3472
V3,F1_maker,112,72,3,risk1%,1.3565,77.4107,15.9044,2.2260,16.3262,19.7056,38.8889,0.2332,12.0000,0.3132,0.9072
V3,F1_maker,112,72,3,30%x10x,1.0731,77.4107,-26.3465,-4.4589,79.9800,82.4432,38.8889,0.3225,12.0000,0.0802,0.1656
V3,F1_maker,113,71,4,risk1%,1.1895,17.8141,7.8523,1.1339,15.0896,18.4446,35.2113,0.1299,11.0000,0.1907,0.4930
V3,F1_maker,113,71,4,30%x10x,1.0153,17.8141,-40.9904,-7.5663,78.4931,81.0266,35.2113,0.0753,11.0000,0.0178,0.0366
V3,F1_maker,114,74,1,risk1%,1.0396,-73.6018,0.6311,0.0939,17.6762,20.7700,33.7838,0.0282,11.0000,0.0463,0.1066
V3,F1_maker,114,74,1,30%x10x,0.9415,-73.6018,-57.6345,-12.0240,84.3177,87.0459,33.7838,-0.2984,11.0000,-0.0708,-0.1362
V3,F1_maker,115,72,3,risk1%,1.2370,64.6466,10.0978,1.4453,14.5637,17.6996,36.1111,0.1609,11.0000,0.2190,0.6172
V3,F1_maker,115,72,3,30%x10x,1.0557,64.6466,-33.9620,-6.0017,78.3105,80.5055,36.1111,0.2694,11.0000,0.0629,0.1318
V3,F1_maker,116,72,3,risk1%,1.4002,11.2300,18.3846,2.5494,15.8563,19.0582,36.1111,0.2710,10.0000,0.3185,1.0424
V3,F1_maker,116,72,3,30%x10x,1.0098,11.2300,-40.5549,-7.4649,79.0537,81.2552,36.1111,0.0468,10.0000,0.0116,0.0227
V3,F1_maker,117,71,4,risk1%,1.1734,188.6191,6.9901,1.0129,14.9257,16.2586,36.6197,0.1169,10.0000,0.1783,0.4464
V3,F1_maker,117,71,4,30%x10x,1.1705,188.6191,-6.7478,-1.0367,73.4452,75.5692,36.6197,0.7970,10.0000,0.1798,0.3899
V3,F1_maker,118,71,4,risk1%,1.3554,121.8098,15.2290,2.1369,13.8538,17.0302,38.0282,0.2331,6.0000,0.2829,0.9032
V3,F1_maker,118,71,4,30%x10x,1.1128,121.8098,-18.4686,-2.9997,74.0512,76.6997,38.0282,0.5147,6.0000,0.1223,0.2627
V3,F1_maker,119,71,4,risk1%,1.2313,83.8648,9.7265,1.3942,15.3854,16.6674,36.6197,0.1570,10.0000,0.2169,0.5963
V3,F1_maker,119,71,4,30%x10x,1.0761,83.8648,-27.1709,-4.6192,70.4796,74.7370,36.6197,0.3544,10.0000,0.0849,0.1735
V3,F1_maker,120,71,4,risk1%,1.1116,-66.4556,4.0253,0.5904,18.5996,22.6322,32.3944,0.0805,11.0000,0.1145,0.2969
V3,F1_maker,120,71,4,30%x10x,0.9471,-66.4556,-56.4858,-11.6722,85.8935,87.0472,32.3944,-0.2808,11.0000,-0.0639,-0.1248
V3,F1_maker,121,71,4,risk1%,1.1073,-194.1609,3.7310,0.5479,20.5928,22.2537,32.3944,0.0772,12.0000,0.1082,0.2858
V3,F1_maker,121,71,4,30%x10x,0.8519,-194.1609,-70.2935,-16.5610,88.8559,90.5631,32.3944,-0.8204,12.0000,-0.1886,-0.3464
V3,F1_maker,122,72,3,risk1%,1.2908,21.6671,13.4251,1.8968,15.9163,18.2310,34.7222,0.2019,10.0000,0.2795,0.7647
V3,F1_maker,122,72,3,30%x10x,1.0182,21.6671,-41.4615,-7.6768,78.1945,80.6257,34.7222,0.0903,10.0000,0.0213,0.0430
V3,F1_maker,123,71,4,risk1%,1.2172,-75.7063,9.2318,1.3258,17.2761,18.8450,35.2113,0.1493,11.0000,0.2129,0.5663
V3,F1_maker,123,71,4,30%x10x,0.9388,-75.7063,-55.8991,-11.4956,84.0328,85.2997,35.2113,-0.3199,11.0000,-0.0755,-0.1448
V3,F1_maker,124,72,3,risk1%,1.2963,-122.2132,13.6119,1.9218,16.4949,17.8018,34.7222,0.2063,6.0000,0.2739,0.7812
V3,F1_maker,124,72,3,30%x10x,0.9057,-122.2132,-63.3048,-13.8895,86.4497,87.6090,34.7222,-0.5092,6.0000,-0.1180,-0.2209
V3,F1_maker,125,72,3,risk1%,1.2656,77.8542,11.3943,1.6226,14.5408,16.8120,37.5000,0.1746,11.0000,0.2509,0.6829
V3,F1_maker,125,72,3,30%x10x,1.0672,77.8542,-30.4899,-5.2805,80.0067,81.7446,37.5000,0.3244,11.0000,0.0766,0.1582
V3,F1_maker,126,72,3,risk1%,1.2564,-13.3270,11.3569,1.6175,15.8371,17.3495,36.1111,0.1749,11.0000,0.2483,0.6675
V3,F1_maker,126,72,3,30%x10x,0.9888,-13.3270,-47.8117,-9.2446,78.8541,81.2098,36.1111,-0.0555,11.0000,-0.0131,-0.0253
V3,F1_maker,127,72,3,risk1%,1.4108,210.8308,18.9484,2.6221,14.6588,16.0764,37.5000,0.2729,11.0000,0.3448,1.0594
V3,F1_maker,127,72,3,30%x10x,1.1977,210.8308,6.5559,0.9517,74.3588,77.4557,37.5000,0.8785,11.0000,0.2119,0.4728
V3,F1_maker,128,71,4,risk1%,1.3513,176.6807,15.8865,2.2236,12.4564,16.5335,38.0282,0.2300,10.0000,0.3502,0.8925
V3,F1_maker,128,71,4,30%x10x,1.1602,176.6807,-7.4280,-1.1447,67.9096,72.6277,38.0282,0.7465,10.0000,0.1734,0.3583
V3,F1_maker,129,71,4,risk1%,1.2697,27.5449,11.9891,1.7033,16.9356,19.8618,35.2113,0.1859,11.0000,0.2577,0.7012
V3,F1_maker,129,71,4,30%x10x,1.0239,27.5449,-39.9343,-7.3214,79.9834,80.9426,35.2113,0.1164,11.0000,0.0274,0.0546
V3,F1_maker,130,74,1,risk1%,1.3653,61.0504,17.1108,2.3840,14.2843,18.8128,37.8378,0.2401,12.0000,0.3383,0.9468
V3,F1_maker,130,74,1,30%x10x,1.0541,61.0504,-32.4304,-5.6797,81.3868,83.1832,37.8378,0.2475,12.0000,0.0613,0.1258
V3,F1_maker,131,72,3,risk1%,1.2012,-33.7618,8.6673,1.2476,16.4060,18.5993,36.1111,0.1370,12.0000,0.2127,0.5242
V3,F1_maker,131,72,3,30%x10x,0.9719,-33.7618,-50.3921,-9.9285,83.5861,85.0696,36.1111,-0.1407,12.0000,-0.0332,-0.0660
V3,F1_maker,132,72,3,risk1%,1.3894,109.7921,17.5887,2.4462,15.3770,16.1010,38.8889,0.2531,8.0000,0.3417,0.9896
V3,F1_maker,132,72,3,30%x10x,1.0975,109.7921,-25.5036,-4.2966,79.5918,80.8610,38.8889,0.4575,8.0000,0.1064,0.2137
V3,F1_maker,133,72,3,risk1%,1.3101,10.0553,13.6443,1.9262,14.1297,15.4482,36.1111,0.2104,6.0000,0.2600,0.8061
V3,F1_maker,133,72,3,30%x10x,1.0093,10.0553,-38.1203,-6.9092,75.7686,77.5710,36.1111,0.0419,6.0000,0.0107,0.0219
V3,F1_maker,134,72,3,risk1%,1.3531,-72.0535,16.6198,2.3199,18.1969,19.1542,33.3333,0.2497,12.0000,0.2957,0.9361
V3,F1_maker,134,72,3,30%x10x,0.9413,-72.0535,-55.7319,-11.4457,83.9091,85.7233,33.3333,-0.3002,12.0000,-0.0712,-0.1395
V3,F1_maker,135,73,2,risk1%,1.1132,-215.2795,4.0620,0.5957,19.3322,22.4179,32.8767,0.0812,12.0000,0.1130,0.3043
V3,F1_maker,135,73,2,30%x10x,0.8247,-215.2795,-69.3765,-16.1818,86.4541,88.4623,32.8767,-0.8847,12.0000,-0.2266,-0.4132
V3,F1_maker,136,71,4,risk1%,1.2496,111.2444,10.9879,1.5672,14.6406,19.1032,35.2113,0.1718,11.0000,0.2449,0.6502
V3,F1_maker,136,71,4,30%x10x,1.0966,111.2444,-25.4150,-4.2796,75.6535,78.8472,35.2113,0.4700,11.0000,0.1069,0.2252
V3,F1_maker,137,73,2,risk1%,1.1700,-111.9561,7.1581,1.0366,15.6885,17.6764,34.2466,0.1183,6.0000,0.1758,0.4511
V3,F1_maker,137,73,2,30%x10x,0.9142,-111.9561,-62.6667,-13.6678,84.0204,86.6767,34.2466,-0.4601,6.0000,-0.1067,-0.2022
V3,F1_maker,138,72,3,risk1%,1.2078,-6.0638,9.0431,1.2997,15.7788,17.8568,33.3333,0.1464,11.0000,0.2053,0.5489
V3,F1_maker,138,72,3,30%x10x,0.9949,-6.0638,-46.9652,-9.0265,80.6917,83.5353,33.3333,-0.0253,11.0000,-0.0059,-0.0117
V3,F1_maker,139,73,2,risk1%,1.0675,-225.1543,1.5288,0.2266,23.7831,24.8962,30.1370,0.0504,12.0000,0.0660,0.1852
V3,F1_maker,139,73,2,30%x10x,0.8305,-225.1543,-71.9271,-17.2620,91.4973,91.6560,30.1370,-0.9253,12.0000,-0.2236,-0.4247
V3,F1_maker,140,71,4,risk1%,1.2364,28.6616,10.2185,1.4619,13.1633,15.3417,35.2113,0.1627,6.0000,0.2283,0.6155
V3,F1_maker,140,71,4,30%x10x,1.0250,28.6616,-38.3018,-6.9500,75.5745,77.4658,35.2113,0.1211,6.0000,0.0289,0.0589
V3,F1_maker,141,73,2,risk1%,1.0695,-36.6106,1.8783,0.2780,18.3288,21.6518,34.2466,0.0490,11.0000,0.0725,0.1851
V3,F1_maker,141,73,2,30%x10x,0.9695,-36.6106,-50.8317,-10.0480,84.0784,86.8327,34.2466,-0.1505,11.0000,-0.0362,-0.0707
V3,F1_maker,142,74,1,risk1%,1.0265,-121.2029,-0.0479,-0.0072,16.3343,20.0919,33.7838,0.0187,10.0000,0.0309,0.0713
V3,F1_maker,142,74,1,30%x10x,0.9022,-121.2029,-60.1966,-12.8388,81.6972,84.4759,33.7838,-0.4914,10.0000,-0.1246,-0.2355
V3,F1_maker,143,71,4,risk1%,1.2296,-104.2234,10.0011,1.4320,17.0358,21.0189,32.3944,0.1646,10.0000,0.2115,0.6112
V3,F1_maker,143,71,4,30%x10x,0.9178,-104.2234,-59.8543,-12.7275,83.6205,85.5030,32.3944,-0.4404,10.0000,-0.1029,-0.2005
V3,F1_maker,144,72,3,risk1%,1.2730,12.3447,12.3520,1.7524,15.2387,18.1903,36.1111,0.1867,11.0000,0.2686,0.7097
V3,F1_maker,144,72,3,30%x10x,1.0107,12.3447,-41.8624,-7.7714,83.5297,85.2044,36.1111,0.0514,11.0000,0.0124,0.0245
V3,F1_maker,145,71,4,risk1%,1.2266,-57.0318,9.7124,1.3922,14.6462,17.7563,32.3944,0.1626,10.0000,0.2023,0.6033
V3,F1_maker,145,71,4,30%x10x,0.9557,-57.0318,-56.4569,-11.6635,80.3496,81.6424,32.3944,-0.2410,10.0000,-0.0537,-0.1056
V3,F1_maker,146,72,3,risk1%,1.3099,185.9313,13.6704,1.9296,14.0112,15.3748,38.8889,0.2022,11.0000,0.2944,0.7898
V3,F1_maker,146,72,3,30%x10x,1.1667,185.9313,-6.9827,-1.0739,77.6305,80.4153,38.8889,0.7747,11.0000,0.1786,0.3739
V3,F1_maker,147,74,1,risk1%,1.1518,17.7522,6.1209,0.8901,12.8494,15.9255,36.4865,0.1021,10.0000,0.1586,0.4000
V3,F1_maker,147,74,1,30%x10x,1.0155,17.7522,-38.0309,-6.8891,71.9114,76.5592,36.4865,0.0720,10.0000,0.0185,0.0378
V3,F1_maker,148,71,4,risk1%,1.3510,26.2197,16.0471,2.2448,17.7808,19.2813,36.6197,0.2362,11.0000,0.3263,0.9034
V3,F1_maker,148,71,4,30%x10x,1.0225,26.2197,-39.3063,-7.1775,86.5557,87.8846,36.6197,0.1108,11.0000,0.0263,0.0531
V3,F1_maker,149,72,3,risk1%,1.3780,82.1673,17.4245,2.4249,11.3748,13.6866,36.1111,0.2577,8.0000,0.3110,0.9846
V3,F1_maker,149,72,3,30%x10x,1.0692,82.1673,-32.6063,-5.7164,70.2541,74.7663,36.1111,0.3424,8.0000,0.0785,0.1584
V3,F1_maker,150,72,3,risk1%,1.4284,92.5690,20.1470,2.7756,15.1678,18.7869,36.1111,0.2900,10.0000,0.3489,1.1148
V3,F1_maker,150,72,3,30%x10x,1.0800,92.5690,-27.1138,-4.6080,76.0401,79.0719,36.1111,0.3857,10.0000,0.0914,0.1911
V3,F1_maker,151,71,4,risk1%,1.4065,59.5301,18.7863,2.6012,13.7259,15.9075,35.2113,0.2784,6.0000,0.3279,1.0511
V3,F1_maker,151,71,4,30%x10x,1.0543,59.5301,-29.8294,-5.1468,70.9597,73.1752,35.2113,0.2515,6.0000,0.0620,0.1288
V3,F1_maker,152,71,4,risk1%,1.1485,-19.3374,5.9320,0.8633,17.5101,19.2792,32.3944,0.1065,11.0000,0.1504,0.3928
V3,F1_maker,152,71,4,30%x10x,0.9838,-19.3374,-48.8713,-9.5219,84.2312,85.1944,32.3944,-0.0817,11.0000,-0.0188,-0.0382
V3,F1_maker,153,72,3,risk1%,1.2408,17.9045,10.9047,1.5558,16.8493,20.4949,33.3333,0.1713,10.0000,0.2338,0.6406
V3,F1_maker,153,72,3,30%x10x,1.0148,17.9045,-43.3528,-8.1280,80.6211,82.1569,33.3333,0.0746,10.0000,0.0173,0.0349
V3,F1_maker,154,72,3,risk1%,1.2660,10.3499,11.7491,1.6708,14.1591,18.2182,36.1111,0.1793,6.0000,0.2573,0.6862
V3,F1_maker,154,72,3,30%x10x,1.0094,10.3499,-39.4945,-7.2205,77.2148,80.6574,36.1111,0.0431,6.0000,0.0108,0.0215
V3,F1_maker,155,71,4,risk1%,1.2987,244.8146,12.8707,1.8224,14.2745,16.3259,38.0282,0.1947,5.0000,0.2817,0.7569
V3,F1_maker,155,71,4,30%x10x,1.2246,244.8146,10.2940,1.4722,71.7501,74.2735,38.0282,1.0344,5.0000,0.2340,0.5037
V3,F1_maker,156,72,3,risk1%,1.0123,-180.0092,-1.1320,-0.1697,20.9726,24.6641,30.5556,0.0092,11.0000,0.0131,0.0334
V3,F1_maker,156,72,3,30%x10x,0.8533,-180.0092,-65.5516,-14.6973,84.8382,87.4056,30.5556,-0.7500,11.0000,-0.1897,-0.3671
V3,F1_maker,157,73,2,risk1%,1.1823,-96.0318,7.5548,1.0923,14.2920,16.5779,36.9863,0.1224,6.0000,0.1856,0.4753
V3,F1_maker,157,73,2,30%x10x,0.9195,-96.0318,-56.5044,-11.6779,82.2383,85.1547,36.9863,-0.3947,6.0000,-0.1001,-0.1856
V3,F1_maker,158,71,4,risk1%,1.3687,55.4990,17.1308,2.3866,14.6969,18.5121,35.2113,0.2525,10.0000,0.3300,0.9581
V3,F1_maker,158,71,4,30%x10x,1.0476,55.4990,-34.7765,-6.1756,81.4316,82.8786,35.2113,0.2345,10.0000,0.0551,0.1116
V3,F1_maker,159,72,3,risk1%,1.2802,26.7512,12.2332,1.7364,15.8624,18.4204,37.5000,0.1859,11.0000,0.2623,0.7219
V3,F1_maker,159,72,3,30%x10x,1.0225,26.7512,-40.1628,-7.3741,80.8950,82.3362,37.5000,0.1115,11.0000,0.0265,0.0530
V3,F1_maker,160,72,3,risk1%,1.1265,-245.9946,4.7575,0.6957,20.3289,23.2814,30.5556,0.0931,11.0000,0.1245,0.3431
V3,F1_maker,160,72,3,30%x10x,0.8186,-245.9946,-74.5994,-18.4874,87.6839,89.7690,30.5556,-1.0250,11.0000,-0.2394,-0.4333
V3,F1_maker,161,72,3,risk1%,1.2141,-34.5573,9.1419,1.3134,14.6686,17.5149,33.3333,0.1518,8.0000,0.1961,0.5690
V3,F1_maker,161,72,3,30%x10x,0.9719,-34.5573,-51.5509,-10.2455,78.0520,81.3569,33.3333,-0.1440,8.0000,-0.0336,-0.0660
V3,F1_maker,162,72,3,risk1%,1.2101,75.3089,9.1000,1.3076,14.4418,18.7892,34.7222,0.1450,10.0000,0.2119,0.5520
V3,F1_maker,162,72,3,30%x10x,1.0633,75.3089,-33.4497,-5.8933,81.4989,84.3872,34.7222,0.3138,10.0000,0.0718,0.1516
V3,F1_maker,163,72,3,risk1%,1.3607,-125.0190,16.8724,2.3529,14.8530,18.4303,33.3333,0.2554,11.0000,0.2909,0.9605
V3,F1_maker,163,72,3,30%x10x,0.8993,-125.0190,-61.2460,-13.1855,85.9260,88.3669,33.3333,-0.5209,11.0000,-0.1265,-0.2435
V3,F1_maker,164,72,3,risk1%,1.2859,181.9755,12.5613,1.7807,10.3753,13.7938,38.8889,0.1870,8.0000,0.2824,0.7288
V3,F1_maker,164,72,3,30%x10x,1.1779,181.9755,-0.0360,-0.0054,69.0589,72.0276,38.8889,0.7582,8.0000,0.1862,0.4127
V3,F1_maker,165,72,3,risk1%,1.3013,-93.9370,13.3354,1.8848,15.0492,16.3817,36.1111,0.2042,8.0000,0.2638,0.7849
V3,F1_maker,165,72,3,30%x10x,0.9218,-93.9370,-57.3225,-11.9277,80.7554,82.3253,36.1111,-0.3914,8.0000,-0.0953,-0.1830
V3,F1_maker,166,72,3,risk1%,1.2297,115.4875,9.7387,1.3959,14.7456,16.8391,37.5000,0.1522,10.0000,0.2267,0.5899
V3,F1_maker,166,72,3,30%x10x,1.1038,115.4875,-21.6824,-3.5799,70.9679,74.8826,37.5000,0.4812,10.0000,0.1145,0.2373
V3,F1_maker,167,72,3,risk1%,1.3089,58.7116,13.5646,1.9155,15.2633,16.3336,37.5000,0.2041,6.0000,0.2775,0.7936
V3,F1_maker,167,72,3,30%x10x,1.0494,58.7116,-35.8410,-6.4056,82.3454,83.4132,37.5000,0.2446,6.0000,0.0569,0.1150
V3,F1_maker,168,71,4,risk1%,1.2203,36.6808,9.3421,1.3411,16.9317,18.6265,35.2113,0.1498,11.0000,0.2178,0.5693
V3,F1_maker,168,71,4,30%x10x,1.0306,36.6808,-40.9367,-7.5538,82.7787,85.2408,35.2113,0.1550,11.0000,0.0353,0.0689
V3,F1_maker,169,74,1,risk1%,1.2781,-69.6373,12.9659,1.8352,15.4784,18.0621,35.1351,0.1913,11.0000,0.2700,0.7370
V3,F1_maker,169,74,1,30%x10x,0.9450,-69.6373,-57.3993,-11.9513,85.4520,86.6847,35.1351,-0.2823,11.0000,-0.0666,-0.1270
V3,F1_maker,170,71,4,risk1%,1.2440,-238.4619,10.5186,1.5030,19.0093,20.8777,32.3944,0.1752,12.0000,0.2100,0.6497
V3,F1_maker,170,71,4,30%x10x,0.8199,-238.4619,-73.6719,-18.0502,88.1156,89.9323,32.3944,-1.0076,12.0000,-0.2344,-0.4228
V3,F1_maker,171,72,3,risk1%,1.2114,-14.5615,8.9140,1.2818,17.0011,18.9849,37.5000,0.1401,12.0000,0.2171,0.5432
V3,F1_maker,171,72,3,30%x10x,0.9880,-14.5615,-49.0831,-9.5779,85.4456,86.7002,37.5000,-0.0607,12.0000,-0.0140,-0.0275
V3,F1_maker,172,72,3,risk1%,1.0842,-19.9089,2.5023,0.3693,19.4537,22.2549,33.3333,0.0600,10.0000,0.0842,0.2240
V3,F1_maker,172,72,3,30%x10x,0.9822,-19.9089,-43.1703,-8.0839,76.1556,79.8052,33.3333,-0.0830,10.0000,-0.0212,-0.0443
V3,F1_maker,173,75,0,risk1%,1.1754,-118.1106,7.4530,1.0780,15.6008,18.7154,34.6667,0.1214,11.0000,0.1752,0.4700
V3,F1_maker,173,75,0,30%x10x,0.9025,-118.1106,-59.2332,-12.5274,84.8589,85.9928,34.6667,-0.4724,11.0000,-0.1227,-0.2342
V3,F1_maker,174,71,4,risk1%,1.2630,116.1623,11.3063,1.6106,15.7695,17.1268,38.0282,0.1730,11.0000,0.2626,0.6689
V3,F1_maker,174,71,4,30%x10x,1.1051,116.1623,-21.7372,-3.5899,77.1537,79.0229,38.0282,0.4908,11.0000,0.1151,0.2345
V3,F1_maker,175,72,3,risk1%,1.2622,166.5079,11.5581,1.6449,12.7921,15.1620,37.5000,0.1740,10.0000,0.2666,0.6749
V3,F1_maker,175,72,3,30%x10x,1.1551,166.5079,-6.5569,-1.0065,69.0442,72.9079,37.5000,0.6938,10.0000,0.1676,0.3658
V3,F1_maker,176,75,0,risk1%,1.3235,-88.8576,14.1908,1.9991,13.9943,16.0571,38.6667,0.2086,6.0000,0.2668,0.8365
V3,F1_maker,176,75,0,30%x10x,0.9250,-88.8576,-56.0811,-11.5502,81.4275,84.5548,38.6667,-0.3554,6.0000,-0.0919,-0.1684
V3,F1_maker,177,72,3,risk1%,1.4347,246.2393,19.9711,2.7532,13.2992,16.0346,38.8889,0.2793,10.0000,0.3913,1.1052
V3,F1_maker,177,72,3,30%x10x,1.2300,246.2393,14.3634,2.0221,66.6143,71.2418,38.8889,1.0260,10.0000,0.2410,0.5275
V3,F1_maker,178,72,3,risk1%,1.0777,33.5995,2.4907,0.3676,19.2652,22.2163,34.7222,0.0546,11.0000,0.0868,0.2046
V3,F1_maker,178,72,3,30%x10x,1.0295,33.5995,-38.5194,-6.9990,82.1198,83.6154,34.7222,0.1400,11.0000,0.0333,0.0694
V3,F1_maker,179,71,4,risk1%,1.2246,88.6897,9.8951,1.4174,14.1420,15.4601,35.2113,0.1548,5.0000,0.2368,0.5852
V3,F1_maker,179,71,4,30%x10x,1.0772,88.6897,-29.3644,-5.0533,74.4062,78.2371,35.2113,0.3747,5.0000,0.0865,0.1767
V3,F1_maker,180,72,3,risk1%,1.2774,-75.8870,12.6420,1.7916,17.7763,19.4031,34.7222,0.1927,11.0000,0.2637,0.7306
V3,F1_maker,180,72,3,30%x10x,0.9379,-75.8870,-55.9123,-11.4996,83.8652,86.2835,34.7222,-0.3162,11.0000,-0.0757,-0.1444
V3,F1_maker,181,71,4,risk1%,1.2425,59.6765,10.1217,1.4486,16.5435,17.6424,36.6197,0.1641,8.0000,0.2172,0.6250
V3,F1_maker,181,71,4,30%x10x,1.0533,59.6765,-32.5943,-5.7139,81.5993,82.8170,36.6197,0.2522,8.0000,0.0598,0.1255
V3,F1_maker,182,72,3,risk1%,1.5784,204.1568,26.7507,3.5992,11.4482,12.7503,40.2778,0.3650,7.0000,0.4359,1.4535
V3,F1_maker,182,72,3,30%x10x,1.1925,204.1568,4.4057,0.6452,71.1245,73.5552,40.2778,0.8507,7.0000,0.2056,0.4442
V3,F1_maker,183,72,3,risk1%,0.9969,-90.9250,-1.4375,-0.2157,19.4289,23.0238,33.3333,-0.0022,6.0000,-0.0037,-0.0082
V3,F1_maker,183,72,3,30%x10x,0.9248,-90.9250,-56.9810,-11.8229,83.3339,85.8669,33.3333,-0.3789,6.0000,-0.0921,-0.1782
V3,F1_maker,184,72,3,risk1%,1.2770,59.1886,12.1386,1.7236,15.3926,17.1945,34.7222,0.1931,10.0000,0.2337,0.7298
V3,F1_maker,184,72,3,30%x10x,1.0496,59.1886,-37.2688,-6.7192,78.0607,81.3432,34.7222,0.2466,10.0000,0.0563,0.1154
V3,F1_maker,185,71,4,risk1%,1.3089,-36.7253,13.6093,1.9215,16.6473,18.8940,35.2113,0.2131,11.0000,0.2596,0.8049
V3,F1_maker,185,71,4,30%x10x,0.9696,-36.7253,-51.5108,-10.2344,81.7965,83.2656,35.2113,-0.1552,11.0000,-0.0360,-0.0695
V3,F1_maker,186,71,4,risk1%,1.4309,62.1221,20.0457,2.7627,17.6568,19.0558,35.2113,0.2956,11.0000,0.3359,1.1138
V3,F1_maker,186,71,4,30%x10x,1.0547,62.1221,-33.5232,-5.9088,80.1454,81.4250,35.2113,0.2625,11.0000,0.0615,0.1241
V3,F1_maker,187,73,2,risk1%,1.1206,-42.7456,4.6394,0.6787,15.0663,17.1674,34.2466,0.0845,10.0000,0.1290,0.3207
V3,F1_maker,187,73,2,30%x10x,0.9624,-42.7456,-48.1636,-9.3362,78.3431,81.5711,34.2466,-0.1757,10.0000,-0.0449,-0.0890
V3,F1_maker,188,72,3,risk1%,1.3136,210.3183,14.0707,1.9831,11.6722,14.5258,37.5000,0.2074,5.0000,0.3006,0.8050
V3,F1_maker,188,72,3,30%x10x,1.1972,210.3183,4.7050,0.6882,70.9484,74.0615,37.5000,0.8763,5.0000,0.2082,0.4665
V3,F1_maker,189,73,2,risk1%,1.2594,-1.6748,11.4892,1.6355,11.8249,15.8350,36.9863,0.1741,6.0000,0.2509,0.6760
V3,F1_maker,189,73,2,30%x10x,0.9985,-1.6748,-41.0537,-7.5811,75.9530,79.7724,36.9863,-0.0069,6.0000,-0.0018,-0.0036
V3,F1_maker,190,72,3,risk1%,1.4188,201.0635,19.3380,2.6721,11.4240,15.4406,38.8889,0.2722,5.0000,0.3791,1.0673
V3,F1_maker,190,72,3,30%x10x,1.1860,201.0635,1.9112,0.2828,72.1163,73.8774,38.8889,0.8378,5.0000,0.1996,0.4400
V3,F1_maker,191,72,3,risk1%,1.1457,-112.0288,5.5131,0.8037,17.6339,18.1782,33.3333,0.1033,12.0000,0.1364,0.3879
V3,F1_maker,191,72,3,30%x10x,0.9101,-112.0288,-59.9622,-12.7625,87.0439,87.8153,33.3333,-0.4668,12.0000,-0.1125,-0.2196
V3,F1_maker,192,71,4,risk1%,1.2912,-20.9714,12.8817,1.8238,16.8356,19.0624,33.8028,0.2062,6.0000,0.2425,0.7672
V3,F1_maker,192,71,4,30%x10x,0.9827,-20.9714,-47.8240,-9.2478,80.8343,82.2237,33.8028,-0.0886,6.0000,-0.0208,-0.0424
V3,F1_maker,193,72,3,risk1%,1.4353,154.6481,20.2643,2.7906,13.8062,17.5771,38.8889,0.2834,11.0000,0.3912,1.1069
V3,F1_maker,193,72,3,30%x10x,1.1462,154.6481,-8.7032,-1.3490,75.8296,77.5565,38.8889,0.6444,11.0000,0.1578,0.3324
V3,F1_maker,194,71,4,risk1%,1.4123,75.2440,18.9037,2.6163,14.1279,15.2519,38.0282,0.2702,5.0000,0.3771,1.0502
V3,F1_maker,194,71,4,30%x10x,1.0652,75.2440,-31.9451,-5.5790,73.2792,77.5156,38.0282,0.3179,5.0000,0.0738,0.1466
V3,F1_maker,195,72,3,risk1%,1.3650,144.6278,16.5771,2.3143,11.3822,15.9395,37.5000,0.2418,5.0000,0.3216,0.9400
V3,F1_maker,195,72,3,30%x10x,1.1251,144.6278,-18.1448,-2.9424,70.4638,74.1548,37.5000,0.6026,5.0000,0.1382,0.2918
V3,F1_maker,196,71,4,risk1%,1.2897,152.8980,12.8850,1.8243,15.4279,18.4657,35.2113,0.2002,10.0000,0.2609,0.7546
V3,F1_maker,196,71,4,30%x10x,1.1388,152.8980,-13.7300,-2.1789,71.2320,75.2314,35.2113,0.6460,10.0000,0.1498,0.3184
V3,F1_maker,197,71,4,risk1%,1.0215,-166.9510,-0.4413,-0.0660,18.2462,21.3486,29.5775,0.0161,11.0000,0.0243,0.0583
V3,F1_maker,197,71,4,30%x10x,0.8686,-166.9510,-66.8724,-15.1933,84.9592,86.2768,29.5775,-0.7054,11.0000,-0.1646,-0.3153
V3,F1_maker,198,71,4,risk1%,1.4893,79.1834,23.0707,3.1449,16.8455,18.1223,36.6197,0.3300,10.0000,0.3798,1.2586
V3,F1_maker,198,71,4,30%x10x,1.0699,79.1834,-28.3628,-4.8537,77.3824,80.0234,36.6197,0.3346,10.0000,0.0799,0.1653
V3,F1_maker,199,71,4,risk1%,1.0946,-39.0666,3.0761,0.4529,19.0127,21.8984,32.3944,0.0683,11.0000,0.0955,0.2519
V3,F1_maker,199,71,4,30%x10x,0.9686,-39.0666,-52.8822,-10.6177,87.0364,88.0056,32.3944,-0.1651,11.0000,-0.0374,-0.0752
V3,F1b_matched,0,78,1,risk1%,0.7354,-280.0371,-14.8856,-2.3754,23.2447,27.0666,33.3333,-0.1956,7.0000,-0.4506,-0.7356
V3,F1b_matched,0,78,1,30%x10x,0.6832,-280.0371,-63.6337,-14.0051,73.0927,77.5121,33.3333,-1.0771,7.0000,-0.5512,-0.8463
V3,F1b_matched,1,79,0,risk1%,0.9048,-194.1667,-6.6476,-1.0208,20.5443,24.1812,32.9114,-0.0702,7.0000,-0.1292,-0.2665
V3,F1b_matched,1,79,0,30%x10x,0.7815,-194.1667,-54.3845,-11.0487,68.2108,73.0194,32.9114,-0.7373,7.0000,-0.3447,-0.5899
V3,F1b_matched,2,78,1,risk1%,0.9346,-195.6172,-5.0305,-0.7669,25.7072,29.5083,33.3333,-0.0475,9.0000,-0.0826,-0.1807
V3,F1b_matched,2,78,1,30%x10x,0.7771,-195.6172,-55.1694,-11.2787,77.4915,81.3300,33.3333,-0.7524,9.0000,-0.3339,-0.5920
V3,F1b_matched,3,78,1,risk1%,1.1286,-19.5893,5.7425,0.8363,13.7513,18.3427,35.8974,0.0915,6.0000,0.1542,0.3507
V3,F1b_matched,3,78,1,30%x10x,0.9772,-19.5893,-26.3957,-4.4684,54.6164,62.5210,35.8974,-0.0753,6.0000,-0.0310,-0.0598
V3,F1b_matched,4,79,0,risk1%,1.2079,-13.7429,9.4359,1.3541,23.4630,26.8856,34.1772,0.1504,11.0000,0.1845,0.5771
V3,F1b_matched,4,79,0,30%x10x,0.9846,-13.7429,-32.6618,-5.7279,72.5967,76.6892,34.1772,-0.0522,11.0000,-0.0172,-0.0411
V3,F1b_matched,5,78,1,risk1%,1.0606,-144.1570,0.9452,0.1404,29.8189,33.4281,32.0513,0.0457,9.0000,0.0578,0.1702
V3,F1b_matched,5,78,1,30%x10x,0.8425,-144.1570,-52.7985,-10.5941,83.5514,86.3709,32.0513,-0.5544,9.0000,-0.1907,-0.4261
V3,F1b_matched,6,79,0,risk1%,0.9618,-193.5238,-3.2801,-0.4962,18.5449,22.7148,36.7089,-0.0265,6.0000,-0.0506,-0.1042
V3,F1b_matched,6,79,0,30%x10x,0.7768,-193.5238,-53.8506,-10.8942,68.4959,73.9140,36.7089,-0.7349,6.0000,-0.3530,-0.5864
V3,F1b_matched,7,78,1,risk1%,1.0717,-73.9773,2.6058,0.3844,19.0148,23.2805,37.1795,0.0500,6.0000,0.0914,0.1935
V3,F1b_matched,7,78,1,30%x10x,0.9122,-73.9773,-35.1243,-6.2504,65.6865,71.6038,37.1795,-0.2845,6.0000,-0.1284,-0.2285
V3,F1b_matched,8,78,1,risk1%,1.0511,-62.8501,1.5220,0.2256,17.2100,21.4008,39.7436,0.0341,5.0000,0.0670,0.1351
V3,F1b_matched,8,78,1,30%x10x,0.9223,-62.8501,-31.8706,-5.5635,62.5197,68.6013,39.7436,-0.2417,5.0000,-0.1135,-0.1981
V3,F1b_matched,9,77,2,risk1%,0.8295,-258.6948,-10.5351,-1.6468,21.4980,25.6750,32.4675,-0.1280,7.0000,-0.2347,-0.4739
V3,F1b_matched,9,77,2,30%x10x,0.7110,-258.6948,-62.4071,-13.5785,71.0841,76.1235,32.4675,-1.0079,7.0000,-0.4605,-0.7740
V3,F1b_matched,10,77,2,risk1%,0.7565,-222.8840,-14.0074,-2.2259,21.7914,25.4048,31.1688,-0.1828,6.0000,-0.3802,-0.6777
V3,F1b_matched,10,77,2,30%x10x,0.7459,-222.8840,-58.5012,-12.2949,68.6792,73.4642,31.1688,-0.8684,6.0000,-0.3863,-0.6817
V3,F1b_matched,11,79,0,risk1%,0.7769,-232.7681,-12.6445,-1.9962,23.3484,27.3081,35.4430,-0.1595,5.0000,-0.3583,-0.6144
V3,F1b_matched,11,79,0,30%x10x,0.7306,-232.7681,-58.3903,-12.2599,72.0263,76.8002,35.4430,-0.8839,5.0000,-0.4436,-0.7140
V3,F1b_matched,12,79,0,risk1%,0.6890,-315.1039,-17.3073,-2.7949,27.4583,30.8566,32.9114,-0.2300,8.0000,-0.5471,-0.8714
V3,F1b_matched,12,79,0,30%x10x,0.6469,-315.1039,-67.1104,-15.2845,78.5454,81.9775,32.9114,-1.1966,8.0000,-0.6308,-0.9529
V3,F1b_matched,13,78,1,risk1%,0.9007,-201.8745,-6.8160,-1.0475,23.0768,27.0592,33.3333,-0.0734,7.0000,-0.1336,-0.2761
V3,F1b_matched,13,78,1,30%x10x,0.7737,-201.8745,-55.7618,-11.4546,72.4040,77.1682,33.3333,-0.7764,7.0000,-0.3513,-0.6069
V3,F1b_matched,14,79,0,risk1%,0.9038,-266.9982,-7.7023,-1.1884,31.8662,35.0772,31.6456,-0.0723,9.0000,-0.0986,-0.2724
V3,F1b_matched,14,79,0,30%x10x,0.7150,-266.9982,-66.4720,-15.0412,86.4583,88.5813,31.6456,-1.0139,9.0000,-0.3696,-0.7770
V3,F1b_matched,15,79,0,risk1%,1.0253,-101.7412,-0.9994,-0.1497,26.4093,29.7215,32.9114,0.0188,9.0000,0.0247,0.0711
V3,F1b_matched,15,79,0,30%x10x,0.8879,-101.7412,-47.0372,-9.0450,77.9343,81.2342,32.9114,-0.3864,9.0000,-0.1319,-0.3026
V3,F1b_matched,16,79,0,risk1%,0.8101,-326.4623,-11.7516,-1.8475,26.0337,29.8672,32.9114,-0.1413,9.0000,-0.2596,-0.5331
V3,F1b_matched,16,79,0,30%x10x,0.6474,-326.4623,-69.2878,-16.1456,80.1346,83.6773,32.9114,-1.2397,9.0000,-0.5839,-0.9531
V3,F1b_matched,17,79,0,risk1%,0.9950,-153.1299,-2.5510,-0.3847,25.0215,28.5867,34.1772,-0.0036,7.0000,-0.0049,-0.0138
V3,F1b_matched,17,79,0,30%x10x,0.8302,-153.1299,-53.5362,-10.8039,78.1617,81.6165,34.1772,-0.5815,7.0000,-0.2059,-0.4556
V3,F1b_matched,18,79,0,risk1%,0.6764,-396.3231,-19.0367,-3.1008,23.7081,27.1301,29.1139,-0.2539,9.0000,-0.5338,-0.9339
V3,F1b_matched,18,79,0,30%x10x,0.5909,-396.3231,-75.0521,-18.7057,80.1190,83.0808,29.1139,-1.5050,9.0000,-0.7209,-1.1378
V3,F1b_matched,19,78,1,risk1%,1.2666,11.5695,12.8748,1.8229,25.8908,29.5414,33.3333,0.1939,11.0000,0.2296,0.7362
V3,F1b_matched,19,78,1,30%x10x,1.0131,11.5695,-27.9503,-4.7721,77.3595,80.9490,33.3333,0.0445,11.0000,0.0143,0.0349
V3,F1b_matched,20,79,0,risk1%,0.8006,-319.1112,-12.0562,-1.8981,27.4696,30.7622,32.9114,-0.1485,9.0000,-0.3005,-0.5596
V3,F1b_matched,20,79,0,30%x10x,0.6536,-319.1112,-67.9893,-15.6261,81.0114,84.0201,32.9114,-1.2118,9.0000,-0.6092,-0.9357
V3,F1b_matched,21,78,1,risk1%,0.7454,-324.6717,-14.4177,-2.2956,26.4168,30.1577,33.3333,-0.1877,6.0000,-0.4145,-0.7080
V3,F1b_matched,21,78,1,30%x10x,0.6378,-324.6717,-68.1014,-15.6702,79.0788,82.6272,33.3333,-1.2487,6.0000,-0.6469,-0.9706
V3,F1b_matched,22,75,4,risk1%,1.0160,-47.8108,-0.5852,-0.0875,24.0799,28.0005,33.3333,0.0118,11.0000,0.0196,0.0436
V3,F1b_matched,22,75,4,30%x10x,0.9426,-47.8108,-32.3908,-5.6715,72.9830,77.6450,33.3333,-0.1912,11.0000,-0.0753,-0.1501
V3,F1b_matched,23,79,0,risk1%,0.8709,-252.5134,-8.5110,-1.3181,21.9834,25.6220,32.9114,-0.0958,8.0000,-0.1772,-0.3626
V3,F1b_matched,23,79,0,30%x10x,0.7252,-252.5134,-61.9992,-13.4393,75.3445,79.5080,32.9114,-0.9589,8.0000,-0.4406,-0.7437
V3,F1b_matched,24,79,0,risk1%,0.9408,-164.0156,-4.4085,-0.6703,22.6382,26.4595,36.7089,-0.0414,7.0000,-0.0790,-0.1614
V3,F1b_matched,24,79,0,30%x10x,0.8091,-164.0156,-49.9835,-9.8182,72.0755,76.7741,36.7089,-0.6228,7.0000,-0.2916,-0.5013
V3,F1b_matched,25,79,0,risk1%,0.5359,-524.3648,-25.9640,-4.3851,34.2183,37.4420,27.8481,-0.3705,9.0000,-0.9259,-1.3514
V3,F1b_matched,25,79,0,30%x10x,0.4644,-524.3648,-82.2246,-22.7140,87.5306,89.5572,27.8481,-1.9913,9.0000,-1.1382,-1.4999
V3,F1b_matched,26,78,1,risk1%,0.8771,-230.8223,-7.9570,-1.2292,26.3971,30.2200,33.3333,-0.0905,9.0000,-0.1720,-0.3415
V3,F1b_matched,26,78,1,30%x10x,0.7422,-230.8223,-59.1537,-12.5019,78.3251,82.0782,33.3333,-0.8878,9.0000,-0.4108,-0.6901
V3,F1b_matched,27,79,0,risk1%,0.9567,-170.8382,-4.7182,-0.7183,29.9762,33.1964,32.9114,-0.0317,8.0000,-0.0429,-0.1207
V3,F1b_matched,27,79,0,30%x10x,0.8077,-170.8382,-55.4343,-11.3571,82.2623,84.9746,32.9114,-0.6488,8.0000,-0.2338,-0.5161
V3,F1b_matched,28,78,1,risk1%,0.7159,-347.2008,-16.2099,-2.6035,27.0825,30.7360,32.0513,-0.2140,6.0000,-0.4570,-0.7976
V3,F1b_matched,28,78,1,30%x10x,0.6182,-347.2008,-70.4090,-16.6095,80.6109,83.8064,32.0513,-1.3354,6.0000,-0.6738,-1.0316
V3,F1b_matched,29,78,1,risk1%,0.8879,-208.2575,-7.4378,-1.1462,25.3380,29.1611,33.3333,-0.0823,7.0000,-0.1509,-0.3108
V3,F1b_matched,29,78,1,30%x10x,0.7645,-208.2575,-56.4146,-11.6507,77.1313,80.8890,33.3333,-0.8010,7.0000,-0.3665,-0.6282
V3,F1b_matched,30,78,1,risk1%,0.8960,-227.5122,-7.2465,-1.1158,20.9683,25.0396,32.0513,-0.0783,8.0000,-0.1379,-0.2919
V3,F1b_matched,30,78,1,30%x10x,0.7523,-227.5122,-59.5861,-12.6407,72.4261,76.7507,32.0513,-0.8750,8.0000,-0.3832,-0.6689
V3,F1b_matched,31,79,0,risk1%,0.7946,-307.2441,-12.8573,-2.0319,22.9350,26.5726,30.3797,-0.1587,7.0000,-0.3065,-0.5874
V3,F1b_matched,31,79,0,30%x10x,0.6728,-307.2441,-67.3601,-15.3807,76.9203,80.5309,30.3797,-1.1667,7.0000,-0.5582,-0.9043
V3,F1b_matched,32,79,0,risk1%,1.0445,-82.5022,0.9892,0.1469,17.9012,22.1539,37.9747,0.0305,6.0000,0.0542,0.1200
V3,F1b_matched,32,79,0,30%x10x,0.9032,-82.5022,-38.4285,-6.9785,64.1815,70.5706,37.9747,-0.3133,6.0000,-0.1329,-0.2520
V3,F1b_matched,33,79,0,risk1%,0.9125,-238.9532,-7.2994,-1.1242,28.6292,31.9382,31.6456,-0.0664,9.0000,-0.0899,-0.2479
V3,F1b_matched,33,79,0,30%x10x,0.7480,-238.9532,-64.4018,-14.2785,83.2522,85.8261,31.6456,-0.9074,9.0000,-0.3174,-0.6868
V3,F1b_matched,34,78,1,risk1%,1.0477,-90.9593,1.0521,0.1562,19.3062,23.5618,33.3333,0.0347,7.0000,0.0564,0.1317
V3,F1b_matched,34,78,1,30%x10x,0.8952,-90.9593,-40.2689,-7.3986,65.1387,71.1475,33.3333,-0.3498,7.0000,-0.1452,-0.2791
V3,F1b_matched,35,79,0,risk1%,1.0218,-131.5821,-0.2012,-0.0300,17.5203,21.5522,36.7089,0.0153,6.0000,0.0274,0.0593
V3,F1b_matched,35,79,0,30%x10x,0.8513,-131.5821,-46.7785,-8.9788,65.2047,70.8130,36.7089,-0.4997,6.0000,-0.2138,-0.3901
V3,F1b_matched,36,78,1,risk1%,1.0736,-102.6850,1.7744,0.2627,22.9359,27.0286,33.3333,0.0543,9.0000,0.0708,0.2048
V3,F1b_matched,36,78,1,30%x10x,0.8869,-102.6850,-47.5611,-9.1798,76.8123,80.8657,33.3333,-0.3949,9.0000,-0.1321,-0.3027
V3,F1b_matched,37,78,1,risk1%,0.7337,-407.3109,-16.0923,-2.5832,29.4384,33.1222,28.2051,-0.2080,7.0000,-0.3819,-0.7622
V3,F1b_matched,37,78,1,30%x10x,0.5742,-407.3109,-75.8180,-19.0829,83.1053,85.8722,28.2051,-1.5666,7.0000,-0.7448,-1.1726
V3,F1b_matched,38,78,1,risk1%,1.0860,-116.2195,2.5035,0.3695,21.4673,25.6511,34.6154,0.0623,6.0000,0.0827,0.2367
V3,F1b_matched,38,78,1,30%x10x,0.8686,-116.2195,-47.5723,-9.1826,75.3922,79.6334,34.6154,-0.4470,6.0000,-0.1595,-0.3484
V3,F1b_matched,39,79,0,risk1%,0.8485,-249.3286,-9.7207,-1.5138,26.1816,29.8383,32.9114,-0.1128,7.0000,-0.2094,-0.4253
V3,F1b_matched,39,79,0,30%x10x,0.7258,-249.3286,-61.4806,-13.2641,76.7894,80.7236,32.9114,-0.9468,7.0000,-0.4391,-0.7423
V3,F1b_matched,40,79,0,risk1%,1.1066,-123.8366,3.5654,0.5239,25.6335,29.1419,34.1772,0.0777,9.0000,0.0994,0.2965
V3,F1b_matched,40,79,0,30%x10x,0.8632,-123.8366,-49.6666,-9.7332,79.9794,83.1714,34.1772,-0.4703,9.0000,-0.1649,-0.3669
V3,F1b_matched,41,79,0,risk1%,0.7486,-243.3881,-14.3128,-2.2777,25.4909,29.1558,34.1772,-0.1836,8.0000,-0.4082,-0.6991
V3,F1b_matched,41,79,0,30%x10x,0.7212,-243.3881,-59.8774,-12.7349,73.7903,78.0466,34.1772,-0.9243,8.0000,-0.4572,-0.7462
V3,F1b_matched,42,79,0,risk1%,0.8963,-154.0002,-7.2097,-1.1099,21.5567,25.0648,32.9114,-0.0772,11.0000,-0.1396,-0.2912
V3,F1b_matched,42,79,0,30%x10x,0.8273,-154.0002,-49.9695,-9.8144,67.2123,72.1084,32.9114,-0.5848,11.0000,-0.2531,-0.4671
V3,F1b_matched,43,79,0,risk1%,0.8692,-236.5248,-8.4715,-1.3117,20.5110,24.3543,34.1772,-0.0954,8.0000,-0.1771,-0.3638
V3,F1b_matched,43,79,0,30%x10x,0.7378,-236.5248,-60.1501,-12.8237,72.6078,76.9453,34.1772,-0.8982,8.0000,-0.4111,-0.7006
V3,F1b_matched,44,78,1,risk1%,1.1717,-74.7919,7.3266,1.0603,22.6815,26.4455,34.6154,0.1245,7.0000,0.1572,0.4728
V3,F1b_matched,44,78,1,30%x10x,0.9171,-74.7919,-42.5741,-7.9407,74.0832,78.1343,34.6154,-0.2877,7.0000,-0.0972,-0.2199
V3,F1b_matched,45,78,1,risk1%,0.8904,-270.4515,-7.5795,-1.1688,23.9811,27.9894,32.0513,-0.0827,9.0000,-0.1449,-0.3075
V3,F1b_matched,45,78,1,30%x10x,0.7064,-270.4515,-63.8904,-14.0959,78.2179,81.9814,32.0513,-1.0402,9.0000,-0.4762,-0.7939
V3,F1b_matched,46,79,0,risk1%,1.3220,104.2698,16.5202,2.3068,20.6118,24.1682,35.4430,0.2315,6.0000,0.2790,0.8863
V3,F1b_matched,46,79,0,30%x10x,1.1183,104.2698,-7.6703,-1.1833,68.3536,73.0733,35.4430,0.3960,6.0000,0.1244,0.3134
V3,F1b_matched,47,79,0,risk1%,0.9948,-149.2433,-1.7729,-0.2665,19.6275,23.3983,34.1772,-0.0038,7.0000,-0.0066,-0.0144
V3,F1b_matched,47,79,0,30%x10x,0.8352,-149.2433,-49.5933,-9.7136,68.5688,73.4164,34.1772,-0.5667,7.0000,-0.2422,-0.4403
V3,F1b_matched,48,79,0,risk1%,0.9456,-243.9855,-5.8398,-0.8935,26.4223,29.7634,29.1139,-0.0426,9.0000,-0.0542,-0.1571
V3,F1b_matched,48,79,0,30%x10x,0.7472,-243.9855,-65.0733,-14.5216,80.6491,83.6729,29.1139,-0.9265,9.0000,-0.3224,-0.7029
V3,F1b_matched,49,79,0,risk1%,0.8926,-246.8291,-6.9623,-1.0707,24.7851,28.5886,35.4430,-0.0761,11.0000,-0.1478,-0.2953
V3,F1b_matched,49,79,0,30%x10x,0.7229,-246.8291,-60.8089,-13.0402,76.6151,80.6588,35.4430,-0.9373,11.0000,-0.4466,-0.7327
V3,F1b_matched,50,77,2,risk1%,1.2548,72.2522,12.5289,1.7763,20.1640,24.2965,31.1688,0.1931,11.0000,0.2240,0.7130
V3,F1b_matched,50,77,2,30%x10x,1.0798,72.2522,-17.8423,-2.8889,65.0895,71.1174,31.1688,0.2815,11.0000,0.0838,0.2144
V3,F1b_matched,51,77,2,risk1%,0.9219,-210.5598,-5.6120,-0.8578,24.9543,28.7310,33.7662,-0.0571,8.0000,-0.1005,-0.2151
V3,F1b_matched,51,77,2,30%x10x,0.7606,-210.5598,-56.8491,-11.7827,75.8416,79.8851,33.7662,-0.8204,8.0000,-0.3669,-0.6343
V3,F1b_matched,52,79,0,risk1%,0.8404,-164.9521,-9.2855,-1.4431,19.5728,23.6942,36.7089,-0.1117,8.0000,-0.2494,-0.4351
V3,F1b_matched,52,79,0,30%x10x,0.8059,-164.9521,-49.8929,-9.7939,65.0891,71.0004,36.7089,-0.6264,8.0000,-0.2969,-0.5085
V3,F1b_matched,53,79,0,risk1%,0.9270,-181.9718,-5.3948,-0.8238,20.7510,25.9912,34.1772,-0.0528,8.0000,-0.0956,-0.2026
V3,F1b_matched,53,79,0,30%x10x,0.7923,-181.9718,-52.7499,-10.5803,69.1993,73.8033,34.1772,-0.6910,8.0000,-0.3212,-0.5561
V3,F1b_matched,54,79,0,risk1%,1.1886,-13.8318,8.0245,1.1580,23.2924,27.3640,35.4430,0.1321,7.0000,0.1663,0.5146
V3,F1b_matched,54,79,0,30%x10x,0.9839,-13.8318,-31.1590,-5.4171,72.6334,77.6656,35.4430,-0.0525,7.0000,-0.0178,-0.0425
V3,F1b_matched,55,79,0,risk1%,1.1932,-33.6489,8.3500,1.2034,27.8598,31.4695,35.4430,0.1380,7.0000,0.1687,0.5319
V3,F1b_matched,55,79,0,30%x10x,0.9617,-33.6489,-36.0561,-6.4524,80.8697,84.1362,35.4430,-0.1278,7.0000,-0.0425,-0.1015
V3,F1b_matched,56,79,0,risk1%,0.9197,-191.3310,-6.7987,-1.0447,26.9419,30.7607,31.6456,-0.0603,10.0000,-0.0830,-0.2271
V3,F1b_matched,56,79,0,30%x10x,0.7916,-191.3310,-58.3592,-12.2501,79.2807,82.8475,31.6456,-0.7266,10.0000,-0.2606,-0.5679
V3,F1b_matched,57,79,0,risk1%,0.5835,-462.0877,-23.4710,-3.9116,32.1157,35.6310,29.1139,-0.3283,7.0000,-0.8011,-1.2017
V3,F1b_matched,57,79,0,30%x10x,0.5204,-462.0877,-78.7477,-20.6268,85.1624,87.6891,29.1139,-1.7548,7.0000,-0.9613,-1.3346
V3,F1b_matched,58,78,1,risk1%,1.0247,-81.2539,0.1463,0.0218,15.2078,19.3158,38.4615,0.0166,7.0000,0.0326,0.0655
V3,F1b_matched,58,78,1,30%x10x,0.9002,-81.2539,-36.0218,-6.4450,61.0472,67.6906,38.4615,-0.3125,7.0000,-0.1434,-0.2542
V3,F1b_matched,59,79,0,risk1%,1.1154,2.1944,4.1156,0.6034,21.8584,25.4453,35.4430,0.0825,6.0000,0.1086,0.3177
V3,F1b_matched,59,79,0,30%x10x,1.0025,2.1944,-28.5476,-4.8903,69.1541,73.8439,35.4430,0.0083,6.0000,0.0028,0.0067
V3,F1b_matched,60,78,1,risk1%,1.2516,-14.7663,12.2006,1.7320,19.6964,23.9315,32.0513,0.1845,8.0000,0.2235,0.7005
V3,F1b_matched,60,78,1,30%x10x,0.9836,-14.7663,-32.9794,-5.7944,70.7093,75.1641,32.0513,-0.0568,8.0000,-0.0185,-0.0438
V3,F1b_matched,61,79,0,risk1%,0.8544,-208.9373,-9.1908,-1.4278,25.4920,28.8336,34.1772,-0.1065,11.0000,-0.2049,-0.4047
V3,F1b_matched,61,79,0,30%x10x,0.7636,-208.9373,-56.1308,-11.5651,75.5777,79.2164,34.1772,-0.7934,11.0000,-0.3764,-0.6326
V3,F1b_matched,62,79,0,risk1%,0.6306,-457.7208,-20.4345,-3.3522,28.8927,32.4820,31.6456,-0.2791,9.0000,-0.6796,-1.0467
V3,F1b_matched,62,79,0,30%x10x,0.5114,-457.7208,-78.0884,-20.2642,84.0400,86.6478,31.6456,-1.7382,9.0000,-1.0196,-1.3354
V3,F1b_matched,63,79,0,risk1%,0.9066,-276.9945,-7.5336,-1.1615,30.3511,33.6437,31.6456,-0.0699,9.0000,-0.0952,-0.2641
V3,F1b_matched,63,79,0,30%x10x,0.7052,-276.9945,-67.5079,-15.4380,85.8338,88.0488,31.6456,-1.0519,9.0000,-0.3827,-0.8018
V3,F1b_matched,64,76,3,risk1%,0.7502,-220.1293,-14.0516,-2.2334,23.8626,27.8906,32.8947,-0.1864,7.0000,-0.3902,-0.6878
V3,F1b_matched,64,76,3,30%x10x,0.7430,-220.1293,-57.9433,-12.1200,73.0933,78.4452,32.8947,-0.8689,7.0000,-0.3849,-0.6813
V3,F1b_matched,65,78,1,risk1%,0.9936,-170.1141,-2.8390,-0.4287,27.1851,30.5234,30.7692,-0.0049,11.0000,-0.0063,-0.0181
V3,F1b_matched,65,78,1,30%x10x,0.8178,-170.1141,-56.4477,-11.6607,81.3066,84.1437,30.7692,-0.6543,11.0000,-0.2243,-0.4953
V3,F1b_matched,66,79,0,risk1%,0.9344,-191.9012,-6.1122,-0.9364,27.4615,31.2536,31.6456,-0.0497,7.0000,-0.0669,-0.1858
V3,F1b_matched,66,79,0,30%x10x,0.7936,-191.9012,-58.9658,-12.4420,80.5401,83.8897,31.6456,-0.7287,7.0000,-0.2557,-0.5634
V3,F1b_matched,67,79,0,risk1%,1.1529,-58.9040,6.3488,0.9224,20.9747,24.7203,32.9114,0.1136,7.0000,0.1406,0.4294
V3,F1b_matched,67,79,0,30%x10x,0.9354,-58.9040,-40.4818,-7.4479,71.4457,75.9293,32.9114,-0.2237,7.0000,-0.0751,-0.1747
V3,F1b_matched,68,79,0,risk1%,0.7324,-344.3623,-15.6906,-2.5137,20.9012,25.2299,31.6456,-0.2029,7.0000,-0.4289,-0.7583
V3,F1b_matched,68,79,0,30%x10x,0.6274,-344.3623,-70.0920,-16.4768,76.1541,79.7071,31.6456,-1.3077,7.0000,-0.6763,-1.0192
V3,F1b_matched,69,79,0,risk1%,0.9917,-186.1076,-3.2376,-0.4897,30.2674,33.4305,29.1139,-0.0065,11.0000,-0.0081,-0.0239
V3,F1b_matched,69,79,0,30%x10x,0.8047,-186.1076,-59.0992,-12.4845,82.8466,85.7634,29.1139,-0.7067,11.0000,-0.2401,-0.5432
V3,F1b_matched,70,79,0,risk1%,0.8256,-343.4939,-11.4184,-1.7923,26.4760,31.7031,30.3797,-0.1351,9.0000,-0.2385,-0.4985
V3,F1b_matched,70,79,0,30%x10x,0.6443,-343.4939,-71.0831,-16.8956,79.7363,83.0080,30.3797,-1.3044,9.0000,-0.6039,-0.9805
V3,F1b_matched,71,78,1,risk1%,0.8324,-228.2858,-10.1731,-1.5876,20.6617,24.6791,33.3333,-0.1240,7.0000,-0.2554,-0.4661
V3,F1b_matched,71,78,1,30%x10x,0.7426,-228.2858,-58.2853,-12.2269,70.8935,75.6649,33.3333,-0.8780,7.0000,-0.4231,-0.6895
V3,F1b_matched,72,79,0,risk1%,0.7451,-291.3957,-14.7148,-2.3462,24.7043,28.3169,32.9114,-0.1896,8.0000,-0.4221,-0.7157
V3,F1b_matched,72,79,0,30%x10x,0.6759,-291.3957,-64.9591,-14.4800,75.5522,79.3670,32.9114,-1.1066,8.0000,-0.5678,-0.8784
V3,F1b_matched,73,79,0,risk1%,0.7088,-396.7864,-16.7993,-2.7060,28.7853,32.3896,31.6456,-0.2201,9.0000,-0.4742,-0.8253
V3,F1b_matched,73,79,0,30%x10x,0.5763,-396.7864,-74.2429,-18.3177,82.8382,85.8038,31.6456,-1.5068,9.0000,-0.8055,-1.1584
V3,F1b_matched,74,78,1,risk1%,0.8999,-227.1488,-6.9247,-1.0647,25.5462,29.2934,33.3333,-0.0742,9.0000,-0.1319,-0.2784
V3,F1b_matched,74,78,1,30%x10x,0.7478,-227.1488,-59.0554,-12.4705,77.5597,81.3154,33.3333,-0.8736,9.0000,-0.3938,-0.6753
V3,F1b_matched,75,79,0,risk1%,1.3118,29.5258,15.7781,2.2094,18.2742,20.1187,35.4430,0.2218,7.0000,0.2732,0.8588
V3,F1b_matched,75,79,0,30%x10x,1.0329,29.5258,-24.6562,-4.1350,69.8818,73.7485,35.4430,0.1121,7.0000,0.0362,0.0871
V3,F1b_matched,76,79,0,risk1%,1.0884,-3.9335,3.3595,0.4941,14.3675,18.3220,39.2405,0.0595,7.0000,0.1071,0.2361
V3,F1b_matched,76,79,0,30%x10x,0.9952,-3.9335,-22.3225,-3.6978,54.2075,61.2335,39.2405,-0.0149,7.0000,-0.0063,-0.0123
V3,F1b_matched,77,78,1,risk1%,0.8383,-191.3242,-9.8100,-1.5283,20.0068,23.9441,33.3333,-0.1188,8.0000,-0.2444,-0.4487
V3,F1b_matched,77,78,1,30%x10x,0.7831,-191.3242,-54.4163,-11.0580,68.2521,73.4064,33.3333,-0.7359,8.0000,-0.3313,-0.5787
V3,F1b_matched,78,78,1,risk1%,0.8343,-272.7562,-10.6335,-1.6630,28.3856,32.0889,30.7692,-0.1263,7.0000,-0.2250,-0.4688
V3,F1b_matched,78,78,1,30%x10x,0.7037,-272.7562,-64.4503,-14.2959,80.3324,83.7154,30.7692,-1.0491,7.0000,-0.4683,-0.8078
V3,F1b_matched,79,79,0,risk1%,0.6648,-363.2527,-19.3470,-3.1563,29.6519,33.1248,29.1139,-0.2593,11.0000,-0.5560,-0.9612
V3,F1b_matched,79,79,0,30%x10x,0.6149,-363.2527,-72.6160,-17.5681,81.9611,84.9012,29.1139,-1.3794,11.0000,-0.6443,-1.0631
V3,F1b_matched,80,79,0,risk1%,0.8068,-285.1493,-11.8744,-1.8679,24.4676,27.8447,32.9114,-0.1442,7.0000,-0.2754,-0.5423
V3,F1b_matched,80,79,0,30%x10x,0.6894,-285.1493,-65.2335,-14.5802,75.8382,79.6062,32.9114,-1.0828,7.0000,-0.5105,-0.8417
V3,F1b_matched,81,79,0,risk1%,1.1614,22.6677,7.0604,1.0228,24.3676,27.8027,31.6456,0.1224,11.0000,0.1510,0.4572
V3,F1b_matched,81,79,0,30%x10x,1.0248,22.6677,-26.3797,-4.4653,71.4305,75.7728,31.6456,0.0861,11.0000,0.0277,0.0678
V3,F1b_matched,82,78,1,risk1%,0.7734,-360.3348,-13.8434,-2.1981,26.3236,30.1873,30.7692,-0.1742,9.0000,-0.3203,-0.6420
V3,F1b_matched,82,78,1,30%x10x,0.6134,-360.3348,-71.8809,-17.2417,80.6585,83.9772,30.7692,-1.3859,9.0000,-0.6750,-1.0551
V3,F1b_matched,83,79,0,risk1%,0.8225,-230.2475,-10.6842,-1.6713,24.7268,28.1030,34.1772,-0.1282,11.0000,-0.2526,-0.4918
V3,F1b_matched,83,79,0,30%x10x,0.7363,-230.2475,-58.8759,-12.4134,73.9506,77.8314,34.1772,-0.8744,11.0000,-0.4134,-0.7040
V3,F1b_matched,84,78,1,risk1%,0.9238,-234.7333,-5.5010,-0.8404,20.7153,24.6541,34.6154,-0.0553,9.0000,-0.1000,-0.2099
V3,F1b_matched,84,78,1,30%x10x,0.7388,-234.7333,-59.7414,-12.6909,71.9496,76.6687,34.6154,-0.9028,9.0000,-0.4141,-0.6914
V3,F1b_matched,85,78,1,risk1%,0.9760,-161.9324,-2.8073,-0.4238,21.6087,25.6544,34.6154,-0.0174,7.0000,-0.0299,-0.0661
V3,F1b_matched,85,78,1,30%x10x,0.8175,-161.9324,-51.1888,-10.1457,69.3159,74.6124,34.6154,-0.6228,7.0000,-0.2658,-0.4841
V3,F1b_matched,86,78,1,risk1%,0.6746,-349.2741,-18.8197,-3.0621,28.5954,31.1019,29.4872,-0.2547,7.0000,-0.5490,-0.9306
V3,F1b_matched,86,78,1,30%x10x,0.6313,-349.2741,-71.6288,-17.1315,81.4166,82.9689,29.4872,-1.3434,7.0000,-0.6088,-1.0153
V3,F1b_matched,87,79,0,risk1%,0.9432,-177.4408,-4.1800,-0.6349,19.1014,23.0934,36.7089,-0.0397,7.0000,-0.0797,-0.1550
V3,F1b_matched,87,79,0,30%x10x,0.7957,-177.4408,-51.5694,-10.2506,68.2948,73.3683,36.7089,-0.6738,7.0000,-0.3245,-0.5356
V3,F1b_matched,88,78,1,risk1%,0.8661,-262.1229,-8.6110,-1.3342,23.3950,27.3178,33.3333,-0.0992,7.0000,-0.1857,-0.3724
V3,F1b_matched,88,78,1,30%x10x,0.7130,-262.1229,-62.8475,-13.7303,73.9545,78.3918,33.3333,-1.0082,7.0000,-0.4666,-0.7678
V3,F1b_matched,89,78,1,risk1%,1.0532,-57.6461,1.6260,0.2409,15.7888,20.1070,38.4615,0.0357,6.0000,0.0695,0.1414
V3,F1b_matched,89,78,1,30%x10x,0.9289,-57.6461,-31.3518,-5.4566,61.4856,67.9384,38.4615,-0.2217,6.0000,-0.1016,-0.1820
V3,F1b_matched,90,79,0,risk1%,0.5660,-476.1846,-24.3200,-4.0713,32.9842,36.3792,29.1139,-0.3425,11.0000,-0.8427,-1.2522
V3,F1b_matched,90,79,0,30%x10x,0.5044,-476.1846,-79.5212,-21.0645,85.7981,88.1665,29.1139,-1.8083,11.0000,-1.0115,-1.3789
V3,F1b_matched,91,78,1,risk1%,1.1544,19.8334,6.2460,0.9078,19.1272,23.3546,37.1795,0.1075,6.0000,0.1446,0.4167
V3,F1b_matched,91,78,1,30%x10x,1.0239,19.8334,-21.9294,-3.6253,65.3940,72.0558,37.1795,0.0763,6.0000,0.0267,0.0622
V3,F1b_matched,92,78,1,risk1%,0.6476,-426.5485,-19.5952,-3.2008,28.7580,32.2782,30.7692,-0.2683,9.0000,-0.6136,-0.9951
V3,F1b_matched,92,78,1,30%x10x,0.5409,-426.5485,-76.3276,-19.3396,83.5366,86.2559,30.7692,-1.6406,9.0000,-0.8842,-1.2482
V3,F1b_matched,93,77,2,risk1%,1.0275,-82.6199,0.0124,0.0019,16.4972,20.7413,33.7662,0.0202,8.0000,0.0337,0.0758
V3,F1b_matched,93,77,2,30%x10x,0.9064,-82.6199,-39.7585,-7.2810,58.5002,65.2715,33.7662,-0.3219,8.0000,-0.1275,-0.2482
V3,F1b_matched,94,78,1,risk1%,0.7899,-345.6130,-13.2061,-2.0905,26.2576,30.0272,29.4872,-0.1640,11.0000,-0.2951,-0.6008
V3,F1b_matched,94,78,1,30%x10x,0.6387,-345.6130,-71.2672,-16.9748,79.9686,83.1763,29.4872,-1.3293,11.0000,-0.6072,-0.9944
V3,F1b_matched,95,78,1,risk1%,0.8406,-139.0683,-9.5186,-1.4809,18.1860,22.4232,34.6154,-0.1158,11.0000,-0.2489,-0.4389
V3,F1b_matched,95,78,1,30%x10x,0.8371,-139.0683,-46.2309,-8.8398,58.6160,65.7390,34.6154,-0.5349,11.0000,-0.2459,-0.4313
V3,F1b_matched,96,79,0,risk1%,0.7654,-338.3266,-13.8841,-2.2050,23.4832,27.0511,31.6456,-0.1757,9.0000,-0.3648,-0.6628
V3,F1b_matched,96,79,0,30%x10x,0.6312,-338.3266,-69.4401,-16.2077,77.0932,80.8426,31.6456,-1.2848,9.0000,-0.6719,-1.0054
V3,F1b_matched,97,79,0,risk1%,0.7310,-357.0705,-15.7291,-2.5204,27.2636,30.8689,30.3797,-0.2042,7.0000,-0.4443,-0.7644
V3,F1b_matched,97,79,0,30%x10x,0.6177,-357.0705,-71.3108,-16.9936,81.3239,84.3247,30.3797,-1.3560,7.0000,-0.6949,-1.0465
V3,F1b_matched,98,78,1,risk1%,0.9808,-110.4752,-2.4502,-0.3693,21.0594,25.1015,34.6154,-0.0138,8.0000,-0.0245,-0.0527
V3,F1b_matched,98,78,1,30%x10x,0.8727,-110.4752,-43.0528,-8.0556,69.0840,74.3525,34.6154,-0.4249,8.0000,-0.1809,-0.3377
V3,F1b_matched,99,78,1,risk1%,0.7108,-341.5599,-15.6156,-2.5008,25.1257,28.7917,34.6154,-0.2076,6.0000,-0.5017,-0.7948
V3,F1b_matched,99,78,1,30%x10x,0.6085,-341.5599,-69.0145,-16.0347,78.5410,82.0253,34.6154,-1.3137,6.0000,-0.7386,-1.0358
V3,F1b_matched,100,78,1,risk1%,0.6230,-402.6426,-21.2735,-3.5049,28.2570,31.6900,29.4872,-0.2952,7.0000,-0.6715,-1.0783
V3,F1b_matched,100,78,1,30%x10x,0.5709,-402.6426,-74.9120,-18.6378,80.9180,84.0605,29.4872,-1.5486,7.0000,-0.7932,-1.1812
V3,F1b_matched,101,78,1,risk1%,1.2450,5.9985,11.8311,1.6819,25.8937,29.7415,33.3333,0.1814,11.0000,0.2163,0.6811
V3,F1b_matched,101,78,1,30%x10x,1.0067,5.9985,-28.9784,-4.9761,77.7738,81.6235,33.3333,0.0231,11.0000,0.0075,0.0179
V3,F1b_matched,102,78,1,risk1%,1.1189,-46.0529,4.3098,0.6314,21.7662,25.3096,34.6154,0.0863,9.0000,0.1115,0.3275
V3,F1b_matched,102,78,1,30%x10x,0.9478,-46.0529,-37.4170,-6.7521,73.0502,77.1111,34.6154,-0.1771,9.0000,-0.0597,-0.1379
V3,F1b_matched,103,79,0,risk1%,0.7267,-274.1687,-15.2370,-2.4357,23.2601,26.8564,34.1772,-0.1989,7.0000,-0.4763,-0.7599
V3,F1b_matched,103,79,0,30%x10x,0.6915,-274.1687,-63.4044,-13.9244,72.5415,76.8306,34.1772,-1.0411,7.0000,-0.5177,-0.8268
V3,F1b_matched,104,79,0,risk1%,0.8204,-280.3280,-11.4450,-1.7967,25.8050,29.4878,31.6456,-0.1364,8.0000,-0.2468,-0.5090
V3,F1b_matched,104,79,0,30%x10x,0.7004,-280.3280,-65.4341,-14.6539,77.0064,80.7243,31.6456,-1.0645,8.0000,-0.4748,-0.8162
V3,F1b_matched,105,78,1,risk1%,1.1474,-27.6321,5.9657,0.8681,19.0289,23.1526,34.6154,0.1065,7.0000,0.1377,0.4059
V3,F1b_matched,105,78,1,30%x10x,0.9683,-27.6321,-33.1936,-5.8394,68.7250,73.6013,34.6154,-0.1063,7.0000,-0.0364,-0.0842
V3,F1b_matched,106,79,0,risk1%,0.7319,-324.3125,-14.8698,-2.3727,24.1147,28.0456,34.1772,-0.1934,9.0000,-0.4622,-0.7425
V3,F1b_matched,106,79,0,30%x10x,0.6329,-324.3125,-67.5125,-15.4398,77.1781,81.2932,34.1772,-1.2316,9.0000,-0.6894,-0.9790
V3,F1b_matched,107,79,0,risk1%,1.0517,-70.8742,0.6105,0.0908,24.0644,28.0313,32.9114,0.0384,7.0000,0.0512,0.1451
V3,F1b_matched,107,79,0,30%x10x,0.9223,-70.8742,-42.5380,-7.9320,74.8219,79.1585,32.9114,-0.2691,7.0000,-0.0907,-0.2103
V3,F1b_matched,108,78,1,risk1%,1.1845,-0.0249,8.0798,1.1657,25.5455,29.5154,34.6154,0.1338,11.0000,0.1681,0.5082
V3,F1b_matched,108,78,1,30%x10x,1.0000,-0.0249,-28.6256,-4.9058,75.4596,79.7275,34.6154,-0.0001,11.0000,-0.0000,-0.0001
V3,F1b_matched,109,78,1,risk1%,0.8795,-217.9449,-8.0140,-1.2383,21.9639,25.5319,32.0513,-0.0898,7.0000,-0.1624,-0.3370
V3,F1b_matched,109,78,1,30%x10x,0.7627,-217.9449,-59.1227,-12.4920,70.1681,75.0027,32.0513,-0.8382,7.0000,-0.3506,-0.6398
V3,F1b_matched,110,79,0,risk1%,0.9069,-239.3375,-7.3778,-1.1367,25.4981,29.5434,31.6456,-0.0692,9.0000,-0.0967,-0.2626
V3,F1b_matched,110,79,0,30%x10x,0.7376,-239.3375,-63.0459,-13.7992,79.2371,82.8803,31.6456,-0.9089,9.0000,-0.3406,-0.7142
V3,F1b_matched,111,78,1,risk1%,1.3512,106.4763,17.7902,2.4724,23.3748,27.3150,35.8974,0.2490,7.0000,0.2937,0.9575
V3,F1b_matched,111,78,1,30%x10x,1.1243,106.4763,-5.6009,-0.8561,72.3298,77.0723,35.8974,0.4095,7.0000,0.1293,0.3261
V3,F1b_matched,112,78,1,risk1%,1.3103,80.5573,15.3631,2.1546,14.8291,19.1408,35.8974,0.2180,7.0000,0.2728,0.8438
V3,F1b_matched,112,78,1,30%x10x,1.0949,80.5573,-10.3100,-1.6100,59.5309,66.3251,35.8974,0.3098,7.0000,0.1018,0.2485
V3,F1b_matched,113,78,1,risk1%,0.7965,-265.6131,-11.8209,-1.8590,23.7070,27.5841,33.3333,-0.1488,7.0000,-0.3208,-0.5642
V3,F1b_matched,113,78,1,30%x10x,0.6991,-265.6131,-62.2825,-13.5359,75.5421,79.6407,33.3333,-1.0216,7.0000,-0.5103,-0.8010
V3,F1b_matched,114,79,0,risk1%,0.9790,-132.3733,-2.3909,-0.3603,19.3908,23.2299,37.9747,-0.0144,6.0000,-0.0270,-0.0567
V3,F1b_matched,114,79,0,30%x10x,0.8434,-132.3733,-45.2712,-8.5989,66.1907,71.5056,37.9747,-0.5027,6.0000,-0.2316,-0.4079
V3,F1b_matched,115,77,2,risk1%,0.7311,-319.6054,-15.1287,-2.4171,24.9969,28.8019,32.4675,-0.2010,7.0000,-0.4397,-0.7478
V3,F1b_matched,115,77,2,30%x10x,0.6418,-319.6054,-67.7614,-15.5367,77.7552,81.4809,32.4675,-1.2452,7.0000,-0.6266,-0.9588
V3,F1b_matched,116,78,1,risk1%,1.0960,-24.3229,2.9839,0.4395,24.1769,27.6741,34.6154,0.0696,7.0000,0.0904,0.2643
V3,F1b_matched,116,78,1,30%x10x,0.9717,-24.3229,-32.8534,-5.7680,73.1269,77.2463,34.6154,-0.0935,7.0000,-0.0317,-0.0750
V3,F1b_matched,117,78,1,risk1%,1.2416,44.1580,11.6108,1.6520,21.9476,26.0234,33.3333,0.1775,10.0000,0.2157,0.6703
V3,F1b_matched,117,78,1,30%x10x,1.0496,44.1580,-21.7820,-3.5982,70.9087,75.9756,33.3333,0.1698,10.0000,0.0536,0.1325
V3,F1b_matched,118,79,0,risk1%,0.9020,-201.4461,-6.2774,-0.9624,18.8305,22.9875,36.7089,-0.0686,7.0000,-0.1424,-0.2673
V3,F1b_matched,118,79,0,30%x10x,0.7693,-201.4461,-54.9066,-11.2013,70.4767,75.3740,36.7089,-0.7650,7.0000,-0.3686,-0.6051
V3,F1b_matched,119,78,1,risk1%,1.2675,-14.8696,12.9716,1.8359,27.0197,30.7927,34.6154,0.1943,9.0000,0.2320,0.7364
V3,F1b_matched,119,78,1,30%x10x,0.9834,-14.8696,-32.9555,-5.7894,81.2912,84.5156,34.6154,-0.0572,9.0000,-0.0186,-0.0440
V3,F1b_matched,120,78,1,risk1%,0.7765,-233.8084,-12.6564,-1.9982,20.7972,24.7272,33.3333,-0.1616,7.0000,-0.3560,-0.6146
V3,F1b_matched,120,78,1,30%x10x,0.7277,-233.8084,-58.5370,-12.3062,68.9476,73.8143,33.3333,-0.8993,7.0000,-0.4462,-0.7204
V3,F1b_matched,121,79,0,risk1%,0.8444,-295.3001,-9.7287,-1.5151,22.7868,26.5600,34.1772,-0.1136,7.0000,-0.2149,-0.4325
V3,F1b_matched,121,79,0,30%x10x,0.6786,-295.3001,-66.2734,-14.9663,76.4929,80.2103,34.1772,-1.1214,7.0000,-0.5292,-0.8603
V3,F1b_matched,122,78,1,risk1%,0.8105,-322.6836,-11.7997,-1.8555,29.3128,32.9777,30.7692,-0.1452,9.0000,-0.2766,-0.5370
V3,F1b_matched,122,78,1,30%x10x,0.6542,-322.6836,-68.6794,-15.8999,82.8270,85.7880,30.7692,-1.2411,9.0000,-0.5957,-0.9447
V3,F1b_matched,123,78,1,risk1%,0.8132,-272.8126,-11.1689,-1.7511,24.0948,27.8215,33.3333,-0.1381,7.0000,-0.2827,-0.5193
V3,F1b_matched,123,78,1,30%x10x,0.6988,-272.8126,-63.7301,-14.0392,77.4651,81.1226,33.3333,-1.0493,7.0000,-0.4964,-0.8055
V3,F1b_matched,124,78,1,risk1%,1.2780,73.5545,13.7944,1.9462,19.8766,24.0712,32.0513,0.2056,11.0000,0.2396,0.7769
V3,F1b_matched,124,78,1,30%x10x,1.0827,73.5545,-16.3556,-2.6288,65.1677,70.5001,32.0513,0.2829,11.0000,0.0867,0.2223
V3,F1b_matched,125,79,0,risk1%,1.1691,-95.4595,7.2895,1.0550,24.8505,28.5454,32.9114,0.1257,9.0000,0.1535,0.4746
V3,F1b_matched,125,79,0,30%x10x,0.8973,-95.4595,-46.8282,-8.9915,79.6422,82.9656,32.9114,-0.3625,9.0000,-0.1211,-0.2782
V3,F1b_matched,126,77,2,risk1%,1.2807,2.8515,13.3237,1.8832,22.8124,26.7877,35.0649,0.1993,9.0000,0.2399,0.7635
V3,F1b_matched,126,77,2,30%x10x,1.0033,2.8515,-28.1521,-4.8120,74.4323,78.8096,35.0649,0.0111,9.0000,0.0036,0.0087
V3,F1b_matched,127,75,4,risk1%,0.6515,-359.3814,-18.0947,-2.9335,27.0063,30.8233,33.3333,-0.2568,6.0000,-0.6361,-0.9503
V3,F1b_matched,127,75,4,30%x10x,0.5790,-359.3814,-70.6344,-16.7045,80.5114,84.2833,33.3333,-1.4375,6.0000,-0.7749,-1.1066
V3,F1b_matched,128,79,0,risk1%,0.8046,-292.9026,-11.1933,-1.7551,22.7927,26.6355,35.4430,-0.1378,7.0000,-0.2972,-0.5373
V3,F1b_matched,128,79,0,30%x10x,0.6675,-292.9026,-65.1655,-14.5553,76.9596,80.6751,35.4430,-1.1123,7.0000,-0.5654,-0.8798
V3,F1b_matched,129,79,0,risk1%,0.7751,-330.5767,-13.3593,-2.1163,25.7773,29.4603,32.9114,-0.1677,6.0000,-0.3436,-0.6315
V3,F1b_matched,129,79,0,30%x10x,0.6402,-330.5767,-68.9608,-16.0130,79.1083,82.6518,32.9114,-1.2554,6.0000,-0.6384,-0.9731
V3,F1b_matched,130,79,0,risk1%,0.6841,-360.6507,-17.4523,-2.8203,27.0701,30.4270,32.9114,-0.2323,7.0000,-0.5540,-0.8829
V3,F1b_matched,130,79,0,30%x10x,0.6025,-360.6507,-71.2532,-16.9687,80.1769,83.2607,32.9114,-1.3696,7.0000,-0.7311,-1.0712
V3,F1b_matched,131,79,0,risk1%,0.9249,-202.7654,-6.3156,-0.9684,27.8299,31.6849,32.9114,-0.0551,7.0000,-0.0774,-0.2098
V3,F1b_matched,131,79,0,30%x10x,0.7751,-202.7654,-59.0804,-12.4785,80.7761,84.1462,32.9114,-0.7700,7.0000,-0.2843,-0.6058
V3,F1b_matched,132,79,0,risk1%,0.9099,-221.3815,-6.0127,-0.9207,21.3515,25.1167,36.7089,-0.0633,7.0000,-0.1228,-0.2456
V3,F1b_matched,132,79,0,30%x10x,0.7471,-221.3815,-57.3900,-11.9485,72.7701,77.1724,36.7089,-0.8407,7.0000,-0.4087,-0.6642
V3,F1b_matched,133,78,1,risk1%,0.9901,-140.4509,-1.9475,-0.2929,21.5678,25.6660,35.8974,-0.0070,6.0000,-0.0123,-0.0270
V3,F1b_matched,133,78,1,30%x10x,0.8373,-140.4509,-47.3130,-9.1158,71.2009,76.2142,35.8974,-0.5402,6.0000,-0.2373,-0.4275
V3,F1b_matched,134,79,0,risk1%,0.9581,-230.9626,-4.5962,-0.6994,29.4397,33.2081,32.9114,-0.0309,9.0000,-0.0426,-0.1175
V3,F1b_matched,134,79,0,30%x10x,0.7511,-230.9626,-62.6455,-13.6605,84.8842,87.5339,32.9114,-0.8771,9.0000,-0.3208,-0.6714
V3,F1b_matched,135,78,1,risk1%,1.0748,-46.2331,1.8171,0.2690,20.1228,23.7316,32.0513,0.0562,8.0000,0.0717,0.2100
V3,F1b_matched,135,78,1,30%x10x,0.9490,-46.2331,-39.2149,-7.1567,69.5707,74.1649,32.0513,-0.1778,8.0000,-0.0575,-0.1377
V3,F1b_matched,136,79,0,risk1%,1.1064,33.9658,4.3469,0.6367,11.1698,15.2783,39.2405,0.0718,6.0000,0.1282,0.2843
V3,F1b_matched,136,79,0,30%x10x,1.0420,33.9658,-13.0734,-2.0682,44.1773,52.8221,39.2405,0.1290,6.0000,0.0542,0.1080
V3,F1b_matched,137,79,0,risk1%,0.8380,-301.2656,-10.2860,-1.6060,24.7489,28.4725,32.9114,-0.1201,8.0000,-0.2183,-0.4550
V3,F1b_matched,137,79,0,30%x10x,0.6757,-301.2656,-67.2981,-15.3568,80.3441,83.4044,32.9114,-1.1440,8.0000,-0.5197,-0.8771
V3,F1b_matched,138,78,1,risk1%,1.1806,-54.2677,7.7601,1.1210,27.7386,31.4946,33.3333,0.1330,9.0000,0.1602,0.5021
V3,F1b_matched,138,78,1,30%x10x,0.9395,-54.2677,-39.9501,-7.3251,80.9559,84.2521,33.3333,-0.2087,9.0000,-0.0685,-0.1623
V3,F1b_matched,139,78,1,risk1%,1.1429,-107.9673,5.7964,0.8440,27.6019,31.3549,32.0513,0.1078,9.0000,0.1328,0.4012
V3,F1b_matched,139,78,1,30%x10x,0.8834,-107.9673,-48.1961,-9.3446,82.2029,85.2170,32.0513,-0.4153,9.0000,-0.1396,-0.3152
V3,F1b_matched,140,78,1,risk1%,1.5021,198.3196,25.8085,3.4840,14.6461,19.0954,39.7436,0.3316,5.0000,0.4020,1.3241
V3,F1b_matched,140,78,1,30%x10x,1.2474,198.3196,26.1834,3.5299,57.8016,64.9844,39.7436,0.7628,5.0000,0.2463,0.6290
V3,F1b_matched,141,77,2,risk1%,0.8510,-283.0424,-8.9742,-1.3927,20.0052,23.9727,33.7662,-0.1086,9.0000,-0.2220,-0.4095
V3,F1b_matched,141,77,2,30%x10x,0.6829,-283.0424,-64.2705,-14.2314,75.4048,79.3618,33.7662,-1.1028,9.0000,-0.5424,-0.8385
V3,F1b_matched,142,79,0,risk1%,0.9917,-170.3464,-3.3840,-0.5122,30.7003,34.0425,27.8481,-0.0067,11.0000,-0.0081,-0.0242
V3,F1b_matched,142,79,0,30%x10x,0.8249,-170.3464,-58.0850,-12.1642,82.6123,85.4520,27.8481,-0.6469,11.0000,-0.2122,-0.4911
V3,F1b_matched,143,79,0,risk1%,1.0840,-83.0216,2.3372,0.3452,25.6542,28.9955,32.9114,0.0628,8.0000,0.0801,0.2358
V3,F1b_matched,143,79,0,30%x10x,0.9092,-83.0216,-44.4418,-8.3936,76.2234,79.7848,32.9114,-0.3153,8.0000,-0.1064,-0.2458
V3,F1b_matched,144,79,0,risk1%,0.7314,-291.8849,-15.1386,-2.4188,26.5762,30.4888,34.1772,-0.1960,6.0000,-0.4388,-0.7467
V3,F1b_matched,144,79,0,30%x10x,0.6705,-291.8849,-65.0790,-14.5237,78.2556,82.4450,34.1772,-1.1084,6.0000,-0.5619,-0.8831
V3,F1b_matched,145,79,0,risk1%,0.5433,-478.7021,-25.7720,-4.3481,34.4522,37.7120,27.8481,-0.3669,11.0000,-0.8996,-1.3295
V3,F1b_matched,145,79,0,30%x10x,0.5044,-478.7021,-79.7774,-21.2126,86.0762,88.3657,27.8481,-1.8179,11.0000,-0.9971,-1.3893
V3,F1b_matched,146,78,1,risk1%,0.8891,-200.3174,-7.1851,-1.1060,25.5830,29.3750,33.3333,-0.0802,9.0000,-0.1546,-0.3056
V3,F1b_matched,146,78,1,30%x10x,0.7688,-200.3174,-54.8223,-11.1766,76.6303,80.5851,33.3333,-0.7705,9.0000,-0.3651,-0.6133
V3,F1b_matched,147,78,1,risk1%,0.8377,-206.2433,-9.7004,-1.5105,21.4484,25.2936,34.6154,-0.1173,7.0000,-0.2419,-0.4469
V3,F1b_matched,147,78,1,30%x10x,0.7629,-206.2433,-55.7681,-11.4564,71.0671,75.7448,34.6154,-0.7932,7.0000,-0.3715,-0.6289
V3,F1b_matched,148,78,1,risk1%,0.9218,-164.2474,-5.3665,-0.8194,18.5913,22.7825,35.8974,-0.0549,6.0000,-0.1039,-0.2127
V3,F1b_matched,148,78,1,30%x10x,0.8058,-164.2474,-49.8021,-9.7695,63.4031,69.6774,35.8974,-0.6317,6.0000,-0.2951,-0.5102
V3,F1b_matched,149,79,0,risk1%,0.9422,-147.3787,-4.4179,-0.6717,19.9136,23.4963,35.4430,-0.0403,7.0000,-0.0742,-0.1578
V3,F1b_matched,149,79,0,30%x10x,0.8278,-147.3787,-48.5337,-9.4330,66.7039,71.6746,35.4430,-0.5597,7.0000,-0.2464,-0.4532
V3,F1b_matched,150,78,1,risk1%,0.8969,-171.7582,-6.6896,-1.0275,20.3841,24.5042,34.6154,-0.0743,11.0000,-0.1474,-0.2836
V3,F1b_matched,150,78,1,30%x10x,0.8005,-171.7582,-50.7716,-10.0316,67.1645,72.8200,34.6154,-0.6606,11.0000,-0.3132,-0.5290
V3,F1b_matched,151,78,1,risk1%,0.6052,-441.4733,-22.0387,-3.6454,31.1983,34.6545,29.4872,-0.3086,11.0000,-0.7371,-1.1290
V3,F1b_matched,151,78,1,30%x10x,0.5316,-441.4733,-77.3008,-19.8431,84.4108,86.9969,29.4872,-1.6980,11.0000,-0.9285,-1.2891
V3,F1b_matched,152,78,1,risk1%,0.8746,-220.9512,-8.3676,-1.2950,24.9122,28.3516,30.7692,-0.0945,8.0000,-0.1695,-0.3523
V3,F1b_matched,152,78,1,30%x10x,0.7558,-220.9512,-58.6022,-12.3267,76.5888,80.0852,30.7692,-0.8498,8.0000,-0.3751,-0.6620
V3,F1b_matched,153,78,1,risk1%,0.8540,-323.2211,-9.1283,-1.4177,23.4508,27.4380,33.3333,-0.1076,9.0000,-0.2086,-0.4060
V3,F1b_matched,153,78,1,30%x10x,0.6480,-323.2211,-68.3672,-15.7754,78.3353,81.9367,33.3333,-1.2432,9.0000,-0.6191,-0.9438
V3,F1b_matched,154,78,1,risk1%,1.2311,83.9749,11.0613,1.5772,11.1043,15.7378,39.7436,0.1528,5.0000,0.2698,0.6096
V3,F1b_matched,154,78,1,30%x10x,1.1058,83.9749,0.7716,0.1147,47.5089,56.4515,39.7436,0.3230,5.0000,0.1339,0.2685
V3,F1b_matched,155,75,4,risk1%,0.9771,-157.4626,-2.7075,-0.4086,25.0908,28.9293,32.0000,-0.0171,9.0000,-0.0286,-0.0630
V3,F1b_matched,155,75,4,30%x10x,0.8184,-157.4626,-50.4237,-9.9370,79.3109,82.7707,32.0000,-0.6299,9.0000,-0.2595,-0.4815
V3,F1b_matched,156,79,0,risk1%,0.8381,-265.6939,-9.7720,-1.5221,23.0756,26.8993,35.4430,-0.1154,7.0000,-0.2273,-0.4459
V3,F1b_matched,156,79,0,30%x10x,0.6995,-265.6939,-62.6170,-13.6507,74.6445,78.8673,35.4430,-1.0090,7.0000,-0.4940,-0.7975
V3,F1b_matched,157,78,1,risk1%,1.1833,29.3571,7.9146,1.1427,22.7610,26.8024,33.3333,0.1340,11.0000,0.1632,0.5081
V3,F1b_matched,157,78,1,30%x10x,1.0341,29.3571,-23.0405,-3.8311,70.0501,75.2588,33.3333,0.1129,11.0000,0.0369,0.0910
V3,F1b_matched,158,75,4,risk1%,0.7073,-335.6328,-15.9875,-2.5650,27.2377,30.9319,32.0000,-0.2209,9.0000,-0.4921,-0.8060
V3,F1b_matched,158,75,4,30%x10x,0.6176,-335.6328,-69.1276,-16.0805,81.4856,84.4996,32.0000,-1.3425,9.0000,-0.6691,-1.0128
V3,F1b_matched,159,78,1,risk1%,0.7012,-389.3101,-17.5353,-2.8349,29.1310,32.7418,29.4872,-0.2318,11.0000,-0.4480,-0.8532
V3,F1b_matched,159,78,1,30%x10x,0.5819,-389.3101,-74.0205,-18.2129,81.4796,84.6155,29.4872,-1.4973,11.0000,-0.7485,-1.1503
V3,F1b_matched,160,78,1,risk1%,0.8624,-197.4466,-8.2675,-1.2789,17.6280,21.7811,35.8974,-0.0982,7.0000,-0.2118,-0.3751
V3,F1b_matched,160,78,1,30%x10x,0.7700,-197.4466,-53.6745,-10.8435,65.6857,71.2958,35.8974,-0.7594,7.0000,-0.3796,-0.6032
V3,F1b_matched,161,78,1,risk1%,1.2529,65.8937,12.3377,1.7505,12.1354,16.7705,39.7436,0.1685,6.0000,0.2891,0.6685
V3,F1b_matched,161,78,1,30%x10x,1.0812,65.8937,-5.1118,-0.7796,51.8958,60.1921,39.7436,0.2534,6.0000,0.1037,0.2069
V3,F1b_matched,162,78,1,risk1%,1.0727,-89.7505,1.7101,0.2533,23.9077,27.4365,33.3333,0.0539,7.0000,0.0697,0.2022
V3,F1b_matched,162,78,1,30%x10x,0.9007,-89.7505,-45.1016,-8.5567,76.5550,80.1574,33.3333,-0.3452,7.0000,-0.1165,-0.2655
V3,F1b_matched,163,77,2,risk1%,1.3345,114.2458,16.8193,2.3459,18.2046,22.0895,35.0649,0.2402,7.0000,0.2843,0.9122
V3,F1b_matched,163,77,2,30%x10x,1.1334,114.2458,-4.2315,-0.6428,64.0975,70.0714,35.0649,0.4451,7.0000,0.1371,0.3505
V3,F1b_matched,164,78,1,risk1%,1.0828,-78.5868,2.2935,0.3388,24.4798,27.9635,30.7692,0.0635,7.0000,0.0795,0.2347
V3,F1b_matched,164,78,1,30%x10x,0.9147,-78.5868,-44.1565,-8.3236,76.9284,80.3969,30.7692,-0.3023,7.0000,-0.0996,-0.2328
V3,F1b_matched,165,79,0,risk1%,0.6980,-351.2363,-18.0065,-2.9179,30.1110,33.3392,29.1139,-0.2373,11.0000,-0.4871,-0.8715
V3,F1b_matched,165,79,0,30%x10x,0.6291,-351.2363,-71.2265,-16.9572,80.8981,83.8628,29.1139,-1.3338,11.0000,-0.6516,-1.0329
V3,F1b_matched,166,78,1,risk1%,0.8388,-243.0608,-9.3773,-1.4580,20.9544,25.0059,35.8974,-0.1132,7.0000,-0.2376,-0.4366
V3,F1b_matched,166,78,1,30%x10x,0.7185,-243.0608,-60.0008,-12.7750,73.5957,77.9022,35.8974,-0.9348,7.0000,-0.4511,-0.7351
V3,F1b_matched,167,79,0,risk1%,0.7120,-397.4887,-18.7227,-3.0449,33.9588,37.4025,26.5823,-0.2355,11.0000,-0.3361,-0.8458
V3,F1b_matched,167,79,0,30%x10x,0.6004,-397.4887,-77.0101,-19.6908,86.7905,89.0643,26.5823,-1.5095,11.0000,-0.5708,-1.1280
V3,F1b_matched,168,78,1,risk1%,0.9228,-204.3380,-5.5566,-0.8491,21.0578,25.1902,34.6154,-0.0558,7.0000,-0.1003,-0.2126
V3,F1b_matched,168,78,1,30%x10x,0.7697,-204.3380,-56.4598,-11.6644,71.8903,76.7828,34.6154,-0.7859,7.0000,-0.3466,-0.6118
V3,F1b_matched,169,78,1,risk1%,0.9484,-193.7300,-4.1586,-0.6316,23.0437,27.0208,34.6154,-0.0368,7.0000,-0.0656,-0.1409
V3,F1b_matched,169,78,1,30%x10x,0.7782,-193.7300,-54.7719,-11.1618,73.8119,78.3189,34.6154,-0.7451,7.0000,-0.3343,-0.5815
V3,F1b_matched,170,78,1,risk1%,1.4114,110.5557,21.1460,2.9027,22.0006,25.9272,37.1795,0.2847,7.0000,0.3373,1.1106
V3,F1b_matched,170,78,1,30%x10x,1.1301,110.5557,-3.5379,-0.5358,72.7423,77.3032,37.1795,0.4252,7.0000,0.1359,0.3386
V3,F1b_matched,171,78,1,risk1%,0.6325,-392.0077,-20.4047,-3.3468,26.4372,29.8510,30.7692,-0.2821,6.0000,-0.6749,-1.0415
V3,F1b_matched,171,78,1,30%x10x,0.5730,-392.0077,-73.6362,-18.0336,79.0497,82.1680,30.7692,-1.5077,6.0000,-0.8224,-1.1628
V3,F1b_matched,172,78,1,risk1%,0.9208,-216.3607,-6.8176,-1.0477,27.5547,31.3262,30.7692,-0.0605,9.0000,-0.0808,-0.2242
V3,F1b_matched,172,78,1,30%x10x,0.7639,-216.3607,-61.0638,-13.1248,80.7642,84.4401,30.7692,-0.8322,9.0000,-0.2975,-0.6446
V3,F1b_matched,173,78,1,risk1%,1.0400,-112.9146,0.6549,0.0974,22.2543,26.3291,33.3333,0.0296,7.0000,0.0482,0.1111
V3,F1b_matched,173,78,1,30%x10x,0.8736,-112.9146,-44.2396,-8.3439,72.1838,76.9480,33.3333,-0.4343,7.0000,-0.1796,-0.3384
V3,F1b_matched,174,79,0,risk1%,1.2250,-19.2056,10.3044,1.4736,24.4400,27.8889,35.4430,0.1609,7.0000,0.1962,0.6195
V3,F1b_matched,174,79,0,30%x10x,0.9785,-19.2056,-33.9885,-6.0073,76.8080,80.3583,35.4430,-0.0729,7.0000,-0.0239,-0.0572
V3,F1b_matched,175,78,1,risk1%,0.7921,-350.2794,-12.9214,-2.0426,26.7261,30.4737,30.7692,-0.1594,6.0000,-0.2832,-0.5891
V3,F1b_matched,175,78,1,30%x10x,0.6283,-350.2794,-71.6430,-17.1377,79.8473,83.2843,30.7692,-1.3472,6.0000,-0.6142,-1.0140
V3,F1b_matched,176,75,4,risk1%,1.1462,14.1113,6.4630,0.9385,17.6265,21.9677,37.3333,0.1025,7.0000,0.1739,0.3862
V3,F1b_matched,176,75,4,30%x10x,1.0174,14.1113,-18.4199,-2.9911,65.5449,71.2825,37.3333,0.0564,7.0000,0.0224,0.0443
V3,F1b_matched,177,78,1,risk1%,0.9510,-188.2238,-4.4475,-0.6763,22.3794,26.4298,30.7692,-0.0376,7.0000,-0.0620,-0.1389
V3,F1b_matched,177,78,1,30%x10x,0.7973,-188.2238,-55.7571,-11.4532,73.6902,78.1716,30.7692,-0.7239,7.0000,-0.2961,-0.5540
V3,F1b_matched,178,79,0,risk1%,0.8455,-290.6567,-9.6193,-1.4973,26.0998,29.5323,34.1772,-0.1121,9.0000,-0.2124,-0.4298
V3,F1b_matched,178,79,0,30%x10x,0.6785,-290.6567,-65.4510,-14.6602,79.6759,82.8584,34.1772,-1.1038,9.0000,-0.5351,-0.8616
V3,F1b_matched,179,79,0,risk1%,0.9212,-210.7643,-6.7868,-1.0428,29.7951,33.2986,31.6456,-0.0592,7.0000,-0.0799,-0.2225
V3,F1b_matched,179,79,0,30%x10x,0.7710,-210.7643,-60.7548,-13.0223,82.9049,85.6557,31.6456,-0.8004,7.0000,-0.2854,-0.6240
V3,F1b_matched,180,79,0,risk1%,0.7866,-319.6922,-12.8070,-2.0235,25.4775,28.9279,31.6456,-0.1577,9.0000,-0.3007,-0.5993
V3,F1b_matched,180,79,0,30%x10x,0.6480,-319.6922,-68.3060,-15.7511,78.1729,81.6118,31.6456,-1.2140,9.0000,-0.5907,-0.9550
V3,F1b_matched,181,79,0,risk1%,1.0471,-130.5885,-0.0095,-0.0014,27.7256,31.2071,29.1139,0.0372,11.0000,0.0449,0.1360
V3,F1b_matched,181,79,0,30%x10x,0.8645,-130.5885,-53.1511,-10.6940,80.5527,83.4868,29.1139,-0.4959,11.0000,-0.1608,-0.3761
V3,F1b_matched,182,79,0,risk1%,0.8636,-234.9999,-8.8658,-1.3752,24.3416,27.8262,32.9114,-0.1001,7.0000,-0.1815,-0.3805
V3,F1b_matched,182,79,0,30%x10x,0.7391,-234.9999,-60.2155,-12.8450,74.6864,78.5571,32.9114,-0.8924,7.0000,-0.4007,-0.7024
V3,F1b_matched,183,78,1,risk1%,0.7432,-320.0028,-14.2461,-2.2664,25.4415,29.2016,34.6154,-0.1856,11.0000,-0.4192,-0.7072
V3,F1b_matched,183,78,1,30%x10x,0.6363,-320.0028,-67.4439,-15.4131,78.9954,82.4074,34.6154,-1.2308,11.0000,-0.6508,-0.9637
V3,F1b_matched,184,79,0,risk1%,0.7357,-291.9256,-15.4190,-2.4669,26.4578,30.1082,31.6456,-0.1997,7.0000,-0.4368,-0.7489
V3,F1b_matched,184,79,0,30%x10x,0.6828,-291.9256,-65.9154,-14.8323,77.5939,81.2634,31.6456,-1.1086,7.0000,-0.5234,-0.8648
V3,F1b_matched,185,79,0,risk1%,0.7912,-283.2476,-12.1913,-1.9206,22.8881,26.8486,34.1772,-0.1519,6.0000,-0.3257,-0.5807
V3,F1b_matched,185,79,0,30%x10x,0.6825,-283.2476,-64.0448,-14.1508,73.4284,77.9245,34.1772,-1.0756,6.0000,-0.5537,-0.8517
V3,F1b_matched,186,76,3,risk1%,0.7205,-252.6604,-15.6851,-2.5128,24.9570,28.8871,31.5789,-0.2131,8.0000,-0.4774,-0.7770
V3,F1b_matched,186,76,3,30%x10x,0.7114,-252.6604,-61.3348,-13.2152,74.3784,79.3944,31.5789,-0.9973,8.0000,-0.4625,-0.7721
V3,F1b_matched,187,79,0,risk1%,0.8332,-280.7422,-10.1252,-1.5797,24.4785,28.0245,34.1772,-0.1202,9.0000,-0.2354,-0.4627
V3,F1b_matched,187,79,0,30%x10x,0.6861,-280.7422,-64.1980,-14.2055,76.2651,80.0258,34.1772,-1.0661,9.0000,-0.5265,-0.8381
V3,F1b_matched,188,77,2,risk1%,0.9315,-162.8231,-4.8418,-0.7375,23.4328,27.2867,35.0649,-0.0488,8.0000,-0.0922,-0.1860
V3,F1b_matched,188,77,2,30%x10x,0.8087,-162.8231,-49.9259,-9.8027,73.3724,77.8276,35.0649,-0.6344,8.0000,-0.2882,-0.5007
V3,F1b_matched,189,79,0,risk1%,0.7842,-234.0172,-12.7635,-2.0162,25.9629,29.7482,32.9114,-0.1604,12.0000,-0.3489,-0.6058
V3,F1b_matched,189,79,0,30%x10x,0.7410,-234.0172,-59.5996,-12.6451,75.7198,79.8117,32.9114,-0.8887,12.0000,-0.4146,-0.6993
V3,F1b_matched,190,78,1,risk1%,0.7989,-316.0716,-12.5104,-1.9738,26.8166,30.6349,30.7692,-0.1549,7.0000,-0.2880,-0.5697
V3,F1b_matched,190,78,1,30%x10x,0.6619,-316.0716,-68.2646,-15.7347,79.1596,82.7930,30.7692,-1.2157,7.0000,-0.5710,-0.9234
V3,F1b_matched,191,78,1,risk1%,0.8566,-289.8259,-8.9965,-1.3964,25.4640,29.2942,33.3333,-0.1057,9.0000,-0.2051,-0.3989
V3,F1b_matched,191,78,1,30%x10x,0.6835,-289.8259,-65.4556,-14.6619,77.7890,81.4810,33.3333,-1.1147,9.0000,-0.5332,-0.8483
V3,F1b_matched,192,79,0,risk1%,0.7551,-386.8772,-14.7333,-2.3494,28.3826,31.6457,31.6456,-0.1856,9.0000,-0.3505,-0.6940
V3,F1b_matched,192,79,0,30%x10x,0.5917,-386.8772,-74.1386,-18.2685,82.4971,85.1456,31.6456,-1.4692,9.0000,-0.7169,-1.1123
V3,F1b_matched,193,78,1,risk1%,1.0916,-104.2873,2.9508,0.4347,22.6080,26.7943,32.0513,0.0690,11.0000,0.0901,0.2570
V3,F1b_matched,193,78,1,30%x10x,0.8867,-104.2873,-46.8956,-9.0087,76.5321,80.6263,32.0513,-0.4011,11.0000,-0.1383,-0.3060
V3,F1b_matched,194,78,1,risk1%,0.9205,-243.5930,-6.8666,-1.0555,28.5519,31.7678,30.7692,-0.0609,11.0000,-0.0810,-0.2254
V3,F1b_matched,194,78,1,30%x10x,0.7393,-243.5930,-64.2453,-14.2224,83.3688,85.8546,30.7692,-0.9369,11.0000,-0.3335,-0.7095
V3,F1b_matched,195,79,0,risk1%,0.7546,-250.5356,-13.6485,-2.1651,23.7671,27.6873,35.4430,-0.1752,7.0000,-0.4148,-0.6758
V3,F1b_matched,195,79,0,30%x10x,0.7089,-250.5356,-59.9973,-12.7739,72.4948,77.1663,35.4430,-0.9514,7.0000,-0.5018,-0.7718
V3,F1b_matched,196,76,3,risk1%,0.8462,-98.3917,-9.0683,-1.4080,19.7766,24.0066,34.2105,-0.1126,7.0000,-0.2387,-0.4194
V3,F1b_matched,196,76,3,30%x10x,0.8814,-98.3917,-40.3444,-7.4161,62.3283,69.7918,34.2105,-0.3884,7.0000,-0.1648,-0.3107
V3,F1b_matched,197,78,1,risk1%,1.0626,-64.9718,1.9998,0.2958,21.1453,25.2596,33.3333,0.0465,10.0000,0.0760,0.1741
V3,F1b_matched,197,78,1,30%x10x,0.9273,-64.9718,-36.7728,-6.6096,70.4920,75.5287,33.3333,-0.2499,10.0000,-0.0994,-0.1947
V3,F1b_matched,198,79,0,risk1%,1.2355,-6.1108,11.1500,1.5893,24.0277,29.2514,34.1772,0.1718,7.0000,0.2062,0.6548
V3,F1b_matched,198,79,0,30%x10x,0.9932,-6.1108,-31.3517,-5.4566,75.8856,79.7701,34.1772,-0.0232,7.0000,-0.0076,-0.0183
V3,F1b_matched,199,78,1,risk1%,1.0459,-62.1519,1.0070,0.1496,16.8520,21.2124,32.0513,0.0346,8.0000,0.0557,0.1290
V3,F1b_matched,199,78,1,30%x10x,0.9308,-62.1519,-36.7687,-6.6087,59.6439,66.5687,32.0513,-0.2390,8.0000,-0.0933,-0.1875
V3,F2,0,76,3,risk1%,1.1580,72.8439,6.7790,0.9832,15.6774,16.3229,34.2105,0.1084,6.0000,0.1705,0.4193
V3,F2,0,76,3,30%x10x,1.0926,72.8439,-6.6099,-1.0149,61.7707,63.0004,34.2105,0.2875,6.0000,0.1051,0.2356
V3,F2,1,72,7,risk1%,1.5545,280.0247,24.0218,3.2634,10.3824,12.8404,37.5000,0.3347,7.0000,0.3972,1.3503
V3,F2,1,72,7,30%x10x,1.4374,280.0247,66.5129,7.9026,35.8365,40.4936,37.5000,1.1668,7.0000,0.3631,1.0240
V3,F2,2,75,4,risk1%,1.5363,315.9007,26.1974,3.5316,19.5796,21.3595,37.3333,0.3463,12.0000,0.4194,1.3677
V3,F2,2,75,4,30%x10x,1.4279,315.9007,72.4015,8.4634,64.0615,67.1637,37.3333,1.2636,12.0000,0.3724,1.0477
V3,F2,3,74,5,risk1%,1.1225,65.8539,4.5111,0.6603,13.4494,14.3812,43.2432,0.0717,10.0000,0.1519,0.2948
V3,F2,3,74,5,30%x10x,1.0999,65.8539,1.5822,0.2344,51.4426,53.5754,43.2432,0.2670,10.0000,0.1224,0.2282
V3,F2,4,76,3,risk1%,1.5018,210.2757,22.2585,3.0431,10.1996,11.2376,41.3333,0.2921,7.0000,0.4399,1.2204
V3,F2,4,76,3,30%x10x,1.3084,210.2757,43.2923,5.5122,43.6569,47.0865,41.3333,0.8411,7.0000,0.3154,0.7164
V3,F2,5,74,5,risk1%,1.0266,-32.8177,0.5025,0.0748,13.2019,16.6371,43.2432,0.0153,5.0000,0.0388,0.0641
V3,F2,5,74,5,30%x10x,0.9505,-32.8177,-21.3939,-3.5270,60.2478,66.0629,43.2432,-0.1330,5.0000,-0.0697,-0.1137
V3,F2,6,73,6,risk1%,1.6846,447.4900,29.5359,3.9356,7.7156,8.3312,43.8356,0.3729,4.0000,0.6465,1.5937
V3,F2,6,73,6,30%x10x,1.7630,447.4900,189.0014,17.1518,36.4935,38.5812,43.8356,1.8390,4.0000,0.6668,1.7227
V3,F2,7,75,4,risk1%,1.0359,37.4216,0.8155,0.1212,14.1426,15.2519,40.0000,0.0227,8.0000,0.0489,0.0911
V3,F2,7,75,4,30%x10x,1.0538,37.4216,-5.9874,-0.9167,49.8359,52.7738,40.0000,0.1497,8.0000,0.0714,0.1306
V3,F2,8,76,3,risk1%,0.8135,-235.1930,-9.3194,-1.4486,12.6683,13.7460,34.6667,-0.1218,10.0000,-0.3106,-0.4817
V3,F2,8,76,3,30%x10x,0.6972,-235.1930,-56.7531,-11.7534,58.0059,62.4814,34.6667,-0.9408,10.0000,-0.5329,-0.7484
V3,F2,9,72,7,risk1%,1.5745,248.7304,25.8851,3.4933,7.2579,8.9532,38.8889,0.3463,6.0000,0.4869,1.4013
V3,F2,9,72,7,30%x10x,1.3702,248.7304,59.7766,7.2399,35.8517,40.6620,38.8889,1.0364,6.0000,0.3670,0.8640
V3,F2,10,75,4,risk1%,1.9155,565.1701,52.1035,6.4556,13.4946,14.8675,37.3333,0.5943,10.0000,0.7526,2.3455
V3,F2,10,75,4,30%x10x,1.7613,565.1701,260.7108,21.0898,49.9860,56.3030,37.3333,2.2607,10.0000,0.6920,1.8609
V3,F2,11,78,1,risk1%,1.1859,90.7415,7.8471,1.1332,10.4434,12.2314,39.7436,0.1111,6.0000,0.2227,0.4658
V3,F2,11,78,1,30%x10x,1.1292,90.7415,7.2293,1.0466,42.2821,44.3415,39.7436,0.3490,6.0000,0.1595,0.3089
V3,F2,12,73,6,risk1%,1.5856,392.2796,24.5971,3.3347,5.3613,7.4043,43.8356,0.3170,5.0000,0.5926,1.3590
V3,F2,12,73,6,30%x10x,1.6660,392.2796,151.4058,14.7417,28.4862,34.5266,43.8356,1.6121,5.0000,0.6169,1.4690
V3,F2,13,75,4,risk1%,1.2501,149.9052,10.0893,1.4441,16.1937,18.1396,38.6667,0.1578,6.0000,0.2090,0.6284
V3,F2,13,75,4,30%x10x,1.2164,149.9052,16.3023,2.2783,53.8850,58.3640,38.6667,0.5996,6.0000,0.2044,0.5295
V3,F2,14,79,0,risk1%,1.2484,93.5966,10.5990,1.5140,15.5705,16.4075,36.7089,0.1476,7.0000,0.2481,0.6288
V3,F2,14,79,0,30%x10x,1.1325,93.5966,3.9755,0.5832,57.7337,59.7274,36.7089,0.3554,7.0000,0.1472,0.3287
V3,F2,15,78,1,risk1%,1.2422,140.2912,10.6246,1.5175,15.7508,18.8006,38.4615,0.1475,9.0000,0.2613,0.6152
V3,F2,15,78,1,30%x10x,1.2004,140.2912,22.3489,3.0544,57.6951,66.3698,38.4615,0.5396,9.0000,0.2356,0.4944
V3,F2,16,73,6,risk1%,1.2868,70.8535,11.5024,1.6373,13.8742,15.3022,37.5000,0.1684,9.0000,0.2951,0.6932
V3,F2,16,73,6,30%x10x,1.1077,70.8535,2.4456,0.3611,52.4626,56.0289,37.5000,0.2952,9.0000,0.1297,0.2474
V3,F2,17,72,7,risk1%,1.8414,506.1614,41.1786,5.2786,11.0931,12.9539,40.2778,0.5089,6.0000,0.6834,2.0594
V3,F2,17,72,7,30%x10x,1.7651,506.1614,214.6456,18.6469,45.4614,51.4379,40.2778,2.1090,6.0000,0.6505,1.7836
V3,F2,18,77,2,risk1%,1.5677,294.4264,26.8276,3.6086,13.9643,16.5700,34.2105,0.3496,8.0000,0.4210,1.4447
V3,F2,18,77,2,30%x10x,1.4193,294.4264,68.1655,8.0616,48.1551,54.2216,34.2105,1.1622,8.0000,0.3656,1.0423
V3,F2,19,74,5,risk1%,1.1506,212.8357,5.8388,0.8500,13.6180,16.4101,37.8378,0.0895,10.0000,0.1844,0.3677
V3,F2,19,74,5,30%x10x,1.3559,212.8357,53.9823,6.6507,44.9336,52.6216,37.8378,0.8628,10.0000,0.3668,0.8601
V3,F2,20,75,4,risk1%,1.1995,125.5572,8.6729,1.2483,14.4037,15.7008,35.1351,0.1312,8.0000,0.2225,0.5116
V3,F2,20,75,4,30%x10x,1.1696,125.5572,10.6572,1.5220,49.1174,52.9749,35.1351,0.5090,8.0000,0.1856,0.4187
V3,F2,21,71,8,risk1%,1.2498,156.4228,10.1147,1.4476,9.7668,12.7219,40.8451,0.1484,6.0000,0.3024,0.5962
V3,F2,21,71,8,30%x10x,1.2452,156.4228,31.7618,4.2001,43.7532,52.6767,40.8451,0.6609,6.0000,0.2830,0.5565
V3,F2,22,74,5,risk1%,1.3141,213.7495,13.9627,1.9687,9.3947,14.8925,36.4865,0.2052,10.0000,0.2773,0.8078
V3,F2,22,74,5,30%x10x,1.3074,213.7495,41.0665,5.2661,34.0433,43.2858,36.4865,0.8666,10.0000,0.2972,0.7632
V3,F2,23,77,2,risk1%,1.9507,592.6911,43.1986,5.5019,5.8430,9.2851,48.0519,0.4957,6.0000,0.6858,2.2128
V3,F2,23,77,2,30%x10x,2.0229,592.6911,318.9173,23.8222,25.2578,33.2996,48.0519,2.3092,6.0000,0.7824,2.3054
V3,F2,24,75,4,risk1%,1.0083,4.8287,-0.5232,-0.0782,15.2695,15.8901,37.3333,0.0054,9.0000,0.0114,0.0211
V3,F2,24,75,4,30%x10x,1.0065,4.8287,-17.4627,-2.8221,58.0863,60.0435,37.3333,0.0193,9.0000,0.0084,0.0159
V3,F2,25,73,6,risk1%,1.3489,185.1181,14.0418,1.9793,13.4641,14.8206,43.0556,0.1973,8.0000,0.3740,0.8176
V3,F2,25,73,6,30%x10x,1.3055,185.1181,43.7697,5.5646,45.0175,51.1922,43.0556,0.7713,8.0000,0.3345,0.6958
V3,F2,26,73,6,risk1%,1.1240,16.8308,3.7685,0.5533,13.1800,15.1899,34.2466,0.0789,10.0000,0.1054,0.3125
V3,F2,26,73,6,30%x10x,1.0242,16.8308,-20.0090,-3.2753,55.8536,61.7299,34.2466,0.0692,10.0000,0.0239,0.0582
V3,F2,27,75,4,risk1%,1.0330,-87.7373,0.5499,0.0818,19.2854,21.6505,36.0000,0.0207,8.0000,0.0419,0.0837
V3,F2,27,75,4,30%x10x,0.8778,-87.7373,-34.6615,-6.1509,65.3123,69.0652,36.0000,-0.3509,8.0000,-0.1737,-0.3004
V3,F2,28,75,4,risk1%,1.8495,388.4119,36.6291,4.7654,10.6717,12.5279,39.1892,0.4576,11.0000,0.5536,1.9935
V3,F2,28,75,4,30%x10x,1.6508,388.4119,131.2545,13.3206,43.9302,49.1190,39.1892,1.5746,11.0000,0.5100,1.5008
V3,F2,29,75,4,risk1%,1.0371,5.0821,0.8264,0.1228,10.7113,11.5046,38.6667,0.0225,7.0000,0.0492,0.0924
V3,F2,29,75,4,30%x10x,1.0075,5.0821,-13.9866,-2.2223,37.5867,44.8886,38.6667,0.0203,7.0000,0.0099,0.0180
V3,F2,30,74,5,risk1%,0.8465,-10.6706,-7.2630,-1.1184,14.6407,17.0302,36.4865,-0.0936,7.0000,-0.2412,-0.3833
V3,F2,30,74,5,30%x10x,0.9838,-10.6706,-17.7107,-2.8658,53.1553,59.8231,36.4865,-0.0433,7.0000,-0.0209,-0.0392
V3,F2,31,76,3,risk1%,0.8903,-185.8418,-7.2043,-1.1091,13.8289,14.8977,31.5789,-0.0804,7.0000,-0.1408,-0.2998
V3,F2,31,76,3,30%x10x,0.7865,-185.8418,-55.5490,-11.3912,59.8215,62.7730,31.5789,-0.7336,7.0000,-0.2854,-0.5590
V3,F2,32,77,2,risk1%,0.9914,-46.2756,-1.8775,-0.2823,17.2157,21.7466,35.0649,-0.0059,7.0000,-0.0101,-0.0229
V3,F2,32,77,2,30%x10x,0.9406,-46.2756,-30.8177,-5.3473,53.8340,63.7154,35.0649,-0.1803,7.0000,-0.0751,-0.1522
V3,F2,33,78,1,risk1%,1.3891,207.1142,18.9617,2.6238,18.4011,19.8043,37.1795,0.2478,9.0000,0.3704,1.0106
V3,F2,33,78,1,30%x10x,1.2802,207.1142,40.4050,5.1923,63.5635,69.2721,37.1795,0.7966,9.0000,0.3025,0.7120
V3,F2,34,76,3,risk1%,1.2603,90.7114,11.1439,1.5885,14.7015,16.2459,36.8421,0.1596,8.0000,0.2604,0.6597
V3,F2,34,76,3,30%x10x,1.1238,90.7114,-0.2824,-0.0422,56.4302,59.8721,36.8421,0.3581,8.0000,0.1326,0.3031
V3,F2,35,77,2,risk1%,1.0763,73.3764,2.7762,0.4093,6.4833,9.8867,41.5584,0.0459,6.0000,0.1077,0.1911
V3,F2,35,77,2,30%x10x,1.1056,73.3764,4.3206,0.6329,30.1107,40.9795,41.5584,0.2859,6.0000,0.1386,0.2594
V3,F2,36,75,4,risk1%,1.4337,332.9709,17.9855,2.4977,10.3724,12.8767,48.0000,0.2341,6.0000,0.4758,1.0183
V3,F2,36,75,4,30%x10x,1.5670,332.9709,116.6858,12.2260,39.7831,46.6320,48.0000,1.3319,6.0000,0.5532,1.3061
V3,F2,37,73,6,risk1%,1.1040,100.4327,3.5514,0.5219,7.4564,10.2082,46.5753,0.0568,6.0000,0.1391,0.2407
V3,F2,37,73,6,30%x10x,1.1753,100.4327,17.6430,2.4533,33.9727,37.4711,46.5753,0.4127,6.0000,0.2161,0.3881
V3,F2,38,76,3,risk1%,2.2156,623.1850,48.4578,6.0710,3.3086,6.6602,56.5789,0.5360,3.0000,1.0417,2.5902
V3,F2,38,76,3,30%x10x,2.2112,623.1850,393.3525,26.8800,16.6326,24.5533,56.5789,2.4599,3.0000,0.9648,2.4326
V3,F2,39,76,3,risk1%,0.9332,-150.1628,-5.0409,-0.7686,15.3365,16.7218,31.5789,-0.0483,8.0000,-0.0800,-0.1810
V3,F2,39,76,3,30%x10x,0.8170,-150.1628,-47.8205,-9.2469,58.4971,62.0517,31.5789,-0.5927,8.0000,-0.2645,-0.4815
V3,F2,40,75,4,risk1%,0.8085,-240.7402,-10.1003,-1.5757,20.3432,23.5304,32.4324,-0.1328,14.0000,-0.2952,-0.5050
V3,F2,40,75,4,30%x10x,0.7013,-240.7402,-58.3671,-12.2526,70.2783,74.6649,32.4324,-0.9760,14.0000,-0.5007,-0.7547
V3,F2,41,76,3,risk1%,1.5778,300.5634,28.8199,3.8497,12.3149,13.9152,38.1579,0.3680,7.0000,0.4580,1.4752
V3,F2,41,76,3,30%x10x,1.4076,300.5634,72.3802,8.4614,51.5676,56.5464,38.1579,1.1864,7.0000,0.3794,0.9921
V3,F2,42,77,2,risk1%,1.3535,201.7757,16.0098,2.2399,14.1587,15.6405,41.5584,0.2088,10.0000,0.3945,0.8785
V3,F2,42,77,2,30%x10x,1.2863,201.7757,42.7400,5.4514,51.7770,54.4798,41.5584,0.7861,10.0000,0.3172,0.6822
V3,F2,43,73,6,risk1%,0.7676,-190.5945,-12.1189,-1.9085,18.0818,20.7849,31.9444,-0.1674,9.0000,-0.3528,-0.6166
V3,F2,43,73,6,30%x10x,0.7494,-190.5945,-51.4536,-10.2186,63.9162,66.2558,31.9444,-0.7941,9.0000,-0.3962,-0.6490
V3,F2,44,76,3,risk1%,1.1314,85.9197,4.4739,0.6550,20.0102,21.1414,32.8947,0.0874,14.0000,0.1156,0.3446
V3,F2,44,76,3,30%x10x,1.1160,85.9197,-4.6600,-0.7093,61.3463,67.2815,32.8947,0.3392,14.0000,0.1151,0.2958
V3,F2,45,75,4,risk1%,1.2963,211.8588,12.0797,1.7156,13.6855,15.4769,42.6667,0.1652,8.0000,0.3394,0.7076
V3,F2,45,75,4,30%x10x,1.3461,211.8588,55.4127,6.7979,46.9171,52.4648,42.6667,0.8474,8.0000,0.3824,0.7889
V3,F2,46,76,3,risk1%,1.8111,395.2340,39.3005,5.0685,13.1062,15.2720,44.7368,0.4668,10.0000,0.6273,1.9698
V3,F2,46,76,3,30%x10x,1.5697,395.2340,133.7859,13.5047,53.1088,58.5392,44.7368,1.5601,10.0000,0.5232,1.3249
V3,F2,47,75,4,risk1%,1.4483,226.7390,19.2232,2.6574,15.2898,15.7688,43.2432,0.2532,9.0000,0.4755,1.0709
V3,F2,47,75,4,30%x10x,1.3551,226.7390,60.4708,7.3093,52.6956,53.7803,43.2432,0.9192,9.0000,0.3962,0.8125
V3,F2,48,75,4,risk1%,1.3195,211.6703,13.2123,1.8683,10.8107,12.5453,44.0000,0.1794,8.0000,0.3573,0.7653
V3,F2,48,75,4,30%x10x,1.3432,211.6703,54.0462,6.6573,41.0907,47.5909,44.0000,0.8467,8.0000,0.3718,0.7898
V3,F2,49,77,2,risk1%,1.0887,25.1374,3.1031,0.4569,12.0606,14.3159,32.8947,0.0613,7.0000,0.0987,0.2368
V3,F2,49,77,2,30%x10x,1.0326,25.1374,-15.1117,-2.4142,46.5254,53.6133,32.8947,0.0992,7.0000,0.0401,0.0835
V3,F2,50,73,6,risk1%,1.7600,482.0230,38.8986,5.0232,6.9918,7.9416,42.4658,0.4758,6.0000,0.6973,1.8804
V3,F2,50,73,6,30%x10x,1.7068,482.0230,206.0019,18.1550,32.0416,34.8200,42.4658,1.9809,6.0000,0.6669,1.6775
V3,F2,51,73,6,risk1%,0.6962,-214.5416,-14.9341,-2.3838,16.9485,17.6330,32.8767,-0.2127,8.0000,-0.5328,-0.7930
V3,F2,51,73,6,30%x10x,0.7127,-214.5416,-53.9783,-10.9310,57.3581,58.4202,32.8767,-0.8817,8.0000,-0.4825,-0.7211
V3,F2,52,75,4,risk1%,1.7451,337.3613,35.9710,4.6900,11.1949,12.6081,41.3333,0.4460,8.0000,0.5410,1.8350
V3,F2,52,75,4,30%x10x,1.4986,337.3613,98.6737,10.7826,49.8903,53.2498,41.3333,1.3494,8.0000,0.4464,1.1967
V3,F2,53,75,4,risk1%,1.2362,119.0448,9.7322,1.3949,8.2594,9.0252,39.1892,0.1419,5.0000,0.2582,0.5831
V3,F2,53,75,4,30%x10x,1.1799,119.0448,15.9433,2.2311,35.7866,40.8541,39.1892,0.4826,5.0000,0.2042,0.4325
V3,F2,54,76,3,risk1%,1.3886,251.0166,17.2972,2.4083,8.5299,11.0985,39.4737,0.2275,8.0000,0.4056,0.9530
V3,F2,54,76,3,30%x10x,1.3799,251.0166,66.7319,7.9237,31.1767,41.1394,39.4737,0.9909,8.0000,0.4028,0.8901
V3,F2,55,77,2,risk1%,1.3753,316.2788,17.3421,2.4141,6.9044,10.8268,38.9610,0.2261,6.0000,0.3967,0.9462
V3,F2,55,77,2,30%x10x,1.4769,316.2788,95.5429,10.5204,26.3569,38.6666,38.9610,1.2323,6.0000,0.4704,1.1735
V3,F2,56,76,3,risk1%,1.1657,105.9687,5.9031,0.8592,14.7652,15.9087,34.6667,0.1046,10.0000,0.1419,0.4200
V3,F2,56,76,3,30%x10x,1.1489,105.9687,-0.4718,-0.0705,60.9103,62.9497,34.6667,0.4239,10.0000,0.1382,0.3653
V3,F2,57,75,4,risk1%,1.7482,578.9842,34.1107,4.4751,7.7664,9.7927,49.3333,0.4089,7.0000,0.7391,1.7515
V3,F2,57,75,4,30%x10x,2.0081,578.9842,311.3289,23.4850,28.6344,35.7882,49.3333,2.3159,7.0000,0.7991,2.3190
V3,F2,58,76,3,risk1%,2.3018,640.5603,58.1937,7.0808,3.9016,6.8424,46.0526,0.6333,4.0000,0.8838,2.9639
V3,F2,58,76,3,30%x10x,2.1409,640.5603,376.3843,26.2194,19.8075,25.3164,46.0526,2.5285,4.0000,0.8346,2.4798
V3,F2,59,76,3,risk1%,1.2691,139.0677,10.9379,1.5604,10.3822,11.7864,43.4211,0.1492,6.0000,0.3145,0.6449
V3,F2,59,76,3,30%x10x,1.2141,139.0677,24.2224,3.2883,40.2531,45.6411,43.4211,0.5490,6.0000,0.2438,0.4914
V3,F2,60,78,1,risk1%,1.4140,138.8197,19.4104,2.6814,14.6648,15.8232,41.0256,0.2543,8.0000,0.3652,1.0565
V3,F2,60,78,1,30%x10x,1.1804,138.8197,11.0046,1.5695,63.7308,66.4170,41.0256,0.5339,8.0000,0.1886,0.4428
V3,F2,61,76,3,risk1%,1.7560,408.5533,35.1134,4.5912,7.1351,12.0395,40.0000,0.4407,5.0000,0.5089,1.8530
V3,F2,61,76,3,30%x10x,1.6335,408.5533,135.5190,13.6299,30.8927,36.9299,40.0000,1.6342,5.0000,0.5010,1.4838
V3,F2,62,74,5,risk1%,1.6064,398.8163,27.3536,3.6725,7.1049,10.2388,41.8919,0.3592,6.0000,0.4554,1.4689
V3,F2,62,74,5,30%x10x,1.6312,398.8163,136.0248,13.6662,28.0588,37.8139,41.8919,1.6168,6.0000,0.5177,1.4574
V3,F2,63,76,3,risk1%,0.9335,-92.1305,-4.8731,-0.7424,17.1990,17.9160,28.9474,-0.0473,9.0000,-0.0816,-0.1797
V3,F2,63,76,3,30%x10x,0.8865,-92.1305,-39.3739,-7.1930,63.0469,66.0572,28.9474,-0.3637,9.0000,-0.1532,-0.2934
V3,F2,64,74,5,risk1%,1.3290,220.6798,15.1471,2.1261,12.2824,13.7792,36.4865,0.2126,8.0000,0.3325,0.8394
V3,F2,64,74,5,30%x10x,1.3065,220.6798,41.8289,5.3508,46.1160,50.0923,36.4865,0.8946,8.0000,0.3016,0.7474
V3,F2,65,75,4,risk1%,0.9105,-65.7376,-5.0221,-0.7656,18.2427,19.0676,34.6667,-0.0578,14.0000,-0.1306,-0.2293
V3,F2,65,75,4,30%x10x,0.9083,-65.7376,-29.9405,-5.1692,64.8577,66.0760,34.6667,-0.2630,14.0000,-0.1322,-0.2289
V3,F2,66,73,6,risk1%,1.5532,350.4842,25.8254,3.4860,11.3287,14.1251,41.0959,0.3441,9.0000,0.4583,1.3644
V3,F2,66,73,6,30%x10x,1.5256,350.4842,108.9229,11.6169,41.3193,50.7123,41.0959,1.4403,9.0000,0.4784,1.2403
V3,F2,67,73,6,risk1%,0.7277,-242.6672,-14.2107,-2.2604,17.4627,18.1746,30.1370,-0.1991,12.0000,-0.4463,-0.7350
V3,F2,67,73,6,30%x10x,0.6995,-242.6672,-59.1341,-12.4957,65.2231,68.4705,30.1370,-0.9973,12.0000,-0.4782,-0.7757
V3,F2,68,74,5,risk1%,1.6404,301.9253,28.4195,3.8015,12.7962,16.6151,39.7260,0.3793,7.0000,0.4491,1.5604
V3,F2,68,74,5,30%x10x,1.4719,301.9253,78.6550,9.0414,44.8792,53.1115,39.7260,1.2408,7.0000,0.3950,1.1164
V3,F2,69,76,3,risk1%,1.2443,171.2131,11.0910,1.5813,9.6527,11.8011,40.7895,0.1539,9.0000,0.2925,0.6224
V3,F2,69,76,3,30%x10x,1.2394,171.2131,33.5475,4.4095,37.9616,41.4587,40.7895,0.6758,9.0000,0.2868,0.5828
V3,F2,70,72,7,risk1%,0.7443,-247.9364,-13.0109,-2.0577,22.7233,23.7025,29.5775,-0.1837,7.0000,-0.3744,-0.6723
V3,F2,70,72,7,30%x10x,0.6713,-247.9364,-58.9020,-12.4217,70.5072,72.7736,29.5775,-1.0476,7.0000,-0.5270,-0.8437
V3,F2,71,76,3,risk1%,1.5675,264.9169,27.8402,3.7315,15.1900,16.7696,40.7895,0.3578,7.0000,0.4454,1.4403
V3,F2,71,76,3,30%x10x,1.3535,264.9169,53.9045,6.6427,58.6182,63.0882,40.7895,1.0457,7.0000,0.3296,0.8595
V3,F2,72,75,4,risk1%,0.9985,0.2401,-1.0472,-0.1569,18.3140,19.6233,34.6667,-0.0010,8.0000,-0.0020,-0.0038
V3,F2,72,75,4,30%x10x,1.0003,0.2401,-16.1082,-2.5859,62.0661,65.6172,34.6667,0.0010,8.0000,0.0005,0.0009
V3,F2,73,76,3,risk1%,1.7891,492.6987,36.4233,4.7419,10.5473,11.8168,42.1053,0.4336,8.0000,0.6516,1.8859
V3,F2,73,76,3,30%x10x,1.8152,492.6987,227.1832,19.3404,44.4409,48.4730,42.1053,1.9449,8.0000,0.7193,1.8975
V3,F2,74,73,6,risk1%,0.7775,-83.2058,-10.8220,-1.6939,16.2398,16.7542,34.2466,-0.1469,7.0000,-0.3422,-0.5678
V3,F2,74,73,6,30%x10x,0.8821,-83.2058,-35.7934,-6.3952,58.3490,60.2942,34.2466,-0.3419,7.0000,-0.1476,-0.2873
V3,F2,75,76,3,risk1%,1.2450,162.8436,10.1221,1.4486,13.5061,15.7095,34.6667,0.1586,7.0000,0.2085,0.6330
V3,F2,75,76,3,30%x10x,1.2333,162.8436,22.0100,3.0118,47.5523,52.1700,34.6667,0.6514,7.0000,0.2255,0.5911
V3,F2,76,78,1,risk1%,2.5391,718.7160,63.6934,7.6281,9.5918,10.1816,53.8462,0.6637,7.0000,0.8946,3.3144
V3,F2,76,78,1,30%x10x,2.4286,718.7160,506.2386,30.8402,31.4082,33.0341,53.8462,2.7643,7.0000,0.9339,2.9069
V3,F2,77,77,2,risk1%,0.6610,-233.4964,-16.2658,-2.6132,20.3541,23.1319,35.0649,-0.2232,10.0000,-0.6337,-0.8895
V3,F2,77,77,2,30%x10x,0.6914,-233.4964,-56.5418,-11.6892,63.0718,68.2249,35.0649,-0.9097,10.0000,-0.5242,-0.7758
V3,F2,78,75,4,risk1%,1.9426,516.9526,44.0095,5.5908,8.3778,11.2649,41.3333,0.5136,6.0000,0.7374,2.2243
V3,F2,78,75,4,30%x10x,1.8618,516.9526,243.8608,20.2288,34.8358,44.9917,41.3333,2.0678,6.0000,0.7266,1.9448
V3,F2,79,75,4,risk1%,1.5130,251.9889,24.6918,3.3464,18.3970,22.8282,33.7838,0.3381,8.0000,0.3837,1.3266
V3,F2,79,75,4,30%x10x,1.3358,251.9889,42.8853,5.4674,63.8650,69.1706,33.7838,1.0216,8.0000,0.2942,0.8318
V3,F2,80,71,8,risk1%,1.2509,201.2367,10.2934,1.4721,7.6916,8.5724,40.8451,0.1520,6.0000,0.2945,0.6073
V3,F2,80,71,8,30%x10x,1.3149,201.2367,45.2972,5.7311,35.1501,37.9241,40.8451,0.8503,6.0000,0.3289,0.7336
V3,F2,81,74,5,risk1%,1.2545,130.1706,10.7091,1.5291,13.8412,14.9941,41.8919,0.1520,10.0000,0.2945,0.6215
V3,F2,81,74,5,30%x10x,1.1995,130.1706,22.3354,3.0527,53.6059,55.8129,41.8919,0.5277,10.0000,0.2370,0.4740
V3,F2,82,73,6,risk1%,1.1720,4.9195,6.7367,0.9772,15.6038,15.7096,31.9444,0.1086,8.0000,0.1848,0.4282
V3,F2,82,73,6,30%x10x,1.0071,4.9195,-17.1129,-2.7608,57.0488,57.6817,31.9444,0.0205,8.0000,0.0086,0.0169
V3,F2,83,78,1,risk1%,1.1639,173.4739,7.3162,1.0588,14.5629,17.8040,35.8974,0.1096,12.0000,0.1886,0.4356
V3,F2,83,78,1,30%x10x,1.2268,173.4739,25.7767,3.4801,46.6918,53.6230,35.8974,0.6672,12.0000,0.2488,0.5869
V3,F2,84,72,7,risk1%,1.3971,178.6896,15.8614,2.2203,12.0981,14.6168,35.2113,0.2378,8.0000,0.3029,0.9597
V3,F2,84,72,7,30%x10x,1.2819,178.6896,29.6789,3.9527,44.1991,55.5710,35.2113,0.7550,8.0000,0.2535,0.6667
V3,F2,85,75,4,risk1%,0.8523,13.3869,-7.6468,-1.1796,14.0312,15.4088,32.4324,-0.0977,12.0000,-0.2313,-0.3820
V3,F2,85,75,4,30%x10x,1.0190,13.3869,-13.4145,-2.1256,48.6603,52.2410,32.4324,0.0543,12.0000,0.0247,0.0481
V3,F2,86,74,5,risk1%,1.2120,125.6049,8.7237,1.2554,11.5975,12.6032,35.1351,0.1322,10.0000,0.2210,0.5353
V3,F2,86,74,5,30%x10x,1.1858,125.6049,14.7452,2.0728,44.9302,46.5816,35.1351,0.5092,10.0000,0.2004,0.4481
V3,F2,87,76,3,risk1%,0.9729,73.2207,-2.0549,-0.3092,10.6537,15.2661,37.3333,-0.0171,9.0000,-0.0393,-0.0684
V3,F2,87,76,3,30%x10x,1.1100,73.2207,5.6124,0.8178,36.4034,46.9823,37.3333,0.2929,9.0000,0.1442,0.2691
V3,F2,88,76,3,risk1%,1.1253,11.7435,4.6349,0.6781,10.8230,12.9538,40.7895,0.0741,8.0000,0.1445,0.3100
V3,F2,88,76,3,30%x10x,1.0170,11.7435,-13.0748,-2.0684,39.4770,43.8147,40.7895,0.0464,8.0000,0.0223,0.0400
V3,F2,89,75,4,risk1%,1.0634,-52.4137,1.7672,0.2616,13.3475,17.0111,34.6667,0.0441,6.0000,0.0710,0.1680
V3,F2,89,75,4,30%x10x,0.9341,-52.4137,-32.4102,-5.6755,51.9472,59.4136,34.6667,-0.2097,6.0000,-0.0843,-0.1672
V3,F2,90,77,2,risk1%,1.4949,187.8236,25.7515,3.4770,22.5214,22.6805,31.5789,0.3326,10.0000,0.4432,1.3058
V3,F2,90,77,2,30%x10x,1.2330,187.8236,23.9436,3.2537,72.7139,73.6408,31.5789,0.7414,10.0000,0.2456,0.5888
V3,F2,91,74,5,risk1%,0.6476,-328.9520,-17.9388,-2.9060,20.6618,21.4464,27.0270,-0.2574,8.0000,-0.6183,-0.9615
V3,F2,91,74,5,30%x10x,0.6042,-328.9520,-67.9784,-15.6217,73.0911,74.1733,27.0270,-1.3336,8.0000,-0.6928,-1.0374
V3,F2,92,77,2,risk1%,1.9787,478.1353,45.6888,5.7736,11.4179,13.3999,45.4545,0.5251,8.0000,0.6446,2.3228
V3,F2,92,77,2,30%x10x,1.7557,478.1353,192.7505,17.3773,39.4130,44.9227,45.4545,1.8629,8.0000,0.5995,1.7088
V3,F2,93,77,2,risk1%,0.7964,-178.9900,-10.3193,-1.6115,18.3897,20.9056,34.2105,-0.1339,12.0000,-0.3276,-0.5300
V3,F2,93,77,2,30%x10x,0.7670,-178.9900,-49.9838,-9.8183,61.7012,66.7756,34.2105,-0.7065,12.0000,-0.3662,-0.5859
V3,F2,94,75,4,risk1%,0.9369,31.0452,-4.1979,-0.6377,21.5096,22.5207,32.4324,-0.0435,12.0000,-0.0843,-0.1653
V3,F2,94,75,4,30%x10x,1.0413,31.0452,-15.0921,-2.4108,67.4318,70.4100,32.4324,0.1259,12.0000,0.0474,0.1053
V3,F2,95,75,4,risk1%,1.5337,273.8934,24.8162,3.3618,13.6117,15.3755,40.5405,0.3207,14.0000,0.5171,1.3138
V3,F2,95,75,4,30%x10x,1.4104,273.8934,77.2614,8.9141,52.7529,55.6470,40.5405,1.1104,14.0000,0.4344,0.9844
V3,F2,96,74,5,risk1%,1.1337,138.2903,5.5215,0.8049,10.6941,12.9670,39.1892,0.0865,7.0000,0.1715,0.3388
V3,F2,96,74,5,30%x10x,1.1955,138.2903,21.4427,2.9402,41.9683,48.8297,39.1892,0.5606,7.0000,0.2326,0.4819
V3,F2,97,73,6,risk1%,1.1148,108.2177,4.3082,0.6311,13.6200,14.7084,31.9444,0.0806,8.0000,0.1237,0.3001
V3,F2,97,73,6,30%x10x,1.1449,108.2177,2.3125,0.3416,46.2465,49.4143,31.9444,0.4509,8.0000,0.1501,0.3651
V3,F2,98,74,5,risk1%,1.4293,277.0783,19.0711,2.6378,12.6515,13.8576,38.3562,0.2596,6.0000,0.4195,1.0474
V3,F2,98,74,5,30%x10x,1.4139,277.0783,72.2531,8.4495,49.0386,51.5591,38.3562,1.1387,6.0000,0.3992,0.9598
V3,F2,99,79,0,risk1%,1.4111,199.7372,19.8252,2.7345,13.3289,14.8391,37.9747,0.2610,6.0000,0.3428,1.0725
V3,F2,99,79,0,30%x10x,1.2624,199.7372,30.4913,4.0496,48.0507,51.0676,37.9747,0.7585,6.0000,0.2598,0.6544
V3,F2,100,77,2,risk1%,1.2700,176.2251,13.0030,1.8401,16.6455,18.2425,33.7662,0.1930,11.0000,0.2415,0.7307
V3,F2,100,77,2,30%x10x,1.2179,176.2251,19.3309,2.6712,57.2774,61.3487,33.7662,0.6866,11.0000,0.2220,0.5778
V3,F2,101,75,4,risk1%,1.5875,316.5859,26.3181,3.5464,7.3709,11.2237,40.0000,0.3339,8.0000,0.5241,1.4303
V3,F2,101,75,4,30%x10x,1.4819,316.5859,92.6543,10.2753,28.4590,36.0753,40.0000,1.2663,8.0000,0.4532,1.1222
V3,F2,102,75,4,risk1%,1.3730,262.2160,15.9432,2.2311,7.6189,7.7257,44.5946,0.2144,6.0000,0.4178,0.8935
V3,F2,102,75,4,30%x10x,1.4069,262.2160,72.7780,8.4987,36.8574,36.8574,44.5946,1.0630,6.0000,0.4205,0.9428
V3,F2,103,79,0,risk1%,1.0007,-14.2834,-1.0843,-0.1625,20.8709,23.0188,36.7089,0.0004,18.0000,0.0009,0.0018
V3,F2,103,79,0,30%x10x,0.9814,-14.2834,-21.7327,-3.5891,67.8182,74.2783,36.7089,-0.0542,18.0000,-0.0250,-0.0478
V3,F2,104,73,6,risk1%,1.3500,210.9084,14.9465,2.0995,12.6220,16.9886,36.9863,0.2106,8.0000,0.3454,0.8522
V3,F2,104,73,6,30%x10x,1.3232,210.9084,47.5159,5.9704,47.0929,57.1619,36.9863,0.8667,8.0000,0.3355,0.7490
V3,F2,105,76,3,risk1%,0.9544,-0.5996,-2.8514,-0.4306,16.3596,17.5672,38.1579,-0.0280,8.0000,-0.0658,-0.1144
V3,F2,105,76,3,30%x10x,0.9991,-0.5996,-15.9904,-2.5655,54.8644,61.3344,38.1579,-0.0024,8.0000,-0.0011,-0.0021
V3,F2,106,75,4,risk1%,1.3038,171.3206,13.7243,1.9369,11.5504,13.3041,37.3333,0.1995,7.0000,0.2741,0.7795
V3,F2,106,75,4,30%x10x,1.2365,171.3206,24.8193,3.3622,48.5363,52.5913,37.3333,0.6853,7.0000,0.2408,0.5929
V3,F2,107,74,5,risk1%,1.6150,316.1136,24.7891,3.3584,10.0175,12.2926,48.6486,0.3155,7.0000,0.5824,1.3940
V3,F2,107,74,5,30%x10x,1.5457,316.1136,103.9746,11.2186,40.1660,46.0107,48.6486,1.2815,7.0000,0.5109,1.1848
V3,F2,108,78,1,risk1%,1.7697,382.9660,38.1026,4.9332,7.4154,9.9452,41.0256,0.4480,5.0000,0.5728,1.9181
V3,F2,108,78,1,30%x10x,1.5582,382.9660,124.8826,12.8493,35.1761,38.2742,41.0256,1.4729,5.0000,0.4993,1.3329
V3,F2,109,74,5,risk1%,2.5734,653.8470,66.8992,7.9399,8.7100,10.9028,53.4247,0.7319,6.0000,1.0047,3.4250
V3,F2,109,74,5,30%x10x,2.2298,653.8470,422.4549,27.9694,34.9243,43.6663,53.4247,2.6870,6.0000,0.9461,2.5546
V3,F2,110,74,5,risk1%,1.3838,269.2901,17.5670,2.4434,14.3413,15.8574,37.8378,0.2470,9.0000,0.3360,0.9699
V3,F2,110,74,5,30%x10x,1.3818,269.2901,60.2681,7.2891,55.8912,59.9426,37.8378,1.0917,9.0000,0.3520,0.9367
V3,F2,111,78,1,risk1%,1.2492,179.8165,10.9431,1.5611,8.4544,10.1268,39.7436,0.1474,6.0000,0.2955,0.6241
V3,F2,111,78,1,30%x10x,1.2560,179.8165,34.8452,4.5603,37.1831,40.8060,39.7436,0.6916,6.0000,0.2879,0.6126
V3,F2,112,75,4,risk1%,1.2287,99.8585,9.3415,1.3410,20.7278,21.0625,39.1892,0.1369,10.0000,0.2502,0.5645
V3,F2,112,75,4,30%x10x,1.1447,99.8585,7.2180,1.0450,65.3693,66.1269,39.1892,0.4048,10.0000,0.1627,0.3436
V3,F2,113,78,1,risk1%,0.8765,1.0868,-6.6730,-1.0248,15.0450,16.7512,35.8974,-0.0786,9.0000,-0.1895,-0.3200
V3,F2,113,78,1,30%x10x,1.0015,1.0868,-16.1341,-2.5904,49.2054,57.1870,35.8974,0.0042,9.0000,0.0020,0.0039
V3,F2,114,76,3,risk1%,1.6541,474.7476,32.4188,4.2774,7.4687,9.3430,40.7895,0.3922,6.0000,0.6212,1.6217
V3,F2,114,76,3,30%x10x,1.7206,474.7476,200.8322,17.8551,32.0209,36.5857,40.7895,1.8740,6.0000,0.6618,1.7066
V3,F2,115,77,2,risk1%,0.9285,-150.0590,-5.1131,-0.7798,19.2623,20.2264,33.7662,-0.0509,8.0000,-0.0915,-0.1948
V3,F2,115,77,2,30%x10x,0.8261,-150.0590,-50.4841,-9.9534,66.4995,68.6933,33.7662,-0.5846,8.0000,-0.2298,-0.4523
V3,F2,116,75,4,risk1%,0.7711,-272.3187,-13.7669,-2.1851,23.1800,25.6342,29.3333,-0.1744,16.0000,-0.2641,-0.6315
V3,F2,116,75,4,30%x10x,0.6899,-272.3187,-65.6782,-14.7441,76.0059,77.1042,29.3333,-1.0893,16.0000,-0.4156,-0.8207
V3,F2,117,76,3,risk1%,1.3294,52.7043,13.7783,1.9441,16.6700,19.7163,36.0000,0.2046,9.0000,0.2581,0.8301
V3,F2,117,76,3,30%x10x,1.0715,52.7043,-13.6964,-2.1732,62.6452,69.2776,36.0000,0.2108,9.0000,0.0704,0.1730
V3,F2,118,75,4,risk1%,1.3678,71.2606,15.3986,2.1593,15.7496,17.2899,39.1892,0.2254,6.0000,0.2865,0.9151
V3,F2,118,75,4,30%x10x,1.1008,71.2606,-6.5805,-1.0102,58.9457,62.1433,39.1892,0.2889,6.0000,0.0999,0.2457
V3,F2,119,75,4,risk1%,1.7473,392.0004,35.5617,4.6429,7.4896,10.8573,48.0000,0.4272,6.0000,0.6940,1.7949
V3,F2,119,75,4,30%x10x,1.5894,392.0004,146.5568,14.4088,36.8430,47.9743,48.0000,1.5680,6.0000,0.5977,1.3466
V3,F2,120,74,5,risk1%,1.1998,81.6207,8.3631,1.2052,8.7745,10.6305,37.8378,0.1260,8.0000,0.2213,0.5013
V3,F2,120,74,5,30%x10x,1.1154,81.6207,2.7310,0.4027,38.8141,43.0952,37.8378,0.3309,8.0000,0.1380,0.2760
V3,F2,121,76,3,risk1%,1.2581,88.0972,11.8866,1.6894,12.7857,13.7047,38.1579,0.1653,8.0000,0.2948,0.6613
V3,F2,121,76,3,30%x10x,1.1159,88.0972,4.0100,0.5882,48.7805,50.4615,38.1579,0.3478,8.0000,0.1475,0.2843
V3,F2,122,76,3,risk1%,0.9668,-44.3061,-2.6060,-0.3931,18.1695,19.5966,35.5263,-0.0214,7.0000,-0.0435,-0.0859
V3,F2,122,76,3,30%x10x,0.9401,-44.3061,-27.2753,-4.6396,62.2277,66.4046,35.5263,-0.1749,7.0000,-0.0815,-0.1504
V3,F2,123,73,6,risk1%,1.2493,74.6941,11.1150,1.5845,18.6966,20.4950,36.1111,0.1651,9.0000,0.2772,0.6341
V3,F2,123,73,6,30%x10x,1.1016,74.6941,-1.1057,-0.1657,64.0403,66.8713,36.1111,0.3112,9.0000,0.1210,0.2478
V3,F2,124,77,2,risk1%,0.9413,-84.3510,-3.5496,-0.5376,15.5560,17.5442,38.1579,-0.0372,8.0000,-0.0865,-0.1499
V3,F2,124,77,2,30%x10x,0.8872,-84.3510,-34.3640,-6.0873,60.3477,64.4087,38.1579,-0.3330,8.0000,-0.1653,-0.2770
V3,F2,125,77,2,risk1%,1.1406,75.8640,6.0424,0.8790,20.8550,23.5327,32.4675,0.1020,11.0000,0.1493,0.3845
V3,F2,125,77,2,30%x10x,1.0899,75.8640,-10.4375,-1.6308,65.7732,71.0155,32.4675,0.2956,11.0000,0.1001,0.2360
V3,F2,126,76,3,risk1%,1.0855,2.9245,3.1456,0.4630,16.5380,17.7848,39.4737,0.0562,7.0000,0.1065,0.2214
V3,F2,126,76,3,30%x10x,1.0039,2.9245,-16.3766,-2.6325,60.4251,64.5318,39.4737,0.0115,7.0000,0.0054,0.0097
V3,F2,127,77,2,risk1%,1.1153,119.4037,4.5455,0.6653,10.7524,13.4637,41.5584,0.0710,8.0000,0.1462,0.2907
V3,F2,127,77,2,30%x10x,1.1726,119.4037,15.6410,2.1913,47.2052,52.9278,41.5584,0.4652,8.0000,0.2031,0.4254
V3,F2,128,74,5,risk1%,0.9089,-30.4845,-4.5849,-0.6976,11.9897,13.5085,39.7260,-0.0554,9.0000,-0.1366,-0.2231
V3,F2,128,74,5,30%x10x,0.9539,-30.4845,-21.0072,-3.4563,45.4256,51.5434,39.7260,-0.1253,9.0000,-0.0641,-0.1102
V3,F2,129,74,5,risk1%,1.2484,332.2771,10.1288,1.4495,10.4701,11.9691,38.3562,0.1474,7.0000,0.2760,0.6017
V3,F2,129,74,5,30%x10x,1.5634,332.2771,104.3985,11.2530,37.6148,41.9040,38.3562,1.3655,7.0000,0.4793,1.3438
V3,F2,130,74,5,risk1%,1.7374,454.6738,33.0533,4.3518,9.7390,12.6167,45.9459,0.4100,7.0000,0.6189,1.7415
V3,F2,130,74,5,30%x10x,1.7701,454.6738,191.3381,17.2927,32.4550,40.0831,45.9459,1.8433,7.0000,0.6544,1.7800
V3,F2,131,75,4,risk1%,1.3963,265.9966,17.5052,2.4354,5.9213,6.3578,40.0000,0.2304,4.0000,0.4392,0.9651
V3,F2,131,75,4,30%x10x,1.4138,265.9966,78.2407,9.0036,25.8038,28.4981,40.0000,1.0640,4.0000,0.4514,0.9617
V3,F2,132,74,5,risk1%,1.4665,390.0955,20.1289,2.7733,11.6532,13.1653,41.8919,0.2626,9.0000,0.5085,1.1115
V3,F2,132,74,5,30%x10x,1.6681,390.0955,150.6920,14.6930,39.5222,50.0916,41.8919,1.5815,9.0000,0.6124,1.5681
V3,F2,133,76,3,risk1%,1.1214,89.8991,3.7834,0.5555,10.2894,13.5915,34.2105,0.0802,7.0000,0.1033,0.3157
V3,F2,133,76,3,30%x10x,1.1218,89.8991,-5.9126,-0.9050,43.2680,47.8524,34.2105,0.3549,7.0000,0.1154,0.3018
V3,F2,134,76,3,risk1%,1.7527,356.6335,35.7561,4.6653,14.4574,17.0826,40.7895,0.4361,8.0000,0.5502,1.8508
V3,F2,134,76,3,30%x10x,1.5290,356.6335,109.7245,11.6807,52.6148,59.5871,40.7895,1.4078,8.0000,0.4679,1.2409
V3,F2,135,74,5,risk1%,1.7938,381.1805,35.1538,4.5959,6.3409,7.6347,48.6486,0.4250,5.0000,0.7562,1.8364
V3,F2,135,74,5,30%x10x,1.6197,381.1805,147.5192,14.4753,29.7873,35.9566,48.6486,1.5453,5.0000,0.6272,1.3742
V3,F2,136,75,4,risk1%,1.4042,288.7143,18.9297,2.6197,13.9746,15.1438,37.3333,0.2626,7.0000,0.3394,1.0342
V3,F2,136,75,4,30%x10x,1.4069,288.7143,69.1524,8.1560,53.0117,55.1196,37.3333,1.1549,7.0000,0.3719,1.0143
V3,F2,137,72,7,risk1%,1.1497,100.8858,5.3144,0.7754,16.3462,18.0795,41.6667,0.0859,7.0000,0.1665,0.3531
V3,F2,137,72,7,30%x10x,1.1663,100.8858,13.4535,1.9006,52.6021,56.7114,41.6667,0.4204,7.0000,0.1891,0.3811
V3,F2,138,76,3,risk1%,1.7308,424.9522,33.9739,4.4592,14.4756,14.9796,46.0526,0.4075,6.0000,0.6456,1.7517
V3,F2,138,76,3,30%x10x,1.6637,424.9522,165.5942,15.6852,56.1548,57.3945,46.0526,1.6774,6.0000,0.6128,1.5481
V3,F2,139,76,3,risk1%,1.1811,60.0993,7.4125,1.0723,18.7422,20.3061,37.3333,0.1094,12.0000,0.2164,0.4506
V3,F2,139,76,3,30%x10x,1.0867,60.0993,-0.5074,-0.0759,65.6524,68.9913,37.3333,0.2404,12.0000,0.1107,0.2102
V3,F2,140,77,2,risk1%,1.7176,337.5305,34.5202,4.5226,9.3525,13.7875,42.8571,0.4185,6.0000,0.5364,1.7810
V3,F2,140,77,2,30%x10x,1.4874,337.5305,95.9186,10.5521,36.7716,48.0540,42.8571,1.3151,6.0000,0.4368,1.1591
V3,F2,141,74,5,risk1%,1.5758,344.3014,27.6243,3.7054,17.0219,18.2974,41.0959,0.3573,14.0000,0.5471,1.4188
V3,F2,141,74,5,30%x10x,1.5017,344.3014,110.7497,11.7620,57.4136,60.3882,41.0959,1.4149,14.0000,0.5076,1.1852
V3,F2,142,71,8,risk1%,0.9006,-27.3883,-4.8206,-0.7342,16.9677,17.6182,39.4366,-0.0608,6.0000,-0.1487,-0.2416
V3,F2,142,71,8,30%x10x,0.9571,-27.3883,-20.4543,-3.3558,58.2353,64.5287,39.4366,-0.1157,6.0000,-0.0567,-0.1015
V3,F2,143,74,5,risk1%,0.9308,-67.4014,-4.1309,-0.6273,21.1949,21.6206,36.4865,-0.0456,10.0000,-0.0999,-0.1775
V3,F2,143,74,5,30%x10x,0.9105,-67.4014,-32.8424,-5.7657,71.1791,71.6741,36.4865,-0.2732,10.0000,-0.1199,-0.2223
V3,F2,144,78,1,risk1%,0.9952,-121.9230,-2.2922,-0.3453,25.3240,26.8248,32.0513,-0.0032,11.0000,-0.0046,-0.0128
V3,F2,144,78,1,30%x10x,0.8521,-121.9230,-47.3145,-9.1162,76.6195,78.5169,32.0513,-0.4689,11.0000,-0.1740,-0.3771
V3,F2,145,77,2,risk1%,1.9185,514.8840,42.1741,5.3890,7.4952,9.3260,50.0000,0.4883,4.0000,0.7328,2.1354
V3,F2,145,77,2,30%x10x,1.8446,514.8840,240.9335,20.0755,31.3286,33.8977,50.0000,2.0324,4.0000,0.7159,1.9041
V3,F2,146,75,4,risk1%,1.1894,37.0361,7.9978,1.1543,12.3403,15.3498,35.1351,0.1276,5.0000,0.1910,0.4884
V3,F2,146,75,4,30%x10x,1.0488,37.0361,-13.4312,-2.1284,51.0308,58.3105,35.1351,0.1501,5.0000,0.0566,0.1207
V3,F2,147,77,2,risk1%,1.4197,164.1775,19.0226,2.6316,14.9418,15.4094,38.9610,0.2572,12.0000,0.3376,1.0600
V3,F2,147,77,2,30%x10x,1.2201,164.1775,18.2927,2.5375,57.5331,58.8240,38.9610,0.6397,12.0000,0.2150,0.5307
V3,F2,148,78,1,risk1%,0.9236,-95.1679,-5.1374,-0.7836,17.4942,19.4426,32.0513,-0.0543,15.0000,-0.1124,-0.2080
V3,F2,148,78,1,30%x10x,0.8889,-95.1679,-40.7674,-7.5143,61.3069,64.7674,32.0513,-0.3660,15.0000,-0.1528,-0.2903
V3,F2,149,73,6,risk1%,0.9289,-59.0843,-4.2523,-0.6461,16.5576,17.0069,36.9863,-0.0475,12.0000,-0.1004,-0.1822
V3,F2,149,73,6,30%x10x,0.9200,-59.0843,-30.4628,-5.2750,56.5905,57.5786,36.9863,-0.2428,12.0000,-0.1088,-0.1985
V3,F2,150,71,8,risk1%,2.0177,547.7292,42.6773,5.4445,10.8849,14.9164,47.8873,0.5356,4.0000,0.6469,2.2949
V3,F2,150,71,8,30%x10x,2.0083,547.7292,262.9487,21.2015,38.5961,51.1664,47.8873,2.3143,4.0000,0.7009,2.1677
V3,F2,151,75,4,risk1%,1.0178,-40.2226,-0.3003,-0.0449,13.9509,16.6346,34.6667,0.0122,8.0000,0.0224,0.0467
V3,F2,151,75,4,30%x10x,0.9476,-40.2226,-27.8436,-4.7511,57.3481,60.9514,34.6667,-0.1609,8.0000,-0.0699,-0.1345
V3,F2,152,77,2,risk1%,0.9871,13.4296,-1.8882,-0.2839,14.2549,17.8837,32.4675,-0.0083,12.0000,-0.0152,-0.0336
V3,F2,152,77,2,30%x10x,1.0187,13.4296,-15.6445,-2.5058,56.3136,57.2309,32.4675,0.0523,12.0000,0.0228,0.0473
V3,F2,153,74,5,risk1%,1.0938,124.3965,3.5531,0.5222,13.8453,14.3636,31.5068,0.0659,9.0000,0.1131,0.2472
V3,F2,153,74,5,30%x10x,1.1674,124.3965,12.6943,1.7986,46.0758,47.1384,31.5068,0.5112,9.0000,0.1937,0.4288
V3,F2,154,77,2,risk1%,1.0631,141.7067,2.0431,0.3021,11.2830,12.6726,34.2105,0.0403,9.0000,0.0813,0.1634
V3,F2,154,77,2,30%x10x,1.1981,141.7067,17.4610,2.4296,40.5139,44.4326,34.2105,0.5594,9.0000,0.2129,0.4976
V3,F2,155,75,4,risk1%,1.2189,87.0490,8.7510,1.2592,17.4110,18.0806,36.4865,0.1392,9.0000,0.1973,0.5504
V3,F2,155,75,4,30%x10x,1.1256,87.0490,0.7074,0.1052,62.7811,64.6317,36.4865,0.3529,9.0000,0.1307,0.3070
V3,F2,156,76,3,risk1%,0.8876,-66.6825,-6.3156,-0.9684,16.3653,17.1486,35.5263,-0.0747,7.0000,-0.1678,-0.2951
V3,F2,156,76,3,30%x10x,0.9083,-66.6825,-29.8974,-5.1605,55.1922,56.9356,35.5263,-0.2632,7.0000,-0.1357,-0.2361
V3,F2,157,73,6,risk1%,1.7457,349.2791,34.4572,4.5153,4.4283,6.6751,45.2055,0.4248,4.0000,0.7232,1.7717
V3,F2,157,73,6,30%x10x,1.5386,349.2791,124.1331,12.7931,21.5315,32.5853,45.2055,1.4354,4.0000,0.5714,1.2244
V3,F2,158,76,3,risk1%,0.8747,-130.8690,-6.5496,-1.0053,12.7902,16.0725,36.8421,-0.0791,8.0000,-0.1875,-0.3200
V3,F2,158,76,3,30%x10x,0.8228,-130.8690,-42.0130,-7.8070,54.6689,58.8430,36.8421,-0.5166,8.0000,-0.2700,-0.4325
V3,F2,159,72,7,risk1%,1.6488,478.8528,30.7117,4.0758,9.6855,11.4694,43.0556,0.3943,8.0000,0.6123,1.5669
V3,F2,159,72,7,30%x10x,1.7613,478.8528,205.5067,18.1264,36.1131,45.5323,43.0556,1.9952,8.0000,0.6662,1.7875
V3,F2,160,79,0,risk1%,1.0055,-48.9549,-0.8456,-0.1266,18.0580,19.4767,32.9114,0.0036,8.0000,0.0073,0.0147
V3,F2,160,79,0,30%x10x,0.9379,-48.9549,-30.3291,-5.2479,60.0767,64.1665,32.9114,-0.1859,8.0000,-0.0828,-0.1627
V3,F2,161,75,4,risk1%,1.0495,114.9461,1.3708,0.2033,9.8264,10.1557,36.0000,0.0324,8.0000,0.0636,0.1270
V3,F2,161,75,4,30%x10x,1.1616,114.9461,12.0155,1.7069,38.9567,40.2866,36.0000,0.4598,8.0000,0.1884,0.3974
V3,F2,162,74,5,risk1%,1.1703,55.4658,7.1654,1.0376,17.3394,18.2325,39.1892,0.1073,9.0000,0.2133,0.4315
V3,F2,162,74,5,30%x10x,1.0756,55.4658,-4.3734,-0.6648,60.0668,62.4365,39.1892,0.2249,9.0000,0.0956,0.1832
V3,F2,163,75,4,risk1%,1.3063,160.0764,13.6321,1.9245,9.2733,13.0428,37.3333,0.1939,7.0000,0.2936,0.7772
V3,F2,163,75,4,30%x10x,1.2184,160.0764,19.7586,2.7260,41.8710,46.6697,37.3333,0.6403,7.0000,0.2247,0.5280
V3,F2,164,72,7,risk1%,1.8364,444.7143,35.0648,4.5856,4.6971,7.3619,46.4789,0.4460,4.0000,0.6829,1.8966
V3,F2,164,72,7,30%x10x,1.7642,444.7143,184.9035,16.9026,20.6787,30.6296,46.4789,1.8791,4.0000,0.6529,1.6532
V3,F2,165,73,6,risk1%,1.1999,63.0172,7.5881,1.0969,7.8070,8.8230,41.6667,0.1136,5.0000,0.2394,0.4723
V3,F2,165,73,6,30%x10x,1.1000,63.0172,1.8652,0.2760,46.5918,48.1769,41.6667,0.2626,5.0000,0.1215,0.2249
V3,F2,166,79,0,risk1%,1.1568,48.1054,5.8501,0.8517,13.7942,14.4581,37.1795,0.1007,6.0000,0.1401,0.4111
V3,F2,166,79,0,30%x10x,1.0636,48.1054,-13.0263,-2.0603,51.4406,53.3174,37.1795,0.1850,6.0000,0.0673,0.1595
V3,F2,167,79,0,risk1%,1.5204,323.0542,23.4618,3.1937,10.5408,15.7002,41.7722,0.2984,5.0000,0.3944,1.2892
V3,F2,167,79,0,30%x10x,1.4866,323.0542,89.8446,10.0339,39.7362,43.5242,41.7722,1.2268,5.0000,0.4232,1.1804
V3,F2,168,78,1,risk1%,1.1720,140.0433,7.8315,1.1310,8.9472,12.7583,32.0513,0.1169,7.0000,0.1959,0.4627
V3,F2,168,78,1,30%x10x,1.1777,140.0433,14.0103,1.9750,36.6390,42.8339,32.0513,0.5386,7.0000,0.2033,0.4559
V3,F2,169,73,6,risk1%,1.4178,290.7502,19.6841,2.7165,8.9540,9.2670,36.9863,0.2680,9.0000,0.4203,1.0544
V3,F2,169,73,6,30%x10x,1.4144,290.7502,75.4827,8.7503,39.3550,40.4422,36.9863,1.1949,9.0000,0.4078,1.0047
V3,F2,170,77,2,risk1%,1.0252,-15.4474,0.2297,0.0342,17.3086,19.3877,35.5263,0.0166,9.0000,0.0336,0.0656
V3,F2,170,77,2,30%x10x,0.9797,-15.4474,-20.9314,-3.4425,59.5188,64.2757,35.5263,-0.0610,9.0000,-0.0284,-0.0507
V3,F2,171,78,1,risk1%,1.3445,57.2842,15.0654,2.1153,15.8779,18.0849,38.4615,0.2095,9.0000,0.2838,0.8738
V3,F2,171,78,1,30%x10x,1.0767,57.2842,-10.1416,-1.5824,60.4156,64.8187,38.4615,0.2203,9.0000,0.0811,0.1859
V3,F2,172,73,6,risk1%,1.1946,203.7380,7.8133,1.1285,11.0838,13.7570,41.0959,0.1155,7.0000,0.2402,0.4694
V3,F2,172,73,6,30%x10x,1.3271,203.7380,49.1565,6.1453,39.9294,52.4544,41.0959,0.8373,7.0000,0.3469,0.7664
V3,F2,173,78,1,risk1%,1.2018,2.7256,9.1291,1.3116,19.3236,20.1446,34.6154,0.1337,9.0000,0.2152,0.5345
V3,F2,173,78,1,30%x10x,1.0033,2.7256,-22.2968,-3.6931,68.9052,70.0799,34.6154,0.0105,9.0000,0.0042,0.0084
V3,F2,174,75,4,risk1%,0.6886,-238.2723,-16.4687,-2.6485,18.8401,19.6513,26.6667,-0.2286,7.0000,-0.5092,-0.8538
V3,F2,174,75,4,30%x10x,0.7042,-238.2723,-58.6700,-12.3481,62.8879,68.7721,26.6667,-0.9531,7.0000,-0.4661,-0.7925
V3,F2,175,72,7,risk1%,1.3749,95.6142,17.7016,2.4609,20.4637,21.0166,32.3944,0.2684,12.0000,0.3036,0.9823
V3,F2,175,72,7,30%x10x,1.1226,95.6142,-5.5961,-0.8553,70.7945,71.4528,32.3944,0.4040,12.0000,0.1216,0.3126
V3,F2,176,71,8,risk1%,1.7005,369.3991,29.4680,3.9275,13.1697,14.4962,42.8571,0.3884,6.0000,0.6404,1.6214
V3,F2,176,71,8,30%x10x,1.6529,369.3991,143.8634,14.2215,48.9983,52.0273,42.8571,1.5831,6.0000,0.6364,1.4862
V3,F2,177,73,6,risk1%,1.1587,62.4793,5.8457,0.8510,13.1230,18.1376,31.9444,0.1086,9.0000,0.1406,0.4095
V3,F2,177,73,6,30%x10x,1.0843,62.4793,-10.6584,-1.6670,52.9002,60.5159,31.9444,0.2603,9.0000,0.0851,0.2070
V3,F2,178,76,3,risk1%,1.1382,63.9120,5.3244,0.7768,12.9431,14.9596,34.6667,0.0829,8.0000,0.1656,0.3463
V3,F2,178,76,3,30%x10x,1.0941,63.9120,0.6670,0.0992,43.9754,48.3907,34.6667,0.2556,8.0000,0.1179,0.2280
V3,F2,179,75,4,risk1%,0.8731,-140.6106,-6.8607,-1.0546,11.4002,12.3263,30.6667,-0.0832,7.0000,-0.1815,-0.3303
V3,F2,179,75,4,30%x10x,0.8116,-140.6106,-44.3173,-8.3630,47.1552,49.0660,30.6667,-0.5624,7.0000,-0.2791,-0.4707
V3,F2,180,77,2,risk1%,1.5529,303.7467,28.2429,3.7802,9.9534,12.9070,41.5584,0.3477,5.0000,0.5271,1.4097
V3,F2,180,77,2,30%x10x,1.4161,303.7467,86.3091,9.7258,40.7877,49.2474,41.5584,1.1834,5.0000,0.4428,1.0203
V3,F2,181,76,3,risk1%,0.9771,-57.5467,-2.3999,-0.3617,10.8380,11.6356,34.6667,-0.0154,6.0000,-0.0276,-0.0601
V3,F2,181,76,3,30%x10x,0.9218,-57.5467,-30.1050,-5.2025,40.3813,43.1454,34.6667,-0.2302,6.0000,-0.1058,-0.1964
V3,F2,182,75,4,risk1%,1.7112,413.3875,37.1164,4.8211,15.7714,16.9849,36.0000,0.4608,9.0000,0.5339,1.8222
V3,F2,182,75,4,30%x10x,1.5608,413.3875,126.0241,12.9345,50.4267,52.9590,36.0000,1.6536,9.0000,0.4779,1.3771
V3,F2,183,74,5,risk1%,1.4917,364.7380,24.9239,3.3751,9.2374,11.4168,33.7838,0.3392,9.0000,0.3949,1.2885
V3,F2,183,74,5,30%x10x,1.5025,364.7380,98.8747,10.7993,38.0114,42.6854,33.7838,1.4787,9.0000,0.4301,1.2882
V3,F2,184,77,2,risk1%,1.0933,36.4652,2.6680,0.3935,12.8114,13.9584,24.6753,0.0713,10.0000,0.0856,0.2626
V3,F2,184,77,2,30%x10x,1.0417,36.4652,-25.9541,-4.3832,51.4978,54.2906,24.6753,0.1421,10.0000,0.0422,0.1123
V3,F2,185,75,4,risk1%,1.8988,561.6324,41.8854,5.3570,8.7293,11.2186,46.6667,0.4884,5.0000,0.7888,2.1230
V3,F2,185,75,4,30%x10x,1.9169,561.6324,284.6171,22.2544,32.3662,41.0881,46.6667,2.2465,5.0000,0.7554,2.0948
V3,F2,186,72,7,risk1%,1.2720,239.5235,12.5892,1.7844,9.0502,12.3170,33.8028,0.1858,7.0000,0.3099,0.6954
V3,F2,186,72,7,30%x10x,1.3410,239.5235,56.8784,6.9475,34.4458,41.1736,33.8028,1.0121,7.0000,0.3635,0.8572
V3,F2,187,74,5,risk1%,1.7727,608.6732,36.2890,4.7265,6.2708,8.0226,42.4658,0.4489,5.0000,0.6676,1.8456
V3,F2,187,74,5,30%x10x,2.0283,608.6732,327.6631,24.2044,23.6331,33.0901,42.4658,2.5014,5.0000,0.7834,2.3520
V3,F2,188,76,3,risk1%,0.9286,4.9560,-4.5286,-0.6889,16.9160,18.0810,35.5263,-0.0477,7.0000,-0.0975,-0.1860
V3,F2,188,76,3,30%x10x,1.0067,4.9560,-17.7953,-2.8806,53.4772,58.9999,35.5263,0.0196,7.0000,0.0085,0.0171
V3,F2,189,77,2,risk1%,1.5149,399.2071,23.4441,3.1915,10.9530,11.9084,45.4545,0.2891,11.0000,0.5579,1.2392
V3,F2,189,77,2,30%x10x,1.6354,399.2071,156.7760,15.1040,44.3661,46.3264,45.4545,1.5554,11.0000,0.6300,1.4914
V3,F2,190,77,2,risk1%,1.0355,-33.5572,0.7988,0.1187,18.6004,18.8365,37.6623,0.0235,6.0000,0.0487,0.0930
V3,F2,190,77,2,30%x10x,0.9570,-33.5572,-25.8047,-4.3544,63.3990,64.4987,37.6623,-0.1307,6.0000,-0.0602,-0.1078
V3,F2,191,74,5,risk1%,1.4766,178.5021,20.8220,2.8616,9.0039,11.6061,45.2055,0.2762,5.0000,0.4923,1.1388
V3,F2,191,74,5,30%x10x,1.2708,178.5021,39.2148,5.0588,43.9235,46.3715,45.2055,0.7336,5.0000,0.3132,0.6211
V3,F2,192,76,3,risk1%,0.8599,-60.5401,-7.5943,-1.1712,15.0763,15.8797,36.0000,-0.0943,7.0000,-0.2110,-0.3645
V3,F2,192,76,3,30%x10x,0.9175,-60.5401,-30.9893,-5.3823,54.8237,56.8924,36.0000,-0.2422,7.0000,-0.1091,-0.2104
V3,F2,193,74,5,risk1%,1.3204,183.5408,14.3943,2.0262,12.8885,15.0974,37.8378,0.1987,12.0000,0.3563,0.8052
V3,F2,193,74,5,30%x10x,1.2612,183.5408,35.8240,4.6731,43.6964,50.4613,37.8378,0.7441,12.0000,0.2925,0.6311
V3,F2,194,77,2,risk1%,1.1592,27.8956,6.7393,0.9776,19.3371,21.2969,35.0649,0.1057,8.0000,0.1715,0.4200
V3,F2,194,77,2,30%x10x,1.0358,27.8956,-14.4235,-2.2966,65.0354,69.2262,35.0649,0.1087,8.0000,0.0444,0.0918
V3,F2,195,77,2,risk1%,1.1035,198.2978,3.8988,0.5721,16.1581,16.7246,37.6623,0.0628,5.0000,0.1303,0.2615
V3,F2,195,77,2,30%x10x,1.3011,198.2978,44.2437,5.6164,54.0666,55.1261,37.6623,0.7726,5.0000,0.3256,0.7431
V3,F2,196,74,5,risk1%,2.1349,725.9289,52.9673,6.5455,6.6743,9.1248,47.2973,0.5980,6.0000,0.9356,2.5988
V3,F2,196,74,5,30%x10x,2.2842,725.9289,512.6649,31.0462,30.8875,38.9629,47.2973,2.9430,6.0000,0.9512,2.8710
V3,F2,197,78,1,risk1%,1.5684,292.4324,23.3698,3.1822,11.3953,13.0599,44.1558,0.2866,10.0000,0.5870,1.3229
V3,F2,197,78,1,30%x10x,1.4962,292.4324,97.7697,10.7072,47.4910,50.7542,44.1558,1.1393,10.0000,0.5300,1.1283
V3,F2,198,76,3,risk1%,1.2848,142.3736,12.4875,1.7707,15.5832,15.9823,36.0000,0.1750,15.0000,0.3044,0.7155
V3,F2,198,76,3,30%x10x,1.2002,142.3736,20.0062,2.7577,59.0301,60.2787,36.0000,0.5695,15.0000,0.2254,0.4794
V3,F2,199,75,4,risk1%,0.6363,-161.4805,-17.0132,-2.7434,23.9140,26.0539,31.0811,-0.2441,11.0000,-0.6570,-0.9456
V3,F2,199,75,4,30%x10x,0.7717,-161.4805,-47.0364,-9.0448,70.5709,74.6551,31.0811,-0.6547,11.0000,-0.3307,-0.5838
V3,BH-EM,0,79,0,lev,0.8707,0.0000,-18.8117,-3.0607,38.9739,44.1273,54.4304,-0.1218,5.0000,-0.0884,-0.0945
V3,BH-EM,1,79,0,lev,1.3984,0.0000,16.8107,2.3448,19.0829,28.7723,37.9747,0.2852,5.0000,0.2159,0.5789
V3,BH-EM,2,79,0,lev,1.5972,0.0000,33.6233,4.4184,23.8859,32.8650,45.5696,0.4842,6.0000,0.3295,0.6782
V3,BH-EM,3,79,0,lev,3.1763,0.0000,145.4371,14.3312,13.0989,18.7755,43.0380,1.3948,6.0000,0.6072,3.0000
V3,BH-EM,4,79,0,lev,0.7595,0.0000,-26.4786,-4.4845,30.9207,44.0963,46.8354,-0.2908,6.0000,-0.2336,-0.2794
V3,BH-EM,5,79,0,lev,1.6321,0.0000,33.3582,4.3874,26.7129,34.1023,36.7089,0.6036,13.0000,0.2740,0.6510
V3,BH-EM,6,79,0,lev,1.2694,0.0000,13.4705,1.9029,12.0771,20.2719,40.5063,0.1960,5.0000,0.2488,0.4413
V3,BH-EM,7,79,0,lev,1.5131,0.0000,37.5632,4.8720,38.8866,45.0636,48.1013,0.5552,5.0000,0.3503,0.5438
V3,BH-EM,8,79,0,lev,1.6244,0.0000,37.7586,4.8942,29.2864,32.4325,49.3671,0.4903,4.0000,0.3936,0.9152
V3,BH-EM,9,79,0,lev,3.2665,0.0000,117.3802,12.2796,10.3276,20.3821,50.6329,1.0720,5.0000,0.8465,3.1299
V3,BH-EM,10,79,0,lev,1.1940,0.0000,10.0869,1.4438,46.3565,52.7118,48.1013,0.2251,6.0000,0.1721,0.2394
V3,BH-EM,11,79,0,lev,1.1828,0.0000,7.5698,1.0944,29.1970,39.7543,50.6329,0.2475,5.0000,0.1493,0.2550
V3,BH-EM,12,79,0,lev,0.8972,0.0000,-9.6185,-1.4972,21.6801,27.8930,49.3671,-0.0824,4.0000,-0.0958,-0.1148
V3,BH-EM,13,79,0,lev,2.0390,0.0000,54.5206,6.7062,13.3525,24.3329,45.5696,0.6217,5.0000,0.5598,1.2306
V3,BH-EM,14,79,0,lev,1.4210,0.0000,15.8170,2.2145,16.4509,22.0435,40.5063,0.2122,10.0000,0.3138,0.6554
V3,BH-EM,15,79,0,lev,0.4958,0.0000,-36.1358,-6.4698,37.4502,42.5467,49.3671,-0.5094,8.0000,-0.5410,-0.5806
V3,BH-EM,16,79,0,lev,4.4318,0.0000,136.4908,13.6997,11.1258,18.3049,49.3671,1.2316,4.0000,0.7310,5.5871
V3,BH-EM,17,79,0,lev,1.3979,0.0000,18.5903,2.5759,18.3217,20.5447,45.5696,0.2613,6.0000,0.3006,0.4410
V3,BH-EM,18,79,0,lev,1.1803,0.0000,7.4146,1.0726,24.7703,29.3387,46.8354,0.1348,4.0000,0.1520,0.2768
V3,BH-EM,19,79,0,lev,0.6149,0.0000,-44.6998,-8.4571,49.1254,54.3267,39.2405,-0.6210,5.0000,-0.4326,-0.5241
V3,BH-EM,20,79,0,lev,2.1967,0.0000,113.6213,11.9878,29.2529,35.3126,49.3671,1.1937,4.0000,0.5694,1.3789
V3,BH-EM,21,79,0,lev,1.1786,0.0000,0.8716,0.1295,38.7282,53.2268,45.5696,0.2389,4.0000,0.1191,0.1895
V3,BH-EM,22,76,0,lev,2.0343,0.0000,67.6504,8.0122,18.7417,23.8805,43.4211,0.8006,7.0000,0.5411,1.1058
V3,BH-EM,23,79,0,lev,0.5039,0.0000,-24.7351,-4.1500,27.6591,31.0434,37.9747,-0.3404,7.0000,-0.6151,-0.6760
V3,BH-EM,24,79,0,lev,0.9263,0.0000,-11.9999,-1.8887,26.2793,34.9431,37.9747,-0.0660,11.0000,-0.0505,-0.0832
V3,BH-EM,25,79,0,lev,1.2147,0.0000,7.4122,1.0723,28.2431,46.6584,49.3671,0.1958,5.0000,0.1539,0.1993
V3,BH-EM,26,79,0,lev,0.8265,0.0000,-14.3628,-2.2862,29.6456,34.2423,36.7089,-0.1366,6.0000,-0.1310,-0.2286
V3,BH-EM,27,79,0,lev,1.3266,0.0000,14.2156,2.0024,15.2748,34.9747,44.3038,0.2073,5.0000,0.2530,0.4190
V3,BH-EM,28,79,0,lev,0.7817,0.0000,-23.4063,-3.8994,34.8544,48.3971,41.7722,-0.2458,5.0000,-0.1999,-0.2595
V3,BH-EM,29,79,0,lev,1.1466,0.0000,4.0922,0.6000,23.8295,28.6107,41.7722,0.1519,7.0000,0.1160,0.1716
V3,BH-EM,30,79,0,lev,1.6476,0.0000,28.7070,3.8362,10.0735,17.9123,45.5696,0.3482,5.0000,0.4960,1.0009
V3,BH-EM,31,79,0,lev,3.4445,0.0000,122.9935,12.7074,18.0120,26.4239,46.8354,1.6852,6.0000,0.3743,2.9186
V3,BH-EM,32,79,0,lev,1.1459,0.0000,0.8421,0.1252,56.9612,65.9005,51.8987,0.1872,7.0000,0.1065,0.1699
V3,BH-EM,33,79,0,lev,1.2063,0.0000,7.3140,1.0585,29.7461,35.4958,45.5696,0.1533,12.0000,0.1437,0.2596
V3,BH-EM,34,79,0,lev,1.6888,0.0000,40.1406,5.1627,26.5941,31.8488,48.1013,0.5585,5.0000,0.3550,0.7209
V3,BH-EM,35,79,0,lev,0.9754,0.0000,-9.0405,-1.4035,29.9295,41.8219,45.5696,-0.0278,7.0000,-0.0218,-0.0366
V3,BH-EM,36,79,0,lev,0.6520,0.0000,-22.3202,-3.6974,29.9559,37.4468,36.7089,-0.2755,9.0000,-0.3310,-0.3863
V3,BH-EM,37,78,0,lev,2.3241,0.0000,83.6351,9.4895,12.6780,23.4049,43.5897,0.8661,7.0000,0.6955,1.8751
V3,BH-EM,38,79,0,lev,0.3804,0.0000,-50.5125,-9.9611,52.5609,53.7686,32.9114,-0.8265,7.0000,-0.8450,-0.8917
V3,BH-EM,39,79,0,lev,1.5928,0.0000,29.4410,3.9243,14.4721,29.3875,39.2405,0.3824,5.0000,0.3848,0.8348
V3,BH-EM,40,79,0,lev,1.0681,0.0000,-0.2575,-0.0384,29.6850,34.8168,54.4304,0.0662,6.0000,0.0616,0.0823
V3,BH-EM,41,79,0,lev,1.3609,0.0000,15.3143,2.1482,30.1241,39.3672,37.9747,0.2804,12.0000,0.2135,0.3672
V3,BH-EM,42,79,0,lev,1.4390,0.0000,30.6833,4.0724,50.0994,61.3462,43.0380,0.6011,5.0000,0.2785,0.5002
V3,BH-EM,43,79,0,lev,1.1115,0.0000,3.0189,0.4446,19.4727,22.7357,45.5696,0.1045,6.0000,0.0964,0.1677
V3,BH-EM,44,79,0,lev,1.5150,0.0000,20.8467,2.8647,15.7048,21.4540,48.1013,0.2871,8.0000,0.3054,0.7510
V3,BH-EM,45,79,0,lev,0.8971,0.0000,-13.5279,-2.1447,25.6161,29.8105,40.5063,-0.1088,9.0000,-0.0971,-0.1329
V3,BH-EM,46,79,0,lev,1.6124,0.0000,25.2606,3.4166,14.8341,24.2299,41.7722,0.3696,6.0000,0.2842,0.9410
V3,BH-EM,47,79,0,lev,1.1510,0.0000,4.4100,0.6458,43.2602,53.8515,49.3671,0.1970,7.0000,0.1274,0.1901
V3,BH-EM,48,79,0,lev,1.2769,0.0000,12.1112,1.7199,31.0106,33.0022,39.2405,0.2441,5.0000,0.1899,0.2854
V3,BH-EM,49,79,0,lev,1.6359,0.0000,23.7750,3.2327,11.7288,24.0319,51.8987,0.2938,5.0000,0.4634,0.7950
V3,BH-EM,50,79,0,lev,1.6951,0.0000,35.4376,4.6286,15.8010,22.8703,49.3671,0.4327,4.0000,0.4671,1.0262
V3,BH-EM,51,79,0,lev,0.4909,0.0000,-30.2589,-5.2336,35.5521,47.1468,32.9114,-0.4329,12.0000,-0.7118,-0.8230
V3,BH-EM,52,79,0,lev,0.9230,0.0000,-7.4255,-1.1443,18.4946,21.1770,37.9747,-0.0584,11.0000,-0.0697,-0.1391
V3,BH-EM,53,79,0,lev,1.0352,0.0000,-13.5028,-2.1405,40.2909,49.0011,40.5063,0.0501,6.0000,0.0231,0.0517
V3,BH-EM,54,79,0,lev,1.4678,0.0000,27.6360,3.7068,22.2201,38.9751,43.0380,0.4023,8.0000,0.3150,0.5711
V3,BH-EM,55,78,0,lev,2.0466,0.0000,50.5964,6.2976,15.7719,22.2305,51.2821,0.6356,6.0000,0.4251,1.5910
V3,BH-EM,56,79,0,lev,2.1246,0.0000,68.2880,8.0734,22.2060,32.6966,51.8987,0.7718,6.0000,0.5572,1.0037
V3,BH-EM,57,79,0,lev,1.8161,0.0000,58.7824,7.1402,26.4340,33.0876,45.5696,0.7032,7.0000,0.4738,1.2898
V3,BH-EM,58,79,0,lev,1.0167,0.0000,-5.6190,-0.8589,30.1035,34.1557,39.2405,0.0198,7.0000,0.0157,0.0239
V3,BH-EM,59,79,0,lev,1.3666,0.0000,12.7085,1.8005,12.2566,19.0430,40.5063,0.1795,8.0000,0.2542,0.5005
V3,BH-EM,60,79,0,lev,1.6351,0.0000,40.1031,5.1585,33.5320,40.8756,41.7722,0.6413,4.0000,0.3072,0.8776
V3,BH-EM,61,79,0,lev,2.2292,0.0000,60.8551,7.3476,9.7034,15.8843,54.4304,0.6684,5.0000,0.6046,1.9284
V3,BH-EM,62,79,0,lev,0.6580,0.0000,-25.5213,-4.3000,35.3207,37.5499,37.9747,-0.3330,10.0000,-0.4039,-0.5794
V3,BH-EM,63,77,0,lev,1.0248,0.0000,-3.2340,-0.4892,39.3717,41.8549,50.6494,0.0228,6.0000,0.0209,0.0359
V3,BH-EM,64,79,0,lev,1.1135,0.0000,3.4551,0.5080,17.5494,21.5004,41.7722,0.0820,11.0000,0.1011,0.1464
V3,BH-EM,65,79,0,lev,0.9855,0.0000,-6.0199,-0.9218,23.7652,42.8486,48.1013,-0.0128,4.0000,-0.0118,-0.0196
V3,BH-EM,66,79,0,lev,1.8286,0.0000,43.4010,5.5241,18.6398,21.6077,43.0380,0.5148,5.0000,0.5076,1.0923
V3,BH-EM,67,79,0,lev,0.9016,0.0000,-11.0396,-1.7298,27.0151,37.9183,44.3038,-0.0750,11.0000,-0.0726,-0.0812
V3,BH-EM,68,79,0,lev,1.9257,0.0000,43.6887,5.5557,16.8445,25.8782,51.8987,0.5344,8.0000,0.4595,1.0207
V3,BH-EM,69,79,0,lev,1.0104,0.0000,-2.0533,-0.3090,22.8461,27.3000,43.0380,0.0073,7.0000,0.0099,0.0127
V3,BH-EM,70,79,0,lev,2.1234,0.0000,75.3252,8.7358,13.6202,21.9707,46.8354,0.8697,10.0000,0.4896,1.5730
V3,BH-EM,71,79,0,lev,1.8509,0.0000,37.4787,4.8623,8.9556,13.3149,44.3038,0.4464,5.0000,0.5074,1.2670
V3,BH-EM,72,79,0,lev,0.5678,0.0000,-40.0778,-7.3545,40.0778,44.0551,43.0380,-0.5502,7.0000,-0.4427,-0.5358
V3,BH-EM,73,79,0,lev,0.4983,0.0000,-41.7898,-7.7542,46.3098,49.3788,44.3038,-0.5983,5.0000,-0.5239,-0.5650
V3,BH-EM,74,79,0,lev,1.0586,0.0000,-11.4541,-1.7982,37.9937,43.9556,39.2405,0.0976,10.0000,0.0479,0.0677
V3,BH-EM,75,79,0,lev,1.9395,0.0000,48.4178,6.0668,12.6591,19.6078,50.6329,0.5516,6.0000,0.5882,1.1218
V3,BH-EM,76,79,0,lev,0.8954,0.0000,-21.0151,-3.4578,29.9437,46.5240,45.5696,-0.1421,6.0000,-0.0896,-0.1186
V3,BH-EM,77,79,0,lev,1.9226,0.0000,65.1885,7.7741,18.5508,49.1859,54.4304,0.7481,5.0000,0.5342,1.0099
V3,BH-EM,78,79,0,lev,2.1887,0.0000,80.4389,9.2031,14.1182,22.3540,48.1013,0.8642,5.0000,0.5899,1.6119
V3,BH-EM,79,79,0,lev,1.3109,0.0000,18.5684,2.5731,32.2500,46.5578,43.0380,0.4589,9.0000,0.2188,0.3987
V3,BH-EM,80,79,0,lev,0.7466,0.0000,-15.1093,-2.4138,24.3802,26.7962,46.8354,-0.1841,6.0000,-0.2977,-0.3528
V3,BH-EM,81,79,0,lev,0.8236,0.0000,-17.9370,-2.9056,39.6682,43.9248,40.5063,-0.1786,6.0000,-0.1591,-0.2496
V3,BH-EM,82,79,0,lev,1.7274,0.0000,28.4977,3.8109,12.2239,15.6454,49.3671,0.3609,7.0000,0.4048,1.0261
V3,BH-EM,83,79,0,lev,0.8686,0.0000,-14.6650,-2.3377,37.8683,41.2267,55.6962,-0.1377,7.0000,-0.1344,-0.1768
V3,BH-EM,84,79,0,lev,1.7250,0.0000,44.9096,5.6890,26.0659,34.9918,49.3671,0.5941,5.0000,0.3950,0.8361
V3,BH-EM,85,79,0,lev,0.9423,0.0000,-17.6123,-2.8484,43.4826,45.0801,40.5063,-0.0716,8.0000,-0.0398,-0.0699
V3,BH-EM,86,79,0,lev,1.0002,0.0000,-4.4615,-0.6785,25.3611,35.1585,43.0380,0.0002,8.0000,0.0002,0.0003
V3,BH-EM,87,79,0,lev,2.2328,0.0000,55.1122,6.7671,15.0733,18.2201,48.1013,0.5986,7.0000,0.6980,1.5548
V3,BH-EM,88,79,0,lev,0.6091,0.0000,-40.4266,-7.4351,41.9532,46.3202,45.5696,-0.5389,6.0000,-0.4052,-0.4662
V3,BH-EM,89,79,0,lev,1.8579,0.0000,44.1968,5.6113,19.4657,27.9379,56.9620,0.5165,3.0000,0.5455,0.9470
V3,BH-EM,90,79,0,lev,1.6025,0.0000,32.4233,4.2780,11.2528,20.7598,53.1646,0.3990,4.0000,0.4653,0.8007
V3,BH-EM,91,79,0,lev,0.7642,0.0000,-28.7035,-4.9213,36.3677,44.6720,40.5063,-0.3164,10.0000,-0.2297,-0.3277
V3,BH-EM,92,76,0,lev,1.6828,0.0000,37.5706,4.8728,25.7247,30.9382,40.7895,0.5089,6.0000,0.4050,0.6960
V3,BH-EM,93,79,0,lev,1.6023,0.0000,34.7831,4.5531,33.6813,42.7176,49.3671,0.4713,9.0000,0.3607,0.7724
V3,BH-EM,94,79,0,lev,0.9474,0.0000,-7.0648,-1.0869,42.0965,51.8562,45.5696,-0.0473,9.0000,-0.0540,-0.0755
V3,BH-EM,95,79,0,lev,0.7419,0.0000,-15.9002,-2.5499,25.2726,31.4960,35.4430,-0.1881,10.0000,-0.2670,-0.3148
V3,BH-EM,96,79,0,lev,1.0358,0.0000,-6.5865,-1.0112,39.3713,49.5383,46.8354,0.0372,5.0000,0.0265,0.0339
V3,BH-EM,97,79,0,lev,1.2077,0.0000,8.4908,1.2230,15.0754,26.8627,46.8354,0.1597,9.0000,0.1616,0.2672
V3,BH-EM,98,79,0,lev,0.8528,0.0000,-8.3109,-1.2859,15.6992,23.8957,44.3038,-0.0899,8.0000,-0.1562,-0.2025
V3,BH-EM,99,79,0,lev,3.3337,0.0000,122.8506,12.6966,8.3090,19.3127,54.4304,1.1230,4.0000,0.7940,2.9695
V3,BH-EM,100,79,0,lev,1.1380,0.0000,3.3506,0.4928,26.5039,30.0600,50.6329,0.0969,5.0000,0.1017,0.1430
V3,BH-EM,101,79,0,lev,0.8132,0.0000,-31.9120,-5.5721,46.5408,49.1372,46.8354,-0.2620,6.0000,-0.1396,-0.1863
V3,BH-EM,102,79,0,lev,2.4255,0.0000,67.1153,7.9607,12.8026,15.1338,54.4304,0.6945,4.0000,0.8004,2.0871
V3,BH-EM,103,79,0,lev,3.3792,0.0000,140.6607,13.9965,13.5261,21.9058,40.5063,1.2811,8.0000,0.6999,3.2874
V3,BH-EM,104,79,0,lev,0.6849,0.0000,-42.8642,-8.0102,62.5538,63.6205,44.3038,-0.4884,5.0000,-0.2762,-0.3069
V3,BH-EM,105,79,0,lev,2.3351,0.0000,57.0928,6.9693,14.6693,20.6306,49.3671,0.6689,5.0000,0.4973,1.2965
V3,BH-EM,106,79,0,lev,0.8120,0.0000,-16.9237,-2.7277,27.6231,31.1836,37.9747,-0.1668,7.0000,-0.1546,-0.2323
V3,BH-EM,107,79,0,lev,2.1567,0.0000,51.1140,6.3520,15.1609,24.8719,41.7722,0.6410,7.0000,0.4163,1.3330
V3,BH-EM,108,79,0,lev,2.6689,0.0000,141.9931,14.0904,40.8794,49.6596,48.1013,1.8350,5.0000,0.4014,2.4498
V3,BH-EM,109,79,0,lev,1.5565,0.0000,32.4477,4.2808,17.4438,21.7952,46.8354,0.4373,4.0000,0.3636,0.7172
V3,BH-EM,110,79,0,lev,1.5657,0.0000,28.3433,3.7923,19.3802,23.8244,48.1013,0.3613,7.0000,0.4068,0.8023
V3,BH-EM,111,79,0,lev,0.7637,0.0000,-21.1823,-3.4883,28.3009,32.6543,41.7722,-0.2293,7.0000,-0.2030,-0.3213
V3,BH-EM,112,79,0,lev,1.4817,0.0000,24.4624,3.3180,23.5877,27.9517,43.0380,0.3612,9.0000,0.3042,0.4939
V3,BH-EM,113,79,0,lev,1.4008,0.0000,22.1554,3.0301,28.3935,39.2704,46.8354,0.3329,7.0000,0.2782,0.5590
V3,BH-EM,114,79,0,lev,0.5409,0.0000,-37.2561,-6.7164,40.3980,42.2353,39.2405,-0.5113,6.0000,-0.4543,-0.5662
V3,BH-EM,115,79,0,lev,1.5847,0.0000,32.0338,4.2322,11.0439,18.9811,51.8987,0.3871,7.0000,0.4971,0.9792
V3,BH-EM,116,79,0,lev,1.2854,0.0000,14.1554,1.9944,23.2565,29.4384,48.1013,0.2585,4.0000,0.2004,0.4122
V3,BH-EM,117,79,0,lev,0.9357,0.0000,-10.8788,-1.7033,41.5697,59.1028,44.3038,-0.0678,5.0000,-0.0609,-0.0751
V3,BH-EM,118,77,0,lev,1.5279,0.0000,30.8982,4.0979,23.0420,35.2011,42.8571,0.4971,5.0000,0.2926,0.7119
V3,BH-EM,119,79,0,lev,1.1078,0.0000,-1.2604,-0.1890,42.0575,46.8445,43.0380,0.1245,6.0000,0.0787,0.1342
V3,BH-EM,120,78,0,lev,1.4609,0.0000,23.9250,3.2514,25.4898,30.2077,52.5641,0.3251,7.0000,0.3467,0.6022
V3,BH-EM,121,79,0,lev,0.7321,0.0000,-22.8998,-3.8049,36.3217,37.1681,41.7722,-0.2793,8.0000,-0.3085,-0.3916
V3,BH-EM,122,79,0,lev,0.9120,0.0000,-6.6211,-1.0166,23.8933,31.8436,48.1013,-0.0575,4.0000,-0.0831,-0.1028
V3,BH-EM,123,79,0,lev,0.7104,0.0000,-36.3902,-6.5255,61.0879,66.0750,43.0380,-0.3759,9.0000,-0.2314,-0.2549
V3,BH-EM,124,79,0,lev,1.2864,0.0000,13.5243,1.9101,20.7200,25.6473,44.3038,0.1992,8.0000,0.2460,0.3958
V3,BH-EM,125,79,0,lev,1.6071,0.0000,38.7606,5.0076,27.2997,41.2747,55.6962,0.5256,6.0000,0.3770,0.6834
V3,BH-EM,126,77,0,lev,0.9172,0.0000,-11.2059,-1.7572,43.5535,48.4449,46.7532,-0.0737,5.0000,-0.0648,-0.0790
V3,BH-EM,127,77,0,lev,2.3564,0.0000,76.5489,8.8487,14.8474,30.3628,49.3506,0.8233,6.0000,0.6559,2.0902
V3,BH-EM,128,79,0,lev,1.2486,0.0000,13.5662,1.9157,29.8389,34.8023,46.8354,0.2534,6.0000,0.2008,0.3269
V3,BH-EM,129,79,0,lev,2.6261,0.0000,151.7391,14.7643,25.2039,33.3367,51.8987,1.5741,4.0000,0.5263,1.8086
V3,BH-EM,130,79,0,lev,3.1613,0.0000,91.0791,10.1404,15.8382,16.4300,43.0380,0.9096,9.0000,0.7102,3.0859
V3,BH-EM,131,78,0,lev,1.2423,0.0000,12.6314,1.7901,23.0562,35.8772,52.5641,0.2280,4.0000,0.2010,0.2920
V3,BH-EM,132,79,0,lev,1.5933,0.0000,33.1839,4.3671,11.6469,18.5354,51.8987,0.4217,6.0000,0.4187,0.7156
V3,BH-EM,133,79,0,lev,1.1484,0.0000,0.5729,0.0852,32.8991,34.4758,49.3671,0.1523,7.0000,0.0917,0.1729
V3,BH-EM,134,79,0,lev,1.2991,0.0000,11.3845,1.6213,40.0702,45.3842,56.9620,0.3467,3.0000,0.1917,0.2642
V3,BH-EM,135,79,0,lev,1.1616,0.0000,1.4207,0.2106,32.5269,46.8909,49.3671,0.1351,4.0000,0.1007,0.1302
V3,BH-EM,136,79,0,lev,1.8463,0.0000,45.7624,5.7815,17.7227,49.2276,44.3038,0.5853,4.0000,0.4141,0.9268
V3,BH-EM,137,79,0,lev,1.1561,0.0000,-5.3031,-0.8095,31.9657,50.0251,40.5063,0.2012,8.0000,0.0890,0.1722
V3,BH-EM,138,79,0,lev,1.2515,0.0000,10.0611,1.4402,34.4539,39.5022,48.1013,0.2244,9.0000,0.1687,0.2579
V3,BH-EM,139,79,0,lev,0.6172,0.0000,-42.8154,-7.9985,51.8015,60.3093,34.1772,-0.5610,8.0000,-0.3576,-0.4984
V3,BH-EM,140,79,0,lev,1.9345,0.0000,40.6238,5.2167,11.9759,19.6097,48.1013,0.4564,10.0000,0.7074,1.5271
V3,BH-EM,141,79,0,lev,1.1542,0.0000,5.3696,0.7832,14.7003,41.5096,37.9747,0.0960,9.0000,0.1333,0.2398
V3,BH-EM,142,79,0,lev,2.0643,0.0000,67.2014,7.9690,23.3930,29.5716,50.6329,0.7603,6.0000,0.5585,1.0174
V3,BH-EM,143,79,0,lev,1.2391,0.0000,11.5438,1.6429,23.1751,50.1844,40.5063,0.2434,7.0000,0.1799,0.2954
V3,BH-EM,144,79,0,lev,1.5557,0.0000,8.4520,1.2176,57.5842,60.9907,34.1772,0.8936,6.0000,0.1892,0.7024
V3,BH-EM,145,79,0,lev,1.5516,0.0000,32.9169,4.3359,21.0387,37.7593,54.4304,0.4456,4.0000,0.3593,0.7530
V3,BH-EM,146,79,0,lev,1.4116,0.0000,13.2440,1.8725,26.8179,32.2956,36.7089,0.3453,10.0000,0.1705,0.5663
V3,BH-EM,147,79,0,lev,1.2256,0.0000,8.5182,1.2268,12.2948,27.9808,50.6329,0.1353,6.0000,0.1851,0.2665
V3,BH-EM,148,79,0,lev,0.7500,0.0000,-24.4689,-4.0995,34.5590,35.4416,48.1013,-0.2763,5.0000,-0.2410,-0.3219
V3,BH-EM,149,79,0,lev,1.5860,0.0000,30.7721,4.0830,12.9125,22.4714,46.8354,0.4134,5.0000,0.3508,0.9627
V3,BH-EM,150,79,0,lev,1.3988,0.0000,17.0829,2.3804,33.5108,42.8064,46.8354,0.2728,5.0000,0.2454,0.3693
V3,BH-EM,151,79,0,lev,1.5930,0.0000,26.4450,3.5619,19.1470,23.5139,36.7089,0.3824,10.0000,0.2994,0.9683
V3,BH-EM,152,79,0,lev,0.9344,0.0000,-5.6047,-0.8567,15.0998,22.2438,40.5063,-0.0461,4.0000,-0.0685,-0.0961
V3,BH-EM,153,79,0,lev,2.1046,0.0000,48.8012,6.1076,11.1625,20.7964,49.3671,0.5454,5.0000,0.6345,1.5305
V3,BH-EM,154,79,0,lev,0.6088,0.0000,-39.4131,-7.2019,54.3916,60.0195,37.9747,-0.4768,7.0000,-0.3131,-0.3755
V3,BH-EM,155,79,0,lev,0.9746,0.0000,-3.5175,-0.5327,21.5219,31.3814,56.9620,-0.0180,4.0000,-0.0266,-0.0331
V3,BH-EM,156,79,0,lev,2.0336,0.0000,53.6451,6.6158,12.2811,17.0438,55.6962,0.5914,3.0000,0.6617,1.1849
V3,BH-EM,157,79,0,lev,0.5033,0.0000,-44.1034,-8.3106,49.0339,52.2231,37.9747,-0.6576,4.0000,-0.5729,-0.7808
V3,BH-EM,158,79,0,lev,1.6391,0.0000,24.9759,3.3815,18.9273,31.5422,37.9747,0.3712,9.0000,0.2795,0.9185
V3,BH-EM,159,79,0,lev,0.6814,0.0000,-44.6956,-8.4561,59.4293,60.8547,43.0380,-0.5447,5.0000,-0.3104,-0.3730
V3,BH-EM,160,79,0,lev,1.1494,0.0000,4.4190,0.6471,23.5288,39.9576,46.8354,0.1290,5.0000,0.1160,0.1679
V3,BH-EM,161,79,0,lev,1.4518,0.0000,21.9967,3.0101,24.9893,37.4174,58.2278,0.3038,5.0000,0.3310,0.4421
V3,BH-EM,162,79,0,lev,0.8717,0.0000,-23.9052,-3.9931,37.0776,48.5685,48.1013,-0.1747,5.0000,-0.1031,-0.1415
V3,BH-EM,163,79,0,lev,2.4358,0.0000,72.4949,8.4721,18.1182,26.5476,45.5696,0.7574,8.0000,0.6950,1.9835
V3,BH-EM,164,79,0,lev,1.3045,0.0000,14.9559,2.1008,27.9068,32.8471,44.3038,0.2518,5.0000,0.2254,0.3300
V3,BH-EM,165,79,0,lev,2.9175,0.0000,116.0949,12.1803,11.4496,21.1142,58.2278,1.0925,4.0000,0.7370,2.5148
V3,BH-EM,166,78,0,lev,3.0209,0.0000,193.0941,17.3978,24.2720,33.0297,38.4615,1.8669,7.0000,0.5352,3.3419
V3,BH-EM,167,79,0,lev,1.7527,0.0000,46.3761,5.8478,13.1541,17.4451,51.8987,0.5583,3.0000,0.4853,0.9336
V3,BH-EM,168,78,0,lev,2.8860,0.0000,115.8079,12.1580,17.8388,24.4994,47.4359,1.1866,6.0000,0.5871,2.1793
V3,BH-EM,169,79,0,lev,1.3824,0.0000,15.8832,2.2232,12.0561,15.8468,49.3671,0.2117,5.0000,0.3246,0.5117
V3,BH-EM,170,79,0,lev,0.8211,0.0000,-13.0149,-2.0583,25.8381,31.0953,37.9747,-0.1407,7.0000,-0.1775,-0.3093
V3,BH-EM,171,79,0,lev,0.6904,0.0000,-23.8339,-3.9797,31.2933,32.6165,48.1013,-0.2960,4.0000,-0.3342,-0.3964
V3,BH-EM,172,79,0,lev,1.0004,0.0000,-2.9798,-0.4502,29.1871,35.3526,50.6329,0.0003,7.0000,0.0003,0.0006
V3,BH-EM,173,79,0,lev,1.3718,0.0000,15.8401,2.2175,14.4412,22.9909,43.0380,0.2473,5.0000,0.2334,0.5444
V3,BH-EM,174,79,0,lev,1.6883,0.0000,51.5127,6.3938,38.8907,43.7512,46.8354,0.6852,6.0000,0.4179,0.7055
V3,BH-EM,175,79,0,lev,0.8974,0.0000,-11.0771,-1.7359,20.7292,27.0683,46.8354,-0.0886,6.0000,-0.0866,-0.1376
V3,BH-EM,176,79,0,lev,1.4775,0.0000,30.3078,4.0278,19.4091,30.7454,49.3671,0.4108,7.0000,0.3594,0.6311
V3,BH-EM,177,79,0,lev,2.5256,0.0000,79.9405,9.1580,6.9638,13.5571,56.9620,0.7886,4.0000,0.9154,2.2207
V3,BH-EM,178,79,0,lev,0.9888,0.0000,-4.5283,-0.6888,15.8738,30.2499,39.2405,-0.0096,6.0000,-0.0104,-0.0155
V3,BH-EM,179,79,0,lev,1.0148,0.0000,-8.2064,-1.2691,44.7337,53.6695,46.8354,0.0179,8.0000,0.0125,0.0172
V3,BH-EM,180,79,0,lev,0.7582,0.0000,-16.4283,-2.6414,20.9619,25.2396,36.7089,-0.1968,7.0000,-0.2788,-0.3518
V3,BH-EM,181,79,0,lev,0.6885,0.0000,-40.8305,-7.5290,54.5422,58.3212,46.8354,-0.5184,4.0000,-0.3288,-0.4611
V3,BH-EM,182,79,0,lev,2.7886,0.0000,140.5981,13.9921,25.3089,26.6357,54.4304,1.2424,8.0000,0.8496,1.6124
V3,BH-EM,183,79,0,lev,0.7583,0.0000,-15.0383,-2.4016,26.9106,42.8939,44.3038,-0.1744,7.0000,-0.2431,-0.2840
V3,BH-EM,184,79,0,lev,0.6625,0.0000,-38.6390,-7.0260,48.5476,53.0290,45.5696,-0.4740,8.0000,-0.3231,-0.3642
V3,BH-EM,185,79,0,lev,1.1002,0.0000,-6.8941,-1.0599,45.8859,49.1812,45.5696,0.1313,6.0000,0.0693,0.1024
V3,BH-EM,186,79,0,lev,1.0731,0.0000,-1.0329,-0.1547,29.0022,37.3811,46.8354,0.0515,5.0000,0.0510,0.0643
V3,BH-EM,187,79,0,lev,1.7870,0.0000,46.8078,5.8943,21.0070,23.9424,48.1013,0.6283,6.0000,0.3789,0.9914
V3,BH-EM,188,79,0,lev,0.5785,0.0000,-33.7727,-5.9616,43.8650,47.5661,44.3038,-0.4550,6.0000,-0.4562,-0.4993
V3,BH-EM,189,79,0,lev,0.5385,0.0000,-33.1348,-5.8270,43.5448,45.8497,30.3797,-0.4635,8.0000,-0.5396,-0.6459
V3,BH-EM,190,79,0,lev,1.2884,0.0000,12.1329,1.7228,15.4978,19.2670,39.2405,0.1694,7.0000,0.2596,0.5016
V3,BH-EM,191,78,0,lev,2.2238,0.0000,81.2283,9.2742,19.1456,23.6590,48.7179,0.9163,6.0000,0.5376,1.4649
V3,BH-EM,192,79,0,lev,1.1461,0.0000,5.1373,0.7501,10.9335,15.9368,48.1013,0.0767,8.0000,0.1613,0.2513
V3,BH-EM,193,79,0,lev,1.0337,0.0000,-9.9807,-1.5562,44.6536,49.6239,50.6329,0.0376,5.0000,0.0233,0.0288
V3,BH-EM,194,79,0,lev,0.4512,0.0000,-40.2489,-7.3940,40.2532,43.9201,43.0380,-0.5903,5.0000,-0.6104,-0.6466
V3,BH-EM,195,79,0,lev,1.2498,0.0000,7.8304,1.1309,22.7994,23.9093,41.7722,0.1616,7.0000,0.1440,0.3533
V3,BH-EM,196,79,0,lev,3.6119,0.0000,142.3700,14.1169,13.9448,15.8654,40.5063,1.4692,6.0000,0.4980,3.9538
V3,BH-EM,197,79,0,lev,0.7959,0.0000,-21.5503,-3.5556,42.5139,51.0713,39.2405,-0.2105,8.0000,-0.1641,-0.2305
V3,BH-EM,198,79,0,lev,0.4504,0.0000,-48.4233,-9.4040,48.4582,53.0276,37.9747,-0.7371,6.0000,-0.5986,-0.6470
V3,BH-EM,199,79,0,lev,1.7684,0.0000,28.4866,3.8096,15.9665,16.8022,46.8354,0.3362,5.0000,0.6011,0.9835
V3,BH-EM-3x,0,79,0,lev,0.8707,0.0000,-100.0000,-100.0000,100.0000,149.3516,54.4304,-0.5144,5.0000,-0.0884,-0.0945
V3,BH-EM-3x,1,79,0,lev,1.3984,0.0000,0.5191,0.0773,64.6247,80.2524,37.9747,1.2042,5.0000,0.2159,0.5789
V3,BH-EM-3x,2,79,0,lev,1.5972,0.0000,-0.8212,-0.1229,84.7076,106.2764,45.5696,2.0443,6.0000,0.3295,0.6782
V3,BH-EM-3x,3,79,0,lev,3.1763,0.0000,855.4687,40.0270,47.1072,59.7282,43.0380,5.8896,6.0000,0.6072,3.0000
V3,BH-EM-3x,4,79,0,lev,0.7595,0.0000,-97.4301,-42.0812,97.9673,163.4548,46.8354,-1.2280,6.0000,-0.2336,-0.2794
V3,BH-EM-3x,5,79,0,lev,1.6321,0.0000,-100.0000,-100.0000,100.0000,116.7807,36.7089,2.5487,13.0000,0.2740,0.6510
V3,BH-EM-3x,6,79,0,lev,1.2694,0.0000,18.2156,2.5275,53.3710,65.0093,40.5063,0.8274,5.0000,0.2488,0.4413
V3,BH-EM-3x,7,79,0,lev,1.5131,0.0000,-100.0000,-100.0000,100.0000,140.9657,48.1013,2.3443,5.0000,0.3503,0.5438
V3,BH-EM-3x,8,79,0,lev,1.6244,0.0000,88.9518,9.9566,81.0479,84.2927,49.3671,2.0703,4.0000,0.3936,0.9152
V3,BH-EM-3x,9,79,0,lev,3.2665,0.0000,1248.5268,47.4121,41.1886,56.1299,50.6329,4.5265,5.0000,0.8465,3.1299
V3,BH-EM-3x,10,79,0,lev,1.1940,0.0000,-70.9154,-16.8239,97.9149,104.3876,48.1013,0.9505,6.0000,0.1721,0.2394
V3,BH-EM-3x,11,79,0,lev,1.1828,0.0000,-80.5660,-21.6787,90.7482,111.5334,50.6329,1.0449,5.0000,0.1493,0.2550
V3,BH-EM-3x,12,79,0,lev,0.8972,0.0000,-66.2127,-14.9435,77.5265,99.2845,49.3671,-0.3479,4.0000,-0.0958,-0.1148
V3,BH-EM-3x,13,79,0,lev,2.0390,0.0000,215.9625,18.7209,54.6517,72.1695,45.5696,2.6252,5.0000,0.5598,1.2306
V3,BH-EM-3x,14,79,0,lev,1.4210,0.0000,43.9202,5.5810,55.8253,77.2692,40.5063,0.8961,10.0000,0.3138,0.6554
V3,BH-EM-3x,15,79,0,lev,0.4958,0.0000,-95.3234,-36.6709,95.6929,100.2972,49.3671,-2.1511,8.0000,-0.5410,-0.5806
V3,BH-EM-3x,16,79,0,lev,4.4318,0.0000,1511.4122,51.3806,40.7925,52.0863,49.3671,5.2004,4.0000,0.7310,5.5871
V3,BH-EM-3x,17,79,0,lev,1.3979,0.0000,13.2493,1.8732,69.6146,73.4746,45.5696,1.1034,6.0000,0.3006,0.4410
V3,BH-EM-3x,18,79,0,lev,1.1803,0.0000,-11.5403,-1.8125,76.6566,82.0431,46.8354,0.5693,4.0000,0.1520,0.2768
V3,BH-EM-3x,19,79,0,lev,0.6149,0.0000,-99.0595,-50.1460,99.2939,100.0140,39.2405,-2.6223,5.0000,-0.4326,-0.5241
V3,BH-EM-3x,20,79,0,lev,2.1967,0.0000,75.5555,8.7571,94.3975,99.8478,49.3671,5.0403,4.0000,0.5694,1.3789
V3,BH-EM-3x,21,79,0,lev,1.1786,0.0000,-99.7423,-58.8999,99.7759,120.3301,45.5696,1.0087,4.0000,0.1191,0.1895
V3,BH-EM-3x,22,76,0,lev,2.0343,0.0000,164.1627,15.5919,71.2610,80.8876,43.4211,3.3806,7.0000,0.5411,1.1058
V3,BH-EM-3x,23,79,0,lev,0.5039,0.0000,-76.4908,-19.4228,79.6298,87.8084,37.9747,-1.4374,7.0000,-0.6151,-0.6760
V3,BH-EM-3x,24,79,0,lev,0.9263,0.0000,-87.1610,-26.3748,92.1476,106.5407,37.9747,-0.2786,11.0000,-0.0505,-0.0832
V3,BH-EM-3x,25,79,0,lev,1.2147,0.0000,-100.0000,-100.0000,100.0000,169.5714,49.3671,0.8266,5.0000,0.1539,0.1993
V3,BH-EM-3x,26,79,0,lev,0.8265,0.0000,-70.5918,-16.6865,81.5802,86.4890,36.7089,-0.5766,6.0000,-0.1310,-0.2286
V3,BH-EM-3x,27,79,0,lev,1.3266,0.0000,14.7690,2.0760,61.4575,89.7274,44.3038,0.8755,5.0000,0.2530,0.4190
V3,BH-EM-3x,28,79,0,lev,0.7817,0.0000,-92.1245,-31.5513,95.2950,99.8628,41.7722,-1.0379,5.0000,-0.1999,-0.2595
V3,BH-EM-3x,29,79,0,lev,1.1466,0.0000,-73.8183,-18.1183,82.8538,97.2317,41.7722,0.6414,7.0000,0.1160,0.1716
V3,BH-EM-3x,30,79,0,lev,1.6476,0.0000,118.9921,12.4034,39.2574,58.2714,45.5696,1.4704,5.0000,0.4960,1.0009
V3,BH-EM-3x,31,79,0,lev,3.4445,0.0000,242.7223,20.1693,66.8381,83.8673,46.8354,7.1154,6.0000,0.3743,2.9186
V3,BH-EM-3x,32,79,0,lev,1.1459,0.0000,-90.1864,-29.2677,99.4533,107.9148,51.8987,0.7905,7.0000,0.1065,0.1699
V3,BH-EM-3x,33,79,0,lev,1.2063,0.0000,-29.9917,-5.1795,83.1958,91.7734,45.5696,0.6474,12.0000,0.1437,0.2596
V3,BH-EM-3x,34,79,0,lev,1.6888,0.0000,9.1538,1.3151,86.6020,89.5746,48.1013,2.3584,5.0000,0.3550,0.7209
V3,BH-EM-3x,35,79,0,lev,0.9754,0.0000,-74.8849,-18.6247,84.4376,96.5524,45.5696,-0.1174,7.0000,-0.0218,-0.0366
V3,BH-EM-3x,36,79,0,lev,0.6520,0.0000,-86.4830,-25.8075,90.7607,96.9974,36.7089,-1.1631,9.0000,-0.3310,-0.3863
V3,BH-EM-3x,37,78,0,lev,2.3241,0.0000,525.7661,31.4604,46.9148,74.3949,43.5897,3.6571,7.0000,0.6955,1.8751
V3,BH-EM-3x,38,79,0,lev,0.3804,0.0000,-98.1927,-45.0441,98.4718,98.8338,32.9114,-3.4899,7.0000,-0.8450,-0.8917
V3,BH-EM-3x,39,79,0,lev,1.5928,0.0000,76.3770,8.8328,55.1650,82.2711,39.2405,1.6148,5.0000,0.3848,0.8348
V3,BH-EM-3x,40,79,0,lev,1.0681,0.0000,-62.4778,-13.6028,88.3845,92.6934,54.4304,0.2797,6.0000,0.0616,0.0823
V3,BH-EM-3x,41,79,0,lev,1.3609,0.0000,-72.9347,-17.7119,94.7934,97.3871,37.9747,1.1840,12.0000,0.2135,0.3672
V3,BH-EM-3x,42,79,0,lev,1.4390,0.0000,-100.0000,-100.0000,100.0000,105.1027,43.0380,2.5380,5.0000,0.2785,0.5002
V3,BH-EM-3x,43,79,0,lev,1.1115,0.0000,-42.4811,-7.9184,66.4391,73.5810,45.5696,0.4411,6.0000,0.0964,0.1677
V3,BH-EM-3x,44,79,0,lev,1.5150,0.0000,51.2957,6.3711,57.8299,70.5281,48.1013,1.2123,8.0000,0.3054,0.7510
V3,BH-EM-3x,45,79,0,lev,0.8971,0.0000,-80.8201,-21.8323,87.9708,93.0475,40.5063,-0.4594,9.0000,-0.0971,-0.1329
V3,BH-EM-3x,46,79,0,lev,1.6124,0.0000,46.3401,5.8440,53.0996,89.8138,41.7722,1.5606,6.0000,0.2842,0.9410
V3,BH-EM-3x,47,79,0,lev,1.1510,0.0000,-96.4475,-39.2154,99.5107,128.4125,49.3671,0.8316,7.0000,0.1274,0.1901
V3,BH-EM-3x,48,79,0,lev,1.2769,0.0000,-85.7694,-25.2360,97.1097,114.1627,39.2405,1.0306,5.0000,0.1899,0.2854
V3,BH-EM-3x,49,79,0,lev,1.6359,0.0000,91.4048,10.1684,44.0441,76.4927,51.8987,1.2406,5.0000,0.4634,0.7950
V3,BH-EM-3x,50,79,0,lev,1.6951,0.0000,130.3980,13.2579,55.8032,64.4289,49.3671,1.8268,4.0000,0.4671,1.0262
V3,BH-EM-3x,51,79,0,lev,0.4909,0.0000,-83.6259,-23.6548,88.1227,167.2499,32.9114,-1.8279,12.0000,-0.7118,-0.8230
V3,BH-EM-3x,52,79,0,lev,0.9230,0.0000,-49.8742,-9.7888,68.2936,72.2194,37.9747,-0.2464,11.0000,-0.0697,-0.1391
V3,BH-EM-3x,53,79,0,lev,1.0352,0.0000,-96.8646,-40.3374,98.0367,110.4166,40.5063,0.2115,6.0000,0.0231,0.0517
V3,BH-EM-3x,54,79,0,lev,1.4678,0.0000,-8.3048,-1.2849,79.6180,155.6196,43.0380,1.6989,8.0000,0.3150,0.5711
V3,BH-EM-3x,55,78,0,lev,2.0466,0.0000,174.6173,16.2631,54.9405,66.8473,51.2821,2.6836,6.0000,0.4251,1.5910
V3,BH-EM-3x,56,79,0,lev,2.1246,0.0000,-9.0909,-1.4116,93.7620,121.7098,51.8987,3.2587,6.0000,0.5572,1.0037
V3,BH-EM-3x,57,79,0,lev,1.8161,0.0000,175.8549,16.3411,76.9617,82.5119,45.5696,2.9694,7.0000,0.4738,1.2898
V3,BH-EM-3x,58,79,0,lev,1.0167,0.0000,-78.4323,-20.4522,91.3951,92.4371,39.2405,0.0835,7.0000,0.0157,0.0239
V3,BH-EM-3x,59,79,0,lev,1.3666,0.0000,27.4674,3.6864,45.9922,62.2525,40.5063,0.7580,8.0000,0.2542,0.5005
V3,BH-EM-3x,60,79,0,lev,1.6351,0.0000,-6.9559,-1.0696,88.8737,92.1673,41.7722,2.7076,4.0000,0.3072,0.8776
V3,BH-EM-3x,61,79,0,lev,2.2292,0.0000,342.1322,24.8224,38.1806,56.5370,54.4304,2.8224,5.0000,0.6046,1.9284
V3,BH-EM-3x,62,79,0,lev,0.6580,0.0000,-81.1316,-22.0230,88.4439,90.0785,37.9747,-1.4062,10.0000,-0.4039,-0.5794
V3,BH-EM-3x,63,77,0,lev,1.0248,0.0000,-54.3517,-11.0392,91.1931,92.6386,50.6494,0.0965,6.0000,0.0209,0.0359
V3,BH-EM-3x,64,79,0,lev,1.1135,0.0000,-27.9753,-4.7771,64.2462,77.9791,41.7722,0.3460,11.0000,0.1011,0.1464
V3,BH-EM-3x,65,79,0,lev,0.9855,0.0000,-61.2290,-13.1798,76.2556,154.5216,48.1013,-0.0540,4.0000,-0.0118,-0.0196
V3,BH-EM-3x,66,79,0,lev,1.8286,0.0000,165.9899,15.7109,65.2556,70.0239,43.0380,2.1737,5.0000,0.5076,1.0923
V3,BH-EM-3x,67,79,0,lev,0.9016,0.0000,-100.0000,-100.0000,100.0000,151.9770,44.3038,-0.3168,11.0000,-0.0726,-0.0812
V3,BH-EM-3x,68,79,0,lev,1.9257,0.0000,132.4989,13.4113,60.0948,90.7008,51.8987,2.2564,8.0000,0.4595,1.0207
V3,BH-EM-3x,69,79,0,lev,1.0104,0.0000,-43.2298,-8.0982,76.6737,85.4065,43.0380,0.0308,7.0000,0.0099,0.0127
V3,BH-EM-3x,70,79,0,lev,2.1234,0.0000,257.4162,20.9241,48.8330,80.0814,46.8354,3.6721,10.0000,0.4896,1.5730
V3,BH-EM-3x,71,79,0,lev,1.8509,0.0000,162.3661,15.4743,35.5383,49.0655,44.3038,1.8847,5.0000,0.5074,1.2670
V3,BH-EM-3x,72,79,0,lev,0.5678,0.0000,-99.5798,-55.7915,99.5798,131.9143,43.0380,-2.3232,7.0000,-0.4427,-0.5358
V3,BH-EM-3x,73,79,0,lev,0.4983,0.0000,-99.3935,-53.3041,99.5528,150.5770,44.3038,-2.5261,5.0000,-0.5239,-0.5650
V3,BH-EM-3x,74,79,0,lev,1.0586,0.0000,-100.0000,-100.0000,100.0000,112.5799,39.2405,0.4122,10.0000,0.0479,0.0677
V3,BH-EM-3x,75,79,0,lev,1.9395,0.0000,212.2176,18.5099,48.9119,64.6645,50.6329,2.3290,6.0000,0.5882,1.1218
V3,BH-EM-3x,76,79,0,lev,0.8954,0.0000,-100.0000,-100.0000,100.0000,180.1457,45.5696,-0.6002,6.0000,-0.0896,-0.1186
V3,BH-EM-3x,77,79,0,lev,1.9226,0.0000,128.0241,13.0830,74.9377,128.2281,54.4304,3.1586,5.0000,0.5342,1.0099
V3,BH-EM-3x,78,79,0,lev,2.1887,0.0000,368.1972,25.8934,54.0123,70.2677,48.1013,3.6491,5.0000,0.5899,1.6119
V3,BH-EM-3x,79,79,0,lev,1.3109,0.0000,-96.7503,-40.0177,99.0991,168.8925,43.0380,1.9377,9.0000,0.2188,0.3987
V3,BH-EM-3x,80,79,0,lev,0.7466,0.0000,-62.4177,-13.5822,74.6430,78.2642,46.8354,-0.7773,6.0000,-0.2977,-0.3528
V3,BH-EM-3x,81,79,0,lev,0.8236,0.0000,-80.1383,-21.4240,92.7999,101.3652,40.5063,-0.7541,6.0000,-0.1591,-0.2496
V3,BH-EM-3x,82,79,0,lev,1.7274,0.0000,100.8316,10.9612,46.3050,55.7911,49.3671,1.5236,7.0000,0.4048,1.0261
V3,BH-EM-3x,83,79,0,lev,0.8686,0.0000,-77.4528,-19.9234,91.6187,94.6380,55.6962,-0.5814,7.0000,-0.1344,-0.1768
V3,BH-EM-3x,84,79,0,lev,1.7250,0.0000,39.7055,5.1140,83.1114,114.2965,49.3671,2.5087,5.0000,0.3950,0.8361
V3,BH-EM-3x,85,79,0,lev,0.9423,0.0000,-95.8904,-37.8801,98.6209,102.2460,40.5063,-0.3025,8.0000,-0.0398,-0.0699
V3,BH-EM-3x,86,79,0,lev,1.0002,0.0000,-56.4283,-11.6549,77.5923,87.7467,43.0380,0.0007,8.0000,0.0002,0.0003
V3,BH-EM-3x,87,79,0,lev,2.2328,0.0000,325.3373,24.1034,54.6849,63.7428,48.1013,2.5275,7.0000,0.6980,1.5548
V3,BH-EM-3x,88,79,0,lev,0.6091,0.0000,-100.0000,-100.0000,100.0000,161.4714,45.5696,-2.2753,6.0000,-0.4052,-0.4662
V3,BH-EM-3x,89,79,0,lev,1.8579,0.0000,157.5504,15.1557,69.1470,88.7606,56.9620,2.1810,3.0000,0.5455,0.9470
V3,BH-EM-3x,90,79,0,lev,1.6025,0.0000,105.3534,11.3304,49.0343,69.1254,53.1646,1.6847,4.0000,0.4653,0.8007
V3,BH-EM-3x,91,79,0,lev,0.7642,0.0000,-94.6643,-35.4131,96.5667,110.7993,40.5063,-1.3358,10.0000,-0.2297,-0.3277
V3,BH-EM-3x,92,76,0,lev,1.6828,0.0000,28.8766,3.8565,83.6850,98.0995,40.7895,2.1488,6.0000,0.4050,0.6960
V3,BH-EM-3x,93,79,0,lev,1.6023,0.0000,52.9581,6.5446,87.6578,90.6151,49.3671,1.9901,9.0000,0.3607,0.7724
V3,BH-EM-3x,94,79,0,lev,0.9474,0.0000,-57.1431,-11.8726,92.9571,99.9036,45.5696,-0.1997,9.0000,-0.0540,-0.0755
V3,BH-EM-3x,95,79,0,lev,0.7419,0.0000,-70.4851,-16.6415,80.6607,86.7510,35.4430,-0.7944,10.0000,-0.2670,-0.3148
V3,BH-EM-3x,96,79,0,lev,1.0358,0.0000,-100.0000,-100.0000,100.0000,103.8285,46.8354,0.1569,5.0000,0.0265,0.0339
V3,BH-EM-3x,97,79,0,lev,1.2077,0.0000,-26.9578,-4.5776,65.9672,83.3313,46.8354,0.6744,9.0000,0.1616,0.2672
V3,BH-EM-3x,98,79,0,lev,0.8528,0.0000,-45.4557,-8.6449,58.5188,89.2842,44.3038,-0.3797,8.0000,-0.1562,-0.2025
V3,BH-EM-3x,99,79,0,lev,3.3337,0.0000,1227.8217,47.0722,34.8136,60.7985,54.4304,4.7415,4.0000,0.7940,2.9695
V3,BH-EM-3x,100,79,0,lev,1.1380,0.0000,-56.5793,-11.7006,86.9209,102.0846,50.6329,0.4090,5.0000,0.1017,0.1430
V3,BH-EM-3x,101,79,0,lev,0.8132,0.0000,-100.0000,-100.0000,100.0000,181.0605,46.8354,-1.1065,6.0000,-0.1396,-0.1863
V3,BH-EM-3x,102,79,0,lev,2.4255,0.0000,483.3904,30.0926,46.1846,52.0692,54.4304,2.9324,4.0000,0.8004,2.0871
V3,BH-EM-3x,103,79,0,lev,3.3792,0.0000,1275.3240,47.8454,50.2677,74.7018,40.5063,5.4094,8.0000,0.6999,3.2874
V3,BH-EM-3x,104,79,0,lev,0.6849,0.0000,-100.0000,-100.0000,100.0000,158.8207,44.3038,-2.0623,5.0000,-0.2762,-0.3069
V3,BH-EM-3x,105,79,0,lev,2.3351,0.0000,191.2020,17.2845,61.5279,77.0416,49.3671,2.8242,5.0000,0.4973,1.2965
V3,BH-EM-3x,106,79,0,lev,0.8120,0.0000,-81.5994,-22.3145,82.9549,100.8618,37.9747,-0.7042,7.0000,-0.1546,-0.2323
V3,BH-EM-3x,107,79,0,lev,2.1567,0.0000,148.1305,14.5174,58.4964,84.9844,41.7722,2.7064,7.0000,0.4163,1.3330
V3,BH-EM-3x,108,79,0,lev,2.6689,0.0000,197.0174,17.6309,93.3320,98.3064,48.1013,7.7480,5.0000,0.4014,2.4498
V3,BH-EM-3x,109,79,0,lev,1.5565,0.0000,45.1870,5.7191,65.3945,80.3980,46.8354,1.8465,4.0000,0.3636,0.7172
V3,BH-EM-3x,110,79,0,lev,1.5657,0.0000,84.1756,9.5375,65.3420,72.0449,48.1013,1.5257,7.0000,0.4068,0.8023
V3,BH-EM-3x,111,79,0,lev,0.7637,0.0000,-83.9015,-23.8479,88.5126,91.6593,41.7722,-0.9681,7.0000,-0.2030,-0.3213
V3,BH-EM-3x,112,79,0,lev,1.4817,0.0000,-43.9743,-8.2790,89.3035,109.3883,43.0380,1.5250,9.0000,0.3042,0.4939
V3,BH-EM-3x,113,79,0,lev,1.4008,0.0000,10.9340,1.5598,81.3186,148.0464,46.8354,1.4055,7.0000,0.2782,0.5590
V3,BH-EM-3x,114,79,0,lev,0.5409,0.0000,-96.4374,-39.1895,97.0860,100.1873,39.2405,-2.1588,6.0000,-0.4543,-0.5662
V3,BH-EM-3x,115,79,0,lev,1.5847,0.0000,128.5525,13.1221,43.4702,73.9022,51.8987,1.6346,7.0000,0.4971,0.9792
V3,BH-EM-3x,116,79,0,lev,1.2854,0.0000,-23.9906,-4.0092,71.5738,87.5507,48.1013,1.0915,4.0000,0.2004,0.4122
V3,BH-EM-3x,117,79,0,lev,0.9357,0.0000,-88.2184,-27.3128,97.3718,103.1709,44.3038,-0.2864,5.0000,-0.0609,-0.0751
V3,BH-EM-3x,118,77,0,lev,1.5279,0.0000,-2.9940,-0.4524,75.6614,89.5073,42.8571,2.0987,5.0000,0.2926,0.7119
V3,BH-EM-3x,119,79,0,lev,1.1078,0.0000,-86.5690,-25.8781,97.6445,98.2371,43.0380,0.5257,6.0000,0.0787,0.1342
V3,BH-EM-3x,120,78,0,lev,1.4609,0.0000,49.5691,6.1891,76.4979,83.4926,52.5641,1.3728,7.0000,0.3467,0.6022
V3,BH-EM-3x,121,79,0,lev,0.7321,0.0000,-82.5656,-22.9369,91.0380,91.7322,41.7722,-1.1794,8.0000,-0.3085,-0.3916
V3,BH-EM-3x,122,79,0,lev,0.9120,0.0000,-49.7798,-9.7635,77.0784,100.8385,48.1013,-0.2427,4.0000,-0.0831,-0.1028
V3,BH-EM-3x,123,79,0,lev,0.7104,0.0000,-100.0000,-100.0000,100.0000,158.0838,43.0380,-1.5873,9.0000,-0.2314,-0.2549
V3,BH-EM-3x,124,79,0,lev,1.2864,0.0000,10.0875,1.4439,70.9766,77.4762,44.3038,0.8410,8.0000,0.2460,0.3958
V3,BH-EM-3x,125,79,0,lev,1.6071,0.0000,14.5064,2.0411,84.1928,99.0395,55.6962,2.2191,6.0000,0.3770,0.6834
V3,BH-EM-3x,126,77,0,lev,0.9172,0.0000,-100.0000,-100.0000,100.0000,103.2921,46.7532,-0.3110,5.0000,-0.0648,-0.0790
V3,BH-EM-3x,127,77,0,lev,2.3564,0.0000,472.0138,29.7110,51.7112,78.1700,49.3506,3.4761,6.0000,0.6559,2.0902
V3,BH-EM-3x,128,79,0,lev,1.2486,0.0000,-44.8582,-8.4963,89.3672,93.7574,46.8354,1.0699,6.0000,0.2008,0.3269
V3,BH-EM-3x,129,79,0,lev,2.6261,0.0000,215.2066,18.6785,83.7759,118.3832,51.8987,6.6462,4.0000,0.5263,1.8086
V3,BH-EM-3x,130,79,0,lev,3.1613,0.0000,684.9178,35.9798,53.4947,54.8313,43.0380,3.8406,9.0000,0.7102,3.0859
V3,BH-EM-3x,131,78,0,lev,1.2423,0.0000,-37.1945,-6.7028,80.5508,99.9242,52.5641,0.9627,4.0000,0.2010,0.2920
V3,BH-EM-3x,132,79,0,lev,1.5933,0.0000,80.2339,9.1846,46.7257,66.6705,51.8987,1.7806,6.0000,0.4187,0.7156
V3,BH-EM-3x,133,79,0,lev,1.1484,0.0000,-79.8275,-21.2417,94.0020,97.0990,49.3671,0.6433,7.0000,0.0917,0.1729
V3,BH-EM-3x,134,79,0,lev,1.2991,0.0000,-100.0000,-100.0000,100.0000,189.6742,56.9620,1.4638,3.0000,0.1917,0.2642
V3,BH-EM-3x,135,79,0,lev,1.1616,0.0000,-100.0000,-100.0000,100.0000,124.6251,49.3671,0.5705,4.0000,0.1007,0.1302
V3,BH-EM-3x,136,79,0,lev,1.8463,0.0000,64.4280,7.7000,72.7376,127.7654,44.3038,2.4712,4.0000,0.4141,0.9268
V3,BH-EM-3x,137,79,0,lev,1.1561,0.0000,-100.0000,-100.0000,100.0000,119.6646,40.5063,0.8495,8.0000,0.0890,0.1722
V3,BH-EM-3x,138,79,0,lev,1.2515,0.0000,-76.6955,-19.5279,95.8367,101.4624,48.1013,0.9473,9.0000,0.1687,0.2579
V3,BH-EM-3x,139,79,0,lev,0.6172,0.0000,-100.0000,-100.0000,100.0000,157.6262,34.1772,-2.3686,8.0000,-0.3576,-0.4984
V3,BH-EM-3x,140,79,0,lev,1.9345,0.0000,231.4116,19.5693,44.0184,57.6597,48.1013,1.9269,10.0000,0.7074,1.5271
V3,BH-EM-3x,141,79,0,lev,1.1542,0.0000,-7.2837,-1.1217,52.2074,170.2836,37.9747,0.4053,9.0000,0.1333,0.2398
V3,BH-EM-3x,142,79,0,lev,2.0643,0.0000,69.3523,8.1751,89.3436,95.5276,50.6329,3.2101,6.0000,0.5585,1.0174
V3,BH-EM-3x,143,79,0,lev,1.2391,0.0000,-54.1285,-10.9744,80.0731,118.1961,40.5063,1.0276,7.0000,0.1799,0.2954
V3,BH-EM-3x,144,79,0,lev,1.5557,0.0000,-100.0000,-100.0000,100.0000,107.0689,34.1772,3.7732,6.0000,0.1892,0.7024
V3,BH-EM-3x,145,79,0,lev,1.5516,0.0000,52.7364,6.5215,70.8940,156.5611,54.4304,1.8814,4.0000,0.3593,0.7530
V3,BH-EM-3x,146,79,0,lev,1.4116,0.0000,-46.2730,-8.8504,82.9428,87.0145,36.7089,1.4578,10.0000,0.1705,0.5663
V3,BH-EM-3x,147,79,0,lev,1.2256,0.0000,-4.1096,-0.6240,51.6801,110.7203,50.6329,0.5713,6.0000,0.1851,0.2665
V3,BH-EM-3x,148,79,0,lev,0.7500,0.0000,-89.7020,-28.7574,92.0798,94.4865,48.1013,-1.1666,5.0000,-0.2410,-0.3219
V3,BH-EM-3x,149,79,0,lev,1.5860,0.0000,74.4502,8.6547,48.8410,76.2185,46.8354,1.7457,5.0000,0.3508,0.9627
V3,BH-EM-3x,150,79,0,lev,1.3988,0.0000,-37.4057,-6.7496,92.4316,97.2837,46.8354,1.1521,5.0000,0.2454,0.3693
V3,BH-EM-3x,151,79,0,lev,1.5930,0.0000,43.2641,5.5091,62.1775,75.2939,36.7089,1.6148,10.0000,0.2994,0.9683
V3,BH-EM-3x,152,79,0,lev,0.9344,0.0000,-42.5752,-7.9409,61.4525,74.7432,40.5063,-0.1948,4.0000,-0.0685,-0.0961
V3,BH-EM-3x,153,79,0,lev,2.1046,0.0000,265.1482,21.3108,43.6339,64.9199,49.3671,2.3030,5.0000,0.6345,1.5305
V3,BH-EM-3x,154,79,0,lev,0.6088,0.0000,-100.0000,-100.0000,100.0000,134.5527,37.9747,-2.0132,7.0000,-0.3131,-0.3755
V3,BH-EM-3x,155,79,0,lev,0.9746,0.0000,-38.6230,-7.0224,72.7015,89.2383,56.9620,-0.0758,4.0000,-0.0266,-0.0331
V3,BH-EM-3x,156,79,0,lev,2.0336,0.0000,269.0697,21.5043,49.7178,64.2961,55.6962,2.4973,3.0000,0.6617,1.1849
V3,BH-EM-3x,157,79,0,lev,0.5033,0.0000,-96.7719,-40.0776,97.6768,97.9928,37.9747,-2.7764,4.0000,-0.5729,-0.7808
V3,BH-EM-3x,158,79,0,lev,1.6391,0.0000,38.6925,4.9999,66.7669,76.9251,37.9747,1.5675,9.0000,0.2795,0.9185
V3,BH-EM-3x,159,79,0,lev,0.6814,0.0000,-100.0000,-100.0000,100.0000,151.1303,43.0380,-2.2998,5.0000,-0.3104,-0.3730
V3,BH-EM-3x,160,79,0,lev,1.1494,0.0000,-67.5106,-15.4390,88.8562,112.7780,46.8354,0.5445,5.0000,0.1160,0.1679
V3,BH-EM-3x,161,79,0,lev,1.4518,0.0000,0.0540,0.0081,84.3883,108.5310,58.2278,1.2828,5.0000,0.3310,0.4421
V3,BH-EM-3x,162,79,0,lev,0.8717,0.0000,-100.0000,-100.0000,100.0000,143.6441,48.1013,-0.7376,5.0000,-0.1031,-0.1415
V3,BH-EM-3x,163,79,0,lev,2.4358,0.0000,465.8648,29.5021,60.8192,79.8911,45.5696,3.1980,8.0000,0.6950,1.9835
V3,BH-EM-3x,164,79,0,lev,1.3045,0.0000,-44.6777,-8.4517,88.5546,98.1403,44.3038,1.0634,5.0000,0.2254,0.3300
V3,BH-EM-3x,165,79,0,lev,2.9175,0.0000,1010.7254,43.2075,43.8706,71.9250,58.2278,4.6130,4.0000,0.7370,2.5148
V3,BH-EM-3x,166,78,0,lev,3.0209,0.0000,957.7683,42.1677,73.9358,81.8984,38.4615,7.8828,7.0000,0.5352,3.3419
V3,BH-EM-3x,167,79,0,lev,1.7527,0.0000,135.1389,13.6025,53.1084,67.5423,51.8987,2.3572,3.0000,0.4853,0.9336
V3,BH-EM-3x,168,78,0,lev,2.8860,0.0000,583.3180,33.1971,69.3577,84.6353,47.4359,5.0105,6.0000,0.5871,2.1793
V3,BH-EM-3x,169,79,0,lev,1.3824,0.0000,42.3871,5.4125,44.7627,52.4048,49.3671,0.8937,5.0000,0.3246,0.5117
V3,BH-EM-3x,170,79,0,lev,0.8211,0.0000,-60.8338,-13.0484,73.9200,82.9767,37.9747,-0.5941,7.0000,-0.1775,-0.3093
V3,BH-EM-3x,171,79,0,lev,0.6904,0.0000,-84.3597,-24.1752,86.6944,87.7095,48.1013,-1.2497,4.0000,-0.3342,-0.3964
V3,BH-EM-3x,172,79,0,lev,1.0004,0.0000,-37.8173,-6.8414,80.2527,85.8140,50.6329,0.0011,7.0000,0.0003,0.0006
V3,BH-EM-3x,173,79,0,lev,1.3718,0.0000,10.5556,1.5081,54.2066,78.4621,43.0380,1.0444,5.0000,0.2334,0.5444
V3,BH-EM-3x,174,79,0,lev,1.6883,0.0000,-100.0000,-100.0000,100.0000,132.1257,46.8354,2.8930,6.0000,0.4179,0.7055
V3,BH-EM-3x,175,79,0,lev,0.8974,0.0000,-68.5919,-15.8649,75.8317,81.6635,46.8354,-0.3742,6.0000,-0.0866,-0.1376
V3,BH-EM-3x,176,79,0,lev,1.4775,0.0000,37.0892,4.8180,67.8881,112.4377,49.3671,1.7345,7.0000,0.3594,0.6311
V3,BH-EM-3x,177,79,0,lev,2.5256,0.0000,683.6710,35.9476,27.7639,50.1168,56.9620,3.3297,4.0000,0.9154,2.2207
V3,BH-EM-3x,178,79,0,lev,0.9888,0.0000,-52.8402,-10.6058,70.4791,95.9398,39.2405,-0.0403,6.0000,-0.0104,-0.0155
V3,BH-EM-3x,179,79,0,lev,1.0148,0.0000,-100.0000,-100.0000,100.0000,109.3002,46.8354,0.0758,8.0000,0.0125,0.0172
V3,BH-EM-3x,180,79,0,lev,0.7582,0.0000,-68.7071,-15.9110,74.3461,81.2827,36.7089,-0.8309,7.0000,-0.2788,-0.3518
V3,BH-EM-3x,181,79,0,lev,0.6885,0.0000,-98.6061,-47.1323,99.1936,117.6363,46.8354,-2.1891,4.0000,-0.3288,-0.4611
V3,BH-EM-3x,182,79,0,lev,2.7886,0.0000,272.3670,21.6656,94.2991,106.1470,54.4304,5.2457,8.0000,0.8496,1.6124
V3,BH-EM-3x,183,79,0,lev,0.7583,0.0000,-68.0399,-15.6459,81.6738,94.2786,44.3038,-0.7364,7.0000,-0.2431,-0.2840
V3,BH-EM-3x,184,79,0,lev,0.6625,0.0000,-100.0000,-100.0000,100.0000,175.6852,45.5696,-2.0014,8.0000,-0.3231,-0.3642
V3,BH-EM-3x,185,79,0,lev,1.1002,0.0000,-100.0000,-100.0000,100.0000,143.9426,45.5696,0.5542,6.0000,0.0693,0.1024
V3,BH-EM-3x,186,79,0,lev,1.0731,0.0000,-87.4239,-26.6017,96.2755,98.2029,46.8354,0.2176,5.0000,0.0510,0.0643
V3,BH-EM-3x,187,79,0,lev,1.7870,0.0000,55.1318,6.7691,76.9241,81.7561,48.1013,2.6527,6.0000,0.3789,0.9914
V3,BH-EM-3x,188,79,0,lev,0.5785,0.0000,-100.0000,-100.0000,100.0000,127.6109,44.3038,-1.9213,6.0000,-0.4562,-0.4993
V3,BH-EM-3x,189,79,0,lev,0.5385,0.0000,-90.1408,-29.2187,94.8652,96.6602,30.3797,-1.9571,8.0000,-0.5396,-0.6459
V3,BH-EM-3x,190,79,0,lev,1.2884,0.0000,27.6709,3.7110,53.1013,63.0553,39.2405,0.7154,7.0000,0.2596,0.5016
V3,BH-EM-3x,191,78,0,lev,2.2238,0.0000,241.7095,20.1163,70.8908,84.7700,48.7179,3.8691,6.0000,0.5376,1.4649
V3,BH-EM-3x,192,79,0,lev,1.1461,0.0000,7.2575,1.0506,41.1094,53.8581,48.1013,0.3239,8.0000,0.1613,0.2513
V3,BH-EM-3x,193,79,0,lev,1.0337,0.0000,-100.0000,-100.0000,100.0000,125.5983,50.6329,0.1586,5.0000,0.0233,0.0288
V3,BH-EM-3x,194,79,0,lev,0.4512,0.0000,-96.4921,-39.3298,96.4921,98.4753,43.0380,-2.4924,5.0000,-0.6104,-0.6466
V3,BH-EM-3x,195,79,0,lev,1.2498,0.0000,-18.5979,-3.0227,70.7230,72.3182,41.7722,0.6825,7.0000,0.1440,0.3533
V3,BH-EM-3x,196,79,0,lev,3.6119,0.0000,880.4660,40.5675,49.9639,54.5234,40.5063,6.2034,6.0000,0.4980,3.9538
V3,BH-EM-3x,197,79,0,lev,0.7959,0.0000,-93.8644,-34.0532,97.8869,103.7944,39.2405,-0.8886,8.0000,-0.1641,-0.2305
V3,BH-EM-3x,198,79,0,lev,0.4504,0.0000,-99.6339,-56.6907,99.6339,138.2565,37.9747,-3.1122,6.0000,-0.5986,-0.6470
V3,BH-EM-3x,199,79,0,lev,1.7684,0.0000,134.5130,13.5573,55.3077,57.1388,46.8354,1.4197,5.0000,0.6011,0.9835
