signal_id,symbol,side,D_arm_time,R_confirm_time,order_create_time,expected_entry,actual_entry,actual_entry_time,ENTRY_R_LOW,ENTRY_R_HIGH,ENTRY_R_SIZE,structural_stop,stop_time,partial_exit_times,final_exit_time,exit_reason,r_net,pm_margin_pct,fee,funding,funding_events,mae,mfe,hold_h,age_bars,atr_idx,atr_end_time,decision_time,fills,event_sequence
L-2019-04-13 19:59-1,BTCUSDT,LONG,2019-04-13 00:00,2019-04-13 19:59,2019-04-13 20:00,5036.69,5036.69,2019-04-13 20:10,5004.00,5078.70,74.70,4988.99,2019-04-15 17:39,,2019-04-15 17:39,stop,-0.011272,-11.272,0.000700,0.000600,2019-04-14 00:00:+0.000100;2019-04-14 08:00:+0.000100;2019-04-14 16:00:+0.000100;2019-04-15 00:00:+0.000100;2019-04-15 08:00:+0.000100;2019-04-15 16:00:+0.000100,-0.00947,0.02595,45.50,1,615,2019-04-13 19:59,2019-04-13 20:10,stop@2019-04-15 17:39:4988.99:1.000,2019-04-13 20:10|FILL|5036.69|1.000;2019-04-15 17:39|EXIT_STOP|4988.99|1.000
L-2019-05-14 15:59-2,BTCUSDT,LONG,2019-05-14 00:00,2019-05-14 15:59,2019-05-14 16:00,8034.01,8034.01,2019-05-14 16:00,7900.00,8366.00,466.00,7876.30,2019-05-14 16:04,,2019-05-14 16:04,stop,-0.020830,-20.830,0.000700,0.000000,,-0.01963,0.00000,0.08,1,800,2019-05-14 15:59,2019-05-14 16:00,stop@2019-05-14 16:04:7876.30:1.000,2019-05-14 16:00|FILL|8034.01|1.000;2019-05-14 16:04|EXIT_STOP|7876.30|1.000
L-2019-05-17 07:59-3,BTCUSDT,LONG,2019-05-17 00:00,2019-05-17 07:59,2019-05-17 08:00,7239.95,7239.95,2019-05-17 08:05,7000.00,7925.00,925.00,6979.00,2019-05-17 12:24,,2019-05-17 12:24,stop,-0.037244,-37.244,0.000700,0.000000,,-0.03604,0.01182,4.33,1,814,2019-05-17 07:59,2019-05-17 08:05,stop@2019-05-17 12:24:6979.00:1.000,2019-05-17 08:05|FILL|7239.95|1.000;2019-05-17 12:24|EXIT_STOP|6979.00|1.000
L-2019-05-29 19:59-4,BTCUSDT,LONG,2019-05-30 00:00,2019-05-29 19:59,2019-05-30 00:00,8605.54,8605.54,2019-05-30 00:05,8527.23,8750.00,222.77,8501.65,2019-05-30 20:19,2019-05-30 15:59;2019-05-30 16:04,2019-05-30 20:19,stop,0.014994,14.994,0.000550,0.000175,2019-05-30 08:00:+0.000100;2019-05-30 16:00:+0.000075,-0.01207,0.05447,20.25,2,890,2019-05-29 23:59,2019-05-30 00:05,tp@2019-05-30 15:59:8926.73:0.250;tp@2019-05-30 16:04:9041.84:0.250;stop@2019-05-30 20:19:8501.65:0.500,2019-05-30 00:05|FILL|8605.54|1.000;2019-05-30 15:59|EXIT_TP|8926.73|0.250;2019-05-30 16:04|EXIT_TP|9041.84|0.250;2019-05-30 20:19|EXIT_STOP|8501.65|0.500
S-2019-06-04 11:59-5,BTCUSDT,SHORT,2019-06-04 00:00,2019-06-04 11:59,2019-06-04 12:00,8017.04,8017.04,2019-06-04 13:10,8115.66,7800.00,315.66,8140.01,2019-06-12 15:14,2019-06-04 16:59;2019-06-04 17:19;2019-06-04 19:09,2019-06-12 15:14,stop,0.021491,21.491,0.000475,0.000675,2019-06-04 16:00:+0.000100;2019-06-05 00:00:+0.000025;2019-06-05 08:00:+0.000025;2019-06-05 16:00:+0.000025;2019-06-06 00:00:+0.000025;2019-06-06 08:00:+0.000025;2019-06-06 16:00:+0.000025;2019-06-07 00:00:+0.000025;2019-06-07 08:00:+0.000025;2019-06-07 16:00:+0.000025;2019-06-08 00:00:+0.000025;2019-06-08 08:00:+0.000025;2019-06-08 16:00:+0.000025;2019-06-09 00:00:+0.000025;2019-06-09 08:00:+0.000025;2019-06-09 16:00:+0.000025;2019-06-10 00:00:+0.000025;2019-06-10 08:00:+0.000025;2019-06-10 16:00:+0.000025;2019-06-11 00:00:+0.000025;2019-06-11 08:00:+0.000025;2019-06-11 16:00:+0.000025;2019-06-12 00:00:+0.000025;2019-06-12 08:00:+0.000025,-0.01534,0.07141,194.08,1,923,2019-06-04 11:59,2019-06-04 13:10,tp@2019-06-04 16:59:7848.89:0.250;tp@2019-06-04 17:19:7752.65:0.250;tp@2019-06-04 19:09:7596.54:0.250;stop@2019-06-12 15:14:8140.01:0.250,2019-06-04 13:10|FILL|8017.04|1.000;2019-06-04 16:59|EXIT_TP|7848.89|0.250;2019-06-04 17:19|EXIT_TP|7752.65|0.250;2019-06-04 19:09|EXIT_TP|7596.54|0.250;2019-06-12 15:14|EXIT_STOP|8140.01|0.250
L-2019-06-25 15:59-6,BTCUSDT,LONG,2019-06-25 00:00,2019-06-25 15:59,2019-06-25 16:00,11272.18,11272.18,2019-06-25 17:40,11157.91,11499.24,341.33,11124.44,,2019-06-25 22:59;2019-06-26 00:49;2019-06-26 04:04,2019-06-26 05:14,tp,0.085080,85.080,0.000400,0.000075,2019-06-26 00:00:+0.000075,-0.00055,0.14460,11.58,1,1050,2019-06-25 15:59,2019-06-25 17:40,tp@2019-06-25 22:59:11749.27:0.250;tp@2019-06-26 00:49:11969.10:0.250;tp@2019-06-26 04:04:12325.73:0.250;tp@2019-06-26 05:14:12902.19:0.250,2019-06-25 17:40|FILL|11272.18|1.000;2019-06-25 22:59|EXIT_TP|11749.27|0.250;2019-06-26 00:49|EXIT_TP|11969.10|0.250;2019-06-26 04:04|EXIT_TP|12325.73|0.250;2019-06-26 05:14|EXIT_TP|12902.19|0.250
L-2019-06-29 07:59-7,BTCUSDT,LONG,2019-06-29 00:00,2019-06-29 07:59,2019-06-29 08:00,11757.37,11757.37,2019-06-29 08:30,11500.00,12441.54,941.54,11465.50,2019-06-30 13:49,2019-06-29 11:44,2019-06-30 13:49,stop,-0.015341,-15.341,0.000625,0.000225,2019-06-29 16:00:+0.000075;2019-06-30 00:00:+0.000075;2019-06-30 08:00:+0.000075,-0.02482,0.04139,29.33,1,1072,2019-06-29 07:59,2019-06-29 08:30,tp@2019-06-29 11:44:11969.10:0.250;stop@2019-06-30 13:49:11465.50:0.750,2019-06-29 08:30|FILL|11757.37|1.000;2019-06-29 11:44|EXIT_TP|11969.10|0.250;2019-06-30 13:49|EXIT_STOP|11465.50|0.750
S-2019-07-02 07:59-8,BTCUSDT,SHORT,2019-07-02 00:00,2019-07-02 07:59,2019-07-02 08:00,10446.73,10446.73,2019-07-02 14:35,10700.00,9760.02,939.98,10732.10,2019-07-02 17:39,,2019-07-02 17:39,stop,-0.028617,-28.617,0.000700,0.000100,2019-07-02 16:00:+0.000100,-0.02732,0.01261,3.08,2,1091,2019-07-02 11:59,2019-07-02 14:35,stop@2019-07-02 17:39:10732.10:1.000,2019-07-02 14:35|FILL|10446.73|1.000;2019-07-02 17:39|EXIT_STOP|10732.10|1.000
S-2019-07-14 03:59-9,BTCUSDT,SHORT,2019-07-14 00:00,2019-07-14 03:59,2019-07-14 04:00,11292.45,11292.45,2019-07-14 04:00,11479.78,10830.00,649.78,11514.22,,2019-07-16 23:04;2019-07-17 11:34,2019-08-02 00:00,dexit,0.125309,125.309,0.000550,0.003300,2019-07-14 08:00:+0.000100;2019-07-14 16:00:+0.000100;2019-07-15 00:00:+0.000100;2019-07-15 08:00:+0.000100;2019-07-15 16:00:+0.000100;2019-07-16 00:00:+0.000100;2019-07-16 08:00:+0.000100;2019-07-16 16:00:+0.000100;2019-07-17 00:00:+0.000075;2019-07-17 08:00:+0.000075;2019-07-17 16:00:+0.000050;2019-07-18 00:00:+0.000050;2019-07-18 08:00:+0.000050;2019-07-18 16:00:+0.000050;2019-07-19 00:00:+0.000050;2019-07-19 08:00:+0.000050;2019-07-19 16:00:+0.000050;2019-07-20 00:00:+0.000050;2019-07-20 08:00:+0.000050;2019-07-20 16:00:+0.000050;2019-07-21 00:00:+0.000050;2019-07-21 08:00:+0.000050;2019-07-21 16:00:+0.000050;2019-07-22 00:00:+0.000050;2019-07-22 08:00:+0.000050;2019-07-22 16:00:+0.000050;2019-07-23 00:00:+0.000050;2019-07-23 08:00:+0.000050;2019-07-23 16:00:+0.000050;2019-07-24 00:00:+0.000050;2019-07-24 08:00:+0.000050;2019-07-24 16:00:+0.000050;2019-07-25 00:00:+0.000050;2019-07-25 08:00:+0.000050;2019-07-25 16:00:+0.000050;2019-07-26 00:00:+0.000050;2019-07-26 08:00:+0.000050;2019-07-26 16:00:+0.000050;2019-07-27 00:00:+0.000050;2019-07-27 08:00:+0.000050;2019-07-27 16:00:+0.000050;2019-07-28 00:00:+0.000050;2019-07-28 08:00:+0.000050;2019-07-28 16:00:+0.000050;2019-07-29 00:00:+0.000050;2019-07-29 08:00:+0.000050;2019-07-29 16:00:+0.000050;2019-07-30 00:00:+0.000050;2019-07-30 08:00:+0.000050;2019-07-30 16:00:+0.000050;2019-07-31 00:00:+0.000050;2019-07-31 08:00:+0.000050;2019-07-31 16:00:+0.000050;2019-08-01 00:00:+0.000050;2019-08-01 08:00:+0.000050;2019-08-01 16:00:+0.000050;2019-08-02 00:00:+0.000050,-0.00476,0.19769,452.00,1,1161,2019-07-14 03:59,2019-07-14 04:00,tp@2019-07-16 23:04:9395.14:0.250;tp@2019-07-17 11:34:9190.57:0.250;dexit@2019-08-02 00:00:10375.00:0.500,2019-07-14 04:00|FILL|11292.45|1.000;2019-07-16 23:04|EXIT_TP|9395.14|0.250;2019-07-17 11:34|EXIT_TP|9190.57|0.250;2019-08-02 00:00|EXIT_DEXIT|10375.00|0.500
L-2019-08-08 07:59-10,BTCUSDT,LONG,2019-08-08 00:00,2019-08-08 07:59,2019-08-08 08:00,11745.95,11745.95,2019-08-08 13:55,11616.00,12017.75,401.75,11581.15,2019-08-08 17:29,,2019-08-08 17:29,stop,-0.015330,-15.330,0.000700,0.000100,2019-08-08 16:00:+0.000100,-0.01403,0.00454,3.58,2,1313,2019-08-08 11:59,2019-08-08 13:55,stop@2019-08-08 17:29:11581.15:1.000,2019-08-08 13:55|FILL|11745.95|1.000;2019-08-08 17:29|EXIT_STOP|11581.15|1.000
S-2019-08-17 03:59-11,BTCUSDT,SHORT,2019-08-17 00:00,2019-08-17 03:59,2019-08-17 04:00,10425.59,10425.59,2019-08-17 08:25,10536.03,10201.00,335.03,10567.64,2019-08-19 07:04,2019-08-17 08:49;2019-08-17 17:24,2019-08-19 07:04,stop,0.001668,1.668,0.000550,0.000275,2019-08-17 16:00:+0.000075;2019-08-18 00:00:+0.000050;2019-08-18 08:00:+0.000050;2019-08-18 16:00:+0.000050;2019-08-19 00:00:+0.000050,-0.01362,0.04082,46.67,2,1365,2019-08-17 07:59,2019-08-17 08:25,tp@2019-08-17 08:49:10391.89:0.250;tp@2019-08-17 17:24:10060.81:0.250;stop@2019-08-19 07:04:10567.64:0.500,2019-08-17 08:25|FILL|10425.59|1.000;2019-08-17 08:49|EXIT_TP|10391.89|0.250;2019-08-17 17:24|EXIT_TP|10060.81|0.250;2019-08-19 07:04|EXIT_STOP|10567.64|0.500
S-2019-08-29 11:59-12,BTCUSDT,SHORT,2019-08-29 00:00,2019-08-29 11:59,2019-08-29 12:00,9599.77,9599.77,2019-08-29 15:00,9724.00,9320.00,404.00,9753.17,2019-09-01 21:34,2019-08-29 15:09,2019-09-01 21:34,stop,-0.010658,-10.658,0.000625,0.000750,2019-08-29 16:00:+0.000075;2019-08-30 00:00:+0.000075;2019-08-30 08:00:+0.000075;2019-08-30 16:00:+0.000075;2019-08-31 00:00:+0.000075;2019-08-31 08:00:+0.000075;2019-08-31 16:00:+0.000075;2019-09-01 00:00:+0.000075;2019-09-01 08:00:+0.000075;2019-09-01 16:00:+0.000075,-0.01598,0.02598,78.58,1,1438,2019-08-29 11:59,2019-08-29 15:00,tp@2019-08-29 15:09:9481.64:0.250;stop@2019-09-01 21:34:9753.17:0.750,2019-08-29 15:00|FILL|9599.77|1.000;2019-08-29 15:09|EXIT_TP|9481.64|0.250;2019-09-01 21:34|EXIT_STOP|9753.17|0.750
S-2019-10-09 19:59-13,BTCUSDT,SHORT,2019-10-10 00:00,2019-10-09 19:59,2019-10-10 00:00,8519.36,8519.36,2019-10-10 00:00,8663.92,8160.00,503.92,8689.91,2019-10-11 04:49,,2019-10-11 04:49,stop,-0.021519,-21.519,0.000700,0.000300,2019-10-10 08:00:+0.000100;2019-10-10 16:00:+0.000100;2019-10-11 00:00:+0.000100,-0.02002,0.01231,28.83,2,1687,2019-10-09 23:59,2019-10-10 00:00,stop@2019-10-11 04:49:8689.91:1.000,2019-10-10 00:00|FILL|8519.36|1.000;2019-10-11 04:49|EXIT_STOP|8689.91|1.000
S-2019-10-25 23:59-14,BTCUSDT,SHORT,2019-10-26 00:00,2019-10-25 23:59,2019-10-26 00:00,8642.79,8642.79,2019-10-26 00:00,8799.00,8247.30,551.70,8825.40,,,2019-10-26 00:05,v,-0.004599,-4.599,0.000700,0.000000,,-0.00882,0.00000,0.08,1,1783,2019-10-25 23:59,2019-10-26 00:00,v@2019-10-26 00:05:8676.49:1.000,2019-10-26 00:00|FILL|8642.79|1.000;2019-10-26 00:04|V_DETECT|8047.59|0.000;2019-10-26 00:05|EXIT_V|8676.49|1.000
S-2019-11-23 07:59-15,BTCUSDT,SHORT,2019-11-24 00:00,2019-11-23 07:59,2019-11-24 00:00,7300.76,7300.76,2019-11-24 00:00,7378.25,7143.00,235.25,7400.38,2019-11-27 16:49,,2019-11-27 16:49,stop,-0.015945,-15.945,0.000700,0.001100,2019-11-24 08:00:+0.000100;2019-11-24 16:00:+0.000100;2019-11-25 00:00:+0.000100;2019-11-25 08:00:+0.000100;2019-11-25 16:00:+0.000100;2019-11-26 00:00:+0.000100;2019-11-26 08:00:+0.000100;2019-11-26 16:00:+0.000100;2019-11-27 00:00:+0.000100;2019-11-27 08:00:+0.000100;2019-11-27 16:00:+0.000100,-0.01365,0.10763,88.83,5,1957,2019-11-23 23:59,2019-11-24 00:00,stop@2019-11-27 16:49:7400.38:1.000,2019-11-24 00:00|FILL|7300.76|1.000;2019-11-27 16:49|EXIT_STOP|7400.38|1.000
L-2019-11-29 23:59-16,BTCUSDT,LONG,2019-11-30 00:00,2019-11-29 23:59,2019-11-30 00:00,7538.68,7538.68,2019-11-30 14:25,7413.00,7850.00,437.00,7390.76,2019-12-01 01:24,,2019-12-01 01:24,stop,-0.021021,-21.021,0.000700,0.000200,2019-11-30 16:00:+0.000100;2019-12-01 00:00:+0.000100,-0.01962,0.00988,11.00,4,1996,2019-11-30 11:59,2019-11-30 14:25,stop@2019-12-01 01:24:7390.76:1.000,2019-11-30 14:25|FILL|7538.68|1.000;2019-12-01 01:24|EXIT_STOP|7390.76|1.000
S-2019-12-05 19:59-17,BTCUSDT,SHORT,2019-12-06 00:00,2019-12-05 19:59,2019-12-06 00:00,7410.78,7410.78,2019-12-06 01:40,7485.00,7265.00,220.00,7507.45,2019-12-06 17:54,,2019-12-06 17:54,stop,-0.014445,-14.445,0.000700,0.000200,2019-12-06 08:00:+0.000100;2019-12-06 16:00:+0.000100,-0.01305,0.01427,16.25,2,2029,2019-12-05 23:59,2019-12-06 01:40,stop@2019-12-06 17:54:7507.45:1.000,2019-12-06 01:40|FILL|7410.78|1.000;2019-12-06 17:54|EXIT_STOP|7507.45|1.000
S-2019-12-15 03:59-18,BTCUSDT,SHORT,2019-12-15 00:00,2019-12-15 03:59,2019-12-15 04:00,7060.37,7060.37,2019-12-15 04:00,7104.25,7008.35,95.90,7125.56,2019-12-15 07:09,,2019-12-15 07:09,stop,-0.010433,-10.433,0.000700,0.000000,,-0.00923,0.00354,3.17,1,2084,2019-12-15 03:59,2019-12-15 04:00,stop@2019-12-15 07:09:7125.56:1.000,2019-12-15 04:00|FILL|7060.37|1.000;2019-12-15 07:09|EXIT_STOP|7125.56|1.000
S-2019-12-20 23:59-19,BTCUSDT,SHORT,2019-12-20 00:00,2019-12-20 23:59,2019-12-21 00:00,7175.95,7175.95,2019-12-21 00:00,7234.00,7079.50,154.50,7255.70,2019-12-22 16:09,,2019-12-22 16:09,stop,-0.012814,-12.814,0.000700,0.000500,2019-12-21 08:00:+0.000100;2019-12-21 16:00:+0.000100;2019-12-22 00:00:+0.000100;2019-12-22 08:00:+0.000100;2019-12-22 16:00:+0.000100,-0.01111,0.00989,40.17,1,2119,2019-12-20 23:59,2019-12-21 00:00,stop@2019-12-22 16:09:7255.70:1.000,2019-12-21 00:00|FILL|7175.95|1.000;2019-12-22 16:09|EXIT_STOP|7255.70|1.000
L-2020-01-07 11:59-20,BTCUSDT,LONG,2020-01-07 00:00,2020-01-07 11:59,2020-01-07 12:00,7830.49,7830.49,2020-01-07 13:05,7758.29,7965.00,206.71,7735.02,2020-01-07 16:04,2020-01-07 14:34,2020-01-07 16:04,stop,-0.008620,-8.620,0.000625,0.000075,2020-01-07 16:00:+0.000075,-0.01219,0.00691,3.00,1,2224,2020-01-07 11:59,2020-01-07 13:05,tp@2020-01-07 14:34:7880.61:0.250;stop@2020-01-07 16:04:7735.02:0.750,2020-01-07 13:05|FILL|7830.49|1.000;2020-01-07 14:34|EXIT_TP|7880.61|0.250;2020-01-07 16:04|EXIT_STOP|7735.02|0.750
L-2020-01-12 03:59-21,BTCUSDT,LONG,2020-01-12 00:00,2020-01-12 03:59,2020-01-12 04:00,8094.20,8094.20,2020-01-12 04:00,8003.16,8286.34,283.18,7979.15,,,2020-02-19 21:50,v,0.157171,157.171,0.000700,0.011600,2020-01-12 08:00:+0.000100;2020-01-12 16:00:+0.000100;2020-01-13 00:00:+0.000100;2020-01-13 08:00:+0.000100;2020-01-13 16:00:+0.000100;2020-01-14 00:00:+0.000100;2020-01-14 08:00:+0.000100;2020-01-14 16:00:+0.000100;2020-01-15 00:00:+0.000100;2020-01-15 08:00:+0.000100;2020-01-15 16:00:+0.000100;2020-01-16 00:00:+0.000100;2020-01-16 08:00:+0.000100;2020-01-16 16:00:+0.000100;2020-01-17 00:00:+0.000100;2020-01-17 08:00:+0.000100;2020-01-17 16:00:+0.000100;2020-01-18 00:00:+0.000100;2020-01-18 08:00:+0.000100;2020-01-18 16:00:+0.000100;2020-01-19 00:00:+0.000100;2020-01-19 08:00:+0.000100;2020-01-19 16:00:+0.000100;2020-01-20 00:00:+0.000100;2020-01-20 08:00:+0.000100;2020-01-20 16:00:+0.000100;2020-01-21 00:00:+0.000100;2020-01-21 08:00:+0.000100;2020-01-21 16:00:+0.000100;2020-01-22 00:00:+0.000100;2020-01-22 08:00:+0.000100;2020-01-22 16:00:+0.000100;2020-01-23 00:00:+0.000100;2020-01-23 08:00:+0.000100;2020-01-23 16:00:+0.000100;2020-01-24 00:00:+0.000100;2020-01-24 08:00:+0.000100;2020-01-24 16:00:+0.000100;2020-01-25 00:00:+0.000100;2020-01-25 08:00:+0.000100;2020-01-25 16:00:+0.000100;2020-01-26 00:00:+0.000100;2020-01-26 08:00:+0.000100;2020-01-26 16:00:+0.000100;2020-01-27 00:00:+0.000100;2020-01-27 08:00:+0.000100;2020-01-27 16:00:+0.000100;2020-01-28 00:00:+0.000100;2020-01-28 08:00:+0.000100;2020-01-28 16:00:+0.000100;2020-01-29 00:00:+0.000100;2020-01-29 08:00:+0.000100;2020-01-29 16:00:+0.000100;2020-01-30 00:00:+0.000100;2020-01-30 08:00:+0.000100;2020-01-30 16:00:+0.000100;2020-01-31 00:00:+0.000100;2020-01-31 08:00:+0.000100;2020-01-31 16:00:+0.000100;2020-02-01 00:00:+0.000100;2020-02-01 08:00:+0.000100;2020-02-01 16:00:+0.000100;2020-02-02 00:00:+0.000100;2020-02-02 08:00:+0.000100;2020-02-02 16:00:+0.000100;2020-02-03 00:00:+0.000100;2020-02-03 08:00:+0.000100;2020-02-03 16:00:+0.000100;2020-02-04 00:00:+0.000100;2020-02-04 08:00:+0.000100;2020-02-04 16:00:+0.000100;2020-02-05 00:00:+0.000100;2020-02-05 08:00:+0.000100;2020-02-05 16:00:+0.000100;2020-02-06 00:00:+0.000100;2020-02-06 08:00:+0.000100;2020-02-06 16:00:+0.000100;2020-02-07 00:00:+0.000100;2020-02-07 08:00:+0.000100;2020-02-07 16:00:+0.000100;2020-02-08 00:00:+0.000100;2020-02-08 08:00:+0.000100;2020-02-08 16:00:+0.000100;2020-02-09 00:00:+0.000100;2020-02-09 08:00:+0.000100;2020-02-09 16:00:+0.000100;2020-02-10 00:00:+0.000100;2020-02-10 08:00:+0.000100;2020-02-10 16:00:+0.000100;2020-02-11 00:00:+0.000100;2020-02-11 08:00:+0.000100;2020-02-11 16:00:+0.000100;2020-02-12 00:00:+0.000100;2020-02-12 08:00:+0.000100;2020-02-12 16:00:+0.000100;2020-02-13 00:00:+0.000100;2020-02-13 08:00:+0.000100;2020-02-13 16:00:+0.000100;2020-02-14 00:00:+0.000100;2020-02-14 08:00:+0.000100;2020-02-14 16:00:+0.000100;2020-02-15 00:00:+0.000100;2020-02-15 08:00:+0.000100;2020-02-15 16:00:+0.000100;2020-02-16 00:00:+0.000100;2020-02-16 08:00:+0.000100;2020-02-16 16:00:+0.000100;2020-02-17 00:00:+0.000100;2020-02-17 08:00:+0.000100;2020-02-17 16:00:+0.000100;2020-02-18 00:00:+0.000100;2020-02-18 08:00:+0.000100;2020-02-18 16:00:+0.000100;2020-02-19 00:00:+0.000100;2020-02-19 08:00:+0.000100;2020-02-19 16:00:+0.000100,-0.00473,0.29723,929.83,1,2252,2020-01-12 03:59,2020-01-12 04:00,v@2020-02-19 21:50:9465.93:1.000,2020-01-12 04:00|FILL|8094.20|1.000;2020-02-19 21:49|V_DETECT|9452.67|0.000;2020-02-19 21:50|EXIT_V|9465.93|1.000
S-2020-02-29 11:59-22,BTCUSDT,SHORT,2020-02-29 00:00,2020-02-29 11:59,2020-02-29 12:00,8718.92,8718.92,2020-03-01 12:00,8790.00,8600.00,190.00,8816.37,2020-03-02 13:24,,2020-03-02 13:24,stop,-0.012676,-12.676,0.000700,0.000300,2020-03-01 16:00:+0.000100;2020-03-02 00:00:+0.000100;2020-03-02 08:00:+0.000100,-0.01118,0.03532,25.42,7,2547,2020-03-01 11:59,2020-03-01 12:00,stop@2020-03-02 13:24:8816.37:1.000,2020-03-01 12:00|FILL|8718.92|1.000;2020-03-02 13:24|EXIT_STOP|8816.37|1.000
S-2020-03-09 15:59-23,BTCUSDT,SHORT,2020-03-09 00:00,2020-03-09 15:59,2020-03-09 16:00,7939.98,7939.98,2020-03-09 23:55,8066.39,7632.01,434.38,8090.59,2020-03-10 11:09,,2020-03-10 11:09,stop,-0.020368,-20.368,0.000700,0.000200,2020-03-10 00:00:+0.000100;2020-03-10 08:00:+0.000100,-0.01897,0.01133,11.25,2,2597,2020-03-09 19:59,2020-03-09 23:55,stop@2020-03-10 11:09:8090.59:1.000,2020-03-09 23:55|FILL|7939.98|1.000;2020-03-10 11:09|EXIT_STOP|8090.59|1.000
S-2020-03-11 07:59-24,BTCUSDT,SHORT,2020-03-11 00:00,2020-03-11 07:59,2020-03-11 08:00,7961.03,7961.03,2020-03-11 22:35,8038.11,7813.00,225.11,8062.22,,2020-03-12 01:34;2020-03-12 01:59;2020-03-12 06:29,2020-03-12 10:19,tp,0.046138,46.138,0.000400,0.000125,2020-03-12 00:00:+0.000100;2020-03-12 08:00:+0.000025,-0.00238,0.08733,11.75,4,2609,2020-03-11 19:59,2020-03-11 22:35,tp@2020-03-12 01:34:7826.55:0.250;tp@2020-03-12 01:59:7719.63:0.250;tp@2020-03-12 06:29:7546.18:0.250;tp@2020-03-12 10:19:7265.82:0.250,2020-03-11 22:35|FILL|7961.03|1.000;2020-03-12 01:34|EXIT_TP|7826.55|0.250;2020-03-12 01:59|EXIT_TP|7719.63|0.250;2020-03-12 06:29|EXIT_TP|7546.18|0.250;2020-03-12 10:19|EXIT_TP|7265.82|0.250
S-2020-03-14 23:59-25,BTCUSDT,SHORT,2020-03-15 00:00,2020-03-14 23:59,2020-03-15 00:00,5530.41,5530.41,2020-03-15 12:15,5699.00,5055.13,643.87,5716.10,2020-03-15 21:54,,2020-03-15 21:54,stop,-0.034876,-34.876,0.000700,0.000100,2020-03-15 16:00:+0.000100,-0.03358,0.06698,9.67,4,2631,2020-03-15 11:59,2020-03-15 12:15,stop@2020-03-15 21:54:5716.10:1.000,2020-03-15 12:15|FILL|5530.41|1.000;2020-03-15 21:54|EXIT_STOP|5716.10|1.000
L-2020-03-20 11:59-26,BTCUSDT,LONG,2020-03-20 00:00,2020-03-20 11:59,2020-03-20 12:00,6273.60,6273.60,2020-03-20 18:25,6055.55,6900.00,844.45,6037.38,2020-03-20 20:09,,2020-03-20 20:09,stop,-0.038853,-38.853,0.000700,0.000000,,-0.03765,0.01457,1.75,2,2662,2020-03-20 15:59,2020-03-20 18:25,stop@2020-03-20 20:09:6037.38:1.000,2020-03-20 18:25|FILL|6273.60|1.000;2020-03-20 20:09|EXIT_STOP|6037.38|1.000
L-2020-03-21 15:59-27,BTCUSDT,LONG,2020-03-22 00:00,2020-03-21 15:59,2020-03-22 00:00,5975.83,5975.83,2020-03-22 12:15,5860.02,6275.00,414.98,5842.44,2020-03-22 20:04,,2020-03-22 20:04,stop,-0.023621,-23.621,0.000700,0.000100,2020-03-22 16:00:+0.000100,-0.02232,0.02851,7.83,6,2673,2020-03-22 11:59,2020-03-22 12:15,stop@2020-03-22 20:04:5842.44:1.000,2020-03-22 12:15|FILL|5975.83|1.000;2020-03-22 20:04|EXIT_STOP|5842.44|1.000
S-2020-03-24 15:59-28,BTCUSDT,SHORT,2020-03-25 00:00,2020-03-24 15:59,2020-03-25 00:00,6724.97,6724.97,2020-03-25 00:00,6833.00,6461.01,371.99,6853.50,,,2020-03-25 00:05,v,0.004844,4.844,0.000700,0.000000,,-0.00323,0.01111,0.08,3,2688,2020-03-24 23:59,2020-03-25 00:00,v@2020-03-25 00:05:6687.69:1.000,2020-03-25 00:00|FILL|6724.97|1.000;2020-03-25 00:04|V_DETECT|6600.00|0.000;2020-03-25 00:05|EXIT_V|6687.69|1.000
S-2020-03-30 03:59-29,BTCUSDT,SHORT,2020-03-30 00:00,2020-03-30 03:59,2020-03-30 04:00,6074.17,6074.17,2020-03-30 05:00,6164.94,5857.76,307.18,6183.43,2020-03-30 05:04,,2020-03-30 05:04,stop,-0.019189,-19.189,0.000700,0.000000,,-0.01799,0.00000,0.08,1,2719,2020-03-30 03:59,2020-03-30 05:00,stop@2020-03-30 05:04:6183.43:1.000,2020-03-30 05:00|FILL|6074.17|1.000;2020-03-30 05:04|EXIT_STOP|6183.43|1.000
S-2020-04-01 11:59-30,BTCUSDT,SHORT,2020-04-01 00:00,2020-04-01 11:59,2020-04-01 12:00,6367.43,6367.43,2020-04-01 20:45,6426.52,6257.32,169.20,6445.80,2020-04-01 22:24,,2020-04-01 22:24,stop,-0.013508,-13.508,0.000700,0.000000,,-0.01231,0.00901,1.67,3,2735,2020-04-01 19:59,2020-04-01 20:45,stop@2020-04-01 22:24:6445.80:1.000,2020-04-01 20:45|FILL|6367.43|1.000;2020-04-01 22:24|EXIT_STOP|6445.80|1.000
L-2020-04-07 11:59-31,BTCUSDT,LONG,2020-04-07 00:00,2020-04-07 11:59,2020-04-07 12:00,7298.39,7298.39,2020-04-07 12:30,7226.07,7440.00,213.93,7204.39,2020-04-07 20:04,2020-04-07 13:34,2020-04-07 20:04,stop,-0.007470,-7.470,0.000625,0.000075,2020-04-07 16:00:+0.000075,-0.01288,0.01392,7.58,1,2769,2020-04-07 11:59,2020-04-07 12:30,tp@2020-04-07 13:34:7393.68:0.250;stop@2020-04-07 20:04:7204.39:0.750,2020-04-07 12:30|FILL|7298.39|1.000;2020-04-07 13:34|EXIT_TP|7393.68|0.250;2020-04-07 20:04|EXIT_STOP|7204.39|0.750
L-2020-04-08 23:59-32,BTCUSDT,LONG,2020-04-09 00:00,2020-04-08 23:59,2020-04-09 00:00,7266.57,7266.57,2020-04-09 03:30,7200.00,7390.00,190.00,7178.40,2020-04-09 11:59,,2020-04-09 11:59,stop,-0.013434,-13.434,0.000700,0.000100,2020-04-09 08:00:+0.000100,-0.01213,0.01134,8.50,1,2778,2020-04-08 23:59,2020-04-09 03:30,stop@2020-04-09 11:59:7178.40:1.000,2020-04-09 03:30|FILL|7266.57|1.000;2020-04-09 11:59|EXIT_STOP|7178.40|1.000
S-2020-04-14 11:59-33,BTCUSDT,SHORT,2020-04-14 00:00,2020-04-14 11:59,2020-04-14 12:00,6861.28,6861.28,2020-04-14 13:05,6921.35,6754.28,167.07,6942.11,2020-04-14 14:09,,2020-04-14 14:09,stop,-0.012982,-12.982,0.000700,0.000000,,-0.01178,0.00164,1.08,1,2811,2020-04-14 11:59,2020-04-14 13:05,stop@2020-04-14 14:09:6942.11:1.000,2020-04-14 13:05|FILL|6861.28|1.000;2020-04-14 14:09|EXIT_STOP|6942.11|1.000
L-2020-04-27 11:59-34,BTCUSDT,LONG,2020-04-26 00:00,2020-04-27 11:59,2020-04-27 12:00,7680.87,7680.87,2020-04-27 12:40,7630.00,7748.22,118.22,7607.11,2020-04-27 13:34,,2020-04-27 13:34,stop,-0.010804,-10.804,0.000700,0.000000,,-0.00960,0.00314,0.92,1,2889,2020-04-27 11:59,2020-04-27 12:40,stop@2020-04-27 13:34:7607.11:1.000,2020-04-27 12:40|FILL|7680.87|1.000;2020-04-27 13:34|EXIT_STOP|7607.11|1.000
L-2020-05-09 19:59-35,BTCUSDT,LONG,2020-05-10 00:00,2020-05-09 19:59,2020-05-10 00:00,9613.65,9613.65,2020-05-10 00:00,9520.00,9795.00,275.00,9491.44,2020-05-10 00:04,,2020-05-10 00:04,stop,-0.013913,-13.913,0.000700,0.000000,,-0.01271,0.00000,0.08,2,2964,2020-05-09 23:59,2020-05-10 00:00,stop@2020-05-10 00:04:9491.44:1.000,2020-05-10 00:00|FILL|9613.65|1.000;2020-05-10 00:04|EXIT_STOP|9491.44|1.000
L-2020-05-23 23:59-36,BTCUSDT,LONG,2020-05-23 00:00,2020-05-23 23:59,2020-05-24 00:00,9139.26,9139.26,2020-05-24 00:05,9070.00,9247.63,177.63,9042.79,2020-05-24 13:54,,2020-05-24 13:54,stop,-0.011855,-11.855,0.000700,0.000100,2020-05-24 08:00:+0.000100,-0.01056,0.01737,13.83,1,3048,2020-05-23 23:59,2020-05-24 00:05,stop@2020-05-24 13:54:9042.79:1.000,2020-05-24 00:05|FILL|9139.26|1.000;2020-05-24 13:54|EXIT_STOP|9042.79|1.000
L-2020-06-03 15:59-37,BTCUSDT,LONG,2020-06-04 00:00,2020-06-03 15:59,2020-06-04 00:00,9459.87,9459.87,2020-06-04 11:30,9365.21,9646.43,281.22,9337.11,2020-06-11 16:54,2020-06-10 18:39,2020-06-11 16:54,stop,-0.001221,-1.221,0.000625,0.002125,2020-06-04 16:00:+0.000100;2020-06-05 00:00:+0.000100;2020-06-05 08:00:+0.000100;2020-06-05 16:00:+0.000100;2020-06-06 00:00:+0.000100;2020-06-06 08:00:+0.000100;2020-06-06 16:00:+0.000100;2020-06-07 00:00:+0.000100;2020-06-07 08:00:+0.000100;2020-06-07 16:00:+0.000100;2020-06-08 00:00:+0.000100;2020-06-08 08:00:+0.000100;2020-06-08 16:00:+0.000100;2020-06-09 00:00:+0.000100;2020-06-09 08:00:+0.000100;2020-06-09 16:00:+0.000100;2020-06-10 00:00:+0.000100;2020-06-10 08:00:+0.000100;2020-06-10 16:00:+0.000100;2020-06-11 00:00:+0.000075;2020-06-11 08:00:+0.000075;2020-06-11 16:00:+0.000075,-0.01298,0.05633,173.42,5,3116,2020-06-04 07:59,2020-06-04 11:30,tp@2020-06-10 18:39:9900.20:0.250;stop@2020-06-11 16:54:9337.11:0.750,2020-06-04 11:30|FILL|9459.87|1.000;2020-06-10 18:39|EXIT_TP|9900.20|0.250;2020-06-11 16:54|EXIT_STOP|9337.11|0.750
S-2020-06-15 23:59-38,BTCUSDT,SHORT,2020-06-16 00:00,2020-06-15 23:59,2020-06-16 00:00,9382.08,9382.08,2020-06-16 00:00,9450.00,9281.81,168.19,9478.35,2020-06-16 03:09,,2020-06-16 03:09,stop,-0.011461,-11.461,0.000700,0.000000,,-0.01026,0.00096,3.17,1,3186,2020-06-15 23:59,2020-06-16 00:00,stop@2020-06-16 03:09:9478.35:1.000,2020-06-16 00:00|FILL|9382.08|1.000;2020-06-16 03:09|EXIT_STOP|9478.35|1.000
S-2020-06-28 03:59-39,BTCUSDT,SHORT,2020-06-28 00:00,2020-06-28 03:59,2020-06-28 04:00,9063.39,9063.39,2020-06-28 08:45,9149.49,8900.22,249.27,9176.94,2020-06-28 14:54,,2020-06-28 14:54,stop,-0.013728,-13.728,0.000700,0.000000,,-0.01253,0.00474,6.17,2,3260,2020-06-28 07:59,2020-06-28 08:45,stop@2020-06-28 14:54:9176.94:1.000,2020-06-28 08:45|FILL|9063.39|1.000;2020-06-28 14:54|EXIT_STOP|9176.94|1.000
L-2020-08-02 23:59-40,BTCUSDT,LONG,2020-08-03 00:00,2020-08-02 23:59,2020-08-03 00:00,11047.21,11047.21,2020-08-03 00:00,10931.00,11283.41,352.41,10898.21,,2020-08-17 15:49,2020-08-26 00:00,dexit,0.043183,43.183,0.000625,0.006250,2020-08-03 08:00:+0.000100;2020-08-03 16:00:+0.000100;2020-08-04 00:00:+0.000100;2020-08-04 08:00:+0.000100;2020-08-04 16:00:+0.000100;2020-08-05 00:00:+0.000100;2020-08-05 08:00:+0.000100;2020-08-05 16:00:+0.000100;2020-08-06 00:00:+0.000100;2020-08-06 08:00:+0.000100;2020-08-06 16:00:+0.000100;2020-08-07 00:00:+0.000100;2020-08-07 08:00:+0.000100;2020-08-07 16:00:+0.000100;2020-08-08 00:00:+0.000100;2020-08-08 08:00:+0.000100;2020-08-08 16:00:+0.000100;2020-08-09 00:00:+0.000100;2020-08-09 08:00:+0.000100;2020-08-09 16:00:+0.000100;2020-08-10 00:00:+0.000100;2020-08-10 08:00:+0.000100;2020-08-10 16:00:+0.000100;2020-08-11 00:00:+0.000100;2020-08-11 08:00:+0.000100;2020-08-11 16:00:+0.000100;2020-08-12 00:00:+0.000100;2020-08-12 08:00:+0.000100;2020-08-12 16:00:+0.000100;2020-08-13 00:00:+0.000100;2020-08-13 08:00:+0.000100;2020-08-13 16:00:+0.000100;2020-08-14 00:00:+0.000100;2020-08-14 08:00:+0.000100;2020-08-14 16:00:+0.000100;2020-08-15 00:00:+0.000100;2020-08-15 08:00:+0.000100;2020-08-15 16:00:+0.000100;2020-08-16 00:00:+0.000100;2020-08-16 08:00:+0.000100;2020-08-16 16:00:+0.000100;2020-08-17 00:00:+0.000100;2020-08-17 08:00:+0.000100;2020-08-17 16:00:+0.000075;2020-08-18 00:00:+0.000075;2020-08-18 08:00:+0.000075;2020-08-18 16:00:+0.000075;2020-08-19 00:00:+0.000075;2020-08-19 08:00:+0.000075;2020-08-19 16:00:+0.000075;2020-08-20 00:00:+0.000075;2020-08-20 08:00:+0.000075;2020-08-20 16:00:+0.000075;2020-08-21 00:00:+0.000075;2020-08-21 08:00:+0.000075;2020-08-21 16:00:+0.000075;2020-08-22 00:00:+0.000075;2020-08-22 08:00:+0.000075;2020-08-22 16:00:+0.000075;2020-08-23 00:00:+0.000075;2020-08-23 08:00:+0.000075;2020-08-23 16:00:+0.000075;2020-08-24 00:00:+0.000075;2020-08-24 08:00:+0.000075;2020-08-24 16:00:+0.000075;2020-08-25 00:00:+0.000075;2020-08-25 08:00:+0.000075;2020-08-25 16:00:+0.000075;2020-08-26 00:00:+0.000075,-0.01007,0.12861,552.00,1,3474,2020-08-02 23:59,2020-08-03 00:00,tp@2020-08-17 15:49:12445.57:0.250;dexit@2020-08-26 00:00:11318.42:0.750,2020-08-03 00:00|FILL|11047.21|1.000;2020-08-17 15:49|EXIT_TP|12445.57|0.250;2020-08-26 00:00|EXIT_DEXIT|11318.42|0.750
L-2020-09-01 19:59-41,BTCUSDT,LONG,2020-09-02 00:00,2020-09-01 19:59,2020-09-02 00:00,11892.68,11892.68,2020-09-02 00:35,11797.26,12050.85,253.59,11761.87,2020-09-02 06:39,,2020-09-02 06:39,stop,-0.012199,-12.199,0.000700,0.000000,,-0.01100,0.00373,6.08,2,3654,2020-09-01 23:59,2020-09-02 00:35,stop@2020-09-02 06:39:11761.87:1.000,2020-09-02 00:35|FILL|11892.68|1.000;2020-09-02 06:39|EXIT_STOP|11761.87|1.000
S-2020-09-05 23:59-42,BTCUSDT,SHORT,2020-09-06 00:00,2020-09-05 23:59,2020-09-06 00:00,10193.80,10193.80,2020-09-06 00:10,10347.87,9825.00,522.87,10378.91,2020-09-07 22:49,,2020-09-07 22:49,stop,-0.019860,-19.860,0.000700,0.000500,2020-09-06 08:00:+0.000100;2020-09-06 16:00:+0.000100;2020-09-07 00:00:+0.000100;2020-09-07 08:00:+0.000100;2020-09-07 16:00:+0.000100,-0.01816,0.03127,46.67,1,3678,2020-09-05 23:59,2020-09-06 00:10,stop@2020-09-07 22:49:10378.91:1.000,2020-09-06 00:10|FILL|10193.80|1.000;2020-09-07 22:49|EXIT_STOP|10378.91|1.000
L-2020-09-29 03:59-43,BTCUSDT,LONG,2020-09-29 00:00,2020-09-29 03:59,2020-09-29 04:00,10720.04,10720.04,2020-09-29 04:00,10626.00,10888.59,262.59,10594.12,2020-10-01 16:19,,2020-10-01 16:19,stop,-0.013746,-13.746,0.000700,0.000800,2020-09-29 08:00:+0.000100;2020-09-29 16:00:+0.000100;2020-09-30 00:00:+0.000100;2020-09-30 08:00:+0.000100;2020-09-30 16:00:+0.000100;2020-10-01 00:00:+0.000100;2020-10-01 08:00:+0.000100;2020-10-01 16:00:+0.000100,-0.01175,0.01865,60.33,1,3817,2020-09-29 03:59,2020-09-29 04:00,stop@2020-10-01 16:19:10594.12:1.000,2020-09-29 04:00|FILL|10720.04|1.000;2020-10-01 16:19|EXIT_STOP|10594.12|1.000
L-2020-10-28 03:59-44,BTCUSDT,LONG,2020-10-27 00:00,2020-10-28 03:59,2020-10-28 04:00,13625.59,13625.59,2020-10-28 07:10,13500.00,13859.48,359.48,13459.50,2020-10-28 11:09,,2020-10-28 11:09,stop,-0.013490,-13.490,0.000700,0.000100,2020-10-28 08:00:+0.000100,-0.01219,0.00587,4.00,1,3991,2020-10-28 03:59,2020-10-28 07:10,stop@2020-10-28 11:09:13459.50:1.000,2020-10-28 07:10|FILL|13625.59|1.000;2020-10-28 11:09|EXIT_STOP|13459.50|1.000
L-2020-11-07 23:59-45,BTCUSDT,LONG,2020-11-08 00:00,2020-11-07 23:59,2020-11-08 00:00,14804.88,14804.88,2020-11-08 00:00,14560.00,15410.00,850.00,14516.32,,2020-11-08 01:34,2020-12-12 00:00,dexit,0.157466,157.466,0.000625,0.007650,2020-11-08 08:00:+0.000075;2020-11-08 16:00:+0.000075;2020-11-09 00:00:+0.000075;2020-11-09 08:00:+0.000075;2020-11-09 16:00:+0.000075;2020-11-10 00:00:+0.000075;2020-11-10 08:00:+0.000075;2020-11-10 16:00:+0.000075;2020-11-11 00:00:+0.000075;2020-11-11 08:00:+0.000075;2020-11-11 16:00:+0.000075;2020-11-12 00:00:+0.000075;2020-11-12 08:00:+0.000075;2020-11-12 16:00:+0.000075;2020-11-13 00:00:+0.000075;2020-11-13 08:00:+0.000075;2020-11-13 16:00:+0.000075;2020-11-14 00:00:+0.000075;2020-11-14 08:00:+0.000075;2020-11-14 16:00:+0.000075;2020-11-15 00:00:+0.000075;2020-11-15 08:00:+0.000075;2020-11-15 16:00:+0.000075;2020-11-16 00:00:+0.000075;2020-11-16 08:00:+0.000075;2020-11-16 16:00:+0.000075;2020-11-17 00:00:+0.000075;2020-11-17 08:00:+0.000075;2020-11-17 16:00:+0.000075;2020-11-18 00:00:+0.000075;2020-11-18 08:00:+0.000075;2020-11-18 16:00:+0.000075;2020-11-19 00:00:+0.000075;2020-11-19 08:00:+0.000075;2020-11-19 16:00:+0.000075;2020-11-20 00:00:+0.000075;2020-11-20 08:00:+0.000075;2020-11-20 16:00:+0.000075;2020-11-21 00:00:+0.000075;2020-11-21 08:00:+0.000075;2020-11-21 16:00:+0.000075;2020-11-22 00:00:+0.000075;2020-11-22 08:00:+0.000075;2020-11-22 16:00:+0.000075;2020-11-23 00:00:+0.000075;2020-11-23 08:00:+0.000075;2020-11-23 16:00:+0.000075;2020-11-24 00:00:+0.000075;2020-11-24 08:00:+0.000075;2020-11-24 16:00:+0.000075;2020-11-25 00:00:+0.000075;2020-11-25 08:00:+0.000075;2020-11-25 16:00:+0.000075;2020-11-26 00:00:+0.000075;2020-11-26 08:00:+0.000075;2020-11-26 16:00:+0.000075;2020-11-27 00:00:+0.000075;2020-11-27 08:00:+0.000075;2020-11-27 16:00:+0.000075;2020-11-28 00:00:+0.000075;2020-11-28 08:00:+0.000075;2020-11-28 16:00:+0.000075;2020-11-29 00:00:+0.000075;2020-11-29 08:00:+0.000075;2020-11-29 16:00:+0.000075;2020-11-30 00:00:+0.000075;2020-11-30 08:00:+0.000075;2020-11-30 16:00:+0.000075;2020-12-01 00:00:+0.000075;2020-12-01 08:00:+0.000075;2020-12-01 16:00:+0.000075;2020-12-02 00:00:+0.000075;2020-12-02 08:00:+0.000075;2020-12-02 16:00:+0.000075;2020-12-03 00:00:+0.000075;2020-12-03 08:00:+0.000075;2020-12-03 16:00:+0.000075;2020-12-04 00:00:+0.000075;2020-12-04 08:00:+0.000075;2020-12-04 16:00:+0.000075;2020-12-05 00:00:+0.000075;2020-12-05 08:00:+0.000075;2020-12-05 16:00:+0.000075;2020-12-06 00:00:+0.000075;2020-12-06 08:00:+0.000075;2020-12-06 16:00:+0.000075;2020-12-07 00:00:+0.000075;2020-12-07 08:00:+0.000075;2020-12-07 16:00:+0.000075;2020-12-08 00:00:+0.000075;2020-12-08 08:00:+0.000075;2020-12-08 16:00:+0.000075;2020-12-09 00:00:+0.000075;2020-12-09 08:00:+0.000075;2020-12-09 16:00:+0.000075;2020-12-10 00:00:+0.000075;2020-12-10 08:00:+0.000075;2020-12-10 16:00:+0.000075;2020-12-11 00:00:+0.000075;2020-12-11 08:00:+0.000075;2020-12-11 16:00:+0.000075;2020-12-12 00:00:+0.000075,-0.00682,0.34334,816.00,1,4056,2020-11-07 23:59,2020-11-08 00:00,tp@2020-11-08 01:34:14925.03:0.250;dexit@2020-12-12 00:00:18036.53:0.750,2020-11-08 00:00|FILL|14804.88|1.000;2020-11-08 01:34|EXIT_TP|14925.03|0.250;2020-12-12 00:00|EXIT_DEXIT|18036.53|0.750
L-2020-12-28 07:59-46,BTCUSDT,LONG,2020-12-29 00:00,2020-12-28 07:59,2020-12-29 00:00,26169.16,26169.16,2020-12-29 05:10,25700.00,27356.30,1656.30,25622.90,,2021-01-01 01:29;2021-01-02 12:24;2021-01-02 13:39,2021-01-02 16:34,tp,0.171692,171.692,0.000400,0.001225,2020-12-29 08:00:+0.000100;2020-12-29 16:00:+0.000100;2020-12-30 00:00:+0.000100;2020-12-30 08:00:+0.000100;2020-12-30 16:00:+0.000100;2020-12-31 00:00:+0.000100;2020-12-31 08:00:+0.000100;2020-12-31 16:00:+0.000100;2021-01-01 00:00:+0.000100;2021-01-01 08:00:+0.000075;2021-01-01 16:00:+0.000075;2021-01-02 00:00:+0.000075;2021-01-02 08:00:+0.000075;2021-01-02 16:00:+0.000025,-0.01105,0.24212,107.42,6,4363,2020-12-29 03:59,2020-12-29 05:10,tp@2021-01-01 01:29:29386.62:0.250;tp@2021-01-02 12:24:29981.25:0.250;tp@2021-01-02 13:39:30945.87:0.250;tp@2021-01-02 16:34:32505.13:0.250,2020-12-29 05:10|FILL|26169.16|1.000;2021-01-01 01:29|EXIT_TP|29386.62|0.250;2021-01-02 12:24|EXIT_TP|29981.25|0.250;2021-01-02 13:39|EXIT_TP|30945.87|0.250;2021-01-02 16:34|EXIT_TP|32505.13|0.250
L-2021-01-03 15:59-47,BTCUSDT,LONG,2020-12-31 00:00,2021-01-03 15:59,2021-01-03 16:00,33072.94,33072.94,2021-01-03 16:45,32450.00,34670.41,2220.41,32352.65,2021-01-03 18:39,,2021-01-03 18:39,stop,-0.022979,-22.979,0.000700,0.000000,,-0.02178,0.00787,1.92,1,4396,2021-01-03 15:59,2021-01-03 16:45,stop@2021-01-03 18:39:32352.65:1.000,2021-01-03 16:45|FILL|33072.94|1.000;2021-01-03 18:39|EXIT_STOP|32352.65|1.000
L-2021-01-09 03:59-48,BTCUSDT,LONG,2021-01-09 00:00,2021-01-09 03:59,2021-01-09 04:00,39318.10,39318.10,2021-01-09 05:55,38652.00,40976.13,2324.13,38536.04,2021-01-10 12:09,2021-01-09 09:04,2021-01-10 12:09,stop,-0.010145,-10.145,0.000625,0.000325,2021-01-09 08:00:+0.000100;2021-01-09 16:00:+0.000075;2021-01-10 00:00:+0.000075;2021-01-10 08:00:+0.000075,-0.01989,0.05244,30.25,1,4429,2021-01-09 03:59,2021-01-09 05:55,tp@2021-01-09 09:04:40277.14:0.250;stop@2021-01-10 12:09:38536.04:0.750,2021-01-09 05:55|FILL|39318.10|1.000;2021-01-09 09:04|EXIT_TP|40277.14|0.250;2021-01-10 12:09|EXIT_STOP|38536.04|0.750
S-2021-01-11 19:59-49,BTCUSDT,SHORT,2021-01-12 00:00,2021-01-11 19:59,2021-01-12 00:00,34853.29,34853.29,2021-01-12 00:00,36360.00,30420.00,5940.00,36469.08,2021-01-12 07:44,,2021-01-12 07:44,stop,-0.047560,-47.560,0.000700,0.000000,,-0.04636,0.03375,7.75,2,4446,2021-01-11 23:59,2021-01-12 00:00,stop@2021-01-12 07:44:36469.08:1.000,2021-01-12 00:00|FILL|34853.29|1.000;2021-01-12 07:44|EXIT_STOP|36469.08|1.000
L-2021-01-14 23:59-50,BTCUSDT,LONG,2021-01-15 00:00,2021-01-14 23:59,2021-01-15 00:00,38362.89,38362.89,2021-01-15 04:15,37707.00,40000.00,2293.00,37593.88,2021-01-15 06:09,,2021-01-15 06:09,stop,-0.021246,-21.246,0.000700,0.000000,,-0.02005,0.01270,1.92,2,4465,2021-01-15 03:59,2021-01-15 04:15,stop@2021-01-15 06:09:37593.88:1.000,2021-01-15 04:15|FILL|38362.89|1.000;2021-01-15 06:09|EXIT_STOP|37593.88|1.000
S-2021-01-18 03:59-51,BTCUSDT,SHORT,2021-01-18 00:00,2021-01-18 03:59,2021-01-18 04:00,36269.12,36269.12,2021-01-18 07:35,36852.50,34842.99,2009.51,36963.06,2021-01-18 12:09,,2021-01-18 12:09,stop,-0.020433,-20.433,0.000700,0.000100,2021-01-18 08:00:+0.000100,-0.01913,0.01372,4.58,1,4483,2021-01-18 03:59,2021-01-18 07:35,stop@2021-01-18 12:09:36963.06:1.000,2021-01-18 07:35|FILL|36269.12|1.000;2021-01-18 12:09|EXIT_STOP|36963.06|1.000
S-2021-01-20 19:59-52,BTCUSDT,SHORT,2021-01-21 00:00,2021-01-20 19:59,2021-01-21 00:00,35233.87,35233.87,2021-01-21 00:00,35939.12,33400.00,2539.12,36046.94,2021-01-29 08:59,2021-01-22 01:19,2021-01-29 08:59,stop,0.023927,23.927,0.000625,0.001950,2021-01-21 08:00:+0.000100;2021-01-21 16:00:+0.000100;2021-01-22 00:00:+0.000100;2021-01-22 08:00:+0.000075;2021-01-22 16:00:+0.000075;2021-01-23 00:00:+0.000075;2021-01-23 08:00:+0.000075;2021-01-23 16:00:+0.000075;2021-01-24 00:00:+0.000075;2021-01-24 08:00:+0.000075;2021-01-24 16:00:+0.000075;2021-01-25 00:00:+0.000075;2021-01-25 08:00:+0.000075;2021-01-25 16:00:+0.000075;2021-01-26 00:00:+0.000075;2021-01-26 08:00:+0.000075;2021-01-26 16:00:+0.000075;2021-01-27 00:00:+0.000075;2021-01-27 08:00:+0.000075;2021-01-27 16:00:+0.000075;2021-01-28 00:00:+0.000075;2021-01-28 08:00:+0.000075;2021-01-28 16:00:+0.000075;2021-01-29 00:00:+0.000075;2021-01-29 08:00:+0.000075,-0.02308,0.18119,201.00,2,4500,2021-01-20 23:59,2021-01-21 00:00,tp@2021-01-22 01:19:29006.72:0.250;stop@2021-01-29 08:59:36046.94:0.750,2021-01-21 00:00|FILL|35233.87|1.000;2021-01-22 01:19|EXIT_TP|29006.72|0.250;2021-01-29 08:59|EXIT_STOP|36046.94|0.750
L-2021-02-10 19:59-53,BTCUSDT,LONG,2021-02-11 00:00,2021-02-10 19:59,2021-02-11 00:00,44536.67,44536.67,2021-02-11 00:10,43727.00,46593.34,2866.34,43595.82,,2021-02-11 10:59,2021-02-23 04:40,v,0.112065,112.065,0.000625,0.002725,2021-02-11 08:00:+0.000100;2021-02-11 16:00:+0.000075;2021-02-12 00:00:+0.000075;2021-02-12 08:00:+0.000075;2021-02-12 16:00:+0.000075;2021-02-13 00:00:+0.000075;2021-02-13 08:00:+0.000075;2021-02-13 16:00:+0.000075;2021-02-14 00:00:+0.000075;2021-02-14 08:00:+0.000075;2021-02-14 16:00:+0.000075;2021-02-15 00:00:+0.000075;2021-02-15 08:00:+0.000075;2021-02-15 16:00:+0.000075;2021-02-16 00:00:+0.000075;2021-02-16 08:00:+0.000075;2021-02-16 16:00:+0.000075;2021-02-17 00:00:+0.000075;2021-02-17 08:00:+0.000075;2021-02-17 16:00:+0.000075;2021-02-18 00:00:+0.000075;2021-02-18 08:00:+0.000075;2021-02-18 16:00:+0.000075;2021-02-19 00:00:+0.000075;2021-02-19 08:00:+0.000075;2021-02-19 16:00:+0.000075;2021-02-20 00:00:+0.000075;2021-02-20 08:00:+0.000075;2021-02-20 16:00:+0.000075;2021-02-21 00:00:+0.000075;2021-02-21 08:00:+0.000075;2021-02-21 16:00:+0.000075;2021-02-22 00:00:+0.000075;2021-02-22 08:00:+0.000075;2021-02-22 16:00:+0.000075;2021-02-23 00:00:+0.000075,-0.01218,0.31022,292.50,2,4626,2021-02-10 23:59,2021-02-11 00:10,tp@2021-02-11 10:59:46306.99:0.250;v@2021-02-23 04:40:50800.17:0.750,2021-02-11 00:10|FILL|44536.67|1.000;2021-02-11 10:59|EXIT_TP|46306.99|0.250;2021-02-23 04:39|V_DETECT|50710.20|0.000;2021-02-23 04:40|EXIT_V|50800.17|0.750
L-2021-03-15 23:59-54,BTCUSDT,LONG,2021-03-16 00:00,2021-03-15 23:59,2021-03-16 00:00,55662.53,55662.53,2021-03-16 00:00,55050.00,56940.00,1890.00,54884.85,,,2021-03-16 00:05,v,0.001943,1.943,0.000700,0.000000,,-0.00723,0.00303,0.08,1,4824,2021-03-15 23:59,2021-03-16 00:00,v@2021-03-16 00:05:55809.62:1.000,2021-03-16 00:00|FILL|55662.53|1.000;2021-03-16 00:04|V_DETECT|56078.23|0.000;2021-03-16 00:05|EXIT_V|55809.62|1.000
L-2021-03-20 11:59-55,BTCUSDT,LONG,2021-03-20 00:00,2021-03-20 11:59,2021-03-20 12:00,58343.68,58343.68,2021-03-20 20:20,57820.17,59299.00,1478.83,57646.71,2021-03-21 02:34,,2021-03-21 02:34,stop,-0.013246,-13.246,0.000700,0.000100,2021-03-21 00:00:+0.000100,-0.01195,0.01125,6.25,3,4853,2021-03-20 19:59,2021-03-20 20:20,stop@2021-03-21 02:34:57646.71:1.000,2021-03-20 20:20|FILL|58343.68|1.000;2021-03-21 02:34|EXIT_STOP|57646.71|1.000
S-2021-03-27 15:59-56,BTCUSDT,SHORT,2021-03-27 00:00,2021-03-27 15:59,2021-03-27 16:00,55010.69,55010.69,2021-03-27 16:00,55555.00,53950.00,1605.00,55721.67,2021-03-27 16:14,,2021-03-27 16:14,stop,-0.014124,-14.124,0.000700,0.000000,,-0.01292,0.00112,0.25,1,4894,2021-03-27 15:59,2021-03-27 16:00,stop@2021-03-27 16:14:55721.67:1.000,2021-03-27 16:00|FILL|55010.69|1.000;2021-03-27 16:14|EXIT_STOP|55721.67|1.000
L-2021-04-19 19:59-57,BTCUSDT,LONG,2021-04-20 00:00,2021-04-19 19:59,2021-04-20 00:00,55075.58,55075.58,2021-04-20 00:20,54221.58,57142.20,2920.62,54058.92,2021-04-20 06:44,,2021-04-20 06:44,stop,-0.019659,-19.659,0.000700,0.000000,,-0.01846,0.00746,6.42,2,5034,2021-04-19 23:59,2021-04-20 00:20,stop@2021-04-20 06:44:54058.92:1.000,2021-04-20 00:20|FILL|55075.58|1.000;2021-04-20 06:44|EXIT_STOP|54058.92|1.000
S-2021-04-25 11:59-58,BTCUSDT,SHORT,2021-04-25 00:00,2021-04-25 11:59,2021-04-25 12:00,50414.52,50414.52,2021-04-25 14:40,51000.00,49161.94,1838.06,51153.00,2021-04-26 01:34,2021-04-25 20:49;2021-04-25 21:34,2021-04-26 01:34,stop,0.012974,12.974,0.000550,0.000150,2021-04-25 16:00:+0.000100;2021-04-26 00:00:+0.000050,-0.01465,0.06912,10.92,1,5067,2021-04-25 11:59,2021-04-25 14:40,tp@2021-04-25 20:49:48898.59:0.250;tp@2021-04-25 21:34:47645.54:0.250;stop@2021-04-26 01:34:51153.00:0.500,2021-04-25 14:40|FILL|50414.52|1.000;2021-04-25 20:49|EXIT_TP|48898.59|0.250;2021-04-25 21:34|EXIT_TP|47645.54|0.250;2021-04-26 01:34|EXIT_STOP|51153.00|0.500
L-2021-05-01 07:59-59,BTCUSDT,LONG,2021-04-30 00:00,2021-05-01 07:59,2021-05-01 08:00,57036.60,57036.60,2021-05-01 15:25,56374.21,58458.07,2083.86,56205.09,2021-05-02 04:04,,2021-05-02 04:04,stop,-0.015979,-15.979,0.000700,0.000200,2021-05-01 16:00:+0.000100;2021-05-02 00:00:+0.000100,-0.01458,0.01687,12.67,2,5103,2021-05-01 11:59,2021-05-01 15:25,stop@2021-05-02 04:04:56205.09:1.000,2021-05-01 15:25|FILL|57036.60|1.000;2021-05-02 04:04|EXIT_STOP|56205.09|1.000
L-2021-05-03 11:59-60,BTCUSDT,LONG,2021-05-03 00:00,2021-05-03 11:59,2021-05-03 12:00,57276.03,57276.03,2021-05-03 13:50,56525.00,58981.44,2456.44,56355.43,2021-05-04 00:34,,2021-05-04 00:34,stop,-0.017473,-17.473,0.000700,0.000200,2021-05-03 16:00:+0.000100;2021-05-04 00:00:+0.000100,-0.01607,0.01611,10.75,1,5115,2021-05-03 11:59,2021-05-03 13:50,stop@2021-05-04 00:34:56355.43:1.000,2021-05-03 13:50|FILL|57276.03|1.000;2021-05-04 00:34|EXIT_STOP|56355.43|1.000
S-2021-05-07 11:59-61,BTCUSDT,SHORT,2021-05-07 00:00,2021-05-07 11:59,2021-05-07 12:00,56508.33,56508.33,2021-05-07 12:00,57122.17,55241.63,1880.54,57293.54,2021-05-07 12:39,,2021-05-07 12:39,stop,-0.015095,-15.095,0.000700,0.000000,,-0.01390,0.00496,0.67,1,5139,2021-05-07 11:59,2021-05-07 12:00,stop@2021-05-07 12:39:57293.54:1.000,2021-05-07 12:00|FILL|56508.33|1.000;2021-05-07 12:39|EXIT_STOP|57293.54|1.000
L-2021-05-11 11:59-62,BTCUSDT,LONG,2021-05-12 00:00,2021-05-11 11:59,2021-05-12 00:00,54963.92,54963.92,2021-05-12 16:15,54370.00,56190.00,1820.00,54206.89,2021-05-12 18:19,,2021-05-12 18:19,stop,-0.014973,-14.973,0.000700,0.000000,,-0.01377,0.00665,2.08,8,5170,2021-05-12 15:59,2021-05-12 16:15,stop@2021-05-12 18:19:54206.89:1.000,2021-05-12 16:15|FILL|54963.92|1.000;2021-05-12 18:19|EXIT_STOP|54206.89|1.000
S-2021-05-17 11:59-63,BTCUSDT,SHORT,2021-05-17 00:00,2021-05-17 11:59,2021-05-17 12:00,45489.71,45489.71,2021-05-17 12:00,46686.00,42196.97,4489.03,46826.06,,2021-05-19 01:19;2021-05-19 03:04;2021-05-19 11:34,2021-05-19 12:54,tp,0.154687,154.687,0.000400,0.000550,2021-05-17 16:00:+0.000100;2021-05-18 00:00:+0.000100;2021-05-18 08:00:+0.000100;2021-05-18 16:00:+0.000100;2021-05-19 00:00:+0.000100;2021-05-19 08:00:+0.000050,-0.00681,0.24953,48.92,1,5199,2021-05-17 11:59,2021-05-17 12:00,tp@2021-05-19 01:19:41536.90:0.250;tp@2021-05-19 03:04:40126.18:0.250;tp@2021-05-19 11:34:37837.69:0.250;tp@2021-05-19 12:54:34138.48:0.250,2021-05-17 12:00|FILL|45489.71|1.000;2021-05-19 01:19|EXIT_TP|41536.90|0.250;2021-05-19 03:04|EXIT_TP|40126.18|0.250;2021-05-19 11:34|EXIT_TP|37837.69|0.250;2021-05-19 12:54|EXIT_TP|34138.48|0.250
S-2021-05-19 19:59-64,BTCUSDT,SHORT,2021-05-19 00:00,2021-05-19 19:59,2021-05-19 20:00,38203.48,38203.48,2021-05-19 20:00,40888.00,30000.00,10888.00,41010.66,2021-05-20 12:19,2021-05-19 21:14,2021-05-20 12:19,stop,-0.053866,-53.866,0.000625,0.000150,2021-05-20 00:00:+0.000075;2021-05-20 08:00:+0.000075,-0.07348,0.08778,16.33,1,5213,2021-05-19 19:59,2021-05-19 20:00,tp@2021-05-19 21:14:37837.69:0.250;stop@2021-05-20 12:19:41010.66:0.750,2021-05-19 20:00|FILL|38203.48|1.000;2021-05-19 21:14|EXIT_TP|37837.69|0.250;2021-05-20 12:19|EXIT_STOP|41010.66|0.750
S-2021-05-20 19:59-65,BTCUSDT,SHORT,2021-05-21 00:00,2021-05-20 19:59,2021-05-21 00:00,41302.75,41302.75,2021-05-21 00:30,42451.67,38110.00,4341.67,42579.03,,2021-05-21 04:29;2021-05-21 14:29;2021-05-21 21:14,2021-05-25 00:05,v,0.084809,84.809,0.000475,0.000375,2021-05-21 08:00:+0.000075;2021-05-21 16:00:+0.000050;2021-05-22 00:00:+0.000025;2021-05-22 08:00:+0.000025;2021-05-22 16:00:+0.000025;2021-05-23 00:00:+0.000025;2021-05-23 08:00:+0.000025;2021-05-23 16:00:+0.000025;2021-05-24 00:00:+0.000025;2021-05-24 08:00:+0.000025;2021-05-24 16:00:+0.000025;2021-05-25 00:00:+0.000025,-0.02172,0.24676,95.58,2,5220,2021-05-20 23:59,2021-05-21 00:30,tp@2021-05-21 04:29:40126.18:0.250;tp@2021-05-21 14:29:37837.69:0.250;tp@2021-05-21 21:14:34138.48:0.250;v@2021-05-25 00:05:38956.83:0.250,2021-05-21 00:30|FILL|41302.75|1.000;2021-05-21 04:29|EXIT_TP|40126.18|0.250;2021-05-21 14:29|EXIT_TP|37837.69|0.250;2021-05-21 21:14|EXIT_TP|34138.48|0.250;2021-05-25 00:04|V_DETECT|38829.00|0.000;2021-05-25 00:05|EXIT_V|38956.83|0.250
L-2021-06-02 23:59-66,BTCUSDT,LONG,2021-06-03 00:00,2021-06-02 23:59,2021-06-03 00:00,37439.96,37439.96,2021-06-03 00:10,37058.61,38200.00,1141.39,36947.43,2021-06-04 05:14,,2021-06-04 05:14,stop,-0.014655,-14.655,0.000700,0.000300,2021-06-03 08:00:+0.000100;2021-06-03 16:00:+0.000100;2021-06-04 00:00:+0.000100,-0.01316,0.05438,29.08,1,5298,2021-06-02 23:59,2021-06-03 00:10,stop@2021-06-04 05:14:36947.43:1.000,2021-06-03 00:10|FILL|37439.96|1.000;2021-06-04 05:14|EXIT_STOP|36947.43|1.000
L-2021-06-17 07:59-67,BTCUSDT,LONG,2021-06-17 00:00,2021-06-17 07:59,2021-06-17 08:00,38534.29,38534.29,2021-06-17 14:00,38116.01,39400.00,1283.99,38001.66,2021-06-17 17:24,,2021-06-17 17:24,stop,-0.015122,-15.122,0.000700,0.000100,2021-06-17 16:00:+0.000100,-0.01382,0.01598,3.42,2,5385,2021-06-17 11:59,2021-06-17 14:00,stop@2021-06-17 17:24:38001.66:1.000,2021-06-17 14:00|FILL|38534.29|1.000;2021-06-17 17:24|EXIT_STOP|38001.66|1.000
S-2021-06-23 07:59-68,BTCUSDT,SHORT,2021-06-23 00:00,2021-06-23 07:59,2021-06-23 08:00,33691.03,33691.03,2021-06-23 08:00,34444.00,31683.00,2761.00,34547.33,2021-06-23 13:14,,2021-06-23 13:14,stop,-0.026616,-26.616,0.000700,0.000000,,-0.02542,0.00121,5.25,1,5420,2021-06-23 07:59,2021-06-23 08:00,stop@2021-06-23 13:14:34547.33:1.000,2021-06-23 08:00|FILL|33691.03|1.000;2021-06-23 13:14|EXIT_STOP|34547.33|1.000
L-2021-07-04 15:59-69,BTCUSDT,LONG,2021-07-05 00:00,2021-07-04 15:59,2021-07-05 00:00,34977.55,34977.55,2021-07-05 00:00,34621.41,35687.18,1065.77,34517.55,2021-07-05 01:34,,2021-07-05 01:34,stop,-0.014351,-14.351,0.000700,0.000000,,-0.01315,0.00904,1.58,3,5490,2021-07-04 23:59,2021-07-05 00:00,stop@2021-07-05 01:34:34517.55:1.000,2021-07-05 00:00|FILL|34977.55|1.000;2021-07-05 01:34|EXIT_STOP|34517.55|1.000
S-2021-07-16 19:59-70,BTCUSDT,SHORT,2021-07-15 00:00,2021-07-16 19:59,2021-07-16 20:00,31846.45,31846.45,2021-07-16 20:00,32212.52,31067.43,1145.09,32309.16,2021-07-18 01:34,2021-07-16 22:44;2021-07-17 00:04,2021-07-18 01:34,stop,-0.002263,-2.263,0.000550,0.000225,2021-07-17 00:00:+0.000075;2021-07-17 08:00:+0.000050;2021-07-17 16:00:+0.000050;2021-07-18 00:00:+0.000050,-0.01453,0.02142,29.58,1,5561,2021-07-16 19:59,2021-07-16 20:00,tp@2021-07-16 22:44:31607.35:0.250;tp@2021-07-17 00:04:31317.84:0.250;stop@2021-07-18 01:34:32309.16:0.500,2021-07-16 20:00|FILL|31846.45|1.000;2021-07-16 22:44|EXIT_TP|31607.35|0.250;2021-07-17 00:04|EXIT_TP|31317.84|0.250;2021-07-18 01:34|EXIT_STOP|32309.16|0.500
S-2021-07-22 19:59-71,BTCUSDT,SHORT,2021-07-23 00:00,2021-07-22 19:59,2021-07-23 00:00,32284.03,32284.03,2021-07-23 00:00,32584.06,31724.39,859.67,32681.81,2021-07-23 01:39,,2021-07-23 01:39,stop,-0.013521,-13.521,0.000700,0.000000,,-0.01232,0.00257,1.67,2,5598,2021-07-22 23:59,2021-07-23 00:00,stop@2021-07-23 01:39:32681.81:1.000,2021-07-23 00:00|FILL|32284.03|1.000;2021-07-23 01:39|EXIT_STOP|32681.81|1.000
L-2021-08-02 03:59-72,BTCUSDT,LONG,2021-08-02 00:00,2021-08-02 03:59,2021-08-02 04:00,40032.15,40032.15,2021-08-02 04:00,39422.01,41500.00,2077.99,39303.74,2021-08-02 12:14,,2021-08-02 12:14,stop,-0.019496,-19.496,0.000700,0.000100,2021-08-02 08:00:+0.000100,-0.01820,0.01119,8.25,1,5659,2021-08-02 03:59,2021-08-02 04:00,stop@2021-08-02 12:14:39303.74:1.000,2021-08-02 04:00|FILL|40032.15|1.000;2021-08-02 12:14|EXIT_STOP|39303.74|1.000
L-2021-08-22 11:59-73,BTCUSDT,LONG,2021-08-21 00:00,2021-08-22 11:59,2021-08-22 12:00,48959.60,48959.60,2021-08-22 12:05,48601.00,49500.00,899.00,48455.20,2021-08-22 14:39,,2021-08-22 14:39,stop,-0.011503,-11.503,0.000700,0.000000,,-0.01030,0.00228,2.58,1,5781,2021-08-22 11:59,2021-08-22 12:05,stop@2021-08-22 14:39:48455.20:1.000,2021-08-22 12:05|FILL|48959.60|1.000;2021-08-22 14:39|EXIT_STOP|48455.20|1.000
L-2021-09-03 19:59-74,BTCUSDT,LONG,2021-09-03 00:00,2021-09-03 19:59,2021-09-03 20:00,49816.26,49816.26,2021-09-03 22:10,49255.57,51000.00,1744.43,49107.80,2021-09-07 14:49,2021-09-05 20:54;2021-09-05 20:59;2021-09-06 11:19,2021-09-07 14:49,stop,0.021659,21.659,0.000475,0.000775,2021-09-04 00:00:+0.000100;2021-09-04 08:00:+0.000100;2021-09-04 16:00:+0.000100;2021-09-05 00:00:+0.000100;2021-09-05 08:00:+0.000100;2021-09-05 16:00:+0.000100;2021-09-06 00:00:+0.000050;2021-09-06 08:00:+0.000050;2021-09-06 16:00:+0.000025;2021-09-07 00:00:+0.000025;2021-09-07 08:00:+0.000025,-0.01422,0.06230,88.67,1,5855,2021-09-03 19:59,2021-09-03 22:10,tp@2021-09-05 20:54:51120.50:0.250;tp@2021-09-05 20:59:51503.00:0.250;tp@2021-09-06 11:19:52123.50:0.250;stop@2021-09-07 14:49:49107.80:0.250,2021-09-03 22:10|FILL|49816.26|1.000;2021-09-05 20:54|EXIT_TP|51120.50|0.250;2021-09-05 20:59|EXIT_TP|51503.00|0.250;2021-09-06 11:19|EXIT_TP|52123.50|0.250;2021-09-07 14:49|EXIT_STOP|49107.80|0.250
S-2021-09-22 03:59-75,BTCUSDT,SHORT,2021-09-22 00:00,2021-09-22 03:59,2021-09-22 04:00,42296.21,42296.21,2021-09-22 06:30,43295.66,39600.00,3695.66,43425.55,2021-09-22 16:14,2021-09-22 10:39,2021-09-22 16:14,stop,-0.019913,-19.913,0.000625,0.000175,2021-09-22 08:00:+0.000100;2021-09-22 16:00:+0.000075,-0.02670,0.01075,9.75,1,5965,2021-09-22 03:59,2021-09-22 06:30,tp@2021-09-22 10:39:42078.32:0.250;stop@2021-09-22 16:14:43425.55:0.750,2021-09-22 06:30|FILL|42296.21|1.000;2021-09-22 10:39|EXIT_TP|42078.32|0.250;2021-09-22 16:14|EXIT_STOP|43425.55|0.750
L-2021-09-25 15:59-76,BTCUSDT,LONG,2021-09-26 00:00,2021-09-25 15:59,2021-09-26 00:00,42083.81,42083.81,2021-09-26 02:10,41646.28,42966.84,1320.56,41521.34,2021-09-26 07:39,,2021-09-26 07:39,stop,-0.014565,-14.565,0.000700,0.000000,,-0.01337,0.00746,5.50,3,5988,2021-09-25 23:59,2021-09-26 02:10,stop@2021-09-26 07:39:41521.34:1.000,2021-09-26 02:10|FILL|42083.81|1.000;2021-09-26 07:39|EXIT_STOP|41521.34|1.000
L-2021-10-07 19:59-77,BTCUSDT,LONG,2021-10-05 00:00,2021-10-07 19:59,2021-10-07 20:00,53834.97,53834.97,2021-10-07 22:20,53357.00,54700.00,1343.00,53196.93,,2021-10-08 07:19,2021-10-28 00:00,dexit,0.061486,61.486,0.000625,0.004600,2021-10-08 00:00:+0.000100;2021-10-08 08:00:+0.000075;2021-10-08 16:00:+0.000075;2021-10-09 00:00:+0.000075;2021-10-09 08:00:+0.000075;2021-10-09 16:00:+0.000075;2021-10-10 00:00:+0.000075;2021-10-10 08:00:+0.000075;2021-10-10 16:00:+0.000075;2021-10-11 00:00:+0.000075;2021-10-11 08:00:+0.000075;2021-10-11 16:00:+0.000075;2021-10-12 00:00:+0.000075;2021-10-12 08:00:+0.000075;2021-10-12 16:00:+0.000075;2021-10-13 00:00:+0.000075;2021-10-13 08:00:+0.000075;2021-10-13 16:00:+0.000075;2021-10-14 00:00:+0.000075;2021-10-14 08:00:+0.000075;2021-10-14 16:00:+0.000075;2021-10-15 00:00:+0.000075;2021-10-15 08:00:+0.000075;2021-10-15 16:00:+0.000075;2021-10-16 00:00:+0.000075;2021-10-16 08:00:+0.000075;2021-10-16 16:00:+0.000075;2021-10-17 00:00:+0.000075;2021-10-17 08:00:+0.000075;2021-10-17 16:00:+0.000075;2021-10-18 00:00:+0.000075;2021-10-18 08:00:+0.000075;2021-10-18 16:00:+0.000075;2021-10-19 00:00:+0.000075;2021-10-19 08:00:+0.000075;2021-10-19 16:00:+0.000075;2021-10-20 00:00:+0.000075;2021-10-20 08:00:+0.000075;2021-10-20 16:00:+0.000075;2021-10-21 00:00:+0.000075;2021-10-21 08:00:+0.000075;2021-10-21 16:00:+0.000075;2021-10-22 00:00:+0.000075;2021-10-22 08:00:+0.000075;2021-10-22 16:00:+0.000075;2021-10-23 00:00:+0.000075;2021-10-23 08:00:+0.000075;2021-10-23 16:00:+0.000075;2021-10-24 00:00:+0.000075;2021-10-24 08:00:+0.000075;2021-10-24 16:00:+0.000075;2021-10-25 00:00:+0.000075;2021-10-25 08:00:+0.000075;2021-10-25 16:00:+0.000075;2021-10-26 00:00:+0.000075;2021-10-26 08:00:+0.000075;2021-10-26 16:00:+0.000075;2021-10-27 00:00:+0.000075;2021-10-27 08:00:+0.000075;2021-10-27 16:00:+0.000075;2021-10-28 00:00:+0.000075,-0.00423,0.24454,481.67,1,6059,2021-10-07 19:59,2021-10-07 22:20,tp@2021-10-08 07:19:54465.14:0.250;dexit@2021-10-28 00:00:58413.44:0.750,2021-10-07 22:20|FILL|53834.97|1.000;2021-10-08 07:19|EXIT_TP|54465.14|0.250;2021-10-28 00:00|EXIT_DEXIT|58413.44|0.750
L-2021-10-29 23:59-78,BTCUSDT,LONG,2021-10-30 00:00,2021-10-29 23:59,2021-10-30 00:00,61421.50,61421.50,2021-10-30 05:00,60699.62,62980.00,2280.38,60517.52,2021-10-31 10:04,,2021-10-31 10:04,stop,-0.016318,-16.318,0.000700,0.000400,2021-10-30 08:00:+0.000100;2021-10-30 16:00:+0.000100;2021-10-31 00:00:+0.000100;2021-10-31 08:00:+0.000100,-0.01472,0.01602,29.08,2,6193,2021-10-30 03:59,2021-10-30 05:00,stop@2021-10-31 10:04:60517.52:1.000,2021-10-30 05:00|FILL|61421.50|1.000;2021-10-31 10:04|EXIT_STOP|60517.52|1.000
L-2021-11-11 07:59-79,BTCUSDT,LONG,2021-11-12 00:00,2021-11-11 07:59,2021-11-12 00:00,63624.93,63624.93,2021-11-12 09:55,62822.90,65414.94,2592.04,62634.43,,,2021-11-12 16:10,v,-0.007411,-7.411,0.000700,0.000100,2021-11-12 16:00:+0.000100,-0.01345,0.00924,6.25,7,6272,2021-11-12 07:59,2021-11-12 09:55,v@2021-11-12 16:10:63204.30:1.000,2021-11-12 09:55|FILL|63624.93|1.000;2021-11-12 16:09|V_DETECT|62822.90|0.000;2021-11-12 16:10|EXIT_V|63204.30|1.000
S-2021-11-19 07:59-80,BTCUSDT,SHORT,2021-11-19 00:00,2021-11-19 07:59,2021-11-19 08:00,57630.68,57630.68,2021-11-19 13:40,58484.94,55600.00,2884.94,58660.39,2021-11-20 01:24,,2021-11-20 01:24,stop,-0.019267,-19.267,0.000700,0.000200,2021-11-19 16:00:+0.000100;2021-11-20 00:00:+0.000100,-0.01787,0.00371,11.75,2,6315,2021-11-19 11:59,2021-11-19 13:40,stop@2021-11-20 01:24:58660.39:1.000,2021-11-19 13:40|FILL|57630.68|1.000;2021-11-20 01:24|EXIT_STOP|58660.39|1.000
S-2021-11-29 03:59-81,BTCUSDT,SHORT,2021-11-29 00:00,2021-11-29 03:59,2021-11-29 04:00,56607.49,56607.49,2021-11-29 04:00,57445.05,54617.84,2827.21,57617.39,2021-11-29 04:09,,2021-11-29 04:09,stop,-0.019040,-19.040,0.000700,0.000000,,-0.01784,0.00000,0.17,1,6373,2021-11-29 03:59,2021-11-29 04:00,stop@2021-11-29 04:09:57617.39:1.000,2021-11-29 04:00|FILL|56607.49|1.000;2021-11-29 04:09|EXIT_STOP|57617.39|1.000
S-2021-12-06 11:59-82,BTCUSDT,SHORT,2021-12-06 00:00,2021-12-06 11:59,2021-12-06 12:00,48938.42,48938.42,2021-12-06 15:55,49699.05,47100.00,2599.05,49848.15,2021-12-06 21:49,,2021-12-06 21:49,stop,-0.019889,-19.889,0.000700,0.000100,2021-12-06 16:00:+0.000100,-0.01859,0.00583,5.92,1,6417,2021-12-06 11:59,2021-12-06 15:55,stop@2021-12-06 21:49:49848.15:1.000,2021-12-06 15:55|FILL|48938.42|1.000;2021-12-06 21:49|EXIT_STOP|49848.15|1.000
S-2021-12-14 03:59-83,BTCUSDT,SHORT,2021-12-14 00:00,2021-12-14 03:59,2021-12-14 04:00,47384.15,47384.15,2021-12-14 08:35,47932.19,46214.13,1718.06,48075.99,2021-12-14 21:09,,2021-12-14 21:09,stop,-0.015901,-15.901,0.000700,0.000100,2021-12-14 16:00:+0.000100,-0.01460,0.02014,12.58,2,6464,2021-12-14 07:59,2021-12-14 08:35,stop@2021-12-14 21:09:48075.99:1.000,2021-12-14 08:35|FILL|47384.15|1.000;2021-12-14 21:09|EXIT_STOP|48075.99|1.000
S-2021-12-17 23:59-84,BTCUSDT,SHORT,2021-12-18 00:00,2021-12-17 23:59,2021-12-18 00:00,46856.72,46856.72,2021-12-18 05:45,47440.10,45565.58,1874.52,47582.42,2021-12-19 03:19,,2021-12-19 03:19,stop,-0.016988,-16.988,0.000700,0.000300,2021-12-18 08:00:+0.000100;2021-12-18 16:00:+0.000100;2021-12-19 00:00:+0.000100,-0.01549,0.01413,21.58,2,6487,2021-12-18 03:59,2021-12-18 05:45,stop@2021-12-19 03:19:47582.42:1.000,2021-12-18 05:45|FILL|46856.72|1.000;2021-12-19 03:19|EXIT_STOP|47582.42|1.000
S-2022-01-07 19:59-85,BTCUSDT,SHORT,2022-01-08 00:00,2022-01-07 19:59,2022-01-08 00:00,42219.89,42219.89,2022-01-08 01:10,42883.47,40610.00,2273.47,43012.12,2022-01-11 17:14,2022-01-08 02:34,2022-01-11 17:14,stop,-0.012918,-12.918,0.000625,0.000825,2022-01-08 08:00:+0.000075;2022-01-08 16:00:+0.000075;2022-01-09 00:00:+0.000075;2022-01-09 08:00:+0.000075;2022-01-09 16:00:+0.000075;2022-01-10 00:00:+0.000075;2022-01-10 08:00:+0.000075;2022-01-10 16:00:+0.000075;2022-01-11 00:00:+0.000075;2022-01-11 08:00:+0.000075;2022-01-11 16:00:+0.000075,-0.01876,0.06087,88.08,2,6612,2022-01-07 23:59,2022-01-08 01:10,tp@2022-01-08 02:34:41716.62:0.250;stop@2022-01-11 17:14:43012.12:0.750,2022-01-08 01:10|FILL|42219.89|1.000;2022-01-08 02:34|EXIT_TP|41716.62|0.250;2022-01-11 17:14|EXIT_STOP|43012.12|0.750
S-2022-01-22 19:59-86,BTCUSDT,SHORT,2022-01-21 00:00,2022-01-22 19:59,2022-01-22 20:00,35625.51,35625.51,2022-01-22 21:55,36192.76,34243.38,1949.38,36301.34,2022-01-23 23:14,,2022-01-23 23:14,stop,-0.020470,-20.470,0.000700,0.000300,2022-01-23 00:00:+0.000100;2022-01-23 08:00:+0.000100;2022-01-23 16:00:+0.000100,-0.01897,0.02876,25.33,1,6701,2022-01-22 19:59,2022-01-22 21:55,stop@2022-01-23 23:14:36301.34:1.000,2022-01-22 21:55|FILL|35625.51|1.000;2022-01-23 23:14|EXIT_STOP|36301.34|1.000
S-2022-01-25 03:59-87,BTCUSDT,SHORT,2022-01-25 00:00,2022-01-25 03:59,2022-01-25 04:00,37061.15,37061.15,2022-01-25 14:35,37550.00,35951.13,1598.87,37662.65,2022-01-26 04:49,,2022-01-26 04:49,stop,-0.017630,-17.630,0.000700,0.000200,2022-01-25 16:00:+0.000100;2022-01-26 00:00:+0.000100,-0.01623,0.02951,14.25,3,6717,2022-01-25 11:59,2022-01-25 14:35,stop@2022-01-26 04:49:37662.65:1.000,2022-01-25 14:35|FILL|37061.15|1.000;2022-01-26 04:49|EXIT_STOP|37662.65|1.000
L-2022-01-29 23:59-88,BTCUSDT,LONG,2022-01-30 00:00,2022-01-29 23:59,2022-01-30 00:00,37724.02,37724.02,2022-01-30 14:20,37268.44,38720.74,1452.30,37156.63,2022-01-31 00:44,,2022-01-31 00:44,stop,-0.016440,-16.440,0.000700,0.000200,2022-01-30 16:00:+0.000100;2022-01-31 00:00:+0.000100,-0.01504,0.01341,10.42,4,6747,2022-01-30 11:59,2022-01-30 14:20,stop@2022-01-31 00:44:37156.63:1.000,2022-01-30 14:20|FILL|37724.02|1.000;2022-01-31 00:44|EXIT_STOP|37156.63|1.000
L-2022-02-11 23:59-89,BTCUSDT,LONG,2022-02-12 00:00,2022-02-11 23:59,2022-02-12 00:00,42582.62,42582.62,2022-02-12 00:00,42050.00,43767.16,1717.16,41923.85,2022-02-12 06:44,,2022-02-12 06:44,stop,-0.016670,-16.670,0.000700,0.000000,,-0.01547,0.00000,6.75,1,6822,2022-02-11 23:59,2022-02-12 00:00,stop@2022-02-12 06:44:41923.85:1.000,2022-02-12 00:00|FILL|42582.62|1.000;2022-02-12 06:44|EXIT_STOP|41923.85|1.000
S-2022-02-24 23:59-90,BTCUSDT,SHORT,2022-02-25 00:00,2022-02-24 23:59,2022-02-25 00:00,36867.35,36867.35,2022-02-25 00:00,37366.36,35721.96,1644.40,37478.46,2022-02-25 00:04,,2022-02-25 00:04,stop,-0.017776,-17.776,0.000700,0.000000,,-0.01658,0.00000,0.08,1,6900,2022-02-24 23:59,2022-02-25 00:00,stop@2022-02-25 00:04:37478.46:1.000,2022-02-25 00:00|FILL|36867.35|1.000;2022-02-25 00:04|EXIT_STOP|37478.46|1.000
L-2022-03-04 07:59-91,BTCUSDT,LONG,2022-03-04 00:00,2022-03-04 07:59,2022-03-04 08:00,41538.10,41538.10,2022-03-04 08:00,41069.91,42527.30,1457.39,40946.70,2022-03-04 08:34,2022-03-04 08:14,2022-03-04 08:34,stop,-0.010279,-10.279,0.000625,0.000000,,-0.01424,0.00568,0.58,1,6944,2022-03-04 07:59,2022-03-04 08:00,tp@2022-03-04 08:14:41770.63:0.250;stop@2022-03-04 08:34:40946.70:0.750,2022-03-04 08:00|FILL|41538.10|1.000;2022-03-04 08:14|EXIT_TP|41770.63|0.250;2022-03-04 08:34|EXIT_STOP|40946.70|0.750
S-2022-03-07 23:59-92,BTCUSDT,SHORT,2022-03-08 00:00,2022-03-07 23:59,2022-03-08 00:00,38865.97,38865.97,2022-03-08 02:40,39547.57,37155.00,2392.57,39666.21,2022-03-09 03:24,,2022-03-09 03:24,stop,-0.022090,-22.090,0.000700,0.000300,2022-03-08 08:00:+0.000100;2022-03-08 16:00:+0.000100;2022-03-09 00:00:+0.000100,-0.02059,0.02226,24.75,1,6966,2022-03-07 23:59,2022-03-08 02:40,stop@2022-03-09 03:24:39666.21:1.000,2022-03-08 02:40|FILL|38865.97|1.000;2022-03-09 03:24|EXIT_STOP|39666.21|1.000
S-2022-03-13 23:59-93,BTCUSDT,SHORT,2022-03-14 00:00,2022-03-13 23:59,2022-03-14 00:00,38605.61,38605.61,2022-03-14 04:10,39074.93,37578.51,1496.42,39192.15,2022-03-14 08:09,,2022-03-14 08:09,stop,-0.016493,-16.493,0.000700,0.000100,2022-03-14 08:00:+0.000100,-0.01519,0.00960,4.00,2,7003,2022-03-14 03:59,2022-03-14 04:10,stop@2022-03-14 08:09:39192.15:1.000,2022-03-14 04:10|FILL|38605.61|1.000;2022-03-14 08:09|EXIT_STOP|39192.15|1.000
L-2022-04-12 23:59-94,BTCUSDT,LONG,2022-04-13 00:00,2022-04-12 23:59,2022-04-13 00:00,39643.20,39643.20,2022-04-13 01:15,39261.39,40376.80,1115.41,39143.61,2022-04-18 04:19,,2022-04-18 04:19,stop,-0.015302,-15.302,0.000700,0.001500,2022-04-13 08:00:+0.000100;2022-04-13 16:00:+0.000100;2022-04-14 00:00:+0.000100;2022-04-14 08:00:+0.000100;2022-04-14 16:00:+0.000100;2022-04-15 00:00:+0.000100;2022-04-15 08:00:+0.000100;2022-04-15 16:00:+0.000100;2022-04-16 00:00:+0.000100;2022-04-16 08:00:+0.000100;2022-04-16 16:00:+0.000100;2022-04-17 00:00:+0.000100;2022-04-17 08:00:+0.000100;2022-04-17 16:00:+0.000100;2022-04-18 00:00:+0.000100,-0.01260,0.04838,123.08,1,7182,2022-04-12 23:59,2022-04-13 01:15,stop@2022-04-18 04:19:39143.61:1.000,2022-04-13 01:15|FILL|39643.20|1.000;2022-04-18 04:19|EXIT_STOP|39143.61|1.000
S-2022-05-03 07:59-95,BTCUSDT,SHORT,2022-05-03 00:00,2022-05-03 07:59,2022-05-03 08:00,38644.12,38644.12,2022-05-03 08:00,38908.56,38280.76,627.80,39025.29,2022-05-04 08:39,,2022-05-04 08:39,stop,-0.011364,-11.364,0.000700,0.000300,2022-05-03 16:00:+0.000100;2022-05-04 00:00:+0.000100;2022-05-04 08:00:+0.000100,-0.00986,0.02915,24.67,1,7304,2022-05-03 07:59,2022-05-03 08:00,stop@2022-05-04 08:39:39025.29:1.000,2022-05-03 08:00|FILL|38644.12|1.000;2022-05-04 08:39|EXIT_STOP|39025.29|1.000
S-2022-05-10 03:59-96,BTCUSDT,SHORT,2022-05-10 00:00,2022-05-10 03:59,2022-05-10 04:00,31818.02,31818.02,2022-05-10 05:45,32588.20,29730.40,2857.80,32685.96,,2022-05-10 10:19;2022-05-11 12:49,2022-05-16 00:00,dexit,0.025895,25.895,0.000550,0.001025,2022-05-10 08:00:+0.000100;2022-05-10 16:00:+0.000075;2022-05-11 00:00:+0.000075;2022-05-11 08:00:+0.000075;2022-05-11 16:00:+0.000050;2022-05-12 00:00:+0.000050;2022-05-12 08:00:+0.000050;2022-05-12 16:00:+0.000050;2022-05-13 00:00:+0.000050;2022-05-13 08:00:+0.000050;2022-05-13 16:00:+0.000050;2022-05-14 00:00:+0.000050;2022-05-14 08:00:+0.000050;2022-05-14 16:00:+0.000050;2022-05-15 00:00:+0.000050;2022-05-15 08:00:+0.000050;2022-05-15 16:00:+0.000050;2022-05-16 00:00:+0.000050,-0.02643,0.16085,138.25,1,7345,2022-05-10 03:59,2022-05-10 05:45,tp@2022-05-10 10:19:31303.60:0.250;tp@2022-05-11 12:49:29814.48:0.250;dexit@2022-05-16 00:00:31328.89:0.500,2022-05-10 05:45|FILL|31818.02|1.000;2022-05-10 10:19|EXIT_TP|31303.60|0.250;2022-05-11 12:49|EXIT_TP|29814.48|0.250;2022-05-16 00:00|EXIT_DEXIT|31328.89|0.500
S-2022-06-07 23:59-97,BTCUSDT,SHORT,2022-06-08 00:00,2022-06-07 23:59,2022-06-08 00:00,30939.75,30939.75,2022-06-08 00:00,31429.85,29747.62,1682.23,31524.14,,2022-06-11 09:09;2022-06-11 12:59;2022-06-12 02:29,2022-06-12 02:59,tp,0.086871,86.871,0.000400,0.001100,2022-06-08 08:00:+0.000100;2022-06-08 16:00:+0.000100;2022-06-09 00:00:+0.000100;2022-06-09 08:00:+0.000100;2022-06-09 16:00:+0.000100;2022-06-10 00:00:+0.000100;2022-06-10 08:00:+0.000100;2022-06-10 16:00:+0.000100;2022-06-11 00:00:+0.000100;2022-06-11 08:00:+0.000100;2022-06-11 16:00:+0.000050;2022-06-12 00:00:+0.000050,-0.01252,0.11582,99.00,1,7518,2022-06-07 23:59,2022-06-08 00:00,tp@2022-06-11 09:09:28827.33:0.250;tp@2022-06-11 12:59:28546.83:0.250;tp@2022-06-12 02:29:28091.80:0.250;tp@2022-06-12 02:59:27356.28:0.250,2022-06-08 00:00|FILL|30939.75|1.000;2022-06-11 09:09|EXIT_TP|28827.33|0.250;2022-06-11 12:59|EXIT_TP|28546.83|0.250;2022-06-12 02:29|EXIT_TP|28091.80|0.250;2022-06-12 02:59|EXIT_TP|27356.28|0.250
S-2022-06-12 11:59-98,BTCUSDT,SHORT,2022-06-11 00:00,2022-06-12 11:59,2022-06-12 12:00,28140.51,28140.51,2022-06-12 15:15,28544.96,27190.00,1354.96,28630.59,,2022-06-12 21:04,2022-06-21 05:25,v,0.200422,200.422,0.000625,0.001975,2022-06-12 16:00:+0.000100;2022-06-13 00:00:+0.000075;2022-06-13 08:00:+0.000075;2022-06-13 16:00:+0.000075;2022-06-14 00:00:+0.000075;2022-06-14 08:00:+0.000075;2022-06-14 16:00:+0.000075;2022-06-15 00:00:+0.000075;2022-06-15 08:00:+0.000075;2022-06-15 16:00:+0.000075;2022-06-16 00:00:+0.000075;2022-06-16 08:00:+0.000075;2022-06-16 16:00:+0.000075;2022-06-17 00:00:+0.000075;2022-06-17 08:00:+0.000075;2022-06-17 16:00:+0.000075;2022-06-18 00:00:+0.000075;2022-06-18 08:00:+0.000075;2022-06-18 16:00:+0.000075;2022-06-19 00:00:+0.000075;2022-06-19 08:00:+0.000075;2022-06-19 16:00:+0.000075;2022-06-20 00:00:+0.000075;2022-06-20 08:00:+0.000075;2022-06-20 16:00:+0.000075;2022-06-21 00:00:+0.000075,-0.00737,0.37379,206.17,1,7545,2022-06-12 11:59,2022-06-12 15:15,tp@2022-06-12 21:04:27356.28:0.250;v@2022-06-21 05:25:20784.40:0.750,2022-06-12 15:15|FILL|28140.51|1.000;2022-06-12 21:04|EXIT_TP|27356.28|0.250;2022-06-21 05:24|V_DETECT|20815.95|0.000;2022-06-21 05:25|EXIT_V|20784.40|0.750
L-2022-07-17 03:59-99,BTCUSDT,LONG,2022-07-15 00:00,2022-07-17 03:59,2022-07-17 04:00,21104.38,21104.38,2022-07-17 14:00,20911.64,21460.85,549.21,20848.91,2022-07-17 17:59,,2022-07-17 17:59,stop,-0.013405,-13.405,0.000700,0.000100,2022-07-17 16:00:+0.000100,-0.01211,0.01188,4.00,3,7755,2022-07-17 11:59,2022-07-17 14:00,stop@2022-07-17 17:59:20848.91:1.000,2022-07-17 14:00|FILL|21104.38|1.000;2022-07-17 17:59|EXIT_STOP|20848.91|1.000
L-2022-07-21 03:59-100,BTCUSDT,LONG,2022-07-21 00:00,2022-07-21 03:59,2022-07-21 04:00,23186.39,23186.39,2022-07-21 04:00,22906.19,23799.62,893.43,22837.47,2022-07-21 04:04,,2022-07-21 04:04,stop,-0.016248,-16.248,0.000700,0.000000,,-0.01505,0.00000,0.08,1,7777,2022-07-21 03:59,2022-07-21 04:00,stop@2022-07-21 04:04:22837.47:1.000,2022-07-21 04:00|FILL|23186.39|1.000;2022-07-21 04:04|EXIT_STOP|22837.47|1.000
S-2022-08-22 15:59-101,BTCUSDT,SHORT,2022-08-22 00:00,2022-08-22 15:59,2022-08-22 16:00,21287.78,21287.78,2022-08-22 16:00,21494.44,20890.18,604.26,21558.92,2022-08-23 13:39,,2022-08-23 13:39,stop,-0.014137,-14.137,0.000700,0.000200,2022-08-23 00:00:+0.000100;2022-08-23 08:00:+0.000100,-0.01274,0.01868,21.67,1,7972,2022-08-22 15:59,2022-08-22 16:00,stop@2022-08-23 13:39:21558.92:1.000,2022-08-22 16:00|FILL|21287.78|1.000;2022-08-23 13:39|EXIT_STOP|21558.92|1.000
S-2022-08-29 19:59-102,BTCUSDT,SHORT,2022-08-30 00:00,2022-08-29 19:59,2022-08-30 00:00,20186.80,20186.80,2022-08-30 00:00,20384.25,19805.00,579.25,20445.40,2022-08-30 04:29,,2022-08-30 04:29,stop,-0.014010,-14.010,0.000700,0.000000,,-0.01281,0.00380,4.50,2,8016,2022-08-29 23:59,2022-08-30 00:00,stop@2022-08-30 04:29:20445.40:1.000,2022-08-30 00:00|FILL|20186.80|1.000;2022-08-30 04:29|EXIT_STOP|20445.40|1.000
L-2022-09-15 19:59-103,BTCUSDT,LONG,2022-09-14 00:00,2022-09-15 19:59,2022-09-15 20:00,19720.50,19720.50,2022-09-15 22:35,19497.00,20194.12,697.12,19438.51,2022-09-16 17:09,,2022-09-16 17:09,stop,-0.015800,-15.800,0.000700,0.000300,2022-09-16 00:00:+0.000100;2022-09-16 08:00:+0.000100;2022-09-16 16:00:+0.000100,-0.01430,0.00859,18.58,1,8117,2022-09-15 19:59,2022-09-15 22:35,stop@2022-09-16 17:09:19438.51:1.000,2022-09-15 22:35|FILL|19720.50|1.000;2022-09-16 17:09|EXIT_STOP|19438.51|1.000
L-2022-09-27 23:59-104,BTCUSDT,LONG,2022-09-28 00:00,2022-09-27 23:59,2022-09-28 00:00,19142.18,19142.18,2022-09-28 00:00,18816.32,19954.49,1138.17,18759.87,2022-09-28 02:19,,2022-09-28 02:19,stop,-0.021172,-21.172,0.000700,0.000000,,-0.01997,0.00502,2.33,1,8190,2022-09-27 23:59,2022-09-28 00:00,stop@2022-09-28 02:19:18759.87:1.000,2022-09-28 00:00|FILL|19142.18|1.000;2022-09-28 02:19|EXIT_STOP|18759.87|1.000
S-2022-11-22 11:59-105,BTCUSDT,SHORT,2022-11-22 00:00,2022-11-22 11:59,2022-11-22 12:00,15837.24,15837.24,2022-11-22 12:15,15967.76,15616.63,351.13,16015.66,2022-11-22 13:14,,2022-11-22 13:14,stop,-0.012466,-12.466,0.000700,0.000000,,-0.01127,0.00579,1.00,1,8523,2022-11-22 11:59,2022-11-22 12:15,stop@2022-11-22 13:14:16015.66:1.000,2022-11-22 12:15|FILL|15837.24|1.000;2022-11-22 13:14|EXIT_STOP|16015.66|1.000
L-2023-01-12 11:59-106,BTCUSDT,LONG,2023-01-12 00:00,2023-01-12 11:59,2023-01-12 12:00,18040.07,18040.07,2023-01-12 13:30,17907.25,18241.43,334.18,17853.53,,,2023-02-11 00:00,dexit,0.189131,189.131,0.000700,0.008900,2023-01-12 16:00:+0.000100;2023-01-13 00:00:+0.000100;2023-01-13 08:00:+0.000100;2023-01-13 16:00:+0.000100;2023-01-14 00:00:+0.000100;2023-01-14 08:00:+0.000100;2023-01-14 16:00:+0.000100;2023-01-15 00:00:+0.000100;2023-01-15 08:00:+0.000100;2023-01-15 16:00:+0.000100;2023-01-16 00:00:+0.000100;2023-01-16 08:00:+0.000100;2023-01-16 16:00:+0.000100;2023-01-17 00:00:+0.000100;2023-01-17 08:00:+0.000100;2023-01-17 16:00:+0.000100;2023-01-18 00:00:+0.000100;2023-01-18 08:00:+0.000100;2023-01-18 16:00:+0.000100;2023-01-19 00:00:+0.000100;2023-01-19 08:00:+0.000100;2023-01-19 16:00:+0.000100;2023-01-20 00:00:+0.000100;2023-01-20 08:00:+0.000100;2023-01-20 16:00:+0.000100;2023-01-21 00:00:+0.000100;2023-01-21 08:00:+0.000100;2023-01-21 16:00:+0.000100;2023-01-22 00:00:+0.000100;2023-01-22 08:00:+0.000100;2023-01-22 16:00:+0.000100;2023-01-23 00:00:+0.000100;2023-01-23 08:00:+0.000100;2023-01-23 16:00:+0.000100;2023-01-24 00:00:+0.000100;2023-01-24 08:00:+0.000100;2023-01-24 16:00:+0.000100;2023-01-25 00:00:+0.000100;2023-01-25 08:00:+0.000100;2023-01-25 16:00:+0.000100;2023-01-26 00:00:+0.000100;2023-01-26 08:00:+0.000100;2023-01-26 16:00:+0.000100;2023-01-27 00:00:+0.000100;2023-01-27 08:00:+0.000100;2023-01-27 16:00:+0.000100;2023-01-28 00:00:+0.000100;2023-01-28 08:00:+0.000100;2023-01-28 16:00:+0.000100;2023-01-29 00:00:+0.000100;2023-01-29 08:00:+0.000100;2023-01-29 16:00:+0.000100;2023-01-30 00:00:+0.000100;2023-01-30 08:00:+0.000100;2023-01-30 16:00:+0.000100;2023-01-31 00:00:+0.000100;2023-01-31 08:00:+0.000100;2023-01-31 16:00:+0.000100;2023-02-01 00:00:+0.000100;2023-02-01 08:00:+0.000100;2023-02-01 16:00:+0.000100;2023-02-02 00:00:+0.000100;2023-02-02 08:00:+0.000100;2023-02-02 16:00:+0.000100;2023-02-03 00:00:+0.000100;2023-02-03 08:00:+0.000100;2023-02-03 16:00:+0.000100;2023-02-04 00:00:+0.000100;2023-02-04 08:00:+0.000100;2023-02-04 16:00:+0.000100;2023-02-05 00:00:+0.000100;2023-02-05 08:00:+0.000100;2023-02-05 16:00:+0.000100;2023-02-06 00:00:+0.000100;2023-02-06 08:00:+0.000100;2023-02-06 16:00:+0.000100;2023-02-07 00:00:+0.000100;2023-02-07 08:00:+0.000100;2023-02-07 16:00:+0.000100;2023-02-08 00:00:+0.000100;2023-02-08 08:00:+0.000100;2023-02-08 16:00:+0.000100;2023-02-09 00:00:+0.000100;2023-02-09 08:00:+0.000100;2023-02-09 16:00:+0.000100;2023-02-10 00:00:+0.000100;2023-02-10 08:00:+0.000100;2023-02-10 16:00:+0.000100;2023-02-11 00:00:+0.000100,-0.00821,0.34451,706.50,1,8829,2023-01-12 11:59,2023-01-12 13:30,dexit@2023-02-11 00:00:21625.19:1.000,2023-01-12 13:30|FILL|18040.07|1.000;2023-02-11 00:00|EXIT_DEXIT|21625.19|1.000
L-2023-02-16 11:59-107,BTCUSDT,LONG,2023-02-16 00:00,2023-02-16 11:59,2023-02-16 12:00,24464.51,24464.51,2023-02-16 12:10,24278.58,24756.35,477.77,24205.74,2023-02-16 22:34,2023-02-16 15:44,2023-02-16 22:34,stop,-0.006718,-6.718,0.000625,0.000075,2023-02-16 16:00:+0.000075,-0.01058,0.03211,10.42,1,9039,2023-02-16 11:59,2023-02-16 12:10,tp@2023-02-16 15:44:24688.62:0.250;stop@2023-02-16 22:34:24205.74:0.750,2023-02-16 12:10|FILL|24464.51|1.000;2023-02-16 15:44|EXIT_TP|24688.62|0.250;2023-02-16 22:34|EXIT_STOP|24205.74|0.750
L-2023-02-19 07:59-108,BTCUSDT,LONG,2023-02-18 00:00,2023-02-19 07:59,2023-02-19 08:00,24609.10,24609.10,2023-02-19 08:00,24430.00,24877.00,447.00,24356.71,2023-02-19 17:59,2023-02-19 11:19,2023-02-19 17:59,stop,-0.007959,-7.959,0.000625,0.000075,2023-02-19 16:00:+0.000075,-0.01026,0.02369,10.00,1,9056,2023-02-19 07:59,2023-02-19 08:00,tp@2023-02-19 11:19:24688.62:0.250;stop@2023-02-19 17:59:24356.71:0.750,2023-02-19 08:00|FILL|24609.10|1.000;2023-02-19 11:19|EXIT_TP|24688.62|0.250;2023-02-19 17:59|EXIT_STOP|24356.71|0.750
L-2023-03-15 07:59-109,BTCUSDT,LONG,2023-03-15 00:00,2023-03-15 07:59,2023-03-15 08:00,24308.21,24308.21,2023-03-15 11:20,23976.42,25074.24,1097.82,23904.49,2023-03-15 17:04,2023-03-15 11:39,2023-03-15 17:04,stop,-0.011672,-11.672,0.000625,0.000075,2023-03-15 16:00:+0.000075,-0.01661,0.03656,5.75,1,9200,2023-03-15 07:59,2023-03-15 11:20,tp@2023-03-15 11:39:24489.01:0.250;stop@2023-03-15 17:04:23904.49:0.750,2023-03-15 11:20|FILL|24308.21|1.000;2023-03-15 11:39|EXIT_TP|24489.01|0.250;2023-03-15 17:04|EXIT_STOP|23904.49|0.750
L-2023-03-18 03:59-110,BTCUSDT,LONG,2023-03-18 00:00,2023-03-18 03:59,2023-03-18 04:00,26696.16,26696.16,2023-03-18 16:30,26264.00,27756.84,1492.84,26185.21,,,2023-04-21 00:00,dexit,0.047267,47.267,0.000700,0.010000,2023-03-19 00:00:+0.000100;2023-03-19 08:00:+0.000100;2023-03-19 16:00:+0.000100;2023-03-20 00:00:+0.000100;2023-03-20 08:00:+0.000100;2023-03-20 16:00:+0.000100;2023-03-21 00:00:+0.000100;2023-03-21 08:00:+0.000100;2023-03-21 16:00:+0.000100;2023-03-22 00:00:+0.000100;2023-03-22 08:00:+0.000100;2023-03-22 16:00:+0.000100;2023-03-23 00:00:+0.000100;2023-03-23 08:00:+0.000100;2023-03-23 16:00:+0.000100;2023-03-24 00:00:+0.000100;2023-03-24 08:00:+0.000100;2023-03-24 16:00:+0.000100;2023-03-25 00:00:+0.000100;2023-03-25 08:00:+0.000100;2023-03-25 16:00:+0.000100;2023-03-26 00:00:+0.000100;2023-03-26 08:00:+0.000100;2023-03-26 16:00:+0.000100;2023-03-27 00:00:+0.000100;2023-03-27 08:00:+0.000100;2023-03-27 16:00:+0.000100;2023-03-28 00:00:+0.000100;2023-03-28 08:00:+0.000100;2023-03-28 16:00:+0.000100;2023-03-29 00:00:+0.000100;2023-03-29 08:00:+0.000100;2023-03-29 16:00:+0.000100;2023-03-30 00:00:+0.000100;2023-03-30 08:00:+0.000100;2023-03-30 16:00:+0.000100;2023-03-31 00:00:+0.000100;2023-03-31 08:00:+0.000100;2023-03-31 16:00:+0.000100;2023-04-01 00:00:+0.000100;2023-04-01 08:00:+0.000100;2023-04-01 16:00:+0.000100;2023-04-02 00:00:+0.000100;2023-04-02 08:00:+0.000100;2023-04-02 16:00:+0.000100;2023-04-03 00:00:+0.000100;2023-04-03 08:00:+0.000100;2023-04-03 16:00:+0.000100;2023-04-04 00:00:+0.000100;2023-04-04 08:00:+0.000100;2023-04-04 16:00:+0.000100;2023-04-05 00:00:+0.000100;2023-04-05 08:00:+0.000100;2023-04-05 16:00:+0.000100;2023-04-06 00:00:+0.000100;2023-04-06 08:00:+0.000100;2023-04-06 16:00:+0.000100;2023-04-07 00:00:+0.000100;2023-04-07 08:00:+0.000100;2023-04-07 16:00:+0.000100;2023-04-08 00:00:+0.000100;2023-04-08 08:00:+0.000100;2023-04-08 16:00:+0.000100;2023-04-09 00:00:+0.000100;2023-04-09 08:00:+0.000100;2023-04-09 16:00:+0.000100;2023-04-10 00:00:+0.000100;2023-04-10 08:00:+0.000100;2023-04-10 16:00:+0.000100;2023-04-11 00:00:+0.000100;2023-04-11 08:00:+0.000100;2023-04-11 16:00:+0.000100;2023-04-12 00:00:+0.000100;2023-04-12 08:00:+0.000100;2023-04-12 16:00:+0.000100;2023-04-13 00:00:+0.000100;2023-04-13 08:00:+0.000100;2023-04-13 16:00:+0.000100;2023-04-14 00:00:+0.000100;2023-04-14 08:00:+0.000100;2023-04-14 16:00:+0.000100;2023-04-15 00:00:+0.000100;2023-04-15 08:00:+0.000100;2023-04-15 16:00:+0.000100;2023-04-16 00:00:+0.000100;2023-04-16 08:00:+0.000100;2023-04-16 16:00:+0.000100;2023-04-17 00:00:+0.000100;2023-04-17 08:00:+0.000100;2023-04-17 16:00:+0.000100;2023-04-18 00:00:+0.000100;2023-04-18 08:00:+0.000100;2023-04-18 16:00:+0.000100;2023-04-19 00:00:+0.000100;2023-04-19 08:00:+0.000100;2023-04-19 16:00:+0.000100;2023-04-20 00:00:+0.000100;2023-04-20 08:00:+0.000100;2023-04-20 16:00:+0.000100;2023-04-21 00:00:+0.000100,-0.00704,0.16122,799.50,4,9220,2023-03-18 15:59,2023-03-18 16:30,dexit@2023-04-21 00:00:28243.65:1.000,2023-03-18 16:30|FILL|26696.16|1.000;2023-04-21 00:00|EXIT_DEXIT|28243.65|1.000
L-2023-04-27 11:59-111,BTCUSDT,LONG,2023-04-27 00:00,2023-04-27 11:59,2023-04-27 12:00,28677.04,28677.04,2023-04-27 12:35,28378.86,29278.88,900.02,28293.72,2023-05-01 05:44,,2023-05-01 05:44,stop,-0.015667,-15.667,0.000700,0.001100,2023-04-27 16:00:+0.000100;2023-04-28 00:00:+0.000100;2023-04-28 08:00:+0.000100;2023-04-28 16:00:+0.000100;2023-04-29 00:00:+0.000100;2023-04-29 08:00:+0.000100;2023-04-29 16:00:+0.000100;2023-04-30 00:00:+0.000100;2023-04-30 08:00:+0.000100;2023-04-30 16:00:+0.000100;2023-05-01 00:00:+0.000100,-0.01337,0.04507,89.17,1,9459,2023-04-27 11:59,2023-04-27 12:35,stop@2023-05-01 05:44:28293.72:1.000,2023-04-27 12:35|FILL|28677.04|1.000;2023-05-01 05:44|EXIT_STOP|28293.72|1.000
S-2023-06-06 15:59-112,BTCUSDT,SHORT,2023-06-06 00:00,2023-06-06 15:59,2023-06-06 16:00,25661.46,25661.46,2023-06-06 16:00,25858.42,25351.02,507.40,25936.00,2023-06-06 16:04,,2023-06-06 16:04,stop,-0.011898,-11.898,0.000700,0.000000,,-0.01070,0.00000,0.08,1,9700,2023-06-06 15:59,2023-06-06 16:00,stop@2023-06-06 16:04:25936.00:1.000,2023-06-06 16:00|FILL|25661.46|1.000;2023-06-06 16:04|EXIT_STOP|25936.00|1.000
S-2023-06-15 11:59-113,BTCUSDT,SHORT,2023-06-15 00:00,2023-06-15 11:59,2023-06-15 12:00,25035.25,25035.25,2023-06-15 12:00,25206.52,24800.00,406.52,25282.14,2023-06-15 18:54,,2023-06-15 18:54,stop,-0.011162,-11.162,0.000700,0.000100,2023-06-15 16:00:+0.000100,-0.00986,0.00456,6.92,1,9753,2023-06-15 11:59,2023-06-15 12:00,stop@2023-06-15 18:54:25282.14:1.000,2023-06-15 12:00|FILL|25035.25|1.000;2023-06-15 18:54|EXIT_STOP|25282.14|1.000
L-2023-06-23 23:59-114,BTCUSDT,LONG,2023-06-24 00:00,2023-06-23 23:59,2023-06-24 00:00,30360.81,30360.81,2023-06-24 15:30,29911.07,31431.94,1520.87,29821.34,2023-06-30 13:49,,2023-06-30 13:49,stop,-0.020769,-20.769,0.000700,0.001800,2023-06-24 16:00:+0.000100;2023-06-25 00:00:+0.000100;2023-06-25 08:00:+0.000100;2023-06-25 16:00:+0.000100;2023-06-26 00:00:+0.000100;2023-06-26 08:00:+0.000100;2023-06-26 16:00:+0.000100;2023-06-27 00:00:+0.000100;2023-06-27 08:00:+0.000100;2023-06-27 16:00:+0.000100;2023-06-28 00:00:+0.000100;2023-06-28 08:00:+0.000100;2023-06-28 16:00:+0.000100;2023-06-29 00:00:+0.000100;2023-06-29 08:00:+0.000100;2023-06-29 16:00:+0.000100;2023-06-30 00:00:+0.000100;2023-06-30 08:00:+0.000100,-0.01777,0.03034,142.33,4,9807,2023-06-24 11:59,2023-06-24 15:30,stop@2023-06-30 13:49:29821.34:1.000,2023-06-24 15:30|FILL|30360.81|1.000;2023-06-30 13:49|EXIT_STOP|29821.34|1.000
S-2023-08-24 23:59-115,BTCUSDT,SHORT,2023-08-24 00:00,2023-08-24 23:59,2023-08-25 00:00,26228.21,26228.21,2023-08-25 13:30,26444.02,25864.00,580.02,26523.35,2023-08-29 14:24,,2023-08-29 14:24,stop,-0.013653,-13.653,0.000700,0.001200,2023-08-25 16:00:+0.000100;2023-08-26 00:00:+0.000100;2023-08-26 08:00:+0.000100;2023-08-26 16:00:+0.000100;2023-08-27 00:00:+0.000100;2023-08-27 08:00:+0.000100;2023-08-27 16:00:+0.000100;2023-08-28 00:00:+0.000100;2023-08-28 08:00:+0.000100;2023-08-28 16:00:+0.000100;2023-08-29 00:00:+0.000100;2023-08-29 08:00:+0.000100,-0.01125,0.01720,96.92,4,10179,2023-08-25 11:59,2023-08-25 13:30,stop@2023-08-29 14:24:26523.35:1.000,2023-08-25 13:30|FILL|26228.21|1.000;2023-08-29 14:24|EXIT_STOP|26523.35|1.000
L-2023-10-20 19:59-116,BTCUSDT,LONG,2023-10-21 00:00,2023-10-20 19:59,2023-10-21 00:00,29476.93,29476.93,2023-10-21 02:35,29227.75,29910.00,682.25,29140.07,,,2024-01-12 22:05,v,0.417259,417.259,0.000700,0.025100,2023-10-21 08:00:+0.000100;2023-10-21 16:00:+0.000100;2023-10-22 00:00:+0.000100;2023-10-22 08:00:+0.000100;2023-10-22 16:00:+0.000100;2023-10-23 00:00:+0.000100;2023-10-23 08:00:+0.000100;2023-10-23 16:00:+0.000100;2023-10-24 00:00:+0.000100;2023-10-24 08:00:+0.000100;2023-10-24 16:00:+0.000100;2023-10-25 00:00:+0.000100;2023-10-25 08:00:+0.000100;2023-10-25 16:00:+0.000100;2023-10-26 00:00:+0.000100;2023-10-26 08:00:+0.000100;2023-10-26 16:00:+0.000100;2023-10-27 00:00:+0.000100;2023-10-27 08:00:+0.000100;2023-10-27 16:00:+0.000100;2023-10-28 00:00:+0.000100;2023-10-28 08:00:+0.000100;2023-10-28 16:00:+0.000100;2023-10-29 00:00:+0.000100;2023-10-29 08:00:+0.000100;2023-10-29 16:00:+0.000100;2023-10-30 00:00:+0.000100;2023-10-30 08:00:+0.000100;2023-10-30 16:00:+0.000100;2023-10-31 00:00:+0.000100;2023-10-31 08:00:+0.000100;2023-10-31 16:00:+0.000100;2023-11-01 00:00:+0.000100;2023-11-01 08:00:+0.000100;2023-11-01 16:00:+0.000100;2023-11-02 00:00:+0.000100;2023-11-02 08:00:+0.000100;2023-11-02 16:00:+0.000100;2023-11-03 00:00:+0.000100;2023-11-03 08:00:+0.000100;2023-11-03 16:00:+0.000100;2023-11-04 00:00:+0.000100;2023-11-04 08:00:+0.000100;2023-11-04 16:00:+0.000100;2023-11-05 00:00:+0.000100;2023-11-05 08:00:+0.000100;2023-11-05 16:00:+0.000100;2023-11-06 00:00:+0.000100;2023-11-06 08:00:+0.000100;2023-11-06 16:00:+0.000100;2023-11-07 00:00:+0.000100;2023-11-07 08:00:+0.000100;2023-11-07 16:00:+0.000100;2023-11-08 00:00:+0.000100;2023-11-08 08:00:+0.000100;2023-11-08 16:00:+0.000100;2023-11-09 00:00:+0.000100;2023-11-09 08:00:+0.000100;2023-11-09 16:00:+0.000100;2023-11-10 00:00:+0.000100;2023-11-10 08:00:+0.000100;2023-11-10 16:00:+0.000100;2023-11-11 00:00:+0.000100;2023-11-11 08:00:+0.000100;2023-11-11 16:00:+0.000100;2023-11-12 00:00:+0.000100;2023-11-12 08:00:+0.000100;2023-11-12 16:00:+0.000100;2023-11-13 00:00:+0.000100;2023-11-13 08:00:+0.000100;2023-11-13 16:00:+0.000100;2023-11-14 00:00:+0.000100;2023-11-14 08:00:+0.000100;2023-11-14 16:00:+0.000100;2023-11-15 00:00:+0.000100;2023-11-15 08:00:+0.000100;2023-11-15 16:00:+0.000100;2023-11-16 00:00:+0.000100;2023-11-16 08:00:+0.000100;2023-11-16 16:00:+0.000100;2023-11-17 00:00:+0.000100;2023-11-17 08:00:+0.000100;2023-11-17 16:00:+0.000100;2023-11-18 00:00:+0.000100;2023-11-18 08:00:+0.000100;2023-11-18 16:00:+0.000100;2023-11-19 00:00:+0.000100;2023-11-19 08:00:+0.000100;2023-11-19 16:00:+0.000100;2023-11-20 00:00:+0.000100;2023-11-20 08:00:+0.000100;2023-11-20 16:00:+0.000100;2023-11-21 00:00:+0.000100;2023-11-21 08:00:+0.000100;2023-11-21 16:00:+0.000100;2023-11-22 00:00:+0.000100;2023-11-22 08:00:+0.000100;2023-11-22 16:00:+0.000100;2023-11-23 00:00:+0.000100;2023-11-23 08:00:+0.000100;2023-11-23 16:00:+0.000100;2023-11-24 00:00:+0.000100;2023-11-24 08:00:+0.000100;2023-11-24 16:00:+0.000100;2023-11-25 00:00:+0.000100;2023-11-25 08:00:+0.000100;2023-11-25 16:00:+0.000100;2023-11-26 00:00:+0.000100;2023-11-26 08:00:+0.000100;2023-11-26 16:00:+0.000100;2023-11-27 00:00:+0.000100;2023-11-27 08:00:+0.000100;2023-11-27 16:00:+0.000100;2023-11-28 00:00:+0.000100;2023-11-28 08:00:+0.000100;2023-11-28 16:00:+0.000100;2023-11-29 00:00:+0.000100;2023-11-29 08:00:+0.000100;2023-11-29 16:00:+0.000100;2023-11-30 00:00:+0.000100;2023-11-30 08:00:+0.000100;2023-11-30 16:00:+0.000100;2023-12-01 00:00:+0.000100;2023-12-01 08:00:+0.000100;2023-12-01 16:00:+0.000100;2023-12-02 00:00:+0.000100;2023-12-02 08:00:+0.000100;2023-12-02 16:00:+0.000100;2023-12-03 00:00:+0.000100;2023-12-03 08:00:+0.000100;2023-12-03 16:00:+0.000100;2023-12-04 00:00:+0.000100;2023-12-04 08:00:+0.000100;2023-12-04 16:00:+0.000100;2023-12-05 00:00:+0.000100;2023-12-05 08:00:+0.000100;2023-12-05 16:00:+0.000100;2023-12-06 00:00:+0.000100;2023-12-06 08:00:+0.000100;2023-12-06 16:00:+0.000100;2023-12-07 00:00:+0.000100;2023-12-07 08:00:+0.000100;2023-12-07 16:00:+0.000100;2023-12-08 00:00:+0.000100;2023-12-08 08:00:+0.000100;2023-12-08 16:00:+0.000100;2023-12-09 00:00:+0.000100;2023-12-09 08:00:+0.000100;2023-12-09 16:00:+0.000100;2023-12-10 00:00:+0.000100;2023-12-10 08:00:+0.000100;2023-12-10 16:00:+0.000100;2023-12-11 00:00:+0.000100;2023-12-11 08:00:+0.000100;2023-12-11 16:00:+0.000100;2023-12-12 00:00:+0.000100;2023-12-12 08:00:+0.000100;2023-12-12 16:00:+0.000100;2023-12-13 00:00:+0.000100;2023-12-13 08:00:+0.000100;2023-12-13 16:00:+0.000100;2023-12-14 00:00:+0.000100;2023-12-14 08:00:+0.000100;2023-12-14 16:00:+0.000100;2023-12-15 00:00:+0.000100;2023-12-15 08:00:+0.000100;2023-12-15 16:00:+0.000100;2023-12-16 00:00:+0.000100;2023-12-16 08:00:+0.000100;2023-12-16 16:00:+0.000100;2023-12-17 00:00:+0.000100;2023-12-17 08:00:+0.000100;2023-12-17 16:00:+0.000100;2023-12-18 00:00:+0.000100;2023-12-18 08:00:+0.000100;2023-12-18 16:00:+0.000100;2023-12-19 00:00:+0.000100;2023-12-19 08:00:+0.000100;2023-12-19 16:00:+0.000100;2023-12-20 00:00:+0.000100;2023-12-20 08:00:+0.000100;2023-12-20 16:00:+0.000100;2023-12-21 00:00:+0.000100;2023-12-21 08:00:+0.000100;2023-12-21 16:00:+0.000100;2023-12-22 00:00:+0.000100;2023-12-22 08:00:+0.000100;2023-12-22 16:00:+0.000100;2023-12-23 00:00:+0.000100;2023-12-23 08:00:+0.000100;2023-12-23 16:00:+0.000100;2023-12-24 00:00:+0.000100;2023-12-24 08:00:+0.000100;2023-12-24 16:00:+0.000100;2023-12-25 00:00:+0.000100;2023-12-25 08:00:+0.000100;2023-12-25 16:00:+0.000100;2023-12-26 00:00:+0.000100;2023-12-26 08:00:+0.000100;2023-12-26 16:00:+0.000100;2023-12-27 00:00:+0.000100;2023-12-27 08:00:+0.000100;2023-12-27 16:00:+0.000100;2023-12-28 00:00:+0.000100;2023-12-28 08:00:+0.000100;2023-12-28 16:00:+0.000100;2023-12-29 00:00:+0.000100;2023-12-29 08:00:+0.000100;2023-12-29 16:00:+0.000100;2023-12-30 00:00:+0.000100;2023-12-30 08:00:+0.000100;2023-12-30 16:00:+0.000100;2023-12-31 00:00:+0.000100;2023-12-31 08:00:+0.000100;2023-12-31 16:00:+0.000100;2024-01-01 00:00:+0.000100;2024-01-01 08:00:+0.000100;2024-01-01 16:00:+0.000100;2024-01-02 00:00:+0.000100;2024-01-02 08:00:+0.000100;2024-01-02 16:00:+0.000100;2024-01-03 00:00:+0.000100;2024-01-03 08:00:+0.000100;2024-01-03 16:00:+0.000100;2024-01-04 00:00:+0.000100;2024-01-04 08:00:+0.000100;2024-01-04 16:00:+0.000100;2024-01-05 00:00:+0.000100;2024-01-05 08:00:+0.000100;2024-01-05 16:00:+0.000100;2024-01-06 00:00:+0.000100;2024-01-06 08:00:+0.000100;2024-01-06 16:00:+0.000100;2024-01-07 00:00:+0.000100;2024-01-07 08:00:+0.000100;2024-01-07 16:00:+0.000100;2024-01-08 00:00:+0.000100;2024-01-08 08:00:+0.000100;2024-01-08 16:00:+0.000100;2024-01-09 00:00:+0.000100;2024-01-09 08:00:+0.000100;2024-01-09 16:00:+0.000100;2024-01-10 00:00:+0.000100;2024-01-10 08:00:+0.000100;2024-01-10 16:00:+0.000100;2024-01-11 00:00:+0.000100;2024-01-11 08:00:+0.000100;2024-01-11 16:00:+0.000100;2024-01-12 00:00:+0.000100;2024-01-12 08:00:+0.000100;2024-01-12 16:00:+0.000100,-0.00041,0.66128,2011.50,2,10518,2023-10-20 23:59,2023-10-21 02:35,v@2024-01-12 22:05:42536.94:1.000,2023-10-21 02:35|FILL|29476.93|1.000;2024-01-12 22:04|V_DETECT|43175.00|0.000;2024-01-12 22:05|EXIT_V|42536.94|1.000
L-2024-03-03 23:59-117,BTCUSDT,LONG,2024-03-02 00:00,2024-03-03 23:59,2024-03-04 00:00,62340.50,62340.50,2024-03-04 00:45,61821.09,63231.88,1410.79,61635.63,2024-03-05 19:39,2024-03-04 14:39;2024-03-04 17:29,2024-03-05 19:39,stop,0.026597,26.597,0.000550,0.000325,2024-03-04 08:00:+0.000100;2024-03-04 16:00:+0.000075;2024-03-05 00:00:+0.000050;2024-03-05 08:00:+0.000050;2024-03-05 16:00:+0.000050,-0.01131,0.10682,42.92,1,11328,2024-03-03 23:59,2024-03-04 00:45,tp@2024-03-04 14:39:65912.39:0.250;tp@2024-03-04 17:29:67091.26:0.250;stop@2024-03-05 19:39:61635.63:0.500,2024-03-04 00:45|FILL|62340.50|1.000;2024-03-04 14:39|EXIT_TP|65912.39|0.250;2024-03-04 17:29|EXIT_TP|67091.26|0.250;2024-03-05 19:39|EXIT_STOP|61635.63|0.500
L-2024-03-10 11:59-118,BTCUSDT,LONG,2024-03-09 00:00,2024-03-10 11:59,2024-03-10 12:00,68804.07,68804.07,2024-03-10 14:40,68200.00,69887.61,1687.61,67995.40,2024-03-11 00:54,,2024-03-11 00:54,stop,-0.013153,-13.153,0.000700,0.000200,2024-03-10 16:00:+0.000100;2024-03-11 00:00:+0.000100,-0.01175,0.01402,10.25,1,11367,2024-03-10 11:59,2024-03-10 14:40,stop@2024-03-11 00:54:67995.40:1.000,2024-03-10 14:40|FILL|68804.07|1.000;2024-03-11 00:54|EXIT_STOP|67995.40|1.000
L-2024-04-07 23:59-119,BTCUSDT,LONG,2024-04-07 00:00,2024-04-07 23:59,2024-04-08 00:00,69405.82,69405.82,2024-04-08 00:00,68849.77,70326.29,1476.52,68643.22,2024-04-09 14:49,2024-04-08 09:29,2024-04-09 14:49,stop,0.000788,0.788,0.000625,0.000325,2024-04-08 08:00:+0.000100;2024-04-08 16:00:+0.000075;2024-04-09 00:00:+0.000075;2024-04-09 08:00:+0.000075,-0.01099,0.04887,38.83,1,11538,2024-04-07 23:59,2024-04-08 00:00,tp@2024-04-08 09:29:72280.32:0.250;stop@2024-04-09 14:49:68643.22:0.750,2024-04-08 00:00|FILL|69405.82|1.000;2024-04-08 09:29|EXIT_TP|72280.32|0.250;2024-04-09 14:49|EXIT_STOP|68643.22|0.750
L-2024-04-13 23:59-120,BTCUSDT,LONG,2024-04-14 00:00,2024-04-13 23:59,2024-04-14 00:00,64888.76,64888.76,2024-04-14 00:00,63750.01,67752.85,4002.84,63558.76,,,2024-04-14 00:05,v,-0.011480,-11.480,0.000700,0.000000,,-0.01759,0.00000,0.08,1,11574,2024-04-13 23:59,2024-04-14 00:00,v@2024-04-14 00:05:64189.29:1.000,2024-04-14 00:00|FILL|64888.76|1.000;2024-04-14 00:04|V_DETECT|65086.86|0.000;2024-04-14 00:05|EXIT_V|64189.29|1.000
S-2024-04-17 23:59-121,BTCUSDT,SHORT,2024-04-18 00:00,2024-04-17 23:59,2024-04-18 00:00,62010.26,62010.26,2024-04-18 03:05,62974.88,59678.16,3296.72,63163.80,2024-04-18 14:09,,2024-04-18 14:09,stop,-0.019902,-19.902,0.000700,0.000100,2024-04-18 08:00:+0.000100,-0.01860,0.01946,11.08,1,11598,2024-04-17 23:59,2024-04-18 03:05,stop@2024-04-18 14:09:63163.80:1.000,2024-04-18 03:05|FILL|62010.26|1.000;2024-04-18 14:09|EXIT_STOP|63163.80|1.000
S-2024-04-19 23:59-122,BTCUSDT,SHORT,2024-04-21 00:00,2024-04-19 23:59,2024-04-21 00:00,64666.34,64666.34,2024-04-21 00:00,65450.00,62953.90,2496.10,65646.35,2024-04-21 03:09,,2024-04-21 03:09,stop,-0.016355,-16.355,0.000700,0.000000,,-0.01515,0.00090,3.17,7,11616,2024-04-20 23:59,2024-04-21 00:00,stop@2024-04-21 03:09:65646.35:1.000,2024-04-21 00:00|FILL|64666.34|1.000;2024-04-21 03:09|EXIT_STOP|65646.35|1.000
S-2024-05-04 03:59-123,BTCUSDT,SHORT,2024-05-04 00:00,2024-05-04 03:59,2024-05-04 04:00,62823.24,62823.24,2024-05-04 04:00,63333.00,61974.00,1359.00,63523.00,2024-05-04 10:44,,2024-05-04 10:44,stop,-0.012439,-12.439,0.000700,0.000100,2024-05-04 08:00:+0.000100,-0.01114,0.00218,6.75,1,11695,2024-05-04 03:59,2024-05-04 04:00,stop@2024-05-04 10:44:63523.00:1.000,2024-05-04 04:00|FILL|62823.24|1.000;2024-05-04 10:44|EXIT_STOP|63523.00|1.000
L-2024-05-16 03:59-124,BTCUSDT,LONG,2024-05-16 00:00,2024-05-16 03:59,2024-05-16 04:00,65374.79,65374.79,2024-05-16 15:00,64720.00,66666.00,1946.00,64525.84,,2024-05-17 07:14;2024-05-17 14:59;2024-05-19 10:34,2024-05-20 19:04,tp,0.028918,28.918,0.000400,0.000675,2024-05-16 16:00:+0.000100;2024-05-17 00:00:+0.000100;2024-05-17 08:00:+0.000075;2024-05-17 16:00:+0.000050;2024-05-18 00:00:+0.000050;2024-05-18 08:00:+0.000050;2024-05-18 16:00:+0.000050;2024-05-19 00:00:+0.000050;2024-05-19 08:00:+0.000050;2024-05-19 16:00:+0.000025;2024-05-20 00:00:+0.000025;2024-05-20 08:00:+0.000025;2024-05-20 16:00:+0.000025,-0.01181,0.05214,100.08,3,11769,2024-05-16 11:59,2024-05-16 15:00,tp@2024-05-17 07:14:66275.68:0.250;tp@2024-05-17 14:59:66753.84:0.250;tp@2024-05-19 10:34:67529.52:0.250;tp@2024-05-20 19:04:68783.36:0.250,2024-05-16 15:00|FILL|65374.79|1.000;2024-05-17 07:14|EXIT_TP|66275.68|0.250;2024-05-17 14:59|EXIT_TP|66753.84|0.250;2024-05-19 10:34|EXIT_TP|67529.52|0.250;2024-05-20 19:04|EXIT_TP|68783.36|0.250
S-2024-07-05 11:59-125,BTCUSDT,SHORT,2024-07-05 00:00,2024-07-05 11:59,2024-07-05 12:00,56418.06,56418.06,2024-07-05 15:05,57546.00,53485.93,4060.07,57718.64,2024-07-06 16:29,,2024-07-06 16:29,stop,-0.024653,-24.653,0.000700,0.000400,2024-07-05 16:00:+0.000100;2024-07-06 00:00:+0.000100;2024-07-06 08:00:+0.000100;2024-07-06 16:00:+0.000100,-0.02305,0.01132,25.42,1,12069,2024-07-05 11:59,2024-07-05 15:05,stop@2024-07-06 16:29:57718.64:1.000,2024-07-05 15:05|FILL|56418.06|1.000;2024-07-06 16:29|EXIT_STOP|57718.64|1.000
L-2024-08-28 19:59-126,BTCUSDT,LONG,2024-08-29 00:00,2024-08-28 19:59,2024-08-29 00:00,59024.81,59024.81,2024-08-29 00:00,58443.07,60160.00,1716.93,58267.74,2024-08-30 15:04,,2024-08-30 15:04,stop,-0.014426,-14.426,0.000700,0.000400,2024-08-29 08:00:+0.000100;2024-08-29 16:00:+0.000100;2024-08-30 00:00:+0.000100;2024-08-30 08:00:+0.000100,-0.01283,0.03629,39.08,2,12396,2024-08-28 23:59,2024-08-29 00:00,stop@2024-08-30 15:04:58267.74:1.000,2024-08-29 00:00|FILL|59024.81|1.000;2024-08-30 15:04|EXIT_STOP|58267.74|1.000
L-2024-10-15 03:59-127,BTCUSDT,LONG,2024-10-15 00:00,2024-10-15 03:59,2024-10-15 04:00,65901.79,65901.79,2024-10-15 04:00,65459.00,66500.00,1041.00,65262.62,2024-10-15 05:34,,2024-10-15 05:34,stop,-0.010899,-10.899,0.000700,0.000000,,-0.00970,0.00000,1.58,1,12679,2024-10-15 03:59,2024-10-15 04:00,stop@2024-10-15 05:34:65262.62:1.000,2024-10-15 04:00|FILL|65901.79|1.000;2024-10-15 05:34|EXIT_STOP|65262.62|1.000
L-2024-11-07 03:59-128,BTCUSDT,LONG,2024-11-07 00:00,2024-11-07 03:59,2024-11-07 04:00,74905.04,74905.04,2024-11-07 04:05,74150.00,76400.00,2250.00,73927.55,,2024-11-07 15:59;2024-11-10 02:29,2024-12-05 22:30,v,0.135031,135.031,0.000550,0.004550,2024-11-07 08:00:+0.000100;2024-11-07 16:00:+0.000075;2024-11-08 00:00:+0.000075;2024-11-08 08:00:+0.000075;2024-11-08 16:00:+0.000075;2024-11-09 00:00:+0.000075;2024-11-09 08:00:+0.000075;2024-11-09 16:00:+0.000075;2024-11-10 00:00:+0.000075;2024-11-10 08:00:+0.000050;2024-11-10 16:00:+0.000050;2024-11-11 00:00:+0.000050;2024-11-11 08:00:+0.000050;2024-11-11 16:00:+0.000050;2024-11-12 00:00:+0.000050;2024-11-12 08:00:+0.000050;2024-11-12 16:00:+0.000050;2024-11-13 00:00:+0.000050;2024-11-13 08:00:+0.000050;2024-11-13 16:00:+0.000050;2024-11-14 00:00:+0.000050;2024-11-14 08:00:+0.000050;2024-11-14 16:00:+0.000050;2024-11-15 00:00:+0.000050;2024-11-15 08:00:+0.000050;2024-11-15 16:00:+0.000050;2024-11-16 00:00:+0.000050;2024-11-16 08:00:+0.000050;2024-11-16 16:00:+0.000050;2024-11-17 00:00:+0.000050;2024-11-17 08:00:+0.000050;2024-11-17 16:00:+0.000050;2024-11-18 00:00:+0.000050;2024-11-18 08:00:+0.000050;2024-11-18 16:00:+0.000050;2024-11-19 00:00:+0.000050;2024-11-19 08:00:+0.000050;2024-11-19 16:00:+0.000050;2024-11-20 00:00:+0.000050;2024-11-20 08:00:+0.000050;2024-11-20 16:00:+0.000050;2024-11-21 00:00:+0.000050;2024-11-21 08:00:+0.000050;2024-11-21 16:00:+0.000050;2024-11-22 00:00:+0.000050;2024-11-22 08:00:+0.000050;2024-11-22 16:00:+0.000050;2024-11-23 00:00:+0.000050;2024-11-23 08:00:+0.000050;2024-11-23 16:00:+0.000050;2024-11-24 00:00:+0.000050;2024-11-24 08:00:+0.000050;2024-11-24 16:00:+0.000050;2024-11-25 00:00:+0.000050;2024-11-25 08:00:+0.000050;2024-11-25 16:00:+0.000050;2024-11-26 00:00:+0.000050;2024-11-26 08:00:+0.000050;2024-11-26 16:00:+0.000050;2024-11-27 00:00:+0.000050;2024-11-27 08:00:+0.000050;2024-11-27 16:00:+0.000050;2024-11-28 00:00:+0.000050;2024-11-28 08:00:+0.000050;2024-11-28 16:00:+0.000050;2024-11-29 00:00:+0.000050;2024-11-29 08:00:+0.000050;2024-11-29 16:00:+0.000050;2024-11-30 00:00:+0.000050;2024-11-30 08:00:+0.000050;2024-11-30 16:00:+0.000050;2024-12-01 00:00:+0.000050;2024-12-01 08:00:+0.000050;2024-12-01 16:00:+0.000050;2024-12-02 00:00:+0.000050;2024-12-02 08:00:+0.000050;2024-12-02 16:00:+0.000050;2024-12-03 00:00:+0.000050;2024-12-03 08:00:+0.000050;2024-12-03 16:00:+0.000050;2024-12-04 00:00:+0.000050;2024-12-04 08:00:+0.000050;2024-12-04 16:00:+0.000050;2024-12-05 00:00:+0.000050;2024-12-05 08:00:+0.000050;2024-12-05 16:00:+0.000050,-0.00653,0.38960,690.42,1,12817,2024-11-07 03:59,2024-11-07 04:05,tp@2024-11-07 15:59:75966.13:0.250;tp@2024-11-10 02:29:77415.50:0.250;v@2024-12-05 22:30:94112.33:0.500,2024-11-07 04:05|FILL|74905.04|1.000;2024-11-07 15:59|EXIT_TP|75966.13|0.250;2024-11-10 02:29|EXIT_TP|77415.50|0.250;2024-12-05 22:29|V_DETECT|90791.10|0.000;2024-12-05 22:30|EXIT_V|94112.33|0.500
S-2024-12-31 15:59-129,BTCUSDT,SHORT,2024-12-31 00:00,2024-12-31 15:59,2024-12-31 16:00,94010.68,94010.68,2024-12-31 16:00,94741.68,92842.88,1898.80,95025.91,2024-12-31 16:04,,2024-12-31 16:04,stop,-0.011999,-11.999,0.000700,0.000000,,-0.01080,0.00000,0.08,1,13144,2024-12-31 15:59,2024-12-31 16:00,stop@2024-12-31 16:04:95025.91:1.000,2024-12-31 16:00|FILL|94010.68|1.000;2024-12-31 16:04|EXIT_STOP|95025.91|1.000
L-2025-01-31 23:59-130,BTCUSDT,LONG,2025-02-01 00:00,2025-01-31 23:59,2025-02-01 00:00,103245.58,103245.58,2025-02-01 00:00,102122.00,105574.40,3452.40,101815.63,2025-02-01 09:04,,2025-02-01 09:04,stop,-0.015150,-15.150,0.000700,0.000100,2025-02-01 08:00:+0.000100,-0.01385,0.00000,9.08,1,13332,2025-01-31 23:59,2025-02-01 00:00,stop@2025-02-01 09:04:101815.63:1.000,2025-02-01 00:00|FILL|103245.58|1.000;2025-02-01 09:04|EXIT_STOP|101815.63|1.000
S-2025-02-12 23:59-131,BTCUSDT,SHORT,2025-02-13 00:00,2025-02-12 23:59,2025-02-13 00:00,96799.92,96799.92,2025-02-13 00:00,97700.00,95120.30,2579.70,97993.10,2025-02-13 01:49,,2025-02-13 01:49,stop,-0.013526,-13.526,0.000700,0.000000,,-0.01233,0.00000,1.83,1,13404,2025-02-12 23:59,2025-02-13 00:00,stop@2025-02-13 01:49:97993.10:1.000,2025-02-13 00:00|FILL|96799.92|1.000;2025-02-13 01:49|EXIT_STOP|97993.10|1.000
S-2025-03-01 15:59-132,BTCUSDT,SHORT,2025-03-01 00:00,2025-03-01 15:59,2025-03-01 16:00,85775.13,85775.13,2025-03-01 21:45,86558.00,84334.39,2223.61,86817.67,2025-03-02 15:29,,2025-03-02 15:29,stop,-0.013554,-13.554,0.000700,0.000200,2025-03-02 00:00:+0.000100;2025-03-02 08:00:+0.000100,-0.01215,0.00845,17.75,2,13505,2025-03-01 19:59,2025-03-01 21:45,stop@2025-03-02 15:29:86817.67:1.000,2025-03-01 21:45|FILL|85775.13|1.000;2025-03-02 15:29|EXIT_STOP|86817.67|1.000
S-2025-03-05 23:59-133,BTCUSDT,SHORT,2025-03-06 00:00,2025-03-05 23:59,2025-03-06 00:00,89876.60,89876.60,2025-03-06 00:00,90933.82,87600.00,3333.82,91206.62,2025-03-06 01:49,,2025-03-06 01:49,stop,-0.015998,-15.998,0.000700,0.000000,,-0.01480,0.00000,1.83,1,13530,2025-03-05 23:59,2025-03-06 00:00,stop@2025-03-06 01:49:91206.62:1.000,2025-03-06 00:00|FILL|89876.60|1.000;2025-03-06 01:49|EXIT_STOP|91206.62|1.000
S-2025-03-11 23:59-134,BTCUSDT,SHORT,2025-03-12 00:00,2025-03-11 23:59,2025-03-12 00:00,82658.92,82658.92,2025-03-12 00:00,83617.40,80609.96,3007.44,83868.25,2025-03-12 12:34,,2025-03-12 12:34,stop,-0.015930,-15.930,0.000700,0.000100,2025-03-12 08:00:+0.000100,-0.01463,0.01649,12.58,1,13566,2025-03-11 23:59,2025-03-12 00:00,stop@2025-03-12 12:34:83868.25:1.000,2025-03-12 00:00|FILL|82658.92|1.000;2025-03-12 12:34|EXIT_STOP|83868.25|1.000
L-2025-04-02 23:59-135,BTCUSDT,LONG,2025-04-03 00:00,2025-04-02 23:59,2025-04-03 00:00,85671.74,85671.74,2025-04-03 00:00,84462.69,88500.00,4037.31,84209.30,2025-04-03 00:04,,2025-04-03 00:04,stop,-0.018270,-18.270,0.000700,0.000000,,-0.01707,0.00000,0.08,1,13698,2025-04-02 23:59,2025-04-03 00:00,stop@2025-04-03 00:04:84209.30:1.000,2025-04-03 00:00|FILL|85671.74|1.000;2025-04-03 00:04|EXIT_STOP|84209.30|1.000
S-2025-04-09 11:59-136,BTCUSDT,SHORT,2025-04-09 00:00,2025-04-09 11:59,2025-04-09 12:00,77044.36,77044.36,2025-04-09 12:55,77979.30,75000.00,2979.30,78213.24,2025-04-09 14:04,,2025-04-09 14:04,stop,-0.016372,-16.372,0.000700,0.000000,,-0.01517,0.00433,1.17,1,13737,2025-04-09 11:59,2025-04-09 12:55,stop@2025-04-09 14:04:78213.24:1.000,2025-04-09 12:55|FILL|77044.36|1.000;2025-04-09 14:04|EXIT_STOP|78213.24|1.000
L-2025-04-12 23:59-137,BTCUSDT,LONG,2025-04-12 00:00,2025-04-12 23:59,2025-04-13 00:00,84300.58,84300.58,2025-04-13 08:05,83474.94,85905.00,2430.06,83224.52,2025-04-13 19:44,,2025-04-13 19:44,stop,-0.014065,-14.065,0.000700,0.000100,2025-04-13 16:00:+0.000100,-0.01276,0.00818,11.67,3,13760,2025-04-13 07:59,2025-04-13 08:05,stop@2025-04-13 19:44:83224.52:1.000,2025-04-13 08:05|FILL|84300.58|1.000;2025-04-13 19:44|EXIT_STOP|83224.52|1.000
L-2025-06-10 03:59-138,BTCUSDT,LONG,2025-06-10 00:00,2025-06-10 03:59,2025-06-10 04:00,108643.91,108643.91,2025-06-10 14:30,107635.91,110530.17,2894.26,107313.00,2025-06-12 10:19,2025-06-10 16:04,2025-06-12 10:19,stop,-0.009273,-9.273,0.000625,0.000475,2025-06-10 16:00:+0.000100;2025-06-11 00:00:+0.000075;2025-06-11 08:00:+0.000075;2025-06-11 16:00:+0.000075;2025-06-12 00:00:+0.000075;2025-06-12 08:00:+0.000075,-0.01225,0.01616,43.83,3,14109,2025-06-10 11:59,2025-06-10 14:30,tp@2025-06-10 16:04:109248.03:0.250;stop@2025-06-12 10:19:107313.00:0.750,2025-06-10 14:30|FILL|108643.91|1.000;2025-06-10 16:04|EXIT_TP|109248.03|0.250;2025-06-12 10:19|EXIT_STOP|107313.00|0.750
L-2025-08-12 23:59-139,BTCUSDT,LONG,2025-08-12 00:00,2025-08-12 23:59,2025-08-13 00:00,119122.60,119122.60,2025-08-13 02:15,118285.00,120324.43,2039.43,117930.15,,2025-08-13 10:14;2025-08-13 13:49;2025-08-13 13:54,2025-08-13 22:44,tp,0.020377,20.377,0.000400,0.000125,2025-08-13 08:00:+0.000100;2025-08-13 16:00:+0.000025,-0.00169,0.03614,20.50,1,14490,2025-08-12 23:59,2025-08-13 02:15,tp@2025-08-13 10:14:120283.63:0.250;tp@2025-08-13 13:49:120883.13:0.250;tp@2025-08-13 13:54:121855.65:0.250;tp@2025-08-13 22:44:123427.68:0.250,2025-08-13 02:15|FILL|119122.60|1.000;2025-08-13 10:14|EXIT_TP|120283.63|0.250;2025-08-13 13:49|EXIT_TP|120883.13|0.250;2025-08-13 13:54|EXIT_TP|121855.65|0.250;2025-08-13 22:44|EXIT_TP|123427.68|0.250
S-2025-10-30 23:59-140,BTCUSDT,SHORT,2025-10-31 00:00,2025-10-30 23:59,2025-10-31 00:00,108631.29,108631.29,2025-10-31 00:10,109777.93,106304.34,3473.59,110107.26,2025-10-31 04:44,,2025-10-31 04:44,stop,-0.014787,-14.787,0.000700,0.000000,,-0.01359,0.00192,4.58,1,14964,2025-10-30 23:59,2025-10-31 00:10,stop@2025-10-31 04:44:110107.26:1.000,2025-10-31 00:10|FILL|108631.29|1.000;2025-10-31 04:44|EXIT_STOP|110107.26|1.000
S-2025-11-14 23:59-141,BTCUSDT,SHORT,2025-11-14 00:00,2025-11-14 23:59,2025-11-15 00:00,96319.20,96319.20,2025-11-15 02:55,97411.11,94012.45,3398.66,97703.34,,2025-11-16 15:59;2025-11-17 19:49,2025-11-25 00:00,dexit,0.056293,56.293,0.000550,0.001800,2025-11-15 08:00:+0.000100;2025-11-15 16:00:+0.000100;2025-11-16 00:00:+0.000100;2025-11-16 08:00:+0.000100;2025-11-16 16:00:+0.000075;2025-11-17 00:00:+0.000075;2025-11-17 08:00:+0.000075;2025-11-17 16:00:+0.000075;2025-11-18 00:00:+0.000050;2025-11-18 08:00:+0.000050;2025-11-18 16:00:+0.000050;2025-11-19 00:00:+0.000050;2025-11-19 08:00:+0.000050;2025-11-19 16:00:+0.000050;2025-11-20 00:00:+0.000050;2025-11-20 08:00:+0.000050;2025-11-20 16:00:+0.000050;2025-11-21 00:00:+0.000050;2025-11-21 08:00:+0.000050;2025-11-21 16:00:+0.000050;2025-11-22 00:00:+0.000050;2025-11-22 08:00:+0.000050;2025-11-22 16:00:+0.000050;2025-11-23 00:00:+0.000050;2025-11-23 08:00:+0.000050;2025-11-23 16:00:+0.000050;2025-11-24 00:00:+0.000050;2025-11-24 08:00:+0.000050;2025-11-24 16:00:+0.000050;2025-11-25 00:00:+0.000050,-0.00548,0.16320,237.08,1,15054,2025-11-14 23:59,2025-11-15 02:55,tp@2025-11-16 15:59:94434.61:0.250;tp@2025-11-17 19:49:91648.47:0.250;dexit@2025-11-25 00:00:88300.01:0.500,2025-11-15 02:55|FILL|96319.20|1.000;2025-11-16 15:59|EXIT_TP|94434.61|0.250;2025-11-17 19:49|EXIT_TP|91648.47|0.250;2025-11-25 00:00|EXIT_DEXIT|88300.01|0.500
L-2025-12-03 11:59-142,BTCUSDT,LONG,2025-12-03 00:00,2025-12-03 11:59,2025-12-03 12:00,91965.83,91965.83,2025-12-03 14:00,90990.23,93958.58,2968.35,90717.26,2025-12-05 13:29,,2025-12-05 13:29,stop,-0.015376,-15.376,0.000700,0.000600,2025-12-03 16:00:+0.000100;2025-12-04 00:00:+0.000100;2025-12-04 08:00:+0.000100;2025-12-04 16:00:+0.000100;2025-12-05 00:00:+0.000100;2025-12-05 08:00:+0.000100,-0.01358,0.02375,47.50,1,15165,2025-12-03 11:59,2025-12-03 14:00,stop@2025-12-05 13:29:90717.26:1.000,2025-12-03 14:00|FILL|91965.83|1.000;2025-12-05 13:29|EXIT_STOP|90717.26|1.000
L-2026-01-08 11:59-143,BTCUSDT,LONG,2026-01-08 00:00,2026-01-08 11:59,2026-01-08 12:00,90276.75,90276.75,2026-01-08 12:00,89641.84,91188.00,1546.16,89372.91,2026-01-08 14:49,,2026-01-08 14:49,stop,-0.011212,-11.212,0.000700,0.000000,,-0.01001,0.00000,2.83,1,15381,2026-01-08 11:59,2026-01-08 12:00,stop@2026-01-08 14:49:89372.91:1.000,2026-01-08 12:00|FILL|90276.75|1.000;2026-01-08 14:49|EXIT_STOP|89372.91|1.000
S-2026-02-03 03:59-144,BTCUSDT,SHORT,2026-02-03 00:00,2026-02-03 03:59,2026-02-03 04:00,78699.48,78699.48,2026-02-03 04:00,79360.00,77564.62,1795.38,79598.08,,2026-02-03 18:49;2026-02-04 17:44;2026-02-05 11:29,2026-02-05 17:24,tp,0.102576,102.576,0.000400,0.000550,2026-02-03 08:00:+0.000100;2026-02-03 16:00:+0.000100;2026-02-04 00:00:+0.000075;2026-02-04 08:00:+0.000075;2026-02-04 16:00:+0.000075;2026-02-05 00:00:+0.000050;2026-02-05 08:00:+0.000050;2026-02-05 16:00:+0.000025,-0.00489,0.15512,61.42,1,15535,2026-02-03 03:59,2026-02-03 04:00,tp@2026-02-03 18:49:73524.60:0.250;tp@2026-02-04 17:44:72183.60:0.250;tp@2026-02-05 11:29:70008.20:0.250;tp@2026-02-05 17:24:66491.80:0.250,2026-02-03 04:00|FILL|78699.48|1.000;2026-02-03 18:49|EXIT_TP|73524.60|0.250;2026-02-04 17:44|EXIT_TP|72183.60|0.250;2026-02-05 11:29|EXIT_TP|70008.20|0.250;2026-02-05 17:24|EXIT_TP|66491.80|0.250
S-2026-02-06 07:59-145,BTCUSDT,SHORT,2026-02-06 00:00,2026-02-06 07:59,2026-02-06 08:00,64397.87,64397.87,2026-02-06 08:00,66010.00,60000.00,6010.00,66208.03,2026-02-06 10:24,,2026-02-06 10:24,stop,-0.029309,-29.309,0.000700,0.000000,,-0.02811,0.00000,2.42,1,15554,2026-02-06 07:59,2026-02-06 08:00,stop@2026-02-06 10:24:66208.03:1.000,2026-02-06 08:00|FILL|64397.87|1.000;2026-02-06 10:24|EXIT_STOP|66208.03|1.000
S-2026-02-07 15:59-146,BTCUSDT,SHORT,2026-02-08 00:00,2026-02-07 15:59,2026-02-08 00:00,70508.52,70508.52,2026-02-08 08:30,71690.07,67582.48,4107.59,71905.14,2026-02-08 23:09,2026-02-08 10:24,2026-02-08 23:09,stop,-0.014157,-14.157,0.000625,0.000075,2026-02-08 16:00:+0.000075,-0.01981,0.00876,14.67,5,15566,2026-02-08 07:59,2026-02-08 08:30,tp@2026-02-08 10:24:70008.20:0.250;stop@2026-02-08 23:09:71905.14:0.750,2026-02-08 08:30|FILL|70508.52|1.000;2026-02-08 10:24|EXIT_TP|70008.20|0.250;2026-02-08 23:09|EXIT_STOP|71905.14|0.750
S-2026-02-24 11:59-147,BTCUSDT,SHORT,2026-02-24 00:00,2026-02-24 11:59,2026-02-24 12:00,64284.39,64284.39,2026-02-24 16:00,65026.75,62700.80,2325.95,65221.83,2026-02-25 01:14,2026-02-24 16:29,2026-02-25 01:14,stop,-0.010575,-10.575,0.000625,0.000075,2026-02-25 00:00:+0.000075,-0.01458,0.00925,9.25,2,15664,2026-02-24 15:59,2026-02-24 16:00,tp@2026-02-24 16:29:63914.80:0.250;stop@2026-02-25 01:14:65221.83:0.750,2026-02-24 16:00|FILL|64284.39|1.000;2026-02-24 16:29|EXIT_TP|63914.80|0.250;2026-02-25 01:14|EXIT_STOP|65221.83|0.750
S-2026-06-25 11:59-148,BTCUSDT,SHORT,2026-06-25 00:00,2026-06-25 11:59,2026-06-25 12:00,61501.13,61501.13,2026-06-25 12:30,61962.40,60792.00,1170.40,62148.29,2026-07-02 14:14,2026-06-25 13:34;2026-06-25 13:44;2026-06-25 13:54,2026-07-02 14:14,stop,0.012065,12.065,0.000475,0.000525,2026-06-25 16:00:+0.000025;2026-06-26 00:00:+0.000025;2026-06-26 08:00:+0.000025;2026-06-26 16:00:+0.000025;2026-06-27 00:00:+0.000025;2026-06-27 08:00:+0.000025;2026-06-27 16:00:+0.000025;2026-06-28 00:00:+0.000025;2026-06-28 08:00:+0.000025;2026-06-28 16:00:+0.000025;2026-06-29 00:00:+0.000025;2026-06-29 08:00:+0.000025;2026-06-29 16:00:+0.000025;2026-06-30 00:00:+0.000025;2026-06-30 08:00:+0.000025;2026-06-30 16:00:+0.000025;2026-07-01 00:00:+0.000025;2026-07-01 08:00:+0.000025;2026-07-01 16:00:+0.000025;2026-07-02 00:00:+0.000025;2026-07-02 08:00:+0.000025,-0.01052,0.06018,169.75,1,16389,2026-06-25 11:59,2026-06-25 12:30,tp@2026-06-25 13:34:61087.33:0.250;tp@2026-06-25 13:44:60354.40:0.250;tp@2026-06-25 13:54:59169.66:0.250;stop@2026-07-02 14:14:62148.29:0.250,2026-06-25 12:30|FILL|61501.13|1.000;2026-06-25 13:34|EXIT_TP|61087.33|0.250;2026-06-25 13:44|EXIT_TP|60354.40|0.250;2026-06-25 13:54|EXIT_TP|59169.66|0.250;2026-07-02 14:14|EXIT_STOP|62148.29|0.250
L-2026-08-21 23:59-149,BTCUSDT,LONG,2026-08-22 00:00,2026-08-21 23:59,2026-08-22 00:00,77062.14,77062.14,2026-08-22 05:10,76235.76,78760.68,2524.92,76007.05,2026-08-23 05:14,,2026-08-23 05:14,stop,-0.015191,-15.191,0.000700,0.000300,2026-08-22 08:00:+0.000100;2026-08-22 16:00:+0.000100;2026-08-23 00:00:+0.000100,-0.01369,0.01035,24.08,2,16735,2026-08-22 03:59,2026-08-22 05:10,stop@2026-08-23 05:14:76007.05:1.000,2026-08-22 05:10|FILL|77062.14|1.000;2026-08-23 05:14|EXIT_STOP|76007.05|1.000
L-2026-08-25 03:59-150,BTCUSDT,LONG,2026-08-25 00:00,2026-08-25 03:59,2026-08-25 04:00,79367.75,79367.75,2026-08-25 09:50,78468.61,81272.62,2804.01,78233.20,2026-08-25 13:54,,2026-08-25 13:54,stop,-0.015495,-15.495,0.000700,0.000000,,-0.01429,0.00275,4.08,2,16754,2026-08-25 07:59,2026-08-25 09:50,stop@2026-08-25 13:54:78233.20:1.000,2026-08-25 09:50|FILL|79367.75|1.000;2026-08-25 13:54|EXIT_STOP|78233.20|1.000
