time,bar_t,side,event,detail
2019-04-05 00:00,563,L,D_ARM,"{""day"": ""2019-04-04"", ""P0"": 4140.54, ""H1"": 5275.01}"
2019-04-05 00:00,563,L,ORDER_CREATE,"{""key"": 562, ""level"": 4859.9915, ""stop"": 4788.8203, ""atr_idx"": 562, ""atr_end_time"": 1554422399999, ""r_confirm_time"": 1554422399999}"
2019-04-05 00:00,563,L,SIGNAL,"{""key"": 562}"
2019-04-05 07:59,564,L,R_REPLACED,"{""old_key"": 562, ""new_key"": 564}"
2019-04-05 07:59,564,L,ORDER_CANCEL,"{""key"": 562, ""reason"": ""R_REPLACED"", ""level"": 4859.9915}"
2019-04-05 08:00,565,L,ORDER_CREATE,"{""key"": 564, ""level"": 4844.1169, ""stop"": 4762.669, ""atr_idx"": 564, ""atr_end_time"": 1554451199999, ""r_confirm_time"": 1554451199999}"
2019-04-05 08:00,565,L,SIGNAL,"{""key"": 564}"
2019-04-06 00:00,569,L,D_DISARM,"{""day"": ""2019-04-05"", ""P0"": 4140.54, ""H1"": 5275.01}"
2019-04-06 00:00,569,L,ORDER_CANCEL,"{""key"": 564, ""reason"": ""D_DISARMED"", ""level"": 4844.1169}"
2019-04-13 00:00,611,L,D_ARM,"{""day"": ""2019-04-12"", ""P0"": 4927.0, ""H1"": 5332.67}"
2019-04-13 00:00,611,L,ORDER_CREATE,"{""key"": 606, ""level"": 4914.3326, ""stop"": 4846.6363, ""atr_idx"": 610, ""atr_end_time"": 1555113599999, ""r_confirm_time"": 1555055999999}"
2019-04-13 00:00,611,L,SIGNAL,"{""key"": 606}"
2019-04-13 19:59,615,L,R_REPLACED,"{""old_key"": 606, ""new_key"": 615}"
2019-04-13 19:59,615,L,ORDER_CANCEL,"{""key"": 606, ""reason"": ""R_REPLACED"", ""level"": 4914.3326}"
2019-04-13 20:00,616,L,ORDER_CREATE,"{""key"": 615, ""level"": 5036.6941, ""stop"": 4988.988, ""atr_idx"": 615, ""atr_end_time"": 1555185599999, ""r_confirm_time"": 1555185599999}"
2019-04-13 20:00,616,L,SIGNAL,"{""key"": 615}"
2019-04-13 20:10,616,L,FILL,"{""signal_id"": ""L-2019-04-13 19:59-1"", ""expected"": 5036.6941, ""entry"": 5036.6941, ""stop"": 4988.988, ""key"": 615}"
2019-04-14 11:59,619,L,R_CONFIRM_POS_FROZEN,"{""signal_id"": ""L-2019-04-13 19:59-1""}"
2019-04-15 07:59,624,L,R_CONFIRM_POS_FROZEN,"{""signal_id"": ""L-2019-04-13 19:59-1""}"
2019-04-15 15:59,626,L,R_CONFIRM_POS_FROZEN,"{""signal_id"": ""L-2019-04-13 19:59-1""}"
2019-04-15 17:39,627,L,EXIT,"{""exit_kind"": ""stop"", ""px"": 4988.988, ""frac"": 1.0, ""signal_id"": ""L-2019-04-13 19:59-1""}"
2019-05-14 00:00,797,L,D_ARM,"{""day"": ""2019-05-13"", ""P0"": 6372.85, ""H1"": 8100.0}"
2019-05-14 00:00,797,L,ORDER_CREATE,"{""key"": 796, ""level"": 7436.8824, ""stop"": 7181.3212, ""atr_idx"": 796, ""atr_end_time"": 1557791999999, ""r_confirm_time"": 1557791999999}"
2019-05-14 00:00,797,L,SIGNAL,"{""key"": 796}"
2019-05-14 07:59,798,L,R_REPLACED,"{""old_key"": 796, ""new_key"": 798}"
2019-05-14 07:59,798,L,ORDER_CANCEL,"{""key"": 796, ""reason"": ""R_REPLACED"", ""level"": 7436.8824}"
2019-05-14 08:00,799,L,ORDER_CREATE,"{""key"": 798, ""level"": 7769.2552, ""stop"": 7545.296, ""atr_idx"": 798, ""atr_end_time"": 1557820799999, ""r_confirm_time"": 1557820799999}"
2019-05-14 08:00,799,L,SIGNAL,"{""key"": 798}"
2019-05-14 15:59,800,L,R_REPLACED,"{""old_key"": 798, ""new_key"": 800}"
2019-05-14 15:59,800,L,ORDER_CANCEL,"{""key"": 798, ""reason"": ""R_REPLACED"", ""level"": 7769.2552}"
2019-05-14 16:00,801,L,ORDER_CREATE,"{""key"": 800, ""level"": 8034.0059, ""stop"": 7876.3, ""atr_idx"": 800, ""atr_end_time"": 1557849599999, ""r_confirm_time"": 1557849599999}"
2019-05-14 16:00,801,L,SIGNAL,"{""key"": 800}"
2019-05-14 16:00,801,L,FILL,"{""signal_id"": ""L-2019-05-14 15:59-2"", ""expected"": 8034.0059, ""entry"": 8034.0059, ""stop"": 7876.3, ""key"": 800}"
2019-05-14 16:04,801,L,EXIT,"{""exit_kind"": ""stop"", ""px"": 7876.3, ""frac"": 1.0, ""signal_id"": ""L-2019-05-14 15:59-2""}"
2019-05-17 00:00,813,L,D_ARM,"{""day"": ""2019-05-16"", ""P0"": 6870.0, ""H1"": 8366.0}"
2019-05-17 08:00,815,L,ORDER_CREATE,"{""key"": 814, ""level"": 7239.9549, ""stop"": 6979.0, ""atr_idx"": 814, ""atr_end_time"": 1558079999999, ""r_confirm_time"": 1558079999999}"
2019-05-17 08:00,815,L,SIGNAL,"{""key"": 814}"
2019-05-17 08:05,815,L,FILL,"{""signal_id"": ""L-2019-05-17 07:59-3"", ""expected"": 7239.9549, ""entry"": 7239.9549, ""stop"": 6979.0, ""key"": 814}"
2019-05-17 12:24,816,L,EXIT,"{""exit_kind"": ""stop"", ""px"": 6979.0, ""frac"": 1.0, ""signal_id"": ""L-2019-05-17 07:59-3""}"
2019-05-21 00:00,837,L,D_ARM,"{""day"": ""2019-05-20"", ""P0"": 7156.61, ""H1"": 8275.09}"
2019-05-21 00:00,837,L,ORDER_CREATE,"{""key"": 835, ""level"": 7656.9445, ""stop"": 7530.341, ""atr_idx"": 836, ""atr_end_time"": 1558396799999, ""r_confirm_time"": 1558382399999}"
2019-05-21 00:00,837,L,SIGNAL,"{""key"": 835}"
2019-05-21 23:59,842,L,R_REPLACED,"{""old_key"": 835, ""new_key"": 842}"
2019-05-21 23:59,842,L,ORDER_CANCEL,"{""key"": 835, ""reason"": ""R_REPLACED"", ""level"": 7656.9445}"
2019-05-22 00:00,843,L,D_DISARM,"{""day"": ""2019-05-21"", ""P0"": 7156.61, ""H1"": 8275.09}"
2019-05-30 00:00,891,L,D_ARM,"{""day"": ""2019-05-29"", ""P0"": 7833.42, ""H1"": 8908.32}"
2019-05-30 00:00,891,L,ORDER_CREATE,"{""key"": 889, ""level"": 8605.5431, ""stop"": 8501.6483, ""atr_idx"": 890, ""atr_end_time"": 1559174399999, ""r_confirm_time"": 1559159999999}"
2019-05-30 00:00,891,L,SIGNAL,"{""key"": 889}"
2019-05-30 00:05,891,L,FILL,"{""signal_id"": ""L-2019-05-29 19:59-4"", ""expected"": 8605.5431, ""entry"": 8605.5431, ""stop"": 8501.6483, ""key"": 889}"
2019-05-30 07:59,892,L,R_CONFIRM_POS_FROZEN,"{""signal_id"": ""L-2019-05-29 19:59-4""}"
2019-05-30 15:59,894,L,EXIT,"{""exit_kind"": ""tp"", ""px"": 8926.734, ""frac"": 0.25, ""signal_id"": ""L-2019-05-29 19:59-4""}"
2019-05-30 16:04,895,L,EXIT,"{""exit_kind"": ""tp"", ""px"": 9041.844, ""frac"": 0.25, ""signal_id"": ""L-2019-05-29 19:59-4""}"
2019-05-30 20:19,896,L,EXIT,"{""exit_kind"": ""stop"", ""px"": 8501.6483, ""frac"": 0.5, ""signal_id"": ""L-2019-05-29 19:59-4""}"
2019-06-01 00:00,903,L,D_ARM,"{""day"": ""2019-05-31"", ""P0"": 8005.0, ""H1"": 9074.26}"
2019-06-01 00:00,903,L,ORDER_CREATE,"{""key"": 900, ""level"": 8215.8887, ""stop"": 8084.1745, ""atr_idx"": 902, ""atr_end_time"": 1559347199999, ""r_confirm_time"": 1559318399999}"
2019-06-01 00:00,903,L,SIGNAL,"{""key"": 900}"
2019-06-02 00:00,909,L,D_DISARM,"{""day"": ""2019-06-01"", ""P0"": 8005.0, ""H1"": 9074.26}"
2019-06-02 00:00,909,L,ORDER_CANCEL,"{""key"": 900, ""reason"": ""D_DISARMED"", ""level"": 8215.8887}"
2019-06-04 00:00,921,S,D_ARM,"{""day"": ""2019-06-03"", ""P0"": -8814.78, ""H1"": -8080.8}"
2019-06-04 04:00,922,S,ORDER_CREATE,"{""key"": 921, ""level"": -8368.4056, ""stop"": -8608.749, ""atr_idx"": 921, ""atr_end_time"": 1559620799999, ""r_confirm_time"": 1559620799999}"
2019-06-04 04:00,922,S,SIGNAL,"{""key"": 921}"
2019-06-04 11:59,923,S,R_REPLACED,"{""old_key"": 921, ""new_key"": 923}"
2019-06-04 11:59,923,S,ORDER_CANCEL,"{""key"": 921, ""reason"": ""R_REPLACED"", ""level"": -8368.4056}"
2019-06-04 12:00,924,S,ORDER_CREATE,"{""key"": 923, ""level"": -8017.0407, ""stop"": -8140.007, ""atr_idx"": 923, ""atr_end_time"": 1559649599999, ""r_confirm_time"": 1559649599999}"
2019-06-04 12:00,924,S,SIGNAL,"{""key"": 923}"
2019-06-04 13:10,924,S,FILL,"{""signal_id"": ""S-2019-06-04 11:59-5"", ""expected"": -8017.0407, ""entry"": -8017.0407, ""stop"": -8140.007, ""key"": 923}"
2019-06-04 16:59,925,S,EXIT,"{""exit_kind"": ""tp"", ""px"": -7848.888, ""frac"": 0.25, ""signal_id"": ""S-2019-06-04 11:59-5""}"
2019-06-04 17:19,925,S,EXIT,"{""exit_kind"": ""tp"", ""px"": -7752.6546, ""frac"": 0.25, ""signal_id"": ""S-2019-06-04 11:59-5""}"
2019-06-04 19:09,925,S,EXIT,"{""exit_kind"": ""tp"", ""px"": -7596.5427, ""frac"": 0.25, ""signal_id"": ""S-2019-06-04 11:59-5""}"
2019-06-04 19:59,925,S,R_CONFIRM_POS_FROZEN,"{""signal_id"": ""S-2019-06-04 11:59-5""}"
2019-06-05 03:59,927,S,R_CONFIRM_POS_FROZEN,"{""signal_id"": ""S-2019-06-04 11:59-5""}"
2019-06-05 15:59,930,S,R_CONFIRM_POS_FROZEN,"{""signal_id"": ""S-2019-06-04 11:59-5""}"
2019-06-06 03:59,933,S,R_CONFIRM_POS_FROZEN,"{""signal_id"": ""S-2019-06-04 11:59-5""}"
2019-06-06 15:59,936,S,R_CONFIRM_POS_FROZEN,"{""signal_id"": ""S-2019-06-04 11:59-5""}"
2019-06-06 23:59,938,S,R_CONFIRM_POS_FROZEN,"{""signal_id"": ""S-2019-06-04 11:59-5""}"
2019-06-07 11:59,941,S,R_CONFIRM_POS_FROZEN,"{""signal_id"": ""S-2019-06-04 11:59-5""}"
2019-06-07 23:59,944,S,R_CONFIRM_POS_FROZEN,"{""signal_id"": ""S-2019-06-04 11:59-5""}"
2019-06-08 00:00,945,S,D_ARM,"{""day"": ""2019-06-07"", ""P0"": -8800.95, ""H1"": -7444.58}"
2019-06-08 00:00,945,S,ORDER_CREATE,"{""key"": 944, ""level"": -8026.2887, ""stop"": -8124.3, ""atr_idx"": 944, ""atr_end_time"": 1559951999999, ""r_confirm_time"": 1559951999999}"
2019-06-08 00:00,945,S,SIGNAL,"{""key"": 944}"
2019-06-08 11:59,947,S,R_REPLACED,"{""old_key"": 944, ""new_key"": 947}"
2019-06-08 11:59,947,S,ORDER_CANCEL,"{""key"": 944, ""reason"": ""R_REPLACED"", ""level"": -8026.2887}"
2019-06-08 11:59,947,S,R_CONFIRM_POS_FROZEN,"{""signal_id"": ""S-2019-06-04 11:59-5""}"
2019-06-08 12:00,948,S,ORDER_CREATE,"{""key"": 947, ""level"": -7982.6001, ""stop"": -8079.165, ""atr_idx"": 947, ""atr_end_time"": 1559995199999, ""r_confirm_time"": 1559995199999}"
2019-06-08 12:00,948,S,SIGNAL,"{""key"": 947}"
2019-06-09 00:00,951,S,D_DISARM,"{""day"": ""2019-06-08"", ""P0"": -8800.95, ""H1"": -7444.58}"
2019-06-09 00:00,951,S,ORDER_CANCEL,"{""key"": 947, ""reason"": ""D_DISARMED"", ""level"": -7982.6001}"
2019-06-09 07:59,952,S,R_CONFIRM_POS_FROZEN,"{""signal_id"": ""S-2019-06-04 11:59-5""}"
2019-06-09 23:59,956,S,R_CONFIRM_POS_FROZEN,"{""signal_id"": ""S-2019-06-04 11:59-5""}"
2019-06-10 07:59,958,S,R_CONFIRM_POS_FROZEN,"{""signal_id"": ""S-2019-06-04 11:59-5""}"
2019-06-10 15:59,960,S,R_CONFIRM_POS_FROZEN,"{""signal_id"": ""S-2019-06-04 11:59-5""}"
2019-06-11 07:59,964,S,R_CONFIRM_POS_FROZEN,"{""signal_id"": ""S-2019-06-04 11:59-5""}"
2019-06-11 19:59,967,S,R_CONFIRM_POS_FROZEN,"{""signal_id"": ""S-2019-06-04 11:59-5""}"
2019-06-12 07:59,970,S,R_CONFIRM_POS_FROZEN,"{""signal_id"": ""S-2019-06-04 11:59-5""}"
2019-06-12 15:14,972,S,EXIT,"{""exit_kind"": ""stop"", ""px"": -8140.007, ""frac"": 0.25, ""signal_id"": ""S-2019-06-04 11:59-5""}"
2019-06-25 00:00,1047,L,D_ARM,"{""day"": ""2019-06-24"", ""P0"": 9921.72, ""H1"": 11392.64}"
2019-06-25 00:00,1047,L,ORDER_CREATE,"{""key"": 1043, ""level"": 10747.9587, ""stop"": 10588.9376, ""atr_idx"": 1046, ""atr_end_time"": 1561420799999, ""r_confirm_time"": 1561377599999}"
2019-06-25 00:00,1047,L,SIGNAL,"{""key"": 1043}"
2019-06-25 07:59,1048,L,R_REPLACED,"{""old_key"": 1043, ""new_key"": 1048}"
2019-06-25 07:59,1048,L,ORDER_CANCEL,"{""key"": 1043, ""reason"": ""R_REPLACED"", ""level"": 10747.9587}"
2019-06-25 08:00,1049,L,ORDER_CREATE,"{""key"": 1048, ""level"": 11029.7139, ""stop"": 10828.756, ""atr_idx"": 1048, ""atr_end_time"": 1561449599999, ""r_confirm_time"": 1561449599999}"
2019-06-25 08:00,1049,L,SIGNAL,"{""key"": 1048}"
2019-06-25 15:59,1050,L,R_REPLACED,"{""old_key"": 1048, ""new_key"": 1050}"
2019-06-25 15:59,1050,L,ORDER_CANCEL,"{""key"": 1048, ""reason"": ""R_REPLACED"", ""level"": 11029.7139}"
2019-06-25 16:00,1051,L,ORDER_CREATE,"{""key"": 1050, ""level"": 11272.1793, ""stop"": 11124.4363, ""atr_idx"": 1050, ""atr_end_time"": 1561478399999, ""r_confirm_time"": 1561478399999}"
2019-06-25 16:00,1051,L,SIGNAL,"{""key"": 1050}"
2019-06-25 17:40,1051,L,FILL,"{""signal_id"": ""L-2019-06-25 15:59-6"", ""expected"": 11272.1793, ""entry"": 11272.1793, ""stop"": 11124.4363, ""key"": 1050}"
2019-06-25 22:59,1052,L,EXIT,"{""exit_kind"": ""tp"", ""px"": 11749.2654, ""frac"": 0.25, ""signal_id"": ""L-2019-06-25 15:59-6""}"
2019-06-25 23:59,1052,L,R_CONFIRM_POS_FROZEN,"{""signal_id"": ""L-2019-06-25 15:59-6""}"
2019-06-26 00:49,1053,L,EXIT,"{""exit_kind"": ""tp"", ""px"": 11969.103, ""frac"": 0.25, ""signal_id"": ""L-2019-06-25 15:59-6""}"
2019-06-26 04:04,1054,L,EXIT,"{""exit_kind"": ""tp"", ""px"": 12325.7285, ""frac"": 0.25, ""signal_id"": ""L-2019-06-25 15:59-6""}"
2019-06-26 05:14,1054,L,EXIT,"{""exit_kind"": ""tp"", ""px"": 12902.1915, ""frac"": 0.25, ""signal_id"": ""L-2019-06-25 15:59-6""}"
2019-06-29 00:00,1071,L,D_ARM,"{""day"": ""2019-06-28"", ""P0"": 10525.1, ""H1"": 13478.04}"
2019-06-29 00:00,1071,L,ORDER_CREATE,"{""key"": 1065, ""level"": 10851.8218, ""stop"": 10493.5247, ""atr_idx"": 1070, ""atr_end_time"": 1561766399999, ""r_confirm_time"": 1561694399999}"
2019-06-29 00:00,1071,L,SIGNAL,"{""key"": 1065}"
2019-06-29 07:59,1072,L,R_REPLACED,"{""old_key"": 1065, ""new_key"": 1072}"
2019-06-29 07:59,1072,L,ORDER_CANCEL,"{""key"": 1065, ""reason"": ""R_REPLACED"", ""level"": 10851.8218}"
2019-06-29 08:00,1073,L,ORDER_CREATE,"{""key"": 1072, ""level"": 11757.3701, ""stop"": 11465.5, ""atr_idx"": 1072, ""atr_end_time"": 1561795199999, ""r_confirm_time"": 1561795199999}"
2019-06-29 08:00,1073,L,SIGNAL,"{""key"": 1072}"
2019-06-29 08:30,1073,L,FILL,"{""signal_id"": ""L-2019-06-29 07:59-7"", ""expected"": 11757.3701, ""entry"": 11757.3701, ""stop"": 11465.5, ""key"": 1072}"
2019-06-29 11:44,1073,L,EXIT,"{""exit_kind"": ""tp"", ""px"": 11969.103, ""frac"": 0.25, ""signal_id"": ""L-2019-06-29 07:59-7""}"
2019-06-29 15:59,1074,L,R_CONFIRM_POS_FROZEN,"{""signal_id"": ""L-2019-06-29 07:59-7""}"
2019-06-30 11:59,1079,L,R_CONFIRM_POS_FROZEN,"{""signal_id"": ""L-2019-06-29 07:59-7""}"
2019-06-30 13:49,1080,L,EXIT,"{""exit_kind"": ""stop"", ""px"": 11465.5, ""frac"": 0.75, ""signal_id"": ""L-2019-06-29 07:59-7""}"
2019-07-02 00:00,1089,S,D_ARM,"{""day"": ""2019-07-01"", ""P0"": -12441.54, ""H1"": -10030.0}"
2019-07-02 00:00,1089,S,ORDER_CREATE,"{""key"": 1088, ""level"": -10770.3167, ""stop"": -11074.5443, ""atr_idx"": 1088, ""atr_end_time"": 1562025599999, ""r_confirm_time"": 1562025599999}"
2019-07-02 00:00,1089,S,SIGNAL,"{""key"": 1088}"
2019-07-02 07:59,1090,S,R_REPLACED,"{""old_key"": 1088, ""new_key"": 1090}"
2019-07-02 07:59,1090,S,ORDER_CANCEL,"{""key"": 1088, ""reason"": ""R_REPLACED"", ""level"": -10770.3167}"
2019-07-02 08:00,1091,S,ORDER_CREATE,"{""key"": 1090, ""level"": -10446.7302, ""stop"": -10732.1, ""atr_idx"": 1090, ""atr_end_time"": 1562054399999, ""r_confirm_time"": 1562054399999}"
2019-07-02 08:00,1091,S,SIGNAL,"{""key"": 1090}"
2019-07-02 14:35,1092,S,FILL,"{""signal_id"": ""S-2019-07-02 07:59-8"", ""expected"": -10446.7302, ""entry"": -10446.7302, ""stop"": -10732.1, ""key"": 1090}"
2019-07-02 15:59,1092,S,R_CONFIRM_POS_FROZEN,"{""signal_id"": ""S-2019-07-02 07:59-8""}"
2019-07-02 17:39,1093,S,EXIT,"{""exit_kind"": ""stop"", ""px"": -10732.1, ""frac"": 1.0, ""signal_id"": ""S-2019-07-02 07:59-8""}"
2019-07-04 00:00,1101,S,D_ARM,"{""day"": ""2019-07-03"", ""P0"": -11282.28, ""H1"": -9727.0}"
2019-07-04 00:04,1101,S,V,"{""P0"": -11282.28, ""mode"": ""5M""}"
2019-07-11 00:00,1143,L,D_ARM,"{""day"": ""2019-07-10"", ""P0"": 11220.0, ""H1"": 13147.08}"
2019-07-11 04:00,1144,L,ORDER_CREATE,"{""key"": 1143, ""level"": 11755.9789, ""stop"": 11534.293, ""atr_idx"": 1143, ""atr_end_time"": 1562817599999, ""r_confirm_time"": 1562817599999}"
2019-07-11 04:00,1144,L,SIGNAL,"{""key"": 1143}"
2019-07-11 04:00,1144,L,SKIP_V,"{""key"": 1143}"
2019-07-11 04:00,1144,L,ORDER_CANCEL,"{""key"": 1143, ""reason"": ""SKIP_V"", ""level"": 11755.9789}"
2019-07-11 04:39,1144,L,V,"{""P0"": 11220.0, ""mode"": ""5M""}"
2019-07-14 00:00,1161,S,D_ARM,"{""day"": ""2019-07-13"", ""P0"": -12111.73, ""H1"": -10830.0}"
2019-07-14 00:00,1161,S,ORDER_CREATE,"{""key"": 1159, ""level"": -11421.5408, ""stop"": -11626.8663, ""atr_idx"": 1160, ""atr_end_time"": 1563062399999, ""r_confirm_time"": 1563047999999}"
2019-07-14 00:00,1161,S,SIGNAL,"{""key"": 1159}"
2019-07-14 01:45,1161,S,SKIP_V,"{""key"": 1159}"
2019-07-14 01:45,1161,S,ORDER_CANCEL,"{""key"": 1159, ""reason"": ""SKIP_V"", ""level"": -11421.5408}"
2019-07-14 04:00,1162,S,ORDER_CREATE,"{""key"": 1161, ""level"": -11292.4526, ""stop"": -11514.2193, ""atr_idx"": 1161, ""atr_end_time"": 1563076799999, ""r_confirm_time"": 1563076799999}"
2019-07-14 04:00,1162,S,SIGNAL,"{""key"": 1161}"
2019-07-14 04:00,1162,S,FILL,"{""signal_id"": ""S-2019-07-14 03:59-9"", ""expected"": -11292.4526, ""entry"": -11292.4526, ""stop"": -11514.2193, ""key"": 1161}"
2019-07-14 11:59,1163,S,R_CONFIRM_POS_FROZEN,"{""signal_id"": ""S-2019-07-14 03:59-9""}"
2019-07-14 19:59,1165,S,R_CONFIRM_POS_FROZEN,"{""signal_id"": ""S-2019-07-14 03:59-9""}"
2019-07-15 03:59,1167,S,R_CONFIRM_POS_FROZEN,"{""signal_id"": ""S-2019-07-14 03:59-9""}"
2019-07-15 19:59,1171,S,R_CONFIRM_POS_FROZEN,"{""signal_id"": ""S-2019-07-14 03:59-9""}"
2019-07-16 00:00,1173,S,D_ARM,"{""day"": ""2019-07-15"", ""P0"": -11799.98, ""H1"": -9860.0}"
2019-07-16 03:59,1173,S,R_CONFIRM_POS_FROZEN,"{""signal_id"": ""S-2019-07-14 03:59-9""}"
2019-07-16 04:00,1174,S,ORDER_CREATE,"{""key"": 1173, ""level"": -10955.0304, ""stop"": -11133.3, ""atr_idx"": 1173, ""atr_end_time"": 1563249599999, ""r_confirm_time"": 1563249599999}"
2019-07-16 04:00,1174,S,SIGNAL,"{""key"": 1173}"
2019-07-16 23:04,1178,S,EXIT,"{""exit_kind"": ""tp"", ""px"": -9395.142, ""frac"": 0.25, ""signal_id"": ""S-2019-07-14 03:59-9""}"
2019-07-17 00:00,1179,S,D_DISARM,"{""day"": ""2019-07-16"", ""P0"": -11799.98, ""H1"": -9860.0}"
2019-07-17 00:00,1179,S,ORDER_CANCEL,"{""key"": 1173, ""reason"": ""D_DISARMED"", ""level"": -10955.0304}"
2019-07-17 03:59,1179,S,R_CONFIRM_POS_FROZEN,"{""signal_id"": ""S-2019-07-14 03:59-9""}"
2019-07-17 11:34,1181,S,EXIT,"{""exit_kind"": ""tp"", ""px"": -9190.572, ""frac"": 0.25, ""signal_id"": ""S-2019-07-14 03:59-9""}"
2019-07-17 19:59,1183,S,R_CONFIRM_POS_FROZEN,"{""signal_id"": ""S-2019-07-14 03:59-9""}"
2019-07-18 00:00,1185,S,D_ARM,"{""day"": ""2019-07-17"", ""P0"": -11100.0, ""H1"": -9060.0}"
2019-07-18 15:59,1188,S,R_CONFIRM_POS_FROZEN,"{""signal_id"": ""S-2019-07-14 03:59-9""}"
2019-07-18 16:00,1189,S,ORDER_CREATE,"{""key"": 1188, ""level"": -9791.3508, ""stop"": -10026.5096, ""atr_idx"": 1188, ""atr_end_time"": 1563465599999, ""r_confirm_time"": 1563465599999}"
2019-07-18 16:00,1189,S,SIGNAL,"{""key"": 1188}"
2019-07-18 16:04,1189,S,R_INVALID,"{""key"": 1188, ""mode"": ""5M""}"
2019-07-18 16:04,1189,S,ORDER_CANCEL,"{""key"": 1188, ""reason"": ""R_INVALID"", ""level"": -9791.3508}"
2019-07-19 00:00,1191,S,D_DISARM,"{""day"": ""2019-07-18"", ""P0"": -11100.0, ""H1"": -9060.0}"
2019-07-19 11:59,1193,S,R_CONFIRM_POS_FROZEN,"{""signal_id"": ""S-2019-07-14 03:59-9""}"
2019-07-19 19:59,1195,S,R_CONFIRM_POS_FROZEN,"{""signal_id"": ""S-2019-07-14 03:59-9""}"
2019-07-20 23:59,1202,S,R_CONFIRM_POS_FROZEN,"{""signal_id"": ""S-2019-07-14 03:59-9""}"
2019-07-21 00:00,1203,L,D_ARM,"{""day"": ""2019-07-20"", ""P0"": 9252.0, ""H1"": 11068.99}"
2019-07-21 00:00,1203,L,ORDER_CREATE,"{""key"": 1196, ""level"": 10259.9266, ""stop"": 10091.4745, ""atr_idx"": 1202, ""atr_end_time"": 1563667199999, ""r_confirm_time"": 1563580799999}"
2019-07-21 00:00,1203,L,SIGNAL,"{""key"": 1196}"
2019-07-21 03:59,1203,L,R_REPLACED,"{""old_key"": 1196, ""new_key"": 1203}"
2019-07-21 03:59,1203,L,ORDER_CANCEL,"{""key"": 1196, ""reason"": ""R_REPLACED"", ""level"": 10259.9266}"
2019-07-21 04:00,1204,L,ORDER_CREATE,"{""key"": 1203, ""level"": 10716.0011, ""stop"": 10533.315, ""atr_idx"": 1203, ""atr_end_time"": 1563681599999, ""r_confirm_time"": 1563681599999}"
2019-07-21 04:00,1204,L,SIGNAL,"{""key"": 1203}"
2019-07-21 04:04,1204,L,R_INVALID,"{""key"": 1203, ""mode"": ""5M""}"
2019-07-21 04:04,1204,L,ORDER_CANCEL,"{""key"": 1203, ""reason"": ""R_INVALID"", ""level"": 10716.0011}"
2019-07-21 07:59,1204,S,R_CONFIRM_POS_FROZEN,"{""signal_id"": ""S-2019-07-14 03:59-9""}"
2019-07-22 00:00,1209,L,ORDER_CREATE,"{""key"": 1208, ""level"": 10404.5239, ""stop"": 10257.136, ""atr_idx"": 1208, ""atr_end_time"": 1563753599999, ""r_confirm_time"": 1563753599999}"
2019-07-22 00:00,1209,L,SIGNAL,"{""key"": 1208}"
2019-07-22 03:59,1209,S,R_CONFIRM_POS_FROZEN,"{""signal_id"": ""S-2019-07-14 03:59-9""}"
2019-07-22 07:59,1210,L,R_REPLACED,"{""old_key"": 1208, ""new_key"": 1210}"
2019-07-22 07:59,1210,L,ORDER_CANCEL,"{""key"": 1208, ""reason"": ""R_REPLACED"", ""level"": 10404.5239}"
2019-07-22 08:00,1211,L,ORDER_CREATE,"{""key"": 1210, ""level"": 10486.7319, ""stop"": 10353.845, ""atr_idx"": 1210, ""atr_end_time"": 1563782399999, ""r_confirm_time"": 1563782399999}"
2019-07-22 08:00,1211,L,SIGNAL,"{""key"": 1210}"
2019-07-22 11:59,1211,S,R_CONFIRM_POS_FROZEN,"{""signal_id"": ""S-2019-07-14 03:59-9""}"
2019-07-22 14:44,1212,L,R_INVALID,"{""key"": 1210, ""mode"": ""5M""}"
2019-07-22 14:44,1212,L,ORDER_CANCEL,"{""key"": 1210, ""reason"": ""R_INVALID"", ""level"": 10486.7319}"
2019-07-22 20:00,1214,L,ORDER_CREATE,"{""key"": 1213, ""level"": 10297.2317, ""stop"": 10136.5987, ""atr_idx"": 1213, ""atr_end_time"": 1563825599999, ""r_confirm_time"": 1563825599999}"
2019-07-22 20:00,1214,L,SIGNAL,"{""key"": 1213}"
2019-07-22 20:04,1214,L,R_INVALID,"{""key"": 1213, ""mode"": ""5M""}"
2019-07-22 20:04,1214,L,ORDER_CANCEL,"{""key"": 1213, ""reason"": ""R_INVALID"", ""level"": 10297.2317}"
2019-07-22 23:59,1214,S,R_CONFIRM_POS_FROZEN,"{""signal_id"": ""S-2019-07-14 03:59-9""}"
2019-07-23 00:00,1215,L,D_DISARM,"{""day"": ""2019-07-22"", ""P0"": 9252.0, ""H1"": 11068.99}"
2019-07-23 07:59,1216,S,R_CONFIRM_POS_FROZEN,"{""signal_id"": ""S-2019-07-14 03:59-9""}"
2019-07-23 15:59,1218,S,R_CONFIRM_POS_FROZEN,"{""signal_id"": ""S-2019-07-14 03:59-9""}"
2019-07-23 23:59,1220,S,R_CONFIRM_POS_FROZEN,"{""signal_id"": ""S-2019-07-14 03:59-9""}"
2019-07-24 07:59,1222,S,R_CONFIRM_POS_FROZEN,"{""signal_id"": ""S-2019-07-14 03:59-9""}"
2019-07-24 19:59,1225,S,R_CONFIRM_POS_FROZEN,"{""signal_id"": ""S-2019-07-14 03:59-9""}"
2019-07-25 03:59,1227,S,R_CONFIRM_POS_FROZEN,"{""signal_id"": ""S-2019-07-14 03:59-9""}"
2019-07-25 15:59,1230,S,R_CONFIRM_POS_FROZEN,"{""signal_id"": ""S-2019-07-14 03:59-9""}"
2019-07-26 03:59,1233,S,R_CONFIRM_POS_FROZEN,"{""signal_id"": ""S-2019-07-14 03:59-9""}"
2019-07-26 11:59,1235,S,R_CONFIRM_POS_FROZEN,"{""signal_id"": ""S-2019-07-14 03:59-9""}"
2019-07-27 07:59,1240,S,R_CONFIRM_POS_FROZEN,"{""signal_id"": ""S-2019-07-14 03:59-9""}"
2019-07-27 15:59,1242,S,R_CONFIRM_POS_FROZEN,"{""signal_id"": ""S-2019-07-14 03:59-9""}"
2019-07-28 23:59,1250,S,R_CONFIRM_POS_FROZEN,"{""signal_id"": ""S-2019-07-14 03:59-9""}"
2019-07-29 07:59,1252,S,R_CONFIRM_POS_FROZEN,"{""signal_id"": ""S-2019-07-14 03:59-9""}"
2019-07-29 19:59,1255,S,R_CONFIRM_POS_FROZEN,"{""signal_id"": ""S-2019-07-14 03:59-9""}"
2019-07-30 00:00,1257,S,D_ARM,"{""day"": ""2019-07-29"", ""P0"": -10188.66, ""H1"": -9165.0}"
2019-07-30 00:00,1257,S,ORDER_CREATE,"{""key"": 1255, ""level"": -9564.8882, ""stop"": -9678.95, ""atr_idx"": 1256, ""atr_end_time"": 1564444799999, ""r_confirm_time"": 1564430399999}"
2019-07-30 00:00,1257,S,SIGNAL,"{""key"": 1255}"
2019-07-30 03:59,1257,S,R_REPLACED,"{""old_key"": 1255, ""new_key"": 1257}"
2019-07-30 03:59,1257,S,ORDER_CANCEL,"{""key"": 1255, ""reason"": ""R_REPLACED"", ""level"": -9564.8882}"
2019-07-30 03:59,1257,S,R_CONFIRM_POS_FROZEN,"{""signal_id"": ""S-2019-07-14 03:59-9""}"
2019-07-30 04:00,1258,S,ORDER_CREATE,"{""key"": 1257, ""level"": -9596.1975, ""stop"": -9723.0619, ""atr_idx"": 1257, ""atr_end_time"": 1564459199999, ""r_confirm_time"": 1564459199999}"
2019-07-30 04:00,1258,S,SIGNAL,"{""key"": 1257}"
2019-07-30 15:19,1260,S,R_INVALID,"{""key"": 1257, ""mode"": ""5M""}"
2019-07-30 15:19,1260,S,ORDER_CANCEL,"{""key"": 1257, ""reason"": ""R_INVALID"", ""level"": -9596.1975}"
2019-07-30 19:59,1261,S,R_CONFIRM_POS_FROZEN,"{""signal_id"": ""S-2019-07-14 03:59-9""}"
2019-07-30 20:00,1262,S,ORDER_CREATE,"{""key"": 1261, ""level"": -9635.2388, ""stop"": -9743.4228, ""atr_idx"": 1261, ""atr_end_time"": 1564516799999, ""r_confirm_time"": 1564516799999}"
2019-07-30 20:00,1262,S,SIGNAL,"{""key"": 1261}"
2019-07-31 01:44,1263,S,R_INVALID,"{""key"": 1261, ""mode"": ""5M""}"
2019-07-31 01:44,1263,S,ORDER_CANCEL,"{""key"": 1261, ""reason"": ""R_INVALID"", ""level"": -9635.2388}"
2019-07-31 03:59,1263,S,R_CONFIRM_POS_FROZEN,"{""signal_id"": ""S-2019-07-14 03:59-9""}"
2019-07-31 04:00,1264,S,ORDER_CREATE,"{""key"": 1263, ""level"": -9637.4843, ""stop"": -9743.142, ""atr_idx"": 1263, ""atr_end_time"": 1564545599999, ""r_confirm_time"": 1564545599999}"
2019-07-31 04:00,1264,S,SIGNAL,"{""key"": 1263}"
2019-07-31 05:44,1264,S,R_INVALID,"{""key"": 1263, ""mode"": ""5M""}"
2019-07-31 05:44,1264,S,ORDER_CANCEL,"{""key"": 1263, ""reason"": ""R_INVALID"", ""level"": -9637.4843}"
2019-07-31 11:59,1265,S,R_CONFIRM_POS_FROZEN,"{""signal_id"": ""S-2019-07-14 03:59-9""}"
2019-07-31 12:00,1266,S,ORDER_CREATE,"{""key"": 1265, ""level"": -9740.8474, ""stop"": -9839.42, ""atr_idx"": 1265, ""atr_end_time"": 1564574399999, ""r_confirm_time"": 1564574399999}"
2019-07-31 12:00,1266,S,SIGNAL,"{""key"": 1265}"
2019-07-31 12:24,1266,S,R_INVALID,"{""key"": 1265, ""mode"": ""5M""}"
2019-07-31 12:24,1266,S,ORDER_CANCEL,"{""key"": 1265, ""reason"": ""R_INVALID"", ""level"": -9740.8474}"
2019-07-31 19:59,1267,S,R_CONFIRM_POS_FROZEN,"{""signal_id"": ""S-2019-07-14 03:59-9""}"
2019-07-31 20:00,1268,S,ORDER_CREATE,"{""key"": 1267, ""level"": -9978.6127, ""stop"": -10117.0504, ""atr_idx"": 1267, ""atr_end_time"": 1564603199999, ""r_confirm_time"": 1564603199999}"
2019-07-31 20:00,1268,S,SIGNAL,"{""key"": 1267}"
2019-07-31 23:54,1268,S,R_INVALID,"{""key"": 1267, ""mode"": ""5M""}"
2019-07-31 23:54,1268,S,ORDER_CANCEL,"{""key"": 1267, ""reason"": ""R_INVALID"", ""level"": -9978.6127}"
2019-08-01 00:00,1269,S,D_DISARM,"{""day"": ""2019-07-31"", ""P0"": -10188.66, ""H1"": -9165.0}"
2019-08-01 07:59,1270,S,R_CONFIRM_POS_FROZEN,"{""signal_id"": ""S-2019-07-14 03:59-9""}"
2019-08-01 23:59,1274,S,R_CONFIRM_POS_FROZEN,"{""signal_id"": ""S-2019-07-14 03:59-9""}"
2019-08-02 00:00,1275,S,EXIT,"{""exit_kind"": ""dexit"", ""px"": -10375.0, ""frac"": 0.5, ""signal_id"": ""S-2019-07-14 03:59-9""}"
2019-08-08 00:00,1311,L,D_ARM,"{""day"": ""2019-08-07"", ""P0"": 10927.8, ""H1"": 12330.7}"
2019-08-08 00:00,1311,L,ORDER_CREATE,"{""key"": 1310, ""level"": 11661.7129, ""stop"": 11452.539, ""atr_idx"": 1310, ""atr_end_time"": 1565222399999, ""r_confirm_time"": 1565222399999}"
2019-08-08 00:00,1311,L,SIGNAL,"{""key"": 1310}"
2019-08-08 07:59,1312,L,R_REPLACED,"{""old_key"": 1310, ""new_key"": 1312}"
2019-08-08 07:59,1312,L,ORDER_CANCEL,"{""key"": 1310, ""reason"": ""R_REPLACED"", ""level"": 11661.7129}"
2019-08-08 08:00,1313,L,ORDER_CREATE,"{""key"": 1312, ""level"": 11745.9454, ""stop"": 11581.152, ""atr_idx"": 1312, ""atr_end_time"": 1565251199999, ""r_confirm_time"": 1565251199999}"
2019-08-08 08:00,1313,L,SIGNAL,"{""key"": 1312}"
2019-08-08 13:55,1314,L,FILL,"{""signal_id"": ""L-2019-08-08 07:59-10"", ""expected"": 11745.9454, ""entry"": 11745.9454, ""stop"": 11581.152, ""key"": 1312}"
2019-08-08 17:29,1315,L,EXIT,"{""exit_kind"": ""stop"", ""px"": 11581.152, ""frac"": 1.0, ""signal_id"": ""L-2019-08-08 07:59-10""}"
2019-08-17 00:00,1364,S,D_ARM,"{""day"": ""2019-08-16"", ""P0"": -10897.48, ""H1"": -9750.0}"
2019-08-17 04:00,1365,S,ORDER_CREATE,"{""key"": 1364, ""level"": -10425.592, ""stop"": -10567.6381, ""atr_idx"": 1364, ""atr_end_time"": 1566014399999, ""r_confirm_time"": 1566014399999}"
2019-08-17 04:00,1365,S,SIGNAL,"{""key"": 1364}"
2019-08-17 08:25,1366,S,FILL,"{""signal_id"": ""S-2019-08-17 03:59-11"", ""expected"": -10425.592, ""entry"": -10425.592, ""stop"": -10567.6381, ""key"": 1364}"
2019-08-17 08:49,1366,S,EXIT,"{""exit_kind"": ""tp"", ""px"": -10391.8922, ""frac"": 0.25, ""signal_id"": ""S-2019-08-17 03:59-11""}"
2019-08-17 17:24,1368,S,EXIT,"{""exit_kind"": ""tp"", ""px"": -10060.8078, ""frac"": 0.25, ""signal_id"": ""S-2019-08-17 03:59-11""}"
2019-08-18 03:59,1370,S,R_CONFIRM_POS_FROZEN,"{""signal_id"": ""S-2019-08-17 03:59-11""}"
2019-08-18 15:59,1373,S,R_CONFIRM_POS_FROZEN,"{""signal_id"": ""S-2019-08-17 03:59-11""}"
2019-08-18 23:59,1375,S,R_CONFIRM_POS_FROZEN,"{""signal_id"": ""S-2019-08-17 03:59-11""}"
2019-08-19 07:04,1377,S,EXIT,"{""exit_kind"": ""stop"", ""px"": -10567.6381, ""frac"": 0.5, ""signal_id"": ""S-2019-08-17 03:59-11""}"
2019-08-23 00:00,1400,L,D_ARM,"{""day"": ""2019-08-22"", ""P0"": 9858.0, ""H1"": 10804.13}"
2019-08-23 00:00,1400,L,ORDER_CREATE,"{""key"": 1396, ""level"": 9864.1921, ""stop"": 9732.714, ""atr_idx"": 1399, ""atr_end_time"": 1566518399999, ""r_confirm_time"": 1566475199999}"
2019-08-23 00:00,1400,L,SIGNAL,"{""key"": 1396}"
2019-08-23 15:59,1403,L,R_REPLACED,"{""old_key"": 1396, ""new_key"": 1403}"
2019-08-23 15:59,1403,L,ORDER_CANCEL,"{""key"": 1396, ""reason"": ""R_REPLACED"", ""level"": 9864.1921}"
2019-08-23 16:00,1404,L,ORDER_CREATE,"{""key"": 1403, ""level"": 10150.5, ""stop"": 9989.7306, ""atr_idx"": 1403, ""atr_end_time"": 1566575999999, ""r_confirm_time"": 1566575999999}"
2019-08-23 16:00,1404,L,SIGNAL,"{""key"": 1403}"
2019-08-23 23:59,1405,L,R_REPLACED,"{""old_key"": 1403, ""new_key"": 1405}"
2019-08-23 23:59,1405,L,ORDER_CANCEL,"{""key"": 1403, ""reason"": ""R_REPLACED"", ""level"": 10150.5}"
2019-08-24 00:00,1406,L,D_DISARM,"{""day"": ""2019-08-23"", ""P0"": 9858.0, ""H1"": 10804.13}"
2019-08-29 00:00,1436,S,D_ARM,"{""day"": ""2019-08-28"", ""P0"": -10604.0, ""H1"": -9601.01}"
2019-08-29 00:00,1436,S,ORDER_CREATE,"{""key"": 1434, ""level"": -10103.8715, ""stop"": -10329.897, ""atr_idx"": 1435, ""atr_end_time"": 1567036799999, ""r_confirm_time"": 1567022399999}"
2019-08-29 00:00,1436,S,SIGNAL,"{""key"": 1434}"
2019-08-29 03:59,1436,S,R_REPLACED,"{""old_key"": 1434, ""new_key"": 1436}"
2019-08-29 03:59,1436,S,ORDER_CANCEL,"{""key"": 1434, ""reason"": ""R_REPLACED"", ""level"": -10103.8715}"
2019-08-29 04:00,1437,S,ORDER_CREATE,"{""key"": 1436, ""level"": -10067.8572, ""stop"": -10304.822, ""atr_idx"": 1436, ""atr_end_time"": 1567051199999, ""r_confirm_time"": 1567051199999}"
2019-08-29 04:00,1437,S,SIGNAL,"{""key"": 1436}"
2019-08-29 11:59,1438,S,R_REPLACED,"{""old_key"": 1436, ""new_key"": 1438}"
2019-08-29 11:59,1438,S,ORDER_CANCEL,"{""key"": 1436, ""reason"": ""R_REPLACED"", ""level"": -10067.8572}"
2019-08-29 12:00,1439,S,ORDER_CREATE,"{""key"": 1438, ""level"": -9599.77, ""stop"": -9753.172, ""atr_idx"": 1438, ""atr_end_time"": 1567079999999, ""r_confirm_time"": 1567079999999}"
2019-08-29 12:00,1439,S,SIGNAL,"{""key"": 1438}"
2019-08-29 15:00,1439,S,FILL,"{""signal_id"": ""S-2019-08-29 11:59-12"", ""expected"": -9599.77, ""entry"": -9599.77, ""stop"": -9753.172, ""key"": 1438}"
2019-08-29 15:09,1439,S,EXIT,"{""exit_kind"": ""tp"", ""px"": -9481.6414, ""frac"": 0.25, ""signal_id"": ""S-2019-08-29 11:59-12""}"
2019-08-29 19:59,1440,S,R_CONFIRM_POS_FROZEN,"{""signal_id"": ""S-2019-08-29 11:59-12""}"
2019-08-30 03:59,1442,S,R_CONFIRM_POS_FROZEN,"{""signal_id"": ""S-2019-08-29 11:59-12""}"
2019-08-31 11:59,1450,S,R_CONFIRM_POS_FROZEN,"{""signal_id"": ""S-2019-08-29 11:59-12""}"
2019-09-01 03:59,1454,S,R_CONFIRM_POS_FROZEN,"{""signal_id"": ""S-2019-08-29 11:59-12""}"
2019-09-01 19:59,1458,S,R_CONFIRM_POS_FROZEN,"{""signal_id"": ""S-2019-08-29 11:59-12""}"
2019-09-01 21:34,1459,S,EXIT,"{""exit_kind"": ""stop"", ""px"": -9753.172, ""frac"": 0.75, ""signal_id"": ""S-2019-08-29 11:59-12""}"
2019-10-10 00:00,1688,S,D_ARM,"{""day"": ""2019-10-09"", ""P0"": -9794.99, ""H1"": -7710.0}"
2019-10-10 00:00,1688,S,ORDER_CREATE,"{""key"": 1686, ""level"": -8519.3599, ""stop"": -8689.9118, ""atr_idx"": 1687, ""atr_end_time"": 1570665599999, ""r_confirm_time"": 1570651199999}"
2019-10-10 00:00,1688,S,SIGNAL,"{""key"": 1686}"
2019-10-10 00:00,1688,S,FILL,"{""signal_id"": ""S-2019-10-09 19:59-13"", ""expected"": -8519.3599, ""entry"": -8519.3599, ""stop"": -8689.9118, ""key"": 1686}"
2019-10-10 03:59,1688,S,R_CONFIRM_POS_FROZEN,"{""signal_id"": ""S-2019-10-09 19:59-13""}"
2019-10-10 11:59,1690,S,R_CONFIRM_POS_FROZEN,"{""signal_id"": ""S-2019-10-09 19:59-13""}"
2019-10-10 19:59,1692,S,R_CONFIRM_POS_FROZEN,"{""signal_id"": ""S-2019-10-09 19:59-13""}"
2019-10-11 04:49,1695,S,EXIT,"{""exit_kind"": ""stop"", ""px"": -8689.9118, ""frac"": 1.0, ""signal_id"": ""S-2019-10-09 19:59-13""}"
2019-10-26 00:00,1784,S,D_ARM,"{""day"": ""2019-10-25"", ""P0"": -8047.59, ""H1"": -7337.99}"
2019-10-26 00:00,1784,S,ORDER_CREATE,"{""key"": 1783, ""level"": -8642.7924, ""stop"": -8825.397, ""atr_idx"": 1783, ""atr_end_time"": 1572047999999, ""r_confirm_time"": 1572047999999}"
2019-10-26 00:00,1784,S,SIGNAL,"{""key"": 1783}"
2019-10-26 00:00,1784,S,FILL,"{""signal_id"": ""S-2019-10-25 23:59-14"", ""expected"": -8642.7924, ""entry"": -8642.7924, ""stop"": -8825.397, ""key"": 1783}"
2019-10-26 00:04,1784,S,V_POS,"{""P0"": -8047.59, ""signal_id"": ""S-2019-10-25 23:59-14""}"
2019-10-26 00:05,1784,S,EXIT,"{""exit_kind"": ""v"", ""px"": -8676.49, ""frac"": 1.0, ""signal_id"": ""S-2019-10-25 23:59-14""}"
2019-11-24 00:00,1958,S,D_ARM,"{""day"": ""2019-11-23"", ""P0"": -8134.73, ""H1"": -6790.0}"
2019-11-24 00:00,1958,S,ORDER_CREATE,"{""key"": 1953, ""level"": -7300.7628, ""stop"": -7400.3848, ""atr_idx"": 1957, ""atr_end_time"": 1574553599999, ""r_confirm_time"": 1574495999999}"
2019-11-24 00:00,1958,S,SIGNAL,"{""key"": 1953}"
2019-11-24 00:00,1958,S,FILL,"{""signal_id"": ""S-2019-11-23 07:59-15"", ""expected"": -7300.7628, ""entry"": -7300.7628, ""stop"": -7400.3848, ""key"": 1953}"
2019-11-24 11:59,1960,S,R_CONFIRM_POS_FROZEN,"{""signal_id"": ""S-2019-11-23 07:59-15""}"
2019-11-24 23:59,1963,S,R_CONFIRM_POS_FROZEN,"{""signal_id"": ""S-2019-11-23 07:59-15""}"
2019-11-25 07:59,1965,S,R_CONFIRM_POS_FROZEN,"{""signal_id"": ""S-2019-11-23 07:59-15""}"
2019-11-25 15:59,1967,S,R_CONFIRM_POS_FROZEN,"{""signal_id"": ""S-2019-11-23 07:59-15""}"
2019-11-25 23:59,1969,S,R_CONFIRM_POS_FROZEN,"{""signal_id"": ""S-2019-11-23 07:59-15""}"
2019-11-26 00:00,1970,S,D_ARM,"{""day"": ""2019-11-25"", ""P0"": -7344.48, ""H1"": -6515.0}"
2019-11-26 00:00,1970,S,ORDER_CREATE,"{""key"": 1969, ""level"": -7287.9058, ""stop"": -7399.8231, ""atr_idx"": 1969, ""atr_end_time"": 1574726399999, ""r_confirm_time"": 1574726399999}"
2019-11-26 00:00,1970,S,SIGNAL,"{""key"": 1969}"
2019-11-26 11:59,1972,S,R_REPLACED,"{""old_key"": 1969, ""new_key"": 1972}"
2019-11-26 11:59,1972,S,ORDER_CANCEL,"{""key"": 1969, ""reason"": ""R_REPLACED"", ""level"": -7287.9058}"
2019-11-26 11:59,1972,S,R_CONFIRM_POS_FROZEN,"{""signal_id"": ""S-2019-11-23 07:59-15""}"
2019-11-26 12:00,1973,S,ORDER_CREATE,"{""key"": 1972, ""level"": -7243.0724, ""stop"": -7362.02, ""atr_idx"": 1972, ""atr_end_time"": 1574769599999, ""r_confirm_time"": 1574769599999}"
2019-11-26 12:00,1973,S,SIGNAL,"{""key"": 1972}"
2019-11-26 19:59,1974,S,R_REPLACED,"{""old_key"": 1972, ""new_key"": 1974}"
2019-11-26 19:59,1974,S,ORDER_CANCEL,"{""key"": 1972, ""reason"": ""R_REPLACED"", ""level"": -7243.0724}"
2019-11-26 19:59,1974,S,R_CONFIRM_POS_FROZEN,"{""signal_id"": ""S-2019-11-23 07:59-15""}"
2019-11-26 20:00,1975,S,ORDER_CREATE,"{""key"": 1974, ""level"": -7188.7741, ""stop"": -7291.81, ""atr_idx"": 1974, ""atr_end_time"": 1574798399999, ""r_confirm_time"": 1574798399999}"
2019-11-26 20:00,1975,S,SIGNAL,"{""key"": 1974}"
2019-11-27 00:00,1976,S,D_DISARM,"{""day"": ""2019-11-26"", ""P0"": -7344.48, ""H1"": -6515.0}"
2019-11-27 00:00,1976,S,ORDER_CANCEL,"{""key"": 1974, ""reason"": ""D_DISARMED"", ""level"": -7188.7741}"
2019-11-27 16:49,1980,S,EXIT,"{""exit_kind"": ""stop"", ""px"": -7400.3848, ""frac"": 1.0, ""signal_id"": ""S-2019-11-23 07:59-15""}"
2019-11-30 00:00,1994,L,D_ARM,"{""day"": ""2019-11-29"", ""P0"": 6840.0, ""H1"": 7850.0}"
2019-11-30 00:00,1994,L,ORDER_CREATE,"{""key"": 1993, ""level"": 7538.6804, ""stop"": 7390.761, ""atr_idx"": 1993, ""atr_end_time"": 1575071999999, ""r_confirm_time"": 1575071999999}"
2019-11-30 00:00,1994,L,SIGNAL,"{""key"": 1993}"
2019-11-30 14:25,1997,L,FILL,"{""signal_id"": ""L-2019-11-29 23:59-16"", ""expected"": 7538.6804, ""entry"": 7538.6804, ""stop"": 7390.761, ""key"": 1993}"
2019-11-30 15:59,1997,L,R_CONFIRM_POS_FROZEN,"{""signal_id"": ""L-2019-11-29 23:59-16""}"
2019-11-30 23:59,1999,L,R_CONFIRM_POS_FROZEN,"{""signal_id"": ""L-2019-11-29 23:59-16""}"
2019-12-01 01:24,2000,L,EXIT,"{""exit_kind"": ""stop"", ""px"": 7390.761, ""frac"": 1.0, ""signal_id"": ""L-2019-11-29 23:59-16""}"
2019-12-06 00:00,2030,S,D_ARM,"{""day"": ""2019-12-05"", ""P0"": -7750.0, ""H1"": -7067.0}"
2019-12-06 00:00,2030,S,ORDER_CREATE,"{""key"": 2028, ""level"": -7410.7808, ""stop"": -7507.455, ""atr_idx"": 2029, ""atr_end_time"": 1575590399999, ""r_confirm_time"": 1575575999999}"
2019-12-06 00:00,2030,S,SIGNAL,"{""key"": 2028}"
2019-12-06 01:40,2030,S,FILL,"{""signal_id"": ""S-2019-12-05 19:59-17"", ""expected"": -7410.7808, ""entry"": -7410.7808, ""stop"": -7507.455, ""key"": 2028}"
2019-12-06 17:54,2034,S,EXIT,"{""exit_kind"": ""stop"", ""px"": -7507.455, ""frac"": 1.0, ""signal_id"": ""S-2019-12-05 19:59-17""}"
2019-12-15 00:00,2084,S,D_ARM,"{""day"": ""2019-12-14"", ""P0"": -7650.0, ""H1"": -7012.0}"
2019-12-15 00:00,2084,S,ORDER_CREATE,"{""key"": 2082, ""level"": -7174.3833, ""stop"": -7274.5584, ""atr_idx"": 2083, ""atr_end_time"": 1576367999999, ""r_confirm_time"": 1576353599999}"
2019-12-15 00:00,2084,S,SIGNAL,"{""key"": 2082}"
2019-12-15 03:59,2084,S,R_REPLACED,"{""old_key"": 2082, ""new_key"": 2084}"
2019-12-15 03:59,2084,S,ORDER_CANCEL,"{""key"": 2082, ""reason"": ""R_REPLACED"", ""level"": -7174.3833}"
2019-12-15 04:00,2085,S,ORDER_CREATE,"{""key"": 2084, ""level"": -7060.3727, ""stop"": -7125.5628, ""atr_idx"": 2084, ""atr_end_time"": 1576382399999, ""r_confirm_time"": 1576382399999}"
2019-12-15 04:00,2085,S,SIGNAL,"{""key"": 2084}"
2019-12-15 04:00,2085,S,FILL,"{""signal_id"": ""S-2019-12-15 03:59-18"", ""expected"": -7060.3727, ""entry"": -7060.3727, ""stop"": -7125.5628, ""key"": 2084}"
2019-12-15 07:09,2085,S,EXIT,"{""exit_kind"": ""stop"", ""px"": -7125.5628, ""frac"": 1.0, ""signal_id"": ""S-2019-12-15 03:59-18""}"
2019-12-20 00:00,2114,S,D_ARM,"{""day"": ""2019-12-19"", ""P0"": -7440.0, ""H1"": -6435.0}"
2019-12-20 00:00,2114,S,ORDER_CREATE,"{""key"": 2109, ""level"": -7332.1867, ""stop"": -7462.32, ""atr_idx"": 2113, ""atr_end_time"": 1576799999999, ""r_confirm_time"": 1576742399999}"
2019-12-20 00:00,2114,S,SIGNAL,"{""key"": 2109}"
2019-12-20 23:59,2119,S,R_REPLACED,"{""old_key"": 2109, ""new_key"": 2119}"
2019-12-20 23:59,2119,S,ORDER_CANCEL,"{""key"": 2109, ""reason"": ""R_REPLACED"", ""level"": -7332.1867}"
2019-12-21 00:00,2120,S,ORDER_CREATE,"{""key"": 2119, ""level"": -7175.9454, ""stop"": -7255.702, ""atr_idx"": 2119, ""atr_end_time"": 1576886399999, ""r_confirm_time"": 1576886399999}"
2019-12-21 00:00,2120,S,SIGNAL,"{""key"": 2119}"
2019-12-21 00:00,2120,S,FILL,"{""signal_id"": ""S-2019-12-20 23:59-19"", ""expected"": -7175.9454, ""entry"": -7175.9454, ""stop"": -7255.702, ""key"": 2119}"
2019-12-21 11:59,2122,S,R_CONFIRM_POS_FROZEN,"{""signal_id"": ""S-2019-12-20 23:59-19""}"
2019-12-22 03:59,2126,S,R_CONFIRM_POS_FROZEN,"{""signal_id"": ""S-2019-12-20 23:59-19""}"
2019-12-22 11:59,2128,S,R_CONFIRM_POS_FROZEN,"{""signal_id"": ""S-2019-12-20 23:59-19""}"
2019-12-22 16:09,2130,S,EXIT,"{""exit_kind"": ""stop"", ""px"": -7255.702, ""frac"": 1.0, ""signal_id"": ""S-2019-12-20 23:59-19""}"
2020-01-07 00:00,2222,L,D_ARM,"{""day"": ""2020-01-06"", ""P0"": 6871.04, ""H1"": 7795.34}"
2020-01-07 00:00,2222,L,ORDER_CREATE,"{""key"": 2220, ""level"": 7524.8953, ""stop"": 7443.0437, ""atr_idx"": 2221, ""atr_end_time"": 1578355199999, ""r_confirm_time"": 1578340799999}"
2020-01-07 00:00,2222,L,SIGNAL,"{""key"": 2220}"
2020-01-07 03:59,2222,L,R_REPLACED,"{""old_key"": 2220, ""new_key"": 2222}"
2020-01-07 03:59,2222,L,ORDER_CANCEL,"{""key"": 2220, ""reason"": ""R_REPLACED"", ""level"": 7524.8953}"
2020-01-07 04:00,2223,L,ORDER_CREATE,"{""key"": 2222, ""level"": 7648.0801, ""stop"": 7486.9017, ""atr_idx"": 2222, ""atr_end_time"": 1578369599999, ""r_confirm_time"": 1578369599999}"
2020-01-07 04:00,2223,L,SIGNAL,"{""key"": 2222}"
2020-01-07 11:59,2224,L,R_REPLACED,"{""old_key"": 2222, ""new_key"": 2224}"
2020-01-07 11:59,2224,L,ORDER_CANCEL,"{""key"": 2222, ""reason"": ""R_REPLACED"", ""level"": 7648.0801}"
2020-01-07 12:00,2225,L,ORDER_CREATE,"{""key"": 2224, ""level"": 7830.4948, ""stop"": 7735.0151, ""atr_idx"": 2224, ""atr_end_time"": 1578398399999, ""r_confirm_time"": 1578398399999}"
2020-01-07 12:00,2225,L,SIGNAL,"{""key"": 2224}"
2020-01-07 13:05,2225,L,FILL,"{""signal_id"": ""L-2020-01-07 11:59-20"", ""expected"": 7830.4948, ""entry"": 7830.4948, ""stop"": 7735.0151, ""key"": 2224}"
2020-01-07 14:34,2225,L,EXIT,"{""exit_kind"": ""tp"", ""px"": 7880.6073, ""frac"": 0.25, ""signal_id"": ""L-2020-01-07 11:59-20""}"
2020-01-07 16:04,2226,L,EXIT,"{""exit_kind"": ""stop"", ""px"": 7735.0151, ""frac"": 0.75, ""signal_id"": ""L-2020-01-07 11:59-20""}"
2020-01-12 00:00,2252,L,D_ARM,"{""day"": ""2020-01-11"", ""P0"": 7672.0, ""H1"": 8286.34}"
2020-01-12 04:00,2253,L,ORDER_CREATE,"{""key"": 2252, ""level"": 8094.2005, ""stop"": 7979.1505, ""atr_idx"": 2252, ""atr_end_time"": 1578801599999, ""r_confirm_time"": 1578801599999}"
2020-01-12 04:00,2253,L,SIGNAL,"{""key"": 2252}"
2020-01-12 04:00,2253,L,FILL,"{""signal_id"": ""L-2020-01-12 03:59-21"", ""expected"": 8094.2005, ""entry"": 8094.2005, ""stop"": 7979.1505, ""key"": 2252}"
2020-01-12 11:59,2254,L,R_CONFIRM_POS_FROZEN,"{""signal_id"": ""L-2020-01-12 03:59-21""}"
2020-01-14 03:59,2264,L,R_CONFIRM_POS_FROZEN,"{""signal_id"": ""L-2020-01-12 03:59-21""}"
2020-01-14 15:59,2267,L,R_CONFIRM_POS_FROZEN,"{""signal_id"": ""L-2020-01-12 03:59-21""}"
2020-01-14 23:59,2269,L,R_CONFIRM_POS_FROZEN,"{""signal_id"": ""L-2020-01-12 03:59-21""}"
2020-01-15 07:59,2271,L,R_CONFIRM_POS_FROZEN,"{""signal_id"": ""L-2020-01-12 03:59-21""}"
2020-01-15 15:59,2273,L,R_CONFIRM_POS_FROZEN,"{""signal_id"": ""L-2020-01-12 03:59-21""}"
2020-01-15 23:59,2275,L,R_CONFIRM_POS_FROZEN,"{""signal_id"": ""L-2020-01-12 03:59-21""}"
2020-01-16 07:59,2277,L,R_CONFIRM_POS_FROZEN,"{""signal_id"": ""L-2020-01-12 03:59-21""}"
2020-01-16 15:59,2279,L,R_CONFIRM_POS_FROZEN,"{""signal_id"": ""L-2020-01-12 03:59-21""}"
2020-01-17 00:00,2282,L,D_ARM,"{""day"": ""2020-01-16"", ""P0"": 8105.54, ""H1"": 8916.48}"
2020-01-17 00:00,2282,L,ORDER_CREATE,"{""key"": 2279, ""level"": 8670.8443, ""stop"": 8574.5988, ""atr_idx"": 2281, ""atr_end_time"": 1579219199999, ""r_confirm_time"": 1579190399999}"
2020-01-17 00:00,2282,L,SIGNAL,"{""key"": 2279}"
2020-01-17 11:59,2284,L,R_REPLACED,"{""old_key"": 2279, ""new_key"": 2284}"
2020-01-17 11:59,2284,L,ORDER_CANCEL,"{""key"": 2279, ""reason"": ""R_REPLACED"", ""level"": 8670.8443}"
2020-01-17 11:59,2284,L,R_CONFIRM_POS_FROZEN,"{""signal_id"": ""L-2020-01-12 03:59-21""}"
2020-01-17 12:00,2285,L,ORDER_CREATE,"{""key"": 2284, ""level"": 8785.8523, ""stop"": 8646.4227, ""atr_idx"": 2284, ""atr_end_time"": 1579262399999, ""r_confirm_time"": 1579262399999}"
2020-01-17 12:00,2285,L,SIGNAL,"{""key"": 2284}"
2020-01-17 19:59,2286,L,R_REPLACED,"{""old_key"": 2284, ""new_key"": 2286}"
2020-01-17 19:59,2286,L,ORDER_CANCEL,"{""key"": 2284, ""reason"": ""R_REPLACED"", ""level"": 8785.8523}"
2020-01-17 19:59,2286,L,R_CONFIRM_POS_FROZEN,"{""signal_id"": ""L-2020-01-12 03:59-21""}"
2020-01-17 20:00,2287,L,ORDER_CREATE,"{""key"": 2286, ""level"": 8836.3997, ""stop"": 8738.705, ""atr_idx"": 2286, ""atr_end_time"": 1579291199999, ""r_confirm_time"": 1579291199999}"
2020-01-17 20:00,2287,L,SIGNAL,"{""key"": 2286}"
2020-01-18 15:59,2291,L,R_REPLACED,"{""old_key"": 2286, ""new_key"": 2291}"
2020-01-18 15:59,2291,L,ORDER_CANCEL,"{""key"": 2286, ""reason"": ""R_REPLACED"", ""level"": 8836.3997}"
2020-01-18 15:59,2291,L,R_CONFIRM_POS_FROZEN,"{""signal_id"": ""L-2020-01-12 03:59-21""}"
2020-01-18 16:00,2292,L,ORDER_CREATE,"{""key"": 2291, ""level"": 8870.1091, ""stop"": 8779.9609, ""atr_idx"": 2291, ""atr_end_time"": 1579363199999, ""r_confirm_time"": 1579363199999}"
2020-01-18 16:00,2292,L,SIGNAL,"{""key"": 2291}"
2020-01-19 11:04,2296,L,R_INVALID,"{""key"": 2291, ""mode"": ""5M""}"
2020-01-19 11:04,2296,L,ORDER_CANCEL,"{""key"": 2291, ""reason"": ""R_INVALID"", ""level"": 8870.1091}"
2020-01-19 11:59,2296,L,R_CONFIRM_POS_FROZEN,"{""signal_id"": ""L-2020-01-12 03:59-21""}"
2020-01-19 12:00,2297,L,ORDER_CREATE,"{""key"": 2296, ""level"": 8980.2474, ""stop"": 8861.3559, ""atr_idx"": 2296, ""atr_end_time"": 1579435199999, ""r_confirm_time"": 1579435199999}"
2020-01-19 12:00,2297,L,SIGNAL,"{""key"": 2296}"
2020-01-19 12:04,2297,L,R_INVALID,"{""key"": 2296, ""mode"": ""5M""}"
2020-01-19 12:04,2297,L,ORDER_CANCEL,"{""key"": 2296, ""reason"": ""R_INVALID"", ""level"": 8980.2474}"
2020-01-19 19:59,2298,L,R_CONFIRM_POS_FROZEN,"{""signal_id"": ""L-2020-01-12 03:59-21""}"
2020-01-19 20:00,2299,L,ORDER_CREATE,"{""key"": 2298, ""level"": 8587.7784, ""stop"": 8498.6274, ""atr_idx"": 2298, ""atr_end_time"": 1579463999999, ""r_confirm_time"": 1579463999999}"
2020-01-19 20:00,2299,L,SIGNAL,"{""key"": 2298}"
2020-01-19 22:19,2299,L,R_INVALID,"{""key"": 2298, ""mode"": ""5M""}"
2020-01-19 22:19,2299,L,ORDER_CANCEL,"{""key"": 2298, ""reason"": ""R_INVALID"", ""level"": 8587.7784}"
2020-01-20 03:59,2300,L,R_CONFIRM_POS_FROZEN,"{""signal_id"": ""L-2020-01-12 03:59-21""}"
2020-01-20 04:00,2301,L,ORDER_CREATE,"{""key"": 2300, ""level"": 8560.7156, ""stop"": 8440.602, ""atr_idx"": 2300, ""atr_end_time"": 1579492799999, ""r_confirm_time"": 1579492799999}"
2020-01-20 04:00,2301,L,SIGNAL,"{""key"": 2300}"
2020-01-20 19:59,2304,L,R_REPLACED,"{""old_key"": 2300, ""new_key"": 2304}"
2020-01-20 19:59,2304,L,ORDER_CANCEL,"{""key"": 2300, ""reason"": ""R_REPLACED"", ""level"": 8560.7156}"
2020-01-20 19:59,2304,L,R_CONFIRM_POS_FROZEN,"{""signal_id"": ""L-2020-01-12 03:59-21""}"
2020-01-20 20:00,2305,L,ORDER_CREATE,"{""key"": 2304, ""level"": 8591.352, ""stop"": 8495.7162, ""atr_idx"": 2304, ""atr_end_time"": 1579550399999, ""r_confirm_time"": 1579550399999}"
2020-01-20 20:00,2305,L,SIGNAL,"{""key"": 2304}"
2020-01-21 19:44,2310,L,R_INVALID,"{""key"": 2304, ""mode"": ""5M""}"
2020-01-21 19:44,2310,L,ORDER_CANCEL,"{""key"": 2304, ""reason"": ""R_INVALID"", ""level"": 8591.352}"
2020-01-21 23:59,2311,L,R_CONFIRM_POS_FROZEN,"{""signal_id"": ""L-2020-01-12 03:59-21""}"
2020-01-22 00:00,2312,L,ORDER_CREATE,"{""key"": 2311, ""level"": 8584.7131, ""stop"": 8462.536, ""atr_idx"": 2311, ""atr_end_time"": 1579651199999, ""r_confirm_time"": 1579651199999}"
2020-01-22 00:00,2312,L,SIGNAL,"{""key"": 2311}"
2020-01-22 07:59,2313,L,R_REPLACED,"{""old_key"": 2311, ""new_key"": 2313}"
2020-01-22 07:59,2313,L,ORDER_CANCEL,"{""key"": 2311, ""reason"": ""R_REPLACED"", ""level"": 8584.7131}"
2020-01-22 07:59,2313,L,R_CONFIRM_POS_FROZEN,"{""signal_id"": ""L-2020-01-12 03:59-21""}"
2020-01-22 08:00,2314,L,ORDER_CREATE,"{""key"": 2313, ""level"": 8623.0799, ""stop"": 8503.5227, ""atr_idx"": 2313, ""atr_end_time"": 1579679999999, ""r_confirm_time"": 1579679999999}"
2020-01-22 08:00,2314,L,SIGNAL,"{""key"": 2313}"
2020-01-22 15:59,2315,L,R_REPLACED,"{""old_key"": 2313, ""new_key"": 2315}"
2020-01-22 15:59,2315,L,ORDER_CANCEL,"{""key"": 2313, ""reason"": ""R_REPLACED"", ""level"": 8623.0799}"
2020-01-22 15:59,2315,L,R_CONFIRM_POS_FROZEN,"{""signal_id"": ""L-2020-01-12 03:59-21""}"
2020-01-22 16:00,2316,L,ORDER_CREATE,"{""key"": 2315, ""level"": 8677.2983, ""stop"": 8596.134, ""atr_idx"": 2315, ""atr_end_time"": 1579708799999, ""r_confirm_time"": 1579708799999}"
2020-01-22 16:00,2316,L,SIGNAL,"{""key"": 2315}"
2020-01-22 16:39,2316,L,R_INVALID,"{""key"": 2315, ""mode"": ""5M""}"
2020-01-22 16:39,2316,L,ORDER_CANCEL,"{""key"": 2315, ""reason"": ""R_INVALID"", ""level"": 8677.2983}"
2020-01-22 23:59,2317,L,R_CONFIRM_POS_FROZEN,"{""signal_id"": ""L-2020-01-12 03:59-21""}"
2020-01-23 00:00,2318,L,ORDER_CREATE,"{""key"": 2317, ""level"": 8644.2815, ""stop"": 8564.23, ""atr_idx"": 2317, ""atr_end_time"": 1579737599999, ""r_confirm_time"": 1579737599999}"
2020-01-23 00:00,2318,L,SIGNAL,"{""key"": 2317}"
2020-01-23 02:09,2318,L,R_INVALID,"{""key"": 2317, ""mode"": ""5M""}"
2020-01-23 02:09,2318,L,ORDER_CANCEL,"{""key"": 2317, ""reason"": ""R_INVALID"", ""level"": 8644.2815}"
2020-01-23 07:59,2319,L,R_CONFIRM_POS_FROZEN,"{""signal_id"": ""L-2020-01-12 03:59-21""}"
2020-01-23 08:00,2320,L,ORDER_CREATE,"{""key"": 2319, ""level"": 8623.2101, ""stop"": 8542.5552, ""atr_idx"": 2319, ""atr_end_time"": 1579766399999, ""r_confirm_time"": 1579766399999}"
2020-01-23 08:00,2320,L,SIGNAL,"{""key"": 2319}"
2020-01-23 08:39,2320,L,R_INVALID,"{""key"": 2319, ""mode"": ""5M""}"
2020-01-23 08:39,2320,L,ORDER_CANCEL,"{""key"": 2319, ""reason"": ""R_INVALID"", ""level"": 8623.2101}"
2020-01-23 15:59,2321,L,R_CONFIRM_POS_FROZEN,"{""signal_id"": ""L-2020-01-12 03:59-21""}"
2020-01-23 16:00,2322,L,ORDER_CREATE,"{""key"": 2321, ""level"": 8478.3433, ""stop"": 8374.8, ""atr_idx"": 2321, ""atr_end_time"": 1579795199999, ""r_confirm_time"": 1579795199999}"
2020-01-23 16:00,2322,L,SIGNAL,"{""key"": 2321}"
2020-01-23 16:04,2322,L,R_INVALID,"{""key"": 2321, ""mode"": ""5M""}"
2020-01-23 16:04,2322,L,ORDER_CANCEL,"{""key"": 2321, ""reason"": ""R_INVALID"", ""level"": 8478.3433}"
2020-01-24 00:00,2324,L,D_DISARM,"{""day"": ""2020-01-23"", ""P0"": 8105.54, ""H1"": 8916.48}"
2020-01-24 03:59,2324,L,R_CONFIRM_POS_FROZEN,"{""signal_id"": ""L-2020-01-12 03:59-21""}"
2020-01-24 11:59,2326,L,R_CONFIRM_POS_FROZEN,"{""signal_id"": ""L-2020-01-12 03:59-21""}"
2020-01-24 19:59,2328,L,R_CONFIRM_POS_FROZEN,"{""signal_id"": ""L-2020-01-12 03:59-21""}"
2020-01-25 07:59,2331,L,R_CONFIRM_POS_FROZEN,"{""signal_id"": ""L-2020-01-12 03:59-21""}"
2020-01-25 23:59,2335,L,R_CONFIRM_POS_FROZEN,"{""signal_id"": ""L-2020-01-12 03:59-21""}"
2020-01-26 07:59,2337,L,R_CONFIRM_POS_FROZEN,"{""signal_id"": ""L-2020-01-12 03:59-21""}"
2020-01-26 19:59,2340,L,R_CONFIRM_POS_FROZEN,"{""signal_id"": ""L-2020-01-12 03:59-21""}"
2020-01-27 03:59,2342,L,R_CONFIRM_POS_FROZEN,"{""signal_id"": ""L-2020-01-12 03:59-21""}"
2020-01-27 11:59,2344,L,R_CONFIRM_POS_FROZEN,"{""signal_id"": ""L-2020-01-12 03:59-21""}"
2020-01-27 19:59,2346,L,R_CONFIRM_POS_FROZEN,"{""signal_id"": ""L-2020-01-12 03:59-21""}"
2020-01-28 00:00,2348,L,D_ARM,"{""day"": ""2020-01-27"", ""P0"": 8238.0, ""H1"": 9000.0}"
2020-01-28 00:00,2348,L,ORDER_CREATE,"{""key"": 2346, ""level"": 8667.8337, ""stop"": 8509.395, ""atr_idx"": 2347, ""atr_end_time"": 1580169599999, ""r_confirm_time"": 1580155199999}"
2020-01-28 00:00,2348,L,SIGNAL,"{""key"": 2346}"
2020-01-28 03:59,2348,L,R_REPLACED,"{""old_key"": 2346, ""new_key"": 2348}"
2020-01-28 03:59,2348,L,ORDER_CANCEL,"{""key"": 2346, ""reason"": ""R_REPLACED"", ""level"": 8667.8337}"
2020-01-28 03:59,2348,L,R_CONFIRM_POS_FROZEN,"{""signal_id"": ""L-2020-01-12 03:59-21""}"
2020-01-28 04:00,2349,L,ORDER_CREATE,"{""key"": 2348, ""level"": 8874.1075, ""stop"": 8722.9524, ""atr_idx"": 2348, ""atr_end_time"": 1580183999999, ""r_confirm_time"": 1580183999999}"
2020-01-28 04:00,2349,L,SIGNAL,"{""key"": 2348}"
2020-01-28 11:59,2350,L,R_REPLACED,"{""old_key"": 2348, ""new_key"": 2350}"
2020-01-28 11:59,2350,L,ORDER_CANCEL,"{""key"": 2348, ""reason"": ""R_REPLACED"", ""level"": 8874.1075}"
2020-01-28 11:59,2350,L,R_CONFIRM_POS_FROZEN,"{""signal_id"": ""L-2020-01-12 03:59-21""}"
2020-01-28 12:00,2351,L,ORDER_CREATE,"{""key"": 2350, ""level"": 8988.5362, ""stop"": 8880.8373, ""atr_idx"": 2350, ""atr_end_time"": 1580212799999, ""r_confirm_time"": 1580212799999}"
2020-01-28 12:00,2351,L,SIGNAL,"{""key"": 2350}"
2020-01-28 17:34,2352,L,R_INVALID,"{""key"": 2350, ""mode"": ""5M""}"
2020-01-28 17:34,2352,L,ORDER_CANCEL,"{""key"": 2350, ""reason"": ""R_INVALID"", ""level"": 8988.5362}"
2020-01-28 19:59,2352,L,R_CONFIRM_POS_FROZEN,"{""signal_id"": ""L-2020-01-12 03:59-21""}"
2020-01-28 20:00,2353,L,ORDER_CREATE,"{""key"": 2352, ""level"": 9027.0562, ""stop"": 8915.174, ""atr_idx"": 2352, ""atr_end_time"": 1580241599999, ""r_confirm_time"": 1580241599999}"
2020-01-28 20:00,2353,L,SIGNAL,"{""key"": 2352}"
2020-01-29 03:59,2354,L,R_REPLACED,"{""old_key"": 2352, ""new_key"": 2354}"
2020-01-29 03:59,2354,L,ORDER_CANCEL,"{""key"": 2352, ""reason"": ""R_REPLACED"", ""level"": 9027.0562}"
2020-01-29 03:59,2354,L,R_CONFIRM_POS_FROZEN,"{""signal_id"": ""L-2020-01-12 03:59-21""}"
2020-01-29 04:00,2355,L,ORDER_CREATE,"{""key"": 2354, ""level"": 9021.1697, ""stop"": 8835.8128, ""atr_idx"": 2354, ""atr_end_time"": 1580270399999, ""r_confirm_time"": 1580270399999}"
2020-01-29 04:00,2355,L,SIGNAL,"{""key"": 2354}"
2020-01-29 15:59,2357,L,R_REPLACED,"{""old_key"": 2354, ""new_key"": 2357}"
2020-01-29 15:59,2357,L,ORDER_CANCEL,"{""key"": 2354, ""reason"": ""R_REPLACED"", ""level"": 9021.1697}"
2020-01-29 15:59,2357,L,R_CONFIRM_POS_FROZEN,"{""signal_id"": ""L-2020-01-12 03:59-21""}"
2020-01-29 16:00,2358,L,ORDER_CREATE,"{""key"": 2357, ""level"": 9295.4728, ""stop"": 9188.352, ""atr_idx"": 2357, ""atr_end_time"": 1580313599999, ""r_confirm_time"": 1580313599999}"
2020-01-29 16:00,2358,L,SIGNAL,"{""key"": 2357}"
2020-01-30 00:29,2360,L,R_INVALID,"{""key"": 2357, ""mode"": ""5M""}"
2020-01-30 00:29,2360,L,ORDER_CANCEL,"{""key"": 2357, ""reason"": ""R_INVALID"", ""level"": 9295.4728}"
2020-01-30 07:59,2361,L,R_CONFIRM_POS_FROZEN,"{""signal_id"": ""L-2020-01-12 03:59-21""}"
2020-01-30 08:00,2362,L,ORDER_CREATE,"{""key"": 2361, ""level"": 9278.1072, ""stop"": 9176.8267, ""atr_idx"": 2361, ""atr_end_time"": 1580371199999, ""r_confirm_time"": 1580371199999}"
2020-01-30 08:00,2362,L,SIGNAL,"{""key"": 2361}"
2020-01-30 23:59,2365,L,R_REPLACED,"{""old_key"": 2361, ""new_key"": 2365}"
2020-01-30 23:59,2365,L,ORDER_CANCEL,"{""key"": 2361, ""reason"": ""R_REPLACED"", ""level"": 9278.1072}"
2020-01-30 23:59,2365,L,R_CONFIRM_POS_FROZEN,"{""signal_id"": ""L-2020-01-12 03:59-21""}"
2020-01-31 00:00,2366,L,ORDER_CREATE,"{""key"": 2365, ""level"": 9332.4015, ""stop"": 9192.34, ""atr_idx"": 2365, ""atr_end_time"": 1580428799999, ""r_confirm_time"": 1580428799999}"
2020-01-31 00:00,2366,L,SIGNAL,"{""key"": 2365}"
2020-01-31 13:19,2369,L,R_INVALID,"{""key"": 2365, ""mode"": ""5M""}"
2020-01-31 13:19,2369,L,ORDER_CANCEL,"{""key"": 2365, ""reason"": ""R_INVALID"", ""level"": 9332.4015}"
2020-01-31 19:59,2370,L,R_CONFIRM_POS_FROZEN,"{""signal_id"": ""L-2020-01-12 03:59-21""}"
2020-01-31 20:00,2371,L,ORDER_CREATE,"{""key"": 2370, ""level"": 9274.9192, ""stop"": 9182.38, ""atr_idx"": 2370, ""atr_end_time"": 1580500799999, ""r_confirm_time"": 1580500799999}"
2020-01-31 20:00,2371,L,SIGNAL,"{""key"": 2370}"
2020-02-01 19:59,2376,L,R_REPLACED,"{""old_key"": 2370, ""new_key"": 2376}"
2020-02-01 19:59,2376,L,ORDER_CANCEL,"{""key"": 2370, ""reason"": ""R_REPLACED"", ""level"": 9274.9192}"
2020-02-01 19:59,2376,L,R_CONFIRM_POS_FROZEN,"{""signal_id"": ""L-2020-01-12 03:59-21""}"
2020-02-01 20:00,2377,L,ORDER_CREATE,"{""key"": 2376, ""level"": 9341.9774, ""stop"": 9253.157, ""atr_idx"": 2376, ""atr_end_time"": 1580587199999, ""r_confirm_time"": 1580587199999}"
2020-02-01 20:00,2377,L,SIGNAL,"{""key"": 2376}"
2020-02-02 02:14,2378,L,R_INVALID,"{""key"": 2376, ""mode"": ""5M""}"
2020-02-02 02:14,2378,L,ORDER_CANCEL,"{""key"": 2376, ""reason"": ""R_INVALID"", ""level"": 9341.9774}"
2020-02-02 07:59,2379,L,R_CONFIRM_POS_FROZEN,"{""signal_id"": ""L-2020-01-12 03:59-21""}"
2020-02-02 08:00,2380,L,ORDER_CREATE,"{""key"": 2379, ""level"": 9306.9294, ""stop"": 9218.0127, ""atr_idx"": 2379, ""atr_end_time"": 1580630399999, ""r_confirm_time"": 1580630399999}"
2020-02-02 08:00,2380,L,SIGNAL,"{""key"": 2379}"
2020-02-02 15:59,2381,L,R_REPLACED,"{""old_key"": 2379, ""new_key"": 2381}"
2020-02-02 15:59,2381,L,ORDER_CANCEL,"{""key"": 2379, ""reason"": ""R_REPLACED"", ""level"": 9306.9294}"
2020-02-02 15:59,2381,L,R_CONFIRM_POS_FROZEN,"{""signal_id"": ""L-2020-01-12 03:59-21""}"
2020-02-02 16:00,2382,L,ORDER_CREATE,"{""key"": 2381, ""level"": 9231.8719, ""stop"": 9092.64, ""atr_idx"": 2381, ""atr_end_time"": 1580659199999, ""r_confirm_time"": 1580659199999}"
2020-02-02 16:00,2382,L,SIGNAL,"{""key"": 2381}"
2020-02-03 03:59,2384,L,R_REPLACED,"{""old_key"": 2381, ""new_key"": 2384}"
2020-02-03 03:59,2384,L,ORDER_CANCEL,"{""key"": 2381, ""reason"": ""R_REPLACED"", ""level"": 9231.8719}"
2020-02-03 03:59,2384,L,R_CONFIRM_POS_FROZEN,"{""signal_id"": ""L-2020-01-12 03:59-21""}"
2020-02-03 04:00,2385,L,ORDER_CREATE,"{""key"": 2384, ""level"": 9420.2186, ""stop"": 9294.034, ""atr_idx"": 2384, ""atr_end_time"": 1580702399999, ""r_confirm_time"": 1580702399999}"
2020-02-03 04:00,2385,L,SIGNAL,"{""key"": 2384}"
2020-02-03 10:14,2386,L,R_INVALID,"{""key"": 2384, ""mode"": ""5M""}"
2020-02-03 10:14,2386,L,ORDER_CANCEL,"{""key"": 2384, ""reason"": ""R_INVALID"", ""level"": 9420.2186}"
2020-02-03 11:59,2386,L,R_CONFIRM_POS_FROZEN,"{""signal_id"": ""L-2020-01-12 03:59-21""}"
2020-02-03 12:00,2387,L,ORDER_CREATE,"{""key"": 2386, ""level"": 9348.6717, ""stop"": 9260.136, ""atr_idx"": 2386, ""atr_end_time"": 1580731199999, ""r_confirm_time"": 1580731199999}"
2020-02-03 12:00,2387,L,SIGNAL,"{""key"": 2386}"
2020-02-03 15:54,2387,L,R_INVALID,"{""key"": 2386, ""mode"": ""5M""}"
2020-02-03 15:54,2387,L,ORDER_CANCEL,"{""key"": 2386, ""reason"": ""R_INVALID"", ""level"": 9348.6717}"
2020-02-04 15:59,2393,L,R_CONFIRM_POS_FROZEN,"{""signal_id"": ""L-2020-01-12 03:59-21""}"
2020-02-04 16:00,2394,L,ORDER_CREATE,"{""key"": 2393, ""level"": 9187.1631, ""stop"": 9080.676, ""atr_idx"": 2393, ""atr_end_time"": 1580831999999, ""r_confirm_time"": 1580831999999}"
2020-02-04 16:00,2394,L,SIGNAL,"{""key"": 2393}"
2020-02-04 23:59,2395,L,R_REPLACED,"{""old_key"": 2393, ""new_key"": 2395}"
2020-02-04 23:59,2395,L,ORDER_CANCEL,"{""key"": 2393, ""reason"": ""R_REPLACED"", ""level"": 9187.1631}"
2020-02-04 23:59,2395,L,R_CONFIRM_POS_FROZEN,"{""signal_id"": ""L-2020-01-12 03:59-21""}"
2020-02-05 00:00,2396,L,ORDER_CREATE,"{""key"": 2395, ""level"": 9155.0827, ""stop"": 9065.731, ""atr_idx"": 2395, ""atr_end_time"": 1580860799999, ""r_confirm_time"": 1580860799999}"
2020-02-05 00:00,2396,L,SIGNAL,"{""key"": 2395}"
2020-02-05 19:59,2400,L,R_REPLACED,"{""old_key"": 2395, ""new_key"": 2400}"
2020-02-05 19:59,2400,L,ORDER_CANCEL,"{""key"": 2395, ""reason"": ""R_REPLACED"", ""level"": 9155.0827}"
2020-02-05 19:59,2400,L,R_CONFIRM_POS_FROZEN,"{""signal_id"": ""L-2020-01-12 03:59-21""}"
2020-02-05 20:00,2401,L,ORDER_CREATE,"{""key"": 2400, ""level"": 9381.5717, ""stop"": 9205.0518, ""atr_idx"": 2400, ""atr_end_time"": 1580932799999, ""r_confirm_time"": 1580932799999}"
2020-02-05 20:00,2401,L,SIGNAL,"{""key"": 2400}"
2020-02-06 03:59,2402,L,R_REPLACED,"{""old_key"": 2400, ""new_key"": 2402}"
2020-02-06 03:59,2402,L,ORDER_CANCEL,"{""key"": 2400, ""reason"": ""R_REPLACED"", ""level"": 9381.5717}"
2020-02-06 03:59,2402,L,R_CONFIRM_POS_FROZEN,"{""signal_id"": ""L-2020-01-12 03:59-21""}"
2020-02-06 04:00,2403,L,ORDER_CREATE,"{""key"": 2402, ""level"": 9560.533, ""stop"": 9443.8831, ""atr_idx"": 2402, ""atr_end_time"": 1580961599999, ""r_confirm_time"": 1580961599999}"
2020-02-06 04:00,2403,L,SIGNAL,"{""key"": 2402}"
2020-02-06 11:59,2404,L,R_REPLACED,"{""old_key"": 2402, ""new_key"": 2404}"
2020-02-06 11:59,2404,L,ORDER_CANCEL,"{""key"": 2402, ""reason"": ""R_REPLACED"", ""level"": 9560.533}"
2020-02-06 11:59,2404,L,R_CONFIRM_POS_FROZEN,"{""signal_id"": ""L-2020-01-12 03:59-21""}"
2020-02-06 12:00,2405,L,ORDER_CREATE,"{""key"": 2404, ""level"": 9597.7401, ""stop"": 9497.771, ""atr_idx"": 2404, ""atr_end_time"": 1580990399999, ""r_confirm_time"": 1580990399999}"
2020-02-06 12:00,2405,L,SIGNAL,"{""key"": 2404}"
2020-02-06 23:59,2407,L,R_REPLACED,"{""old_key"": 2404, ""new_key"": 2407}"
2020-02-06 23:59,2407,L,ORDER_CANCEL,"{""key"": 2404, ""reason"": ""R_REPLACED"", ""level"": 9597.7401}"
2020-02-06 23:59,2407,L,R_CONFIRM_POS_FROZEN,"{""signal_id"": ""L-2020-01-12 03:59-21""}"
2020-02-07 00:00,2408,L,ORDER_CREATE,"{""key"": 2407, ""level"": 9714.6414, ""stop"": 9609.086, ""atr_idx"": 2407, ""atr_end_time"": 1581033599999, ""r_confirm_time"": 1581033599999}"
2020-02-07 00:00,2408,L,SIGNAL,"{""key"": 2407}"
2020-02-07 07:59,2409,L,R_REPLACED,"{""old_key"": 2407, ""new_key"": 2409}"
2020-02-07 07:59,2409,L,ORDER_CANCEL,"{""key"": 2407, ""reason"": ""R_REPLACED"", ""level"": 9714.6414}"
2020-02-07 07:59,2409,L,R_CONFIRM_POS_FROZEN,"{""signal_id"": ""L-2020-01-12 03:59-21""}"
2020-02-07 08:00,2410,L,ORDER_CREATE,"{""key"": 2409, ""level"": 9735.1381, ""stop"": 9631.02, ""atr_idx"": 2409, ""atr_end_time"": 1581062399999, ""r_confirm_time"": 1581062399999}"
2020-02-07 08:00,2410,L,SIGNAL,"{""key"": 2409}"
2020-02-08 07:59,2415,L,R_REPLACED,"{""old_key"": 2409, ""new_key"": 2415}"
2020-02-08 07:59,2415,L,ORDER_CANCEL,"{""key"": 2409, ""reason"": ""R_REPLACED"", ""level"": 9735.1381}"
2020-02-08 07:59,2415,L,R_CONFIRM_POS_FROZEN,"{""signal_id"": ""L-2020-01-12 03:59-21""}"
2020-02-08 08:00,2416,L,ORDER_CREATE,"{""key"": 2415, ""level"": 9734.6829, ""stop"": 9638.1087, ""atr_idx"": 2415, ""atr_end_time"": 1581148799999, ""r_confirm_time"": 1581148799999}"
2020-02-08 08:00,2416,L,SIGNAL,"{""key"": 2415}"
2020-02-08 15:59,2417,L,R_REPLACED,"{""old_key"": 2415, ""new_key"": 2417}"
2020-02-08 15:59,2417,L,ORDER_CANCEL,"{""key"": 2415, ""reason"": ""R_REPLACED"", ""level"": 9734.6829}"
2020-02-08 15:59,2417,L,R_CONFIRM_POS_FROZEN,"{""signal_id"": ""L-2020-01-12 03:59-21""}"
2020-02-08 16:00,2418,L,ORDER_CREATE,"{""key"": 2417, ""level"": 9768.4089, ""stop"": 9670.9199, ""atr_idx"": 2417, ""atr_end_time"": 1581177599999, ""r_confirm_time"": 1581177599999}"
2020-02-08 16:00,2418,L,SIGNAL,"{""key"": 2417}"
2020-02-08 23:59,2419,L,R_REPLACED,"{""old_key"": 2417, ""new_key"": 2419}"
2020-02-08 23:59,2419,L,ORDER_CANCEL,"{""key"": 2417, ""reason"": ""R_REPLACED"", ""level"": 9768.4089}"
2020-02-08 23:59,2419,L,R_CONFIRM_POS_FROZEN,"{""signal_id"": ""L-2020-01-12 03:59-21""}"
2020-02-09 00:00,2420,L,ORDER_CREATE,"{""key"": 2419, ""level"": 9824.2245, ""stop"": 9720.75, ""atr_idx"": 2419, ""atr_end_time"": 1581206399999, ""r_confirm_time"": 1581206399999}"
2020-02-09 00:00,2420,L,SIGNAL,"{""key"": 2419}"
2020-02-09 11:59,2422,L,R_REPLACED,"{""old_key"": 2419, ""new_key"": 2422}"
2020-02-09 11:59,2422,L,ORDER_CANCEL,"{""key"": 2419, ""reason"": ""R_REPLACED"", ""level"": 9824.2245}"
2020-02-09 11:59,2422,L,R_CONFIRM_POS_FROZEN,"{""signal_id"": ""L-2020-01-12 03:59-21""}"
2020-02-09 12:00,2423,L,ORDER_CREATE,"{""key"": 2422, ""level"": 9977.9132, ""stop"": 9851.1077, ""atr_idx"": 2422, ""atr_end_time"": 1581249599999, ""r_confirm_time"": 1581249599999}"
2020-02-09 12:00,2423,L,SIGNAL,"{""key"": 2422}"
2020-02-09 19:59,2424,L,R_REPLACED,"{""old_key"": 2422, ""new_key"": 2424}"
2020-02-09 19:59,2424,L,ORDER_CANCEL,"{""key"": 2422, ""reason"": ""R_REPLACED"", ""level"": 9977.9132}"
2020-02-09 19:59,2424,L,R_CONFIRM_POS_FROZEN,"{""signal_id"": ""L-2020-01-12 03:59-21""}"
2020-02-09 20:00,2425,L,ORDER_CREATE,"{""key"": 2424, ""level"": 10064.5508, ""stop"": 9970.0997, ""atr_idx"": 2424, ""atr_end_time"": 1581278399999, ""r_confirm_time"": 1581278399999}"
2020-02-09 20:00,2425,L,SIGNAL,"{""key"": 2424}"
2020-02-10 05:59,2427,L,R_INVALID,"{""key"": 2424, ""mode"": ""5M""}"
2020-02-10 05:59,2427,L,ORDER_CANCEL,"{""key"": 2424, ""reason"": ""R_INVALID"", ""level"": 10064.5508}"
2020-02-10 11:59,2428,L,R_CONFIRM_POS_FROZEN,"{""signal_id"": ""L-2020-01-12 03:59-21""}"
2020-02-10 12:00,2429,L,ORDER_CREATE,"{""key"": 2428, ""level"": 9868.0069, ""stop"": 9726.732, ""atr_idx"": 2428, ""atr_end_time"": 1581335999999, ""r_confirm_time"": 1581335999999}"
2020-02-10 12:00,2429,L,SIGNAL,"{""key"": 2428}"
2020-02-10 19:59,2430,L,R_REPLACED,"{""old_key"": 2428, ""new_key"": 2430}"
2020-02-10 19:59,2430,L,ORDER_CANCEL,"{""key"": 2428, ""reason"": ""R_REPLACED"", ""level"": 9868.0069}"
2020-02-10 19:59,2430,L,R_CONFIRM_POS_FROZEN,"{""signal_id"": ""L-2020-01-12 03:59-21""}"
2020-02-10 20:00,2431,L,ORDER_CREATE,"{""key"": 2430, ""level"": 9832.3174, ""stop"": 9735.705, ""atr_idx"": 2430, ""atr_end_time"": 1581364799999, ""r_confirm_time"": 1581364799999}"
2020-02-10 20:00,2431,L,SIGNAL,"{""key"": 2430}"
2020-02-11 01:14,2432,L,R_INVALID,"{""key"": 2430, ""mode"": ""5M""}"
2020-02-11 01:14,2432,L,ORDER_CANCEL,"{""key"": 2430, ""reason"": ""R_INVALID"", ""level"": 9832.3174}"
2020-02-11 07:59,2433,L,R_CONFIRM_POS_FROZEN,"{""signal_id"": ""L-2020-01-12 03:59-21""}"
2020-02-11 08:00,2434,L,ORDER_CREATE,"{""key"": 2433, ""level"": 9767.4893, ""stop"": 9670.9, ""atr_idx"": 2433, ""atr_end_time"": 1581407999999, ""r_confirm_time"": 1581407999999}"
2020-02-11 08:00,2434,L,SIGNAL,"{""key"": 2433}"
2020-02-11 15:59,2435,L,R_REPLACED,"{""old_key"": 2433, ""new_key"": 2435}"
2020-02-11 15:59,2435,L,ORDER_CANCEL,"{""key"": 2433, ""reason"": ""R_REPLACED"", ""level"": 9767.4893}"
2020-02-11 15:59,2435,L,R_CONFIRM_POS_FROZEN,"{""signal_id"": ""L-2020-01-12 03:59-21""}"
2020-02-11 16:00,2436,L,ORDER_CREATE,"{""key"": 2435, ""level"": 9857.5281, ""stop"": 9685.855, ""atr_idx"": 2435, ""atr_end_time"": 1581436799999, ""r_confirm_time"": 1581436799999}"
2020-02-11 16:00,2436,L,SIGNAL,"{""key"": 2435}"
2020-02-11 23:59,2437,L,R_REPLACED,"{""old_key"": 2435, ""new_key"": 2437}"
2020-02-11 23:59,2437,L,ORDER_CANCEL,"{""key"": 2435, ""reason"": ""R_REPLACED"", ""level"": 9857.5281}"
2020-02-11 23:59,2437,L,R_CONFIRM_POS_FROZEN,"{""signal_id"": ""L-2020-01-12 03:59-21""}"
2020-02-12 00:00,2438,L,ORDER_CREATE,"{""key"": 2437, ""level"": 9944.0505, ""stop"": 9758.5164, ""atr_idx"": 2437, ""atr_end_time"": 1581465599999, ""r_confirm_time"": 1581465599999}"
2020-02-12 00:00,2438,L,SIGNAL,"{""key"": 2437}"
2020-02-12 15:59,2441,L,R_REPLACED,"{""old_key"": 2437, ""new_key"": 2441}"
2020-02-12 15:59,2441,L,ORDER_CANCEL,"{""key"": 2437, ""reason"": ""R_REPLACED"", ""level"": 9944.0505}"
2020-02-12 15:59,2441,L,R_CONFIRM_POS_FROZEN,"{""signal_id"": ""L-2020-01-12 03:59-21""}"
2020-02-12 16:00,2442,L,ORDER_CREATE,"{""key"": 2441, ""level"": 10301.753, ""stop"": 10195.7607, ""atr_idx"": 2441, ""atr_end_time"": 1581523199999, ""r_confirm_time"": 1581523199999}"
2020-02-12 16:00,2442,L,SIGNAL,"{""key"": 2441}"
2020-02-12 23:59,2443,L,R_REPLACED,"{""old_key"": 2441, ""new_key"": 2443}"
2020-02-12 23:59,2443,L,ORDER_CANCEL,"{""key"": 2441, ""reason"": ""R_REPLACED"", ""level"": 10301.753}"
2020-02-12 23:59,2443,L,R_CONFIRM_POS_FROZEN,"{""signal_id"": ""L-2020-01-12 03:59-21""}"
2020-02-13 00:00,2444,L,ORDER_CREATE,"{""key"": 2443, ""level"": 10318.6233, ""stop"": 10219.25, ""atr_idx"": 2443, ""atr_end_time"": 1581551999999, ""r_confirm_time"": 1581551999999}"
2020-02-13 00:00,2444,L,SIGNAL,"{""key"": 2443}"
2020-02-13 08:14,2446,L,R_INVALID,"{""key"": 2443, ""mode"": ""5M""}"
2020-02-13 08:14,2446,L,ORDER_CANCEL,"{""key"": 2443, ""reason"": ""R_INVALID"", ""level"": 10318.6233}"
2020-02-13 15:59,2447,L,R_CONFIRM_POS_FROZEN,"{""signal_id"": ""L-2020-01-12 03:59-21""}"
2020-02-13 16:00,2448,L,ORDER_CREATE,"{""key"": 2447, ""level"": 10209.6574, ""stop"": 10049.76, ""atr_idx"": 2447, ""atr_end_time"": 1581609599999, ""r_confirm_time"": 1581609599999}"
2020-02-13 16:00,2448,L,SIGNAL,"{""key"": 2447}"
2020-02-13 23:59,2449,L,R_REPLACED,"{""old_key"": 2447, ""new_key"": 2449}"
2020-02-13 23:59,2449,L,ORDER_CANCEL,"{""key"": 2447, ""reason"": ""R_REPLACED"", ""level"": 10209.6574}"
2020-02-13 23:59,2449,L,R_CONFIRM_POS_FROZEN,"{""signal_id"": ""L-2020-01-12 03:59-21""}"
2020-02-14 00:00,2450,L,ORDER_CREATE,"{""key"": 2449, ""level"": 10176.1355, ""stop"": 10069.8994, ""atr_idx"": 2449, ""atr_end_time"": 1581638399999, ""r_confirm_time"": 1581638399999}"
2020-02-14 00:00,2450,L,SIGNAL,"{""key"": 2449}"
2020-02-14 11:59,2452,L,R_REPLACED,"{""old_key"": 2449, ""new_key"": 2452}"
2020-02-14 11:59,2452,L,ORDER_CANCEL,"{""key"": 2449, ""reason"": ""R_REPLACED"", ""level"": 10176.1355}"
2020-02-14 11:59,2452,L,R_CONFIRM_POS_FROZEN,"{""signal_id"": ""L-2020-01-12 03:59-21""}"
2020-02-14 12:00,2453,L,ORDER_CREATE,"{""key"": 2452, ""level"": 10185.8809, ""stop"": 10081.0359, ""atr_idx"": 2452, ""atr_end_time"": 1581681599999, ""r_confirm_time"": 1581681599999}"
2020-02-14 12:00,2453,L,SIGNAL,"{""key"": 2452}"
2020-02-14 19:59,2454,L,R_REPLACED,"{""old_key"": 2452, ""new_key"": 2454}"
2020-02-14 19:59,2454,L,ORDER_CANCEL,"{""key"": 2452, ""reason"": ""R_REPLACED"", ""level"": 10185.8809}"
2020-02-14 19:59,2454,L,R_CONFIRM_POS_FROZEN,"{""signal_id"": ""L-2020-01-12 03:59-21""}"
2020-02-14 20:00,2455,L,ORDER_CREATE,"{""key"": 2454, ""level"": 10204.3672, ""stop"": 10081.2353, ""atr_idx"": 2454, ""atr_end_time"": 1581710399999, ""r_confirm_time"": 1581710399999}"
2020-02-14 20:00,2455,L,SIGNAL,"{""key"": 2454}"
2020-02-15 07:59,2457,L,R_REPLACED,"{""old_key"": 2454, ""new_key"": 2457}"
2020-02-15 07:59,2457,L,ORDER_CANCEL,"{""key"": 2454, ""reason"": ""R_REPLACED"", ""level"": 10204.3672}"
2020-02-15 07:59,2457,L,R_CONFIRM_POS_FROZEN,"{""signal_id"": ""L-2020-01-12 03:59-21""}"
2020-02-15 08:00,2458,L,ORDER_CREATE,"{""key"": 2457, ""level"": 10274.7212, ""stop"": 10172.9094, ""atr_idx"": 2457, ""atr_end_time"": 1581753599999, ""r_confirm_time"": 1581753599999}"
2020-02-15 08:00,2458,L,SIGNAL,"{""key"": 2457}"
2020-02-15 15:49,2459,L,R_INVALID,"{""key"": 2457, ""mode"": ""5M""}"
2020-02-15 15:49,2459,L,ORDER_CANCEL,"{""key"": 2457, ""reason"": ""R_INVALID"", ""level"": 10274.7212}"
2020-02-15 19:59,2460,L,R_CONFIRM_POS_FROZEN,"{""signal_id"": ""L-2020-01-12 03:59-21""}"
2020-02-15 20:00,2461,L,ORDER_CREATE,"{""key"": 2460, ""level"": 9939.0449, ""stop"": 9771.597, ""atr_idx"": 2460, ""atr_end_time"": 1581796799999, ""r_confirm_time"": 1581796799999}"
2020-02-15 20:00,2461,L,SIGNAL,"{""key"": 2460}"
2020-02-16 03:59,2462,L,R_REPLACED,"{""old_key"": 2460, ""new_key"": 2462}"
2020-02-16 03:59,2462,L,ORDER_CANCEL,"{""key"": 2460, ""reason"": ""R_REPLACED"", ""level"": 9939.0449}"
2020-02-16 03:59,2462,L,R_CONFIRM_POS_FROZEN,"{""signal_id"": ""L-2020-01-12 03:59-21""}"
2020-02-16 04:00,2463,L,ORDER_CREATE,"{""key"": 2462, ""level"": 9897.6499, ""stop"": 9782.4045, ""atr_idx"": 2462, ""atr_end_time"": 1581825599999, ""r_confirm_time"": 1581825599999}"
2020-02-16 04:00,2463,L,SIGNAL,"{""key"": 2462}"
2020-02-16 11:59,2464,L,R_REPLACED,"{""old_key"": 2462, ""new_key"": 2464}"
2020-02-16 11:59,2464,L,ORDER_CANCEL,"{""key"": 2462, ""reason"": ""R_REPLACED"", ""level"": 9897.6499}"
2020-02-16 11:59,2464,L,R_CONFIRM_POS_FROZEN,"{""signal_id"": ""L-2020-01-12 03:59-21""}"
2020-02-16 12:00,2465,L,ORDER_CREATE,"{""key"": 2464, ""level"": 9925.2599, ""stop"": 9823.4609, ""atr_idx"": 2464, ""atr_end_time"": 1581854399999, ""r_confirm_time"": 1581854399999}"
2020-02-16 12:00,2465,L,SIGNAL,"{""key"": 2464}"
2020-02-16 15:29,2465,L,R_INVALID,"{""key"": 2464, ""mode"": ""5M""}"
2020-02-16 15:29,2465,L,ORDER_CANCEL,"{""key"": 2464, ""reason"": ""R_INVALID"", ""level"": 9925.2599}"
2020-02-16 23:59,2467,L,R_CONFIRM_POS_FROZEN,"{""signal_id"": ""L-2020-01-12 03:59-21""}"
2020-02-17 00:00,2468,L,D_DISARM,"{""day"": ""2020-02-16"", ""P0"": 8238.0, ""H1"": 9000.0}"
2020-02-17 07:59,2469,L,R_CONFIRM_POS_FROZEN,"{""signal_id"": ""L-2020-01-12 03:59-21""}"
2020-02-17 15:59,2471,L,R_CONFIRM_POS_FROZEN,"{""signal_id"": ""L-2020-01-12 03:59-21""}"
2020-02-17 23:59,2473,L,R_CONFIRM_POS_FROZEN,"{""signal_id"": ""L-2020-01-12 03:59-21""}"
2020-02-18 15:59,2477,L,R_CONFIRM_POS_FROZEN,"{""signal_id"": ""L-2020-01-12 03:59-21""}"
2020-02-18 23:59,2479,L,R_CONFIRM_POS_FROZEN,"{""signal_id"": ""L-2020-01-12 03:59-21""}"
2020-02-19 00:00,2480,L,D_ARM,"{""day"": ""2020-02-18"", ""P0"": 9452.67, ""H1"": 10250.0}"
2020-02-19 00:00,2480,L,ORDER_CREATE,"{""key"": 2479, ""level"": 9764.2769, ""stop"": 9547.282, ""atr_idx"": 2479, ""atr_end_time"": 1582070399999, ""r_confirm_time"": 1582070399999}"
2020-02-19 00:00,2480,L,SIGNAL,"{""key"": 2479}"
2020-02-19 19:59,2483,L,R_REPLACED,"{""old_key"": 2479, ""new_key"": 2483}"
2020-02-19 19:59,2483,L,ORDER_CANCEL,"{""key"": 2479, ""reason"": ""R_REPLACED"", ""level"": 9764.2769}"
2020-02-19 19:59,2483,L,R_CONFIRM_POS_FROZEN,"{""signal_id"": ""L-2020-01-12 03:59-21""}"
2020-02-19 20:00,2484,L,ORDER_CREATE,"{""key"": 2483, ""level"": 10097.6522, ""stop"": 9981.0268, ""atr_idx"": 2483, ""atr_end_time"": 1582142399999, ""r_confirm_time"": 1582142399999}"
2020-02-19 20:00,2484,L,SIGNAL,"{""key"": 2483}"
2020-02-19 21:34,2484,L,R_INVALID,"{""key"": 2483, ""mode"": ""5M""}"
2020-02-19 21:34,2484,L,ORDER_CANCEL,"{""key"": 2483, ""reason"": ""R_INVALID"", ""level"": 10097.6522}"
2020-02-19 21:49,2484,L,V,"{""P0"": 9452.67, ""mode"": ""5M""}"
2020-02-19 21:50,2484,L,EXIT,"{""exit_kind"": ""v"", ""px"": 9465.93, ""frac"": 1.0, ""signal_id"": ""L-2020-01-12 03:59-21""}"
2020-02-29 00:00,2539,S,D_ARM,"{""day"": ""2020-02-28"", ""P0"": -9377.44, ""H1"": -8445.0}"
2020-02-29 04:00,2540,S,ORDER_CREATE,"{""key"": 2539, ""level"": -8718.2435, ""stop"": -8825.397, ""atr_idx"": 2539, ""atr_end_time"": 1582948799999, ""r_confirm_time"": 1582948799999}"
2020-02-29 04:00,2540,S,SIGNAL,"{""key"": 2539}"
2020-02-29 04:00,2540,S,SKIP_V,"{""key"": 2539}"
2020-02-29 04:00,2540,S,ORDER_CANCEL,"{""key"": 2539, ""reason"": ""SKIP_V"", ""level"": -8718.2435}"
2020-02-29 12:00,2542,S,ORDER_CREATE,"{""key"": 2541, ""level"": -8718.9245, ""stop"": -8816.37, ""atr_idx"": 2541, ""atr_end_time"": 1582977599999, ""r_confirm_time"": 1582977599999}"
2020-02-29 12:00,2542,S,SIGNAL,"{""key"": 2541}"
2020-03-01 12:00,2548,S,FILL,"{""signal_id"": ""S-2020-02-29 11:59-22"", ""expected"": -8718.9245, ""entry"": -8718.9245, ""stop"": -8816.37, ""key"": 2541}"
2020-03-01 19:59,2549,S,R_CONFIRM_POS_FROZEN,"{""signal_id"": ""S-2020-02-29 11:59-22""}"
2020-03-02 07:59,2552,S,R_CONFIRM_POS_FROZEN,"{""signal_id"": ""S-2020-02-29 11:59-22""}"
2020-03-02 13:24,2554,S,EXIT,"{""exit_kind"": ""stop"", ""px"": -8816.37, ""frac"": 1.0, ""signal_id"": ""S-2020-02-29 11:59-22""}"
2020-03-09 00:00,2593,S,D_ARM,"{""day"": ""2020-03-08"", ""P0"": -9188.0, ""H1"": -8000.0}"
2020-03-09 00:00,2593,S,ORDER_CREATE,"{""key"": 2592, ""level"": -8545.3234, ""stop"": -8773.6723, ""atr_idx"": 2592, ""atr_end_time"": 1583711999999, ""r_confirm_time"": 1583711999999}"
2020-03-09 00:00,2593,S,SIGNAL,"{""key"": 2592}"
2020-03-09 07:59,2594,S,R_REPLACED,"{""old_key"": 2592, ""new_key"": 2594}"
2020-03-09 07:59,2594,S,ORDER_CANCEL,"{""key"": 2592, ""reason"": ""R_REPLACED"", ""level"": -8545.3234}"
2020-03-09 08:00,2595,S,ORDER_CREATE,"{""key"": 2594, ""level"": -8128.1084, ""stop"": -8324.9, ""atr_idx"": 2594, ""atr_end_time"": 1583740799999, ""r_confirm_time"": 1583740799999}"
2020-03-09 08:00,2595,S,SIGNAL,"{""key"": 2594}"
2020-03-09 15:59,2596,S,R_REPLACED,"{""old_key"": 2594, ""new_key"": 2596}"
2020-03-09 15:59,2596,S,ORDER_CANCEL,"{""key"": 2594, ""reason"": ""R_REPLACED"", ""level"": -8128.1084}"
2020-03-09 16:00,2597,S,ORDER_CREATE,"{""key"": 2596, ""level"": -7939.9847, ""stop"": -8090.5892, ""atr_idx"": 2596, ""atr_end_time"": 1583769599999, ""r_confirm_time"": 1583769599999}"
2020-03-09 16:00,2597,S,SIGNAL,"{""key"": 2596}"
2020-03-09 23:55,2598,S,FILL,"{""signal_id"": ""S-2020-03-09 15:59-23"", ""expected"": -7939.9847, ""entry"": -7939.9847, ""stop"": -8090.5892, ""key"": 2596}"
2020-03-09 23:59,2598,S,R_CONFIRM_POS_FROZEN,"{""signal_id"": ""S-2020-03-09 15:59-23""}"
2020-03-10 11:09,2601,S,EXIT,"{""exit_kind"": ""stop"", ""px"": -8090.5892, ""frac"": 1.0, ""signal_id"": ""S-2020-03-09 15:59-23""}"
2020-03-11 00:00,2605,S,D_ARM,"{""day"": ""2020-03-10"", ""P0"": -8886.76, ""H1"": -7632.01}"
2020-03-11 00:00,2605,S,ORDER_CREATE,"{""key"": 2604, ""level"": -8025.4974, ""stop"": -8173.447, ""atr_idx"": 2604, ""atr_end_time"": 1583884799999, ""r_confirm_time"": 1583884799999}"
2020-03-11 00:00,2605,S,SIGNAL,"{""key"": 2604}"
2020-03-11 07:59,2606,S,R_REPLACED,"{""old_key"": 2604, ""new_key"": 2606}"
2020-03-11 07:59,2606,S,ORDER_CANCEL,"{""key"": 2604, ""reason"": ""R_REPLACED"", ""level"": -8025.4974}"
2020-03-11 08:00,2607,S,ORDER_CREATE,"{""key"": 2606, ""level"": -7961.0291, ""stop"": -8062.2243, ""atr_idx"": 2606, ""atr_end_time"": 1583913599999, ""r_confirm_time"": 1583913599999}"
2020-03-11 08:00,2607,S,SIGNAL,"{""key"": 2606}"
2020-03-11 22:35,2610,S,FILL,"{""signal_id"": ""S-2020-03-11 07:59-24"", ""expected"": -7961.0291, ""entry"": -7961.0291, ""stop"": -8062.2243, ""key"": 2606}"
2020-03-12 01:34,2611,S,EXIT,"{""exit_kind"": ""tp"", ""px"": -7826.552, ""frac"": 0.25, ""signal_id"": ""S-2020-03-11 07:59-24""}"
2020-03-12 01:59,2611,S,EXIT,"{""exit_kind"": ""tp"", ""px"": -7719.632, ""frac"": 0.25, ""signal_id"": ""S-2020-03-11 07:59-24""}"
2020-03-12 03:59,2611,S,R_CONFIRM_POS_FROZEN,"{""signal_id"": ""S-2020-03-11 07:59-24""}"
2020-03-12 06:29,2612,S,EXIT,"{""exit_kind"": ""tp"", ""px"": -7546.184, ""frac"": 0.25, ""signal_id"": ""S-2020-03-11 07:59-24""}"
2020-03-12 10:19,2613,S,EXIT,"{""exit_kind"": ""tp"", ""px"": -7265.816, ""frac"": 0.25, ""signal_id"": ""S-2020-03-11 07:59-24""}"
2020-03-15 00:00,2629,S,D_ARM,"{""day"": ""2020-03-14"", ""P0"": -7966.17, ""H1"": -3782.13}"
2020-03-15 00:00,2629,S,ORDER_CREATE,"{""key"": 2628, ""level"": -5530.4055, ""stop"": -5716.097, ""atr_idx"": 2628, ""atr_end_time"": 1584230399999, ""r_confirm_time"": 1584230399999}"
2020-03-15 00:00,2629,S,SIGNAL,"{""key"": 2628}"
2020-03-15 12:15,2632,S,FILL,"{""signal_id"": ""S-2020-03-14 23:59-25"", ""expected"": -5530.4055, ""entry"": -5530.4055, ""stop"": -5716.097, ""key"": 2628}"
2020-03-15 19:59,2633,S,R_CONFIRM_POS_FROZEN,"{""signal_id"": ""S-2020-03-14 23:59-25""}"
2020-03-15 21:54,2634,S,EXIT,"{""exit_kind"": ""stop"", ""px"": -5716.097, ""frac"": 1.0, ""signal_id"": ""S-2020-03-14 23:59-25""}"
2020-03-20 00:00,2659,L,D_ARM,"{""day"": ""2020-03-19"", ""P0"": 4921.45, ""H1"": 6400.0}"
2020-03-20 00:00,2659,L,ORDER_CREATE,"{""key"": 2657, ""level"": 5624.9951, ""stop"": 5359.9717, ""atr_idx"": 2658, ""atr_end_time"": 1584662399999, ""r_confirm_time"": 1584647999999}"
2020-03-20 00:00,2659,L,SIGNAL,"{""key"": 2657}"
2020-03-20 03:59,2659,L,R_REPLACED,"{""old_key"": 2657, ""new_key"": 2659}"
2020-03-20 03:59,2659,L,ORDER_CANCEL,"{""key"": 2657, ""reason"": ""R_REPLACED"", ""level"": 5624.9951}"
2020-03-20 04:00,2660,L,ORDER_CREATE,"{""key"": 2659, ""level"": 5958.0915, ""stop"": 5780.8652, ""atr_idx"": 2659, ""atr_end_time"": 1584676799999, ""r_confirm_time"": 1584676799999}"
2020-03-20 04:00,2660,L,SIGNAL,"{""key"": 2659}"
2020-03-20 11:59,2661,L,R_REPLACED,"{""old_key"": 2659, ""new_key"": 2661}"
2020-03-20 11:59,2661,L,ORDER_CANCEL,"{""key"": 2659, ""reason"": ""R_REPLACED"", ""level"": 5958.0915}"
2020-03-20 12:00,2662,L,ORDER_CREATE,"{""key"": 2661, ""level"": 6273.6047, ""stop"": 6037.3834, ""atr_idx"": 2661, ""atr_end_time"": 1584705599999, ""r_confirm_time"": 1584705599999}"
2020-03-20 12:00,2662,L,SIGNAL,"{""key"": 2661}"
2020-03-20 18:25,2663,L,FILL,"{""signal_id"": ""L-2020-03-20 11:59-26"", ""expected"": 6273.6047, ""entry"": 6273.6047, ""stop"": 6037.3834, ""key"": 2661}"
2020-03-20 19:59,2663,L,R_CONFIRM_POS_FROZEN,"{""signal_id"": ""L-2020-03-20 11:59-26""}"
2020-03-20 20:09,2664,L,EXIT,"{""exit_kind"": ""stop"", ""px"": 6037.3834, ""frac"": 1.0, ""signal_id"": ""L-2020-03-20 11:59-26""}"
2020-03-22 00:00,2671,L,D_ARM,"{""day"": ""2020-03-21"", ""P0"": 5252.53, ""H1"": 6900.0}"
2020-03-22 00:00,2671,L,ORDER_CREATE,"{""key"": 2668, ""level"": 5975.8291, ""stop"": 5842.4399, ""atr_idx"": 2670, ""atr_end_time"": 1584835199999, ""r_confirm_time"": 1584806399999}"
2020-03-22 00:00,2671,L,SIGNAL,"{""key"": 2668}"
2020-03-22 12:15,2674,L,FILL,"{""signal_id"": ""L-2020-03-21 15:59-27"", ""expected"": 5975.8291, ""entry"": 5975.8291, ""stop"": 5842.4399, ""key"": 2668}"
2020-03-22 20:04,2676,L,EXIT,"{""exit_kind"": ""stop"", ""px"": 5842.4399, ""frac"": 1.0, ""signal_id"": ""L-2020-03-21 15:59-27""}"
2020-03-25 00:00,2689,S,D_ARM,"{""day"": ""2020-03-24"", ""P0"": -6600.0, ""H1"": -5688.0}"
2020-03-25 00:00,2689,S,ORDER_CREATE,"{""key"": 2686, ""level"": -6724.9747, ""stop"": -6853.499, ""atr_idx"": 2688, ""atr_end_time"": 1585094399999, ""r_confirm_time"": 1585065599999}"
2020-03-25 00:00,2689,S,SIGNAL,"{""key"": 2686}"
2020-03-25 00:00,2689,S,FILL,"{""signal_id"": ""S-2020-03-24 15:59-28"", ""expected"": -6724.9747, ""entry"": -6724.9747, ""stop"": -6853.499, ""key"": 2686}"
2020-03-25 00:04,2689,S,V_POS,"{""P0"": -6600.0, ""signal_id"": ""S-2020-03-24 15:59-28""}"
2020-03-25 00:05,2689,S,EXIT,"{""exit_kind"": ""v"", ""px"": -6687.69, ""frac"": 1.0, ""signal_id"": ""S-2020-03-24 15:59-28""}"
2020-03-30 00:00,2719,S,D_ARM,"{""day"": ""2020-03-29"", ""P0"": -6842.59, ""H1"": -5866.56}"
2020-03-30 00:00,2719,S,ORDER_CREATE,"{""key"": 2714, ""level"": -6233.9977, ""stop"": -6313.885, ""atr_idx"": 2718, ""atr_end_time"": 1585526399999, ""r_confirm_time"": 1585468799999}"
2020-03-30 00:00,2719,S,SIGNAL,"{""key"": 2714}"
2020-03-30 03:59,2719,S,R_REPLACED,"{""old_key"": 2714, ""new_key"": 2719}"
2020-03-30 03:59,2719,S,ORDER_CANCEL,"{""key"": 2714, ""reason"": ""R_REPLACED"", ""level"": -6233.9977}"
2020-03-30 04:00,2720,S,ORDER_CREATE,"{""key"": 2719, ""level"": -6074.1682, ""stop"": -6183.4348, ""atr_idx"": 2719, ""atr_end_time"": 1585540799999, ""r_confirm_time"": 1585540799999}"
2020-03-30 04:00,2720,S,SIGNAL,"{""key"": 2719}"
2020-03-30 05:00,2720,S,FILL,"{""signal_id"": ""S-2020-03-30 03:59-29"", ""expected"": -6074.1682, ""entry"": -6074.1682, ""stop"": -6183.4348, ""key"": 2719}"
2020-03-30 05:04,2720,S,EXIT,"{""exit_kind"": ""stop"", ""px"": -6183.4348, ""frac"": 1.0, ""signal_id"": ""S-2020-03-30 03:59-29""}"
2020-04-01 00:00,2731,S,D_ARM,"{""day"": ""2020-03-31"", ""P0"": -6599.0, ""H1"": -5857.76}"
2020-04-01 00:00,2731,S,ORDER_CREATE,"{""key"": 2729, ""level"": -6442.6662, ""stop"": -6525.0165, ""atr_idx"": 2730, ""atr_end_time"": 1585699199999, ""r_confirm_time"": 1585684799999}"
2020-04-01 00:00,2731,S,SIGNAL,"{""key"": 2729}"
2020-04-01 03:59,2731,S,R_REPLACED,"{""old_key"": 2729, ""new_key"": 2731}"
2020-04-01 03:59,2731,S,ORDER_CANCEL,"{""key"": 2729, ""reason"": ""R_REPLACED"", ""level"": -6442.6662}"
2020-04-01 04:00,2732,S,ORDER_CREATE,"{""key"": 2731, ""level"": -6415.2841, ""stop"": -6514.3847, ""atr_idx"": 2731, ""atr_end_time"": 1585713599999, ""r_confirm_time"": 1585713599999}"
2020-04-01 04:00,2732,S,SIGNAL,"{""key"": 2731}"
2020-04-01 11:59,2733,S,R_REPLACED,"{""old_key"": 2731, ""new_key"": 2733}"
2020-04-01 11:59,2733,S,ORDER_CANCEL,"{""key"": 2731, ""reason"": ""R_REPLACED"", ""level"": -6415.2841}"
2020-04-01 12:00,2734,S,ORDER_CREATE,"{""key"": 2733, ""level"": -6367.429, ""stop"": -6445.7996, ""atr_idx"": 2733, ""atr_end_time"": 1585742399999, ""r_confirm_time"": 1585742399999}"
2020-04-01 12:00,2734,S,SIGNAL,"{""key"": 2733}"
2020-04-01 20:45,2736,S,FILL,"{""signal_id"": ""S-2020-04-01 11:59-30"", ""expected"": -6367.429, ""entry"": -6367.429, ""stop"": -6445.7996, ""key"": 2733}"
2020-04-01 22:24,2736,S,EXIT,"{""exit_kind"": ""stop"", ""px"": -6445.7996, ""frac"": 1.0, ""signal_id"": ""S-2020-04-01 11:59-30""}"
2020-04-07 00:00,2767,L,D_ARM,"{""day"": ""2020-04-06"", ""P0"": 6551.0, ""H1"": 7355.14}"
2020-04-07 00:00,2767,L,ORDER_CREATE,"{""key"": 2764, ""level"": 6939.9116, ""stop"": 6823.2985, ""atr_idx"": 2766, ""atr_end_time"": 1586217599999, ""r_confirm_time"": 1586188799999}"
2020-04-07 00:00,2767,L,SIGNAL,"{""key"": 2764}"
2020-04-07 03:59,2767,L,R_REPLACED,"{""old_key"": 2764, ""new_key"": 2767}"
2020-04-07 03:59,2767,L,ORDER_CANCEL,"{""key"": 2764, ""reason"": ""R_REPLACED"", ""level"": 6939.9116}"
2020-04-07 04:00,2768,L,ORDER_CREATE,"{""key"": 2767, ""level"": 7189.7688, ""stop"": 7058.76, ""atr_idx"": 2767, ""atr_end_time"": 1586231999999, ""r_confirm_time"": 1586231999999}"
2020-04-07 04:00,2768,L,SIGNAL,"{""key"": 2767}"
2020-04-07 11:59,2769,L,R_REPLACED,"{""old_key"": 2767, ""new_key"": 2769}"
2020-04-07 11:59,2769,L,ORDER_CANCEL,"{""key"": 2767, ""reason"": ""R_REPLACED"", ""level"": 7189.7688}"
2020-04-07 12:00,2770,L,ORDER_CREATE,"{""key"": 2769, ""level"": 7298.3872, ""stop"": 7204.3918, ""atr_idx"": 2769, ""atr_end_time"": 1586260799999, ""r_confirm_time"": 1586260799999}"
2020-04-07 12:00,2770,L,SIGNAL,"{""key"": 2769}"
2020-04-07 12:30,2770,L,FILL,"{""signal_id"": ""L-2020-04-07 11:59-31"", ""expected"": 7298.3872, ""entry"": 7298.3872, ""stop"": 7204.3918, ""key"": 2769}"
2020-04-07 13:34,2770,L,EXIT,"{""exit_kind"": ""tp"", ""px"": 7393.675, ""frac"": 0.25, ""signal_id"": ""L-2020-04-07 11:59-31""}"
2020-04-07 19:59,2771,L,R_CONFIRM_POS_FROZEN,"{""signal_id"": ""L-2020-04-07 11:59-31""}"
2020-04-07 20:04,2772,L,EXIT,"{""exit_kind"": ""stop"", ""px"": 7204.3918, ""frac"": 0.75, ""signal_id"": ""L-2020-04-07 11:59-31""}"
2020-04-09 00:00,2779,L,D_ARM,"{""day"": ""2020-04-08"", ""P0"": 6765.0, ""H1"": 7459.69}"
2020-04-09 00:00,2779,L,ORDER_CREATE,"{""key"": 2778, ""level"": 7266.5745, ""stop"": 7178.4, ""atr_idx"": 2778, ""atr_end_time"": 1586390399999, ""r_confirm_time"": 1586390399999}"
2020-04-09 00:00,2779,L,SIGNAL,"{""key"": 2778}"
2020-04-09 03:30,2779,L,FILL,"{""signal_id"": ""L-2020-04-08 23:59-32"", ""expected"": 7266.5745, ""entry"": 7266.5745, ""stop"": 7178.4, ""key"": 2778}"
2020-04-09 11:59,2781,L,EXIT,"{""exit_kind"": ""stop"", ""px"": 7178.4, ""frac"": 1.0, ""signal_id"": ""L-2020-04-08 23:59-32""}"
2020-04-14 00:00,2809,S,D_ARM,"{""day"": ""2020-04-13"", ""P0"": -7295.75, ""H1"": -6575.0}"
2020-04-14 12:00,2812,S,ORDER_CREATE,"{""key"": 2811, ""level"": -6861.2757, ""stop"": -6942.1141, ""atr_idx"": 2811, ""atr_end_time"": 1586865599999, ""r_confirm_time"": 1586865599999}"
2020-04-14 12:00,2812,S,SIGNAL,"{""key"": 2811}"
2020-04-14 13:05,2812,S,FILL,"{""signal_id"": ""S-2020-04-14 11:59-33"", ""expected"": -6861.2757, ""entry"": -6861.2757, ""stop"": -6942.1141, ""key"": 2811}"
2020-04-14 14:09,2812,S,EXIT,"{""exit_kind"": ""stop"", ""px"": -6942.1141, ""frac"": 1.0, ""signal_id"": ""S-2020-04-14 11:59-33""}"
2020-04-18 00:00,2833,S,D_ARM,"{""day"": ""2020-04-17"", ""P0"": -7190.0, ""H1"": -6468.27}"
2020-04-18 13:49,2836,S,V,"{""P0"": -7190.0, ""mode"": ""5M""}"
2020-04-26 00:00,2881,L,D_ARM,"{""day"": ""2020-04-25"", ""P0"": 7020.0, ""H1"": 7705.0}"
2020-04-26 00:00,2881,L,ORDER_CREATE,"{""key"": 2873, ""level"": 7447.1307, ""stop"": 7365.836, ""atr_idx"": 2880, ""atr_end_time"": 1587859199999, ""r_confirm_time"": 1587758399999}"
2020-04-26 00:00,2881,L,SIGNAL,"{""key"": 2873}"
2020-04-26 07:59,2882,L,R_REPLACED,"{""old_key"": 2873, ""new_key"": 2882}"
2020-04-26 07:59,2882,L,ORDER_CANCEL,"{""key"": 2873, ""reason"": ""R_REPLACED"", ""level"": 7447.1307}"
2020-04-26 08:00,2883,L,ORDER_CREATE,"{""key"": 2882, ""level"": 7524.1696, ""stop"": 7454.1104, ""atr_idx"": 2882, ""atr_end_time"": 1587887999999, ""r_confirm_time"": 1587887999999}"
2020-04-26 08:00,2883,L,SIGNAL,"{""key"": 2882}"
2020-04-26 15:05,2884,L,SKIP_V,"{""key"": 2882}"
2020-04-26 15:05,2884,L,ORDER_CANCEL,"{""key"": 2882, ""reason"": ""SKIP_V"", ""level"": 7524.1696}"
2020-04-26 20:00,2886,L,ORDER_CREATE,"{""key"": 2885, ""level"": 7554.5158, ""stop"": 7457.56, ""atr_idx"": 2885, ""atr_end_time"": 1587931199999, ""r_confirm_time"": 1587931199999}"
2020-04-26 20:00,2886,L,SIGNAL,"{""key"": 2885}"
2020-04-27 03:59,2887,L,R_REPLACED,"{""old_key"": 2885, ""new_key"": 2887}"
2020-04-27 03:59,2887,L,ORDER_CANCEL,"{""key"": 2885, ""reason"": ""R_REPLACED"", ""level"": 7554.5158}"
2020-04-27 04:00,2888,L,ORDER_CREATE,"{""key"": 2887, ""level"": 7617.731, ""stop"": 7511.4678, ""atr_idx"": 2887, ""atr_end_time"": 1587959999999, ""r_confirm_time"": 1587959999999}"
2020-04-27 04:00,2888,L,SIGNAL,"{""key"": 2887}"
2020-04-27 11:59,2889,L,R_REPLACED,"{""old_key"": 2887, ""new_key"": 2889}"
2020-04-27 11:59,2889,L,ORDER_CANCEL,"{""key"": 2887, ""reason"": ""R_REPLACED"", ""level"": 7617.731}"
2020-04-27 12:00,2890,L,ORDER_CREATE,"{""key"": 2889, ""level"": 7680.8736, ""stop"": 7607.11, ""atr_idx"": 2889, ""atr_end_time"": 1587988799999, ""r_confirm_time"": 1587988799999}"
2020-04-27 12:00,2890,L,SIGNAL,"{""key"": 2889}"
2020-04-27 12:40,2890,L,FILL,"{""signal_id"": ""L-2020-04-27 11:59-34"", ""expected"": 7680.8736, ""entry"": 7680.8736, ""stop"": 7607.11, ""key"": 2889}"
2020-04-27 13:34,2890,L,EXIT,"{""exit_kind"": ""stop"", ""px"": 7607.11, ""frac"": 1.0, ""signal_id"": ""L-2020-04-27 11:59-34""}"
2020-05-02 00:00,2917,L,D_ARM,"{""day"": ""2020-05-01"", ""P0"": 7710.05, ""H1"": 9460.0}"
2020-05-02 00:00,2917,L,ORDER_CREATE,"{""key"": 2911, ""level"": 8540.2442, ""stop"": 8375.797, ""atr_idx"": 2916, ""atr_end_time"": 1588377599999, ""r_confirm_time"": 1588305599999}"
2020-05-02 00:00,2917,L,SIGNAL,"{""key"": 2911}"
2020-05-02 15:59,2920,L,R_REPLACED,"{""old_key"": 2911, ""new_key"": 2920}"
2020-05-02 15:59,2920,L,ORDER_CANCEL,"{""key"": 2911, ""reason"": ""R_REPLACED"", ""level"": 8540.2442}"
2020-05-02 16:00,2921,L,ORDER_CREATE,"{""key"": 2920, ""level"": 8755.2022, ""stop"": 8629.3441, ""atr_idx"": 2920, ""atr_end_time"": 1588435199999, ""r_confirm_time"": 1588435199999}"
2020-05-02 16:00,2921,L,SIGNAL,"{""key"": 2920}"
2020-05-03 00:00,2923,L,D_DISARM,"{""day"": ""2020-05-02"", ""P0"": 7710.05, ""H1"": 9460.0}"
2020-05-03 00:00,2923,L,ORDER_CANCEL,"{""key"": 2920, ""reason"": ""D_DISARMED"", ""level"": 8755.2022}"
2020-05-10 00:00,2965,L,D_ARM,"{""day"": ""2020-05-09"", ""P0"": 9021.0, ""H1"": 10035.96}"
2020-05-10 00:00,2965,L,ORDER_CREATE,"{""key"": 2963, ""level"": 9613.6547, ""stop"": 9491.44, ""atr_idx"": 2964, ""atr_end_time"": 1589068799999, ""r_confirm_time"": 1589054399999}"
2020-05-10 00:00,2965,L,SIGNAL,"{""key"": 2963}"
2020-05-10 00:00,2965,L,FILL,"{""signal_id"": ""L-2020-05-09 19:59-35"", ""expected"": 9613.6547, ""entry"": 9613.6547, ""stop"": 9491.44, ""key"": 2963}"
2020-05-10 00:04,2965,L,EXIT,"{""exit_kind"": ""stop"", ""px"": 9491.44, ""frac"": 1.0, ""signal_id"": ""L-2020-05-09 19:59-35""}"
2020-05-23 00:00,3043,L,D_ARM,"{""day"": ""2020-05-22"", ""P0"": 8815.0, ""H1"": 9578.47}"
2020-05-23 00:00,3043,L,ORDER_CREATE,"{""key"": 3039, ""level"": 9025.0365, ""stop"": 8906.7194, ""atr_idx"": 3042, ""atr_end_time"": 1590191999999, ""r_confirm_time"": 1590148799999}"
2020-05-23 00:00,3043,L,SIGNAL,"{""key"": 3039}"
2020-05-23 23:59,3048,L,R_REPLACED,"{""old_key"": 3039, ""new_key"": 3048}"
2020-05-23 23:59,3048,L,ORDER_CANCEL,"{""key"": 3039, ""reason"": ""R_REPLACED"", ""level"": 9025.0365}"
2020-05-24 00:00,3049,L,ORDER_CREATE,"{""key"": 3048, ""level"": 9139.2564, ""stop"": 9042.79, ""atr_idx"": 3048, ""atr_end_time"": 1590278399999, ""r_confirm_time"": 1590278399999}"
2020-05-24 00:00,3049,L,SIGNAL,"{""key"": 3048}"
2020-05-24 00:05,3049,L,FILL,"{""signal_id"": ""L-2020-05-23 23:59-36"", ""expected"": 9139.2564, ""entry"": 9139.2564, ""stop"": 9042.79, ""key"": 3048}"
2020-05-24 13:54,3052,L,EXIT,"{""exit_kind"": ""stop"", ""px"": 9042.79, ""frac"": 1.0, ""signal_id"": ""L-2020-05-23 23:59-36""}"
2020-06-04 00:00,3115,L,D_ARM,"{""day"": ""2020-06-03"", ""P0"": 9266.0, ""H1"": 10228.99}"
2020-06-04 00:00,3115,L,ORDER_CREATE,"{""key"": 3112, ""level"": 9459.8727, ""stop"": 9337.1144, ""atr_idx"": 3114, ""atr_end_time"": 1591228799999, ""r_confirm_time"": 1591199999999}"
2020-06-04 00:00,3115,L,SIGNAL,"{""key"": 3112}"
2020-06-04 11:30,3117,L,FILL,"{""signal_id"": ""L-2020-06-03 15:59-37"", ""expected"": 9459.8727, ""entry"": 9459.8727, ""stop"": 9337.1144, ""key"": 3112}"
2020-06-04 15:59,3118,L,R_CONFIRM_POS_FROZEN,"{""signal_id"": ""L-2020-06-03 15:59-37""}"
2020-06-04 23:59,3120,L,R_CONFIRM_POS_FROZEN,"{""signal_id"": ""L-2020-06-03 15:59-37""}"
2020-06-05 15:59,3124,L,R_CONFIRM_POS_FROZEN,"{""signal_id"": ""L-2020-06-03 15:59-37""}"
2020-06-06 11:59,3129,L,R_CONFIRM_POS_FROZEN,"{""signal_id"": ""L-2020-06-03 15:59-37""}"
2020-06-06 23:59,3132,L,R_CONFIRM_POS_FROZEN,"{""signal_id"": ""L-2020-06-03 15:59-37""}"
2020-06-07 11:59,3135,L,R_CONFIRM_POS_FROZEN,"{""signal_id"": ""L-2020-06-03 15:59-37""}"
2020-06-07 19:59,3137,L,R_CONFIRM_POS_FROZEN,"{""signal_id"": ""L-2020-06-03 15:59-37""}"
2020-06-08 03:59,3139,L,R_CONFIRM_POS_FROZEN,"{""signal_id"": ""L-2020-06-03 15:59-37""}"
2020-06-08 15:59,3142,L,R_CONFIRM_POS_FROZEN,"{""signal_id"": ""L-2020-06-03 15:59-37""}"
2020-06-08 23:59,3144,L,R_CONFIRM_POS_FROZEN,"{""signal_id"": ""L-2020-06-03 15:59-37""}"
2020-06-09 07:59,3146,L,R_CONFIRM_POS_FROZEN,"{""signal_id"": ""L-2020-06-03 15:59-37""}"
2020-06-09 23:59,3150,L,R_CONFIRM_POS_FROZEN,"{""signal_id"": ""L-2020-06-03 15:59-37""}"
2020-06-10 07:59,3152,L,R_CONFIRM_POS_FROZEN,"{""signal_id"": ""L-2020-06-03 15:59-37""}"
2020-06-10 18:39,3155,L,EXIT,"{""exit_kind"": ""tp"", ""px"": 9900.2029, ""frac"": 0.25, ""signal_id"": ""L-2020-06-03 15:59-37""}"
2020-06-11 03:59,3157,L,R_CONFIRM_POS_FROZEN,"{""signal_id"": ""L-2020-06-03 15:59-37""}"
2020-06-11 11:59,3159,L,R_CONFIRM_POS_FROZEN,"{""signal_id"": ""L-2020-06-03 15:59-37""}"
2020-06-11 16:54,3161,L,EXIT,"{""exit_kind"": ""stop"", ""px"": 9337.1144, ""frac"": 0.75, ""signal_id"": ""L-2020-06-03 15:59-37""}"
2020-06-16 00:00,3187,S,D_ARM,"{""day"": ""2020-06-15"", ""P0"": -9964.0, ""H1"": -8910.45}"
2020-06-16 00:00,3187,S,ORDER_CREATE,"{""key"": 3186, ""level"": -9382.0762, ""stop"": -9478.35, ""atr_idx"": 3186, ""atr_end_time"": 1592265599999, ""r_confirm_time"": 1592265599999}"
2020-06-16 00:00,3187,S,SIGNAL,"{""key"": 3186}"
2020-06-16 00:00,3187,S,FILL,"{""signal_id"": ""S-2020-06-15 23:59-38"", ""expected"": -9382.0762, ""entry"": -9382.0762, ""stop"": -9478.35, ""key"": 3186}"
2020-06-16 03:09,3187,S,EXIT,"{""exit_kind"": ""stop"", ""px"": -9478.35, ""frac"": 1.0, ""signal_id"": ""S-2020-06-15 23:59-38""}"
2020-06-28 00:00,3259,S,D_ARM,"{""day"": ""2020-06-27"", ""P0"": -9780.0, ""H1"": -8833.0}"
2020-06-28 00:00,3259,S,ORDER_CREATE,"{""key"": 3257, ""level"": -9099.7586, ""stop"": -9245.654, ""atr_idx"": 3258, ""atr_end_time"": 1593302399999, ""r_confirm_time"": 1593287999999}"
2020-06-28 00:00,3259,S,SIGNAL,"{""key"": 3257}"
2020-06-28 03:59,3259,S,R_REPLACED,"{""old_key"": 3257, ""new_key"": 3259}"
2020-06-28 03:59,3259,S,ORDER_CANCEL,"{""key"": 3257, ""reason"": ""R_REPLACED"", ""level"": -9099.7586}"
2020-06-28 04:00,3260,S,ORDER_CREATE,"{""key"": 3259, ""level"": -9063.3903, ""stop"": -9176.9385, ""atr_idx"": 3259, ""atr_end_time"": 1593316799999, ""r_confirm_time"": 1593316799999}"
2020-06-28 04:00,3260,S,SIGNAL,"{""key"": 3259}"
2020-06-28 08:45,3261,S,FILL,"{""signal_id"": ""S-2020-06-28 03:59-39"", ""expected"": -9063.3903, ""entry"": -9063.3903, ""stop"": -9176.9385, ""key"": 3259}"
2020-06-28 14:54,3262,S,EXIT,"{""exit_kind"": ""stop"", ""px"": -9176.9385, ""frac"": 1.0, ""signal_id"": ""S-2020-06-28 03:59-39""}"
2020-08-03 00:00,3475,L,D_ARM,"{""day"": ""2020-08-02"", ""P0"": 9917.21, ""H1"": 12123.46}"
2020-08-03 00:00,3475,L,ORDER_CREATE,"{""key"": 3474, ""level"": 11047.2113, ""stop"": 10898.207, ""atr_idx"": 3474, ""atr_end_time"": 1596412799999, ""r_confirm_time"": 1596412799999}"
2020-08-03 00:00,3475,L,SIGNAL,"{""key"": 3474}"
2020-08-03 00:00,3475,L,FILL,"{""signal_id"": ""L-2020-08-02 23:59-40"", ""expected"": 11047.2113, ""entry"": 11047.2113, ""stop"": 10898.207, ""key"": 3474}"
2020-08-03 15:59,3478,L,R_CONFIRM_POS_FROZEN,"{""signal_id"": ""L-2020-08-02 23:59-40""}"
2020-08-04 15:59,3484,L,R_CONFIRM_POS_FROZEN,"{""signal_id"": ""L-2020-08-02 23:59-40""}"
2020-08-04 23:59,3486,L,R_CONFIRM_POS_FROZEN,"{""signal_id"": ""L-2020-08-02 23:59-40""}"
2020-08-05 23:59,3492,L,R_CONFIRM_POS_FROZEN,"{""signal_id"": ""L-2020-08-02 23:59-40""}"
2020-08-06 07:59,3494,L,R_CONFIRM_POS_FROZEN,"{""signal_id"": ""L-2020-08-02 23:59-40""}"
2020-08-06 15:59,3496,L,R_CONFIRM_POS_FROZEN,"{""signal_id"": ""L-2020-08-02 23:59-40""}"
2020-08-06 23:59,3498,L,R_CONFIRM_POS_FROZEN,"{""signal_id"": ""L-2020-08-02 23:59-40""}"
2020-08-07 07:59,3500,L,R_CONFIRM_POS_FROZEN,"{""signal_id"": ""L-2020-08-02 23:59-40""}"
2020-08-07 19:59,3503,L,R_CONFIRM_POS_FROZEN,"{""signal_id"": ""L-2020-08-02 23:59-40""}"
2020-08-08 03:59,3505,L,R_CONFIRM_POS_FROZEN,"{""signal_id"": ""L-2020-08-02 23:59-40""}"
2020-08-08 19:59,3509,L,R_CONFIRM_POS_FROZEN,"{""signal_id"": ""L-2020-08-02 23:59-40""}"
2020-08-09 03:59,3511,L,R_CONFIRM_POS_FROZEN,"{""signal_id"": ""L-2020-08-02 23:59-40""}"
2020-08-09 23:59,3516,L,R_CONFIRM_POS_FROZEN,"{""signal_id"": ""L-2020-08-02 23:59-40""}"
2020-08-10 11:59,3519,L,R_CONFIRM_POS_FROZEN,"{""signal_id"": ""L-2020-08-02 23:59-40""}"
2020-08-10 19:59,3521,L,R_CONFIRM_POS_FROZEN,"{""signal_id"": ""L-2020-08-02 23:59-40""}"
2020-08-11 19:59,3527,L,R_CONFIRM_POS_FROZEN,"{""signal_id"": ""L-2020-08-02 23:59-40""}"
2020-08-12 03:59,3529,L,R_CONFIRM_POS_FROZEN,"{""signal_id"": ""L-2020-08-02 23:59-40""}"
2020-08-12 11:59,3531,L,R_CONFIRM_POS_FROZEN,"{""signal_id"": ""L-2020-08-02 23:59-40""}"
2020-08-13 03:59,3535,L,R_CONFIRM_POS_FROZEN,"{""signal_id"": ""L-2020-08-02 23:59-40""}"
2020-08-13 15:59,3538,L,R_CONFIRM_POS_FROZEN,"{""signal_id"": ""L-2020-08-02 23:59-40""}"
2020-08-13 23:59,3540,L,R_CONFIRM_POS_FROZEN,"{""signal_id"": ""L-2020-08-02 23:59-40""}"
2020-08-14 07:59,3542,L,R_CONFIRM_POS_FROZEN,"{""signal_id"": ""L-2020-08-02 23:59-40""}"
2020-08-14 19:59,3545,L,R_CONFIRM_POS_FROZEN,"{""signal_id"": ""L-2020-08-02 23:59-40""}"
2020-08-15 11:59,3549,L,R_CONFIRM_POS_FROZEN,"{""signal_id"": ""L-2020-08-02 23:59-40""}"
2020-08-15 19:59,3551,L,R_CONFIRM_POS_FROZEN,"{""signal_id"": ""L-2020-08-02 23:59-40""}"
2020-08-16 03:59,3553,L,R_CONFIRM_POS_FROZEN,"{""signal_id"": ""L-2020-08-02 23:59-40""}"
2020-08-16 11:59,3555,L,R_CONFIRM_POS_FROZEN,"{""signal_id"": ""L-2020-08-02 23:59-40""}"
2020-08-16 19:59,3557,L,R_CONFIRM_POS_FROZEN,"{""signal_id"": ""L-2020-08-02 23:59-40""}"
2020-08-17 11:59,3561,L,R_CONFIRM_POS_FROZEN,"{""signal_id"": ""L-2020-08-02 23:59-40""}"
2020-08-17 15:49,3562,L,EXIT,"{""exit_kind"": ""tp"", ""px"": 12445.5725, ""frac"": 0.25, ""signal_id"": ""L-2020-08-02 23:59-40""}"
2020-08-17 23:59,3564,L,R_CONFIRM_POS_FROZEN,"{""signal_id"": ""L-2020-08-02 23:59-40""}"
2020-08-18 07:59,3566,L,R_CONFIRM_POS_FROZEN,"{""signal_id"": ""L-2020-08-02 23:59-40""}"
2020-08-18 19:59,3569,L,R_CONFIRM_POS_FROZEN,"{""signal_id"": ""L-2020-08-02 23:59-40""}"
2020-08-19 03:59,3571,L,R_CONFIRM_POS_FROZEN,"{""signal_id"": ""L-2020-08-02 23:59-40""}"
2020-08-19 11:59,3573,L,R_CONFIRM_POS_FROZEN,"{""signal_id"": ""L-2020-08-02 23:59-40""}"
2020-08-20 03:59,3577,L,R_CONFIRM_POS_FROZEN,"{""signal_id"": ""L-2020-08-02 23:59-40""}"
2020-08-21 15:59,3586,L,R_CONFIRM_POS_FROZEN,"{""signal_id"": ""L-2020-08-02 23:59-40""}"
2020-08-21 23:59,3588,L,R_CONFIRM_POS_FROZEN,"{""signal_id"": ""L-2020-08-02 23:59-40""}"
2020-08-22 07:59,3590,L,R_CONFIRM_POS_FROZEN,"{""signal_id"": ""L-2020-08-02 23:59-40""}"
2020-08-22 15:59,3592,L,R_CONFIRM_POS_FROZEN,"{""signal_id"": ""L-2020-08-02 23:59-40""}"
2020-08-23 15:59,3598,L,R_CONFIRM_POS_FROZEN,"{""signal_id"": ""L-2020-08-02 23:59-40""}"
2020-08-23 23:59,3600,L,R_CONFIRM_POS_FROZEN,"{""signal_id"": ""L-2020-08-02 23:59-40""}"
2020-08-24 07:59,3602,L,R_CONFIRM_POS_FROZEN,"{""signal_id"": ""L-2020-08-02 23:59-40""}"
2020-08-24 15:59,3604,L,R_CONFIRM_POS_FROZEN,"{""signal_id"": ""L-2020-08-02 23:59-40""}"
2020-08-25 07:59,3608,L,R_CONFIRM_POS_FROZEN,"{""signal_id"": ""L-2020-08-02 23:59-40""}"
2020-08-25 15:59,3610,L,R_CONFIRM_POS_FROZEN,"{""signal_id"": ""L-2020-08-02 23:59-40""}"
2020-08-25 23:59,3612,L,R_CONFIRM_POS_FROZEN,"{""signal_id"": ""L-2020-08-02 23:59-40""}"
2020-08-26 00:00,3613,L,EXIT,"{""exit_kind"": ""dexit"", ""px"": 11318.42, ""frac"": 0.75, ""signal_id"": ""L-2020-08-02 23:59-40""}"
2020-09-02 00:00,3655,L,D_ARM,"{""day"": ""2020-09-01"", ""P0"": 11117.64, ""H1"": 12050.85}"
2020-09-02 00:00,3655,L,ORDER_CREATE,"{""key"": 3653, ""level"": 11892.6786, ""stop"": 11761.8682, ""atr_idx"": 3654, ""atr_end_time"": 1599004799999, ""r_confirm_time"": 1598990399999}"
2020-09-02 00:00,3655,L,SIGNAL,"{""key"": 3653}"
2020-09-02 00:35,3655,L,FILL,"{""signal_id"": ""L-2020-09-01 19:59-41"", ""expected"": 11892.6786, ""entry"": 11892.6786, ""stop"": 11761.8682, ""key"": 3653}"
2020-09-02 03:59,3655,L,R_CONFIRM_POS_FROZEN,"{""signal_id"": ""L-2020-09-01 19:59-41""}"
2020-09-02 06:39,3656,L,EXIT,"{""exit_kind"": ""stop"", ""px"": 11761.8682, ""frac"": 1.0, ""signal_id"": ""L-2020-09-01 19:59-41""}"
2020-09-06 00:00,3679,S,D_ARM,"{""day"": ""2020-09-05"", ""P0"": -11462.6, ""H1"": -9825.0}"
2020-09-06 00:00,3679,S,ORDER_CREATE,"{""key"": 3678, ""level"": -10193.7993, ""stop"": -10378.9136, ""atr_idx"": 3678, ""atr_end_time"": 1599350399999, ""r_confirm_time"": 1599350399999}"
2020-09-06 00:00,3679,S,SIGNAL,"{""key"": 3678}"
2020-09-06 00:10,3679,S,FILL,"{""signal_id"": ""S-2020-09-05 23:59-42"", ""expected"": -10193.7993, ""entry"": -10193.7993, ""stop"": -10378.9136, ""key"": 3678}"
2020-09-07 07:59,3686,S,R_CONFIRM_POS_FROZEN,"{""signal_id"": ""S-2020-09-05 23:59-42""}"
2020-09-07 22:49,3690,S,EXIT,"{""exit_kind"": ""stop"", ""px"": -10378.9136, ""frac"": 1.0, ""signal_id"": ""S-2020-09-05 23:59-42""}"
2020-09-29 00:00,3817,L,D_ARM,"{""day"": ""2020-09-28"", ""P0"": 10136.82, ""H1"": 10950.0}"
2020-09-29 04:00,3818,L,ORDER_CREATE,"{""key"": 3817, ""level"": 10720.0352, ""stop"": 10594.122, ""atr_idx"": 3817, ""atr_end_time"": 1601351999999, ""r_confirm_time"": 1601351999999}"
2020-09-29 04:00,3818,L,SIGNAL,"{""key"": 3817}"
2020-09-29 04:00,3818,L,FILL,"{""signal_id"": ""L-2020-09-29 03:59-43"", ""expected"": 10720.0352, ""entry"": 10720.0352, ""stop"": 10594.122, ""key"": 3817}"
2020-09-29 11:59,3819,L,R_CONFIRM_POS_FROZEN,"{""signal_id"": ""L-2020-09-29 03:59-43""}"
2020-09-29 23:59,3822,L,R_CONFIRM_POS_FROZEN,"{""signal_id"": ""L-2020-09-29 03:59-43""}"
2020-09-30 07:59,3824,L,R_CONFIRM_POS_FROZEN,"{""signal_id"": ""L-2020-09-29 03:59-43""}"
2020-09-30 15:59,3826,L,R_CONFIRM_POS_FROZEN,"{""signal_id"": ""L-2020-09-29 03:59-43""}"
2020-09-30 23:59,3828,L,R_CONFIRM_POS_FROZEN,"{""signal_id"": ""L-2020-09-29 03:59-43""}"
2020-10-01 07:59,3830,L,R_CONFIRM_POS_FROZEN,"{""signal_id"": ""L-2020-09-29 03:59-43""}"
2020-10-01 16:19,3833,L,EXIT,"{""exit_kind"": ""stop"", ""px"": 10594.122, ""frac"": 1.0, ""signal_id"": ""L-2020-09-29 03:59-43""}"
2020-10-27 00:00,3985,L,D_ARM,"{""day"": ""2020-10-26"", ""P0"": 11886.95, ""H1"": 13350.0}"
2020-10-27 00:00,3985,L,ORDER_CREATE,"{""key"": 3983, ""level"": 13018.899, ""stop"": 12861.3, ""atr_idx"": 3984, ""atr_end_time"": 1603756799999, ""r_confirm_time"": 1603742399999}"
2020-10-27 00:00,3985,L,SIGNAL,"{""key"": 3983}"
2020-10-27 03:59,3985,L,R_REPLACED,"{""old_key"": 3983, ""new_key"": 3985}"
2020-10-27 03:59,3985,L,ORDER_CANCEL,"{""key"": 3983, ""reason"": ""R_REPLACED"", ""level"": 13018.899}"
2020-10-27 04:00,3986,L,ORDER_CREATE,"{""key"": 3985, ""level"": 12889.5017, ""stop"": 12726.705, ""atr_idx"": 3985, ""atr_end_time"": 1603771199999, ""r_confirm_time"": 1603771199999}"
2020-10-27 04:00,3986,L,SIGNAL,"{""key"": 3985}"
2020-10-27 19:59,3989,L,R_REPLACED,"{""old_key"": 3985, ""new_key"": 3989}"
2020-10-27 19:59,3989,L,ORDER_CANCEL,"{""key"": 3985, ""reason"": ""R_REPLACED"", ""level"": 12889.5017}"
2020-10-27 20:00,3990,L,ORDER_CREATE,"{""key"": 3989, ""level"": 13280.2677, ""stop"": 13045.4658, ""atr_idx"": 3989, ""atr_end_time"": 1603828799999, ""r_confirm_time"": 1603828799999}"
2020-10-27 20:00,3990,L,SIGNAL,"{""key"": 3989}"
2020-10-28 03:59,3991,L,R_REPLACED,"{""old_key"": 3989, ""new_key"": 3991}"
2020-10-28 03:59,3991,L,ORDER_CANCEL,"{""key"": 3989, ""reason"": ""R_REPLACED"", ""level"": 13280.2677}"
2020-10-28 04:00,3992,L,ORDER_CREATE,"{""key"": 3991, ""level"": 13625.5918, ""stop"": 13459.5, ""atr_idx"": 3991, ""atr_end_time"": 1603857599999, ""r_confirm_time"": 1603857599999}"
2020-10-28 04:00,3992,L,SIGNAL,"{""key"": 3991}"
2020-10-28 07:10,3992,L,FILL,"{""signal_id"": ""L-2020-10-28 03:59-44"", ""expected"": 13625.5918, ""entry"": 13625.5918, ""stop"": 13459.5, ""key"": 3991}"
2020-10-28 11:09,3993,L,EXIT,"{""exit_kind"": ""stop"", ""px"": 13459.5, ""frac"": 1.0, ""signal_id"": ""L-2020-10-28 03:59-44""}"
2020-11-08 00:00,4057,L,D_ARM,"{""day"": ""2020-11-07"", ""P0"": 14093.56, ""H1"": 15960.0}"
2020-11-08 00:00,4057,L,ORDER_CREATE,"{""key"": 4056, ""level"": 14804.8818, ""stop"": 14516.32, ""atr_idx"": 4056, ""atr_end_time"": 1604793599999, ""r_confirm_time"": 1604793599999}"
2020-11-08 00:00,4057,L,SIGNAL,"{""key"": 4056}"
2020-11-08 00:00,4057,L,FILL,"{""signal_id"": ""L-2020-11-07 23:59-45"", ""expected"": 14804.8818, ""entry"": 14804.8818, ""stop"": 14516.32, ""key"": 4056}"
2020-11-08 01:34,4057,L,EXIT,"{""exit_kind"": ""tp"", ""px"": 14925.03, ""frac"": 0.25, ""signal_id"": ""L-2020-11-07 23:59-45""}"
2020-11-08 07:59,4058,L,R_CONFIRM_POS_FROZEN,"{""signal_id"": ""L-2020-11-07 23:59-45""}"
2020-11-09 07:59,4064,L,R_CONFIRM_POS_FROZEN,"{""signal_id"": ""L-2020-11-07 23:59-45""}"
2020-11-09 15:59,4066,L,R_CONFIRM_POS_FROZEN,"{""signal_id"": ""L-2020-11-07 23:59-45""}"
2020-11-09 23:59,4068,L,R_CONFIRM_POS_FROZEN,"{""signal_id"": ""L-2020-11-07 23:59-45""}"
2020-11-11 03:59,4075,L,R_CONFIRM_POS_FROZEN,"{""signal_id"": ""L-2020-11-07 23:59-45""}"
2020-11-12 03:59,4081,L,R_CONFIRM_POS_FROZEN,"{""signal_id"": ""L-2020-11-07 23:59-45""}"
2020-11-12 11:59,4083,L,R_CONFIRM_POS_FROZEN,"{""signal_id"": ""L-2020-11-07 23:59-45""}"
2020-11-12 19:59,4085,L,R_CONFIRM_POS_FROZEN,"{""signal_id"": ""L-2020-11-07 23:59-45""}"
2020-11-13 03:59,4087,L,R_CONFIRM_POS_FROZEN,"{""signal_id"": ""L-2020-11-07 23:59-45""}"
2020-11-13 23:59,4092,L,R_CONFIRM_POS_FROZEN,"{""signal_id"": ""L-2020-11-07 23:59-45""}"
2020-11-14 15:59,4096,L,R_CONFIRM_POS_FROZEN,"{""signal_id"": ""L-2020-11-07 23:59-45""}"
2020-11-14 23:59,4098,L,R_CONFIRM_POS_FROZEN,"{""signal_id"": ""L-2020-11-07 23:59-45""}"
2020-11-15 11:59,4101,L,R_CONFIRM_POS_FROZEN,"{""signal_id"": ""L-2020-11-07 23:59-45""}"
2020-11-16 03:59,4105,L,R_CONFIRM_POS_FROZEN,"{""signal_id"": ""L-2020-11-07 23:59-45""}"
2020-11-16 15:59,4108,L,R_CONFIRM_POS_FROZEN,"{""signal_id"": ""L-2020-11-07 23:59-45""}"
2020-11-17 03:59,4111,L,R_CONFIRM_POS_FROZEN,"{""signal_id"": ""L-2020-11-07 23:59-45""}"
2020-11-17 11:59,4113,L,R_CONFIRM_POS_FROZEN,"{""signal_id"": ""L-2020-11-07 23:59-45""}"
2020-11-17 19:59,4115,L,R_CONFIRM_POS_FROZEN,"{""signal_id"": ""L-2020-11-07 23:59-45""}"
2020-11-18 03:59,4117,L,R_CONFIRM_POS_FROZEN,"{""signal_id"": ""L-2020-11-07 23:59-45""}"
2020-11-18 11:59,4119,L,R_CONFIRM_POS_FROZEN,"{""signal_id"": ""L-2020-11-07 23:59-45""}"
2020-11-18 19:59,4121,L,R_CONFIRM_POS_FROZEN,"{""signal_id"": ""L-2020-11-07 23:59-45""}"
2020-11-19 03:59,4123,L,R_CONFIRM_POS_FROZEN,"{""signal_id"": ""L-2020-11-07 23:59-45""}"
2020-11-19 15:59,4126,L,R_CONFIRM_POS_FROZEN,"{""signal_id"": ""L-2020-11-07 23:59-45""}"
2020-11-20 07:59,4130,L,R_CONFIRM_POS_FROZEN,"{""signal_id"": ""L-2020-11-07 23:59-45""}"
2020-11-20 19:59,4133,L,R_CONFIRM_POS_FROZEN,"{""signal_id"": ""L-2020-11-07 23:59-45""}"
2020-11-21 03:59,4135,L,R_CONFIRM_POS_FROZEN,"{""signal_id"": ""L-2020-11-07 23:59-45""}"
2020-11-21 19:59,4139,L,R_CONFIRM_POS_FROZEN,"{""signal_id"": ""L-2020-11-07 23:59-45""}"
2020-11-22 07:59,4142,L,R_CONFIRM_POS_FROZEN,"{""signal_id"": ""L-2020-11-07 23:59-45""}"
2020-11-22 15:59,4144,L,R_CONFIRM_POS_FROZEN,"{""signal_id"": ""L-2020-11-07 23:59-45""}"
2020-11-22 23:59,4146,L,R_CONFIRM_POS_FROZEN,"{""signal_id"": ""L-2020-11-07 23:59-45""}"
2020-11-23 07:59,4148,L,R_CONFIRM_POS_FROZEN,"{""signal_id"": ""L-2020-11-07 23:59-45""}"
2020-11-23 19:59,4151,L,R_CONFIRM_POS_FROZEN,"{""signal_id"": ""L-2020-11-07 23:59-45""}"
2020-11-24 03:59,4153,L,R_CONFIRM_POS_FROZEN,"{""signal_id"": ""L-2020-11-07 23:59-45""}"
2020-11-24 11:59,4155,L,R_CONFIRM_POS_FROZEN,"{""signal_id"": ""L-2020-11-07 23:59-45""}"
2020-11-24 19:59,4157,L,R_CONFIRM_POS_FROZEN,"{""signal_id"": ""L-2020-11-07 23:59-45""}"
2020-11-25 03:59,4159,L,R_CONFIRM_POS_FROZEN,"{""signal_id"": ""L-2020-11-07 23:59-45""}"
2020-11-25 11:59,4161,L,R_CONFIRM_POS_FROZEN,"{""signal_id"": ""L-2020-11-07 23:59-45""}"
2020-11-26 03:59,4165,L,R_CONFIRM_POS_FROZEN,"{""signal_id"": ""L-2020-11-07 23:59-45""}"
2020-11-26 11:59,4167,L,R_CONFIRM_POS_FROZEN,"{""signal_id"": ""L-2020-11-07 23:59-45""}"
2020-11-26 19:59,4169,L,R_CONFIRM_POS_FROZEN,"{""signal_id"": ""L-2020-11-07 23:59-45""}"
2020-11-27 03:59,4171,L,R_CONFIRM_POS_FROZEN,"{""signal_id"": ""L-2020-11-07 23:59-45""}"
2020-11-27 23:59,4176,L,R_CONFIRM_POS_FROZEN,"{""signal_id"": ""L-2020-11-07 23:59-45""}"
2020-11-28 00:00,4177,L,D_ARM,"{""day"": ""2020-11-27"", ""P0"": 16188.0, ""H1"": 18915.03}"
2020-11-28 00:00,4177,L,ORDER_CREATE,"{""key"": 4176, ""level"": 16676.1973, ""stop"": 16388.7658, ""atr_idx"": 4176, ""atr_end_time"": 1606521599999, ""r_confirm_time"": 1606521599999}"
2020-11-28 00:00,4177,L,SIGNAL,"{""key"": 4176}"
2020-11-28 15:59,4180,L,R_REPLACED,"{""old_key"": 4176, ""new_key"": 4180}"
2020-11-28 15:59,4180,L,ORDER_CANCEL,"{""key"": 4176, ""reason"": ""R_REPLACED"", ""level"": 16676.1973}"
2020-11-28 15:59,4180,L,R_CONFIRM_POS_FROZEN,"{""signal_id"": ""L-2020-11-07 23:59-45""}"
2020-11-28 16:00,4181,L,ORDER_CREATE,"{""key"": 4180, ""level"": 16896.3618, ""stop"": 16584.437, ""atr_idx"": 4180, ""atr_end_time"": 1606579199999, ""r_confirm_time"": 1606579199999}"
2020-11-28 16:00,4181,L,SIGNAL,"{""key"": 4180}"
2020-11-29 00:00,4183,L,D_DISARM,"{""day"": ""2020-11-28"", ""P0"": 16188.0, ""H1"": 18915.03}"
2020-11-29 00:00,4183,L,ORDER_CANCEL,"{""key"": 4180, ""reason"": ""D_DISARMED"", ""level"": 16896.3618}"
2020-11-29 19:59,4187,L,R_CONFIRM_POS_FROZEN,"{""signal_id"": ""L-2020-11-07 23:59-45""}"
2020-11-30 11:59,4191,L,R_CONFIRM_POS_FROZEN,"{""signal_id"": ""L-2020-11-07 23:59-45""}"
2020-11-30 23:59,4194,L,R_CONFIRM_POS_FROZEN,"{""signal_id"": ""L-2020-11-07 23:59-45""}"
2020-12-01 07:59,4196,L,R_CONFIRM_POS_FROZEN,"{""signal_id"": ""L-2020-11-07 23:59-45""}"
2020-12-01 15:59,4198,L,R_CONFIRM_POS_FROZEN,"{""signal_id"": ""L-2020-11-07 23:59-45""}"
2020-12-01 23:59,4200,L,R_CONFIRM_POS_FROZEN,"{""signal_id"": ""L-2020-11-07 23:59-45""}"
2020-12-02 07:59,4202,L,R_CONFIRM_POS_FROZEN,"{""signal_id"": ""L-2020-11-07 23:59-45""}"
2020-12-02 15:59,4204,L,R_CONFIRM_POS_FROZEN,"{""signal_id"": ""L-2020-11-07 23:59-45""}"
2020-12-03 00:00,4207,L,D_ARM,"{""day"": ""2020-12-02"", ""P0"": 18001.12, ""H1"": 19888.0}"
2020-12-03 00:00,4207,L,ORDER_CREATE,"{""key"": 4204, ""level"": 18624.5385, ""stop"": 18275.01, ""atr_idx"": 4206, ""atr_end_time"": 1606953599999, ""r_confirm_time"": 1606924799999}"
2020-12-03 00:00,4207,L,SIGNAL,"{""key"": 4204}"
2020-12-03 07:59,4208,L,R_REPLACED,"{""old_key"": 4204, ""new_key"": 4208}"
2020-12-03 07:59,4208,L,ORDER_CANCEL,"{""key"": 4204, ""reason"": ""R_REPLACED"", ""level"": 18624.5385}"
2020-12-03 07:59,4208,L,R_CONFIRM_POS_FROZEN,"{""signal_id"": ""L-2020-11-07 23:59-45""}"
2020-12-03 08:00,4209,L,ORDER_CREATE,"{""key"": 4208, ""level"": 18919.6355, ""stop"": 18672.1949, ""atr_idx"": 4208, ""atr_end_time"": 1606982399999, ""r_confirm_time"": 1606982399999}"
2020-12-03 08:00,4209,L,SIGNAL,"{""key"": 4208}"
2020-12-04 07:59,4214,L,R_REPLACED,"{""old_key"": 4208, ""new_key"": 4214}"
2020-12-04 07:59,4214,L,ORDER_CANCEL,"{""key"": 4208, ""reason"": ""R_REPLACED"", ""level"": 18919.6355}"
2020-12-04 07:59,4214,L,R_CONFIRM_POS_FROZEN,"{""signal_id"": ""L-2020-11-07 23:59-45""}"
2020-12-04 08:00,4215,L,ORDER_CREATE,"{""key"": 4214, ""level"": 19275.7998, ""stop"": 19065.3718, ""atr_idx"": 4214, ""atr_end_time"": 1607068799999, ""r_confirm_time"": 1607068799999}"
2020-12-04 08:00,4215,L,SIGNAL,"{""key"": 4214}"
2020-12-04 10:14,4215,L,R_INVALID,"{""key"": 4214, ""mode"": ""5M""}"
2020-12-04 10:14,4215,L,ORDER_CANCEL,"{""key"": 4214, ""reason"": ""R_INVALID"", ""level"": 19275.7998}"
2020-12-04 15:59,4216,L,R_CONFIRM_POS_FROZEN,"{""signal_id"": ""L-2020-11-07 23:59-45""}"
2020-12-04 16:00,4217,L,ORDER_CREATE,"{""key"": 4216, ""level"": 18932.954, ""stop"": 18643.9, ""atr_idx"": 4216, ""atr_end_time"": 1607097599999, ""r_confirm_time"": 1607097599999}"
2020-12-04 16:00,4217,L,SIGNAL,"{""key"": 4216}"
2020-12-04 22:59,4218,L,R_INVALID,"{""key"": 4216, ""mode"": ""5M""}"
2020-12-04 22:59,4218,L,ORDER_CANCEL,"{""key"": 4216, ""reason"": ""R_INVALID"", ""level"": 18932.954}"
2020-12-04 23:59,4218,L,R_CONFIRM_POS_FROZEN,"{""signal_id"": ""L-2020-11-07 23:59-45""}"
2020-12-05 00:00,4219,L,ORDER_CREATE,"{""key"": 4218, ""level"": 18835.2997, ""stop"": 18630.3209, ""atr_idx"": 4218, ""atr_end_time"": 1607126399999, ""r_confirm_time"": 1607126399999}"
2020-12-05 00:00,4219,L,SIGNAL,"{""key"": 4218}"
2020-12-05 00:04,4219,L,R_INVALID,"{""key"": 4218, ""mode"": ""5M""}"
2020-12-05 00:04,4219,L,ORDER_CANCEL,"{""key"": 4218, ""reason"": ""R_INVALID"", ""level"": 18835.2997}"
2020-12-05 07:59,4220,L,R_CONFIRM_POS_FROZEN,"{""signal_id"": ""L-2020-11-07 23:59-45""}"
2020-12-05 08:00,4221,L,ORDER_CREATE,"{""key"": 4220, ""level"": 18671.5059, ""stop"": 18444.5, ""atr_idx"": 4220, ""atr_end_time"": 1607155199999, ""r_confirm_time"": 1607155199999}"
2020-12-05 08:00,4221,L,SIGNAL,"{""key"": 4220}"
2020-12-06 19:59,4229,L,R_REPLACED,"{""old_key"": 4220, ""new_key"": 4229}"
2020-12-06 19:59,4229,L,ORDER_CANCEL,"{""key"": 4220, ""reason"": ""R_REPLACED"", ""level"": 18671.5059}"
2020-12-06 19:59,4229,L,R_CONFIRM_POS_FROZEN,"{""signal_id"": ""L-2020-11-07 23:59-45""}"
2020-12-06 20:00,4230,L,ORDER_CREATE,"{""key"": 4229, ""level"": 18997.8604, ""stop"": 18800.429, ""atr_idx"": 4229, ""atr_end_time"": 1607284799999, ""r_confirm_time"": 1607284799999}"
2020-12-06 20:00,4230,L,SIGNAL,"{""key"": 4229}"
2020-12-07 07:59,4232,L,R_REPLACED,"{""old_key"": 4229, ""new_key"": 4232}"
2020-12-07 07:59,4232,L,ORDER_CANCEL,"{""key"": 4229, ""reason"": ""R_REPLACED"", ""level"": 18997.8604}"
2020-12-07 07:59,4232,L,R_CONFIRM_POS_FROZEN,"{""signal_id"": ""L-2020-11-07 23:59-45""}"
2020-12-07 08:00,4233,L,ORDER_CREATE,"{""key"": 4232, ""level"": 19191.1159, ""stop"": 18987.865, ""atr_idx"": 4232, ""atr_end_time"": 1607327999999, ""r_confirm_time"": 1607327999999}"
2020-12-07 08:00,4233,L,SIGNAL,"{""key"": 4232}"
2020-12-07 15:59,4234,L,R_REPLACED,"{""old_key"": 4232, ""new_key"": 4234}"
2020-12-07 15:59,4234,L,ORDER_CANCEL,"{""key"": 4232, ""reason"": ""R_REPLACED"", ""level"": 19191.1159}"
2020-12-07 15:59,4234,L,R_CONFIRM_POS_FROZEN,"{""signal_id"": ""L-2020-11-07 23:59-45""}"
2020-12-07 16:00,4235,L,ORDER_CREATE,"{""key"": 4234, ""level"": 19217.3711, ""stop"": 19032.73, ""atr_idx"": 4234, ""atr_end_time"": 1607356799999, ""r_confirm_time"": 1607356799999}"
2020-12-07 16:00,4235,L,SIGNAL,"{""key"": 4234}"
2020-12-07 18:19,4235,L,R_INVALID,"{""key"": 4234, ""mode"": ""5M""}"
2020-12-07 18:19,4235,L,ORDER_CANCEL,"{""key"": 4234, ""reason"": ""R_INVALID"", ""level"": 19217.3711}"
2020-12-07 23:59,4236,L,R_CONFIRM_POS_FROZEN,"{""signal_id"": ""L-2020-11-07 23:59-45""}"
2020-12-08 00:00,4237,L,ORDER_CREATE,"{""key"": 4236, ""level"": 19039.7167, ""stop"": 18846.1714, ""atr_idx"": 4236, ""atr_end_time"": 1607385599999, ""r_confirm_time"": 1607385599999}"
2020-12-08 00:00,4237,L,SIGNAL,"{""key"": 4236}"
2020-12-08 07:59,4238,L,R_REPLACED,"{""old_key"": 4236, ""new_key"": 4238}"
2020-12-08 07:59,4238,L,ORDER_CANCEL,"{""key"": 4236, ""reason"": ""R_REPLACED"", ""level"": 19039.7167}"
2020-12-08 07:59,4238,L,R_CONFIRM_POS_FROZEN,"{""signal_id"": ""L-2020-11-07 23:59-45""}"
2020-12-08 08:00,4239,L,ORDER_CREATE,"{""key"": 4238, ""level"": 19077.028, ""stop"": 18878.2548, ""atr_idx"": 4238, ""atr_end_time"": 1607414399999, ""r_confirm_time"": 1607414399999}"
2020-12-08 08:00,4239,L,SIGNAL,"{""key"": 4238}"
2020-12-08 09:39,4239,L,R_INVALID,"{""key"": 4238, ""mode"": ""5M""}"
2020-12-08 09:39,4239,L,ORDER_CANCEL,"{""key"": 4238, ""reason"": ""R_INVALID"", ""level"": 19077.028}"
2020-12-08 15:59,4240,L,R_CONFIRM_POS_FROZEN,"{""signal_id"": ""L-2020-11-07 23:59-45""}"
2020-12-08 16:00,4241,L,ORDER_CREATE,"{""key"": 4240, ""level"": 18867.0876, ""stop"": 18643.9, ""atr_idx"": 4240, ""atr_end_time"": 1607443199999, ""r_confirm_time"": 1607443199999}"
2020-12-08 16:00,4241,L,SIGNAL,"{""key"": 4240}"
2020-12-08 20:54,4242,L,R_INVALID,"{""key"": 4240, ""mode"": ""5M""}"
2020-12-08 20:54,4242,L,ORDER_CANCEL,"{""key"": 4240, ""reason"": ""R_INVALID"", ""level"": 18867.0876}"
2020-12-08 23:59,4242,L,R_CONFIRM_POS_FROZEN,"{""signal_id"": ""L-2020-11-07 23:59-45""}"
2020-12-09 00:00,4243,L,D_DISARM,"{""day"": ""2020-12-08"", ""P0"": 18001.12, ""H1"": 19888.0}"
2020-12-09 07:59,4244,L,R_CONFIRM_POS_FROZEN,"{""signal_id"": ""L-2020-11-07 23:59-45""}"
2020-12-09 15:59,4246,L,R_CONFIRM_POS_FROZEN,"{""signal_id"": ""L-2020-11-07 23:59-45""}"
2020-12-09 23:59,4248,L,R_CONFIRM_POS_FROZEN,"{""signal_id"": ""L-2020-11-07 23:59-45""}"
2020-12-10 15:59,4252,L,R_CONFIRM_POS_FROZEN,"{""signal_id"": ""L-2020-11-07 23:59-45""}"
2020-12-10 23:59,4254,L,R_CONFIRM_POS_FROZEN,"{""signal_id"": ""L-2020-11-07 23:59-45""}"
2020-12-11 07:59,4256,L,R_CONFIRM_POS_FROZEN,"{""signal_id"": ""L-2020-11-07 23:59-45""}"
2020-12-11 15:59,4258,L,R_CONFIRM_POS_FROZEN,"{""signal_id"": ""L-2020-11-07 23:59-45""}"
2020-12-11 23:59,4260,L,R_CONFIRM_POS_FROZEN,"{""signal_id"": ""L-2020-11-07 23:59-45""}"
2020-12-12 00:00,4261,L,EXIT,"{""exit_kind"": ""dexit"", ""px"": 18036.53, ""frac"": 0.75, ""signal_id"": ""L-2020-11-07 23:59-45""}"
2020-12-22 00:00,4321,L,D_ARM,"{""day"": ""2020-12-21"", ""P0"": 19278.6, ""H1"": 24295.0}"
2020-12-22 00:00,4321,L,ORDER_CREATE,"{""key"": 4320, ""level"": 22221.1459, ""stop"": 21749.555, ""atr_idx"": 4320, ""atr_end_time"": 1608595199999, ""r_confirm_time"": 1608595199999}"
2020-12-22 00:00,4321,L,SIGNAL,"{""key"": 4320}"
2020-12-22 11:59,4323,L,R_REPLACED,"{""old_key"": 4320, ""new_key"": 4323}"
2020-12-22 11:59,4323,L,ORDER_CANCEL,"{""key"": 4320, ""reason"": ""R_REPLACED"", ""level"": 22221.1459}"
2020-12-22 12:00,4324,L,ORDER_CREATE,"{""key"": 4323, ""level"": 22668.0297, ""stop"": 22361.5734, ""atr_idx"": 4323, ""atr_end_time"": 1608638399999, ""r_confirm_time"": 1608638399999}"
2020-12-22 12:00,4324,L,SIGNAL,"{""key"": 4323}"
2020-12-22 19:59,4325,L,R_REPLACED,"{""old_key"": 4323, ""new_key"": 4325}"
2020-12-22 19:59,4325,L,ORDER_CANCEL,"{""key"": 4323, ""reason"": ""R_REPLACED"", ""level"": 22668.0297}"
2020-12-22 20:00,4326,L,ORDER_CREATE,"{""key"": 4325, ""level"": 22722.3789, ""stop"": 22286.3398, ""atr_idx"": 4325, ""atr_end_time"": 1608667199999, ""r_confirm_time"": 1608667199999}"
2020-12-22 20:00,4326,L,SIGNAL,"{""key"": 4325}"
2020-12-23 00:00,4327,L,D_DISARM,"{""day"": ""2020-12-22"", ""P0"": 19278.6, ""H1"": 24295.0}"
2020-12-23 00:00,4327,L,ORDER_CANCEL,"{""key"": 4325, ""reason"": ""D_DISARMED"", ""level"": 22722.3789}"
2020-12-29 00:00,4363,L,D_ARM,"{""day"": ""2020-12-28"", ""P0"": 24500.0, ""H1"": 28422.0}"
2020-12-29 00:00,4363,L,ORDER_CREATE,"{""key"": 4358, ""level"": 26169.1595, ""stop"": 25622.9, ""atr_idx"": 4362, ""atr_end_time"": 1609199999999, ""r_confirm_time"": 1609142399999}"
2020-12-29 00:00,4363,L,SIGNAL,"{""key"": 4358}"
2020-12-29 05:10,4364,L,FILL,"{""signal_id"": ""L-2020-12-28 07:59-46"", ""expected"": 26169.1595, ""entry"": 26169.1595, ""stop"": 25622.9, ""key"": 4358}"
2020-12-29 11:59,4365,L,R_CONFIRM_POS_FROZEN,"{""signal_id"": ""L-2020-12-28 07:59-46""}"
2020-12-29 23:59,4368,L,R_CONFIRM_POS_FROZEN,"{""signal_id"": ""L-2020-12-28 07:59-46""}"
2020-12-30 11:59,4371,L,R_CONFIRM_POS_FROZEN,"{""signal_id"": ""L-2020-12-28 07:59-46""}"
2020-12-30 19:59,4373,L,R_CONFIRM_POS_FROZEN,"{""signal_id"": ""L-2020-12-28 07:59-46""}"
2020-12-31 00:00,4375,L,D_ARM,"{""day"": ""2020-12-30"", ""P0"": 25880.0, ""H1"": 28996.0}"
2020-12-31 00:00,4375,L,ORDER_CREATE,"{""key"": 4373, ""level"": 27775.9705, ""stop"": 27238.04, ""atr_idx"": 4374, ""atr_end_time"": 1609372799999, ""r_confirm_time"": 1609358399999}"
2020-12-31 00:00,4375,L,SIGNAL,"{""key"": 4373}"
2020-12-31 03:59,4375,L,R_REPLACED,"{""old_key"": 4373, ""new_key"": 4375}"
2020-12-31 03:59,4375,L,ORDER_CANCEL,"{""key"": 4373, ""reason"": ""R_REPLACED"", ""level"": 27775.9705}"
2020-12-31 03:59,4375,L,R_CONFIRM_POS_FROZEN,"{""signal_id"": ""L-2020-12-28 07:59-46""}"
2020-12-31 04:00,4376,L,ORDER_CREATE,"{""key"": 4375, ""level"": 28305.1294, ""stop"": 27803.339, ""atr_idx"": 4375, ""atr_end_time"": 1609387199999, ""r_confirm_time"": 1609387199999}"
2020-12-31 04:00,4376,L,SIGNAL,"{""key"": 4375}"
2020-12-31 11:59,4377,L,R_REPLACED,"{""old_key"": 4375, ""new_key"": 4377}"
2020-12-31 11:59,4377,L,ORDER_CANCEL,"{""key"": 4375, ""reason"": ""R_REPLACED"", ""level"": 28305.1294}"
2020-12-31 11:59,4377,L,R_CONFIRM_POS_FROZEN,"{""signal_id"": ""L-2020-12-28 07:59-46""}"
2020-12-31 12:00,4378,L,ORDER_CREATE,"{""key"": 4377, ""level"": 28480.6382, ""stop"": 28036.308, ""atr_idx"": 4377, ""atr_end_time"": 1609415999999, ""r_confirm_time"": 1609415999999}"
2020-12-31 12:00,4378,L,SIGNAL,"{""key"": 4377}"
2020-12-31 13:14,4378,L,R_INVALID,"{""key"": 4377, ""mode"": ""5M""}"
2020-12-31 13:14,4378,L,ORDER_CANCEL,"{""key"": 4377, ""reason"": ""R_INVALID"", ""level"": 28480.6382}"
2020-12-31 19:59,4379,L,R_CONFIRM_POS_FROZEN,"{""signal_id"": ""L-2020-12-28 07:59-46""}"
2020-12-31 20:00,4380,L,ORDER_CREATE,"{""key"": 4379, ""level"": 28205.7642, ""stop"": 27766.45, ""atr_idx"": 4379, ""atr_end_time"": 1609444799999, ""r_confirm_time"": 1609444799999}"
2020-12-31 20:00,4380,L,SIGNAL,"{""key"": 4379}"
2021-01-01 01:29,4381,L,EXIT,"{""exit_kind"": ""tp"", ""px"": 29386.622, ""frac"": 0.25, ""signal_id"": ""L-2020-12-28 07:59-46""}"
2021-01-01 15:59,4384,L,R_REPLACED,"{""old_key"": 4379, ""new_key"": 4384}"
2021-01-01 15:59,4384,L,ORDER_CANCEL,"{""key"": 4379, ""reason"": ""R_REPLACED"", ""level"": 28205.7642}"
2021-01-01 15:59,4384,L,R_CONFIRM_POS_FROZEN,"{""signal_id"": ""L-2020-12-28 07:59-46""}"
2021-01-01 16:00,4385,L,ORDER_CREATE,"{""key"": 4384, ""level"": 28991.6045, ""stop"": 28604.0995, ""atr_idx"": 4384, ""atr_end_time"": 1609516799999, ""r_confirm_time"": 1609516799999}"
2021-01-01 16:00,4385,L,SIGNAL,"{""key"": 4384}"
2021-01-01 18:49,4385,L,R_INVALID,"{""key"": 4384, ""mode"": ""5M""}"
2021-01-01 18:49,4385,L,ORDER_CANCEL,"{""key"": 4384, ""reason"": ""R_INVALID"", ""level"": 28991.6045}"
2021-01-01 23:59,4386,L,R_CONFIRM_POS_FROZEN,"{""signal_id"": ""L-2020-12-28 07:59-46""}"
2021-01-02 00:00,4387,L,ORDER_CREATE,"{""key"": 4386, ""level"": 28884.5259, ""stop"": 28538.6963, ""atr_idx"": 4386, ""atr_end_time"": 1609545599999, ""r_confirm_time"": 1609545599999}"
2021-01-02 00:00,4387,L,SIGNAL,"{""key"": 4386}"
2021-01-02 12:24,4390,L,EXIT,"{""exit_kind"": ""tp"", ""px"": 29981.252, ""frac"": 0.25, ""signal_id"": ""L-2020-12-28 07:59-46""}"
2021-01-02 13:39,4390,L,EXIT,"{""exit_kind"": ""tp"", ""px"": 30945.874, ""frac"": 0.25, ""signal_id"": ""L-2020-12-28 07:59-46""}"
2021-01-02 16:34,4391,L,EXIT,"{""exit_kind"": ""tp"", ""px"": 32505.126, ""frac"": 0.25, ""signal_id"": ""L-2020-12-28 07:59-46""}"
2021-01-02 20:00,4392,L,ORDER_CANCEL,"{""key"": 4386, ""reason"": ""R_CHANGED"", ""level"": 28884.5259}"
2021-01-03 00:00,4393,L,ORDER_CREATE,"{""key"": 4392, ""level"": 30672.9656, ""stop"": 29652.1658, ""atr_idx"": 4392, ""atr_end_time"": 1609631999999, ""r_confirm_time"": 1609631999999}"
2021-01-03 00:00,4393,L,SIGNAL,"{""key"": 4392}"
2021-01-03 07:59,4394,L,R_REPLACED,"{""old_key"": 4392, ""new_key"": 4394}"
2021-01-03 07:59,4394,L,ORDER_CANCEL,"{""key"": 4392, ""reason"": ""R_REPLACED"", ""level"": 30672.9656}"
2021-01-03 08:00,4395,L,ORDER_CREATE,"{""key"": 4394, ""level"": 31450.9045, ""stop"": 30209.1, ""atr_idx"": 4394, ""atr_end_time"": 1609660799999, ""r_confirm_time"": 1609660799999}"
2021-01-03 08:00,4395,L,SIGNAL,"{""key"": 4394}"
2021-01-03 15:59,4396,L,R_REPLACED,"{""old_key"": 4394, ""new_key"": 4396}"
2021-01-03 15:59,4396,L,ORDER_CANCEL,"{""key"": 4394, ""reason"": ""R_REPLACED"", ""level"": 31450.9045}"
2021-01-03 16:00,4397,L,ORDER_CREATE,"{""key"": 4396, ""level"": 33072.9388, ""stop"": 32352.65, ""atr_idx"": 4396, ""atr_end_time"": 1609689599999, ""r_confirm_time"": 1609689599999}"
2021-01-03 16:00,4397,L,SIGNAL,"{""key"": 4396}"
2021-01-03 16:45,4397,L,FILL,"{""signal_id"": ""L-2021-01-03 15:59-47"", ""expected"": 33072.9388, ""entry"": 33072.9388, ""stop"": 32352.65, ""key"": 4396}"
2021-01-03 18:39,4397,L,EXIT,"{""exit_kind"": ""stop"", ""px"": 32352.65, ""frac"": 1.0, ""signal_id"": ""L-2021-01-03 15:59-47""}"
2021-01-05 00:00,4405,L,D_ARM,"{""day"": ""2021-01-04"", ""P0"": 28946.53, ""H1"": 34778.11}"
2021-01-05 00:00,4405,L,ORDER_CREATE,"{""key"": 4403, ""level"": 29174.3995, ""stop"": 28045.61, ""atr_idx"": 4404, ""atr_end_time"": 1609804799999, ""r_confirm_time"": 1609790399999}"
2021-01-05 00:00,4405,L,SIGNAL,"{""key"": 4403}"
2021-01-05 11:59,4407,L,R_REPLACED,"{""old_key"": 4403, ""new_key"": 4407}"
2021-01-05 11:59,4407,L,ORDER_CANCEL,"{""key"": 4403, ""reason"": ""R_REPLACED"", ""level"": 29174.3995}"
2021-01-05 12:00,4408,L,ORDER_CREATE,"{""key"": 4407, ""level"": 30444.6386, ""stop"": 29810.3, ""atr_idx"": 4407, ""atr_end_time"": 1609847999999, ""r_confirm_time"": 1609847999999}"
2021-01-05 12:00,4408,L,SIGNAL,"{""key"": 4407}"
2021-01-06 00:00,4411,L,D_DISARM,"{""day"": ""2021-01-05"", ""P0"": 28946.53, ""H1"": 34778.11}"
2021-01-06 00:00,4411,L,ORDER_CANCEL,"{""key"": 4407, ""reason"": ""D_DISARMED"", ""level"": 30444.6386}"
2021-01-09 00:00,4429,L,D_ARM,"{""day"": ""2021-01-08"", ""P0"": 33288.0, ""H1"": 41950.0}"
2021-01-09 00:00,4429,L,ORDER_CREATE,"{""key"": 4427, ""level"": 39219.1134, ""stop"": 38107.334, ""atr_idx"": 4428, ""atr_end_time"": 1610150399999, ""r_confirm_time"": 1610135999999}"
2021-01-09 00:00,4429,L,SIGNAL,"{""key"": 4427}"
2021-01-09 03:59,4429,L,R_REPLACED,"{""old_key"": 4427, ""new_key"": 4429}"
2021-01-09 03:59,4429,L,ORDER_CANCEL,"{""key"": 4427, ""reason"": ""R_REPLACED"", ""level"": 39219.1134}"
2021-01-09 04:00,4430,L,ORDER_CREATE,"{""key"": 4429, ""level"": 39318.0962, ""stop"": 38536.044, ""atr_idx"": 4429, ""atr_end_time"": 1610164799999, ""r_confirm_time"": 1610164799999}"
2021-01-09 04:00,4430,L,SIGNAL,"{""key"": 4429}"
2021-01-09 05:55,4430,L,FILL,"{""signal_id"": ""L-2021-01-09 03:59-48"", ""expected"": 39318.0962, ""entry"": 39318.0962, ""stop"": 38536.044, ""key"": 4429}"
2021-01-09 09:04,4431,L,EXIT,"{""exit_kind"": ""tp"", ""px"": 40277.142, ""frac"": 0.25, ""signal_id"": ""L-2021-01-09 03:59-48""}"
2021-01-09 11:59,4431,L,R_CONFIRM_POS_FROZEN,"{""signal_id"": ""L-2021-01-09 03:59-48""}"
2021-01-10 12:09,4438,L,EXIT,"{""exit_kind"": ""stop"", ""px"": 38536.044, ""frac"": 0.75, ""signal_id"": ""L-2021-01-09 03:59-48""}"
2021-01-12 00:00,4447,S,D_ARM,"{""day"": ""2021-01-11"", ""P0"": -41380.0, ""H1"": -30420.0}"
2021-01-12 00:00,4447,S,ORDER_CREATE,"{""key"": 4445, ""level"": -34853.2855, ""stop"": -36469.08, ""atr_idx"": 4446, ""atr_end_time"": 1610409599999, ""r_confirm_time"": 1610395199999}"
2021-01-12 00:00,4447,S,SIGNAL,"{""key"": 4445}"
2021-01-12 00:00,4447,S,FILL,"{""signal_id"": ""S-2021-01-11 19:59-49"", ""expected"": -34853.2855, ""entry"": -34853.2855, ""stop"": -36469.08, ""key"": 4445}"
2021-01-12 03:59,4447,S,R_CONFIRM_POS_FROZEN,"{""signal_id"": ""S-2021-01-11 19:59-49""}"
2021-01-12 07:44,4448,S,EXIT,"{""exit_kind"": ""stop"", ""px"": -36469.08, ""frac"": 1.0, ""signal_id"": ""S-2021-01-11 19:59-49""}"
2021-01-15 00:00,4465,L,D_ARM,"{""day"": ""2021-01-14"", ""P0"": 32380.0, ""H1"": 40100.0}"
2021-01-15 00:00,4465,L,ORDER_CREATE,"{""key"": 4464, ""level"": 38362.8924, ""stop"": 37593.879, ""atr_idx"": 4464, ""atr_end_time"": 1610668799999, ""r_confirm_time"": 1610668799999}"
2021-01-15 00:00,4465,L,SIGNAL,"{""key"": 4464}"
2021-01-15 04:15,4466,L,FILL,"{""signal_id"": ""L-2021-01-14 23:59-50"", ""expected"": 38362.8924, ""entry"": 38362.8924, ""stop"": 37593.879, ""key"": 4464}"
2021-01-15 06:09,4466,L,EXIT,"{""exit_kind"": ""stop"", ""px"": 37593.879, ""frac"": 1.0, ""signal_id"": ""L-2021-01-14 23:59-50""}"
2021-01-18 00:00,4483,S,D_ARM,"{""day"": ""2021-01-17"", ""P0"": -39747.76, ""H1"": -33850.0}"
2021-01-18 04:00,4484,S,ORDER_CREATE,"{""key"": 4483, ""level"": -36269.1209, ""stop"": -36963.0575, ""atr_idx"": 4483, ""atr_end_time"": 1610942399999, ""r_confirm_time"": 1610942399999}"
2021-01-18 04:00,4484,S,SIGNAL,"{""key"": 4483}"
2021-01-18 07:35,4484,S,FILL,"{""signal_id"": ""S-2021-01-18 03:59-51"", ""expected"": -36269.1209, ""entry"": -36269.1209, ""stop"": -36963.0575, ""key"": 4483}"
2021-01-18 11:59,4485,S,R_CONFIRM_POS_FROZEN,"{""signal_id"": ""S-2021-01-18 03:59-51""}"
2021-01-18 12:09,4486,S,EXIT,"{""exit_kind"": ""stop"", ""px"": -36963.0575, ""frac"": 1.0, ""signal_id"": ""S-2021-01-18 03:59-51""}"
2021-01-21 00:00,4501,S,D_ARM,"{""day"": ""2021-01-20"", ""P0"": -37850.0, ""H1"": -33400.0}"
2021-01-21 00:00,4501,S,ORDER_CREATE,"{""key"": 4499, ""level"": -35233.868, ""stop"": -36046.9374, ""atr_idx"": 4500, ""atr_end_time"": 1611187199999, ""r_confirm_time"": 1611172799999}"
2021-01-21 00:00,4501,S,SIGNAL,"{""key"": 4499}"
2021-01-21 00:00,4501,S,FILL,"{""signal_id"": ""S-2021-01-20 19:59-52"", ""expected"": -35233.868, ""entry"": -35233.868, ""stop"": -36046.9374, ""key"": 4499}"
2021-01-21 03:59,4501,S,R_CONFIRM_POS_FROZEN,"{""signal_id"": ""S-2021-01-20 19:59-52""}"
2021-01-21 11:59,4503,S,R_CONFIRM_POS_FROZEN,"{""signal_id"": ""S-2021-01-20 19:59-52""}"
2021-01-21 19:59,4505,S,R_CONFIRM_POS_FROZEN,"{""signal_id"": ""S-2021-01-20 19:59-52""}"
2021-01-22 01:19,4507,S,EXIT,"{""exit_kind"": ""tp"", ""px"": -29006.72, ""frac"": 0.25, ""signal_id"": ""S-2021-01-20 19:59-52""}"
2021-01-22 03:59,4507,S,R_CONFIRM_POS_FROZEN,"{""signal_id"": ""S-2021-01-20 19:59-52""}"
2021-01-22 23:59,4512,S,R_CONFIRM_POS_FROZEN,"{""signal_id"": ""S-2021-01-20 19:59-52""}"
2021-01-23 00:00,4513,S,D_ARM,"{""day"": ""2021-01-22"", ""P0"": -36415.31, ""H1"": -28850.0}"
2021-01-23 00:00,4513,S,ORDER_CREATE,"{""key"": 4512, ""level"": -33154.798, ""stop"": -33756.7574, ""atr_idx"": 4512, ""atr_end_time"": 1611359999999, ""r_confirm_time"": 1611359999999}"
2021-01-23 00:00,4513,S,SIGNAL,"{""key"": 4512}"
2021-01-23 07:59,4514,S,R_REPLACED,"{""old_key"": 4512, ""new_key"": 4514}"
2021-01-23 07:59,4514,S,ORDER_CANCEL,"{""key"": 4512, ""reason"": ""R_REPLACED"", ""level"": -33154.798}"
2021-01-23 07:59,4514,S,R_CONFIRM_POS_FROZEN,"{""signal_id"": ""S-2021-01-20 19:59-52""}"
2021-01-23 08:00,4515,S,ORDER_CREATE,"{""key"": 4514, ""level"": -33307.8306, ""stop"": -33928.0096, ""atr_idx"": 4514, ""atr_end_time"": 1611388799999, ""r_confirm_time"": 1611388799999}"
2021-01-23 08:00,4515,S,SIGNAL,"{""key"": 4514}"
2021-01-24 00:00,4519,S,D_DISARM,"{""day"": ""2021-01-23"", ""P0"": -36415.31, ""H1"": -28850.0}"
2021-01-24 00:00,4519,S,ORDER_CANCEL,"{""key"": 4514, ""reason"": ""D_DISARMED"", ""level"": -33307.8306}"
2021-01-24 15:59,4522,S,R_CONFIRM_POS_FROZEN,"{""signal_id"": ""S-2021-01-20 19:59-52""}"
2021-01-24 23:59,4524,S,R_CONFIRM_POS_FROZEN,"{""signal_id"": ""S-2021-01-20 19:59-52""}"
2021-01-25 07:59,4526,S,R_CONFIRM_POS_FROZEN,"{""signal_id"": ""S-2021-01-20 19:59-52""}"
2021-01-25 15:59,4528,S,R_CONFIRM_POS_FROZEN,"{""signal_id"": ""S-2021-01-20 19:59-52""}"
2021-01-25 23:59,4530,S,R_CONFIRM_POS_FROZEN,"{""signal_id"": ""S-2021-01-20 19:59-52""}"
2021-01-26 00:00,4531,L,D_ARM,"{""day"": ""2021-01-25"", ""P0"": 30900.0, ""H1"": 34875.0}"
2021-01-26 04:00,4532,L,ORDER_CREATE,"{""key"": 4531, ""level"": 32375.9224, ""stop"": 31814.27, ""atr_idx"": 4531, ""atr_end_time"": 1611633599999, ""r_confirm_time"": 1611633599999}"
2021-01-26 04:00,4532,L,SIGNAL,"{""key"": 4531}"
2021-01-26 04:04,4532,L,R_INVALID,"{""key"": 4531, ""mode"": ""5M""}"
2021-01-26 04:04,4532,L,ORDER_CANCEL,"{""key"": 4531, ""reason"": ""R_INVALID"", ""level"": 32375.9224}"
2021-01-26 07:59,4532,S,R_CONFIRM_POS_FROZEN,"{""signal_id"": ""S-2021-01-20 19:59-52""}"
2021-01-26 12:00,4534,L,ORDER_CREATE,"{""key"": 4533, ""level"": 31512.8558, ""stop"": 31006.7, ""atr_idx"": 4533, ""atr_end_time"": 1611662399999, ""r_confirm_time"": 1611662399999}"
2021-01-26 12:00,4534,L,SIGNAL,"{""key"": 4533}"
2021-01-26 14:44,4534,L,R_INVALID,"{""key"": 4533, ""mode"": ""5M""}"
2021-01-26 14:44,4534,L,ORDER_CANCEL,"{""key"": 4533, ""reason"": ""R_INVALID"", ""level"": 31512.8558}"
2021-01-26 14:49,4534,L,V,"{""P0"": 30900.0, ""mode"": ""5M""}"
2021-01-26 15:59,4534,S,R_CONFIRM_POS_FROZEN,"{""signal_id"": ""S-2021-01-20 19:59-52""}"
2021-01-27 03:59,4537,S,R_CONFIRM_POS_FROZEN,"{""signal_id"": ""S-2021-01-20 19:59-52""}"
2021-01-27 23:59,4542,S,R_CONFIRM_POS_FROZEN,"{""signal_id"": ""S-2021-01-20 19:59-52""}"
2021-01-28 07:59,4544,S,R_CONFIRM_POS_FROZEN,"{""signal_id"": ""S-2021-01-20 19:59-52""}"
2021-01-29 03:59,4549,S,R_CONFIRM_POS_FROZEN,"{""signal_id"": ""S-2021-01-20 19:59-52""}"
2021-01-29 08:59,4551,S,EXIT,"{""exit_kind"": ""stop"", ""px"": -36046.9374, ""frac"": 0.75, ""signal_id"": ""S-2021-01-20 19:59-52""}"
2021-01-30 00:00,4555,S,D_ARM,"{""day"": ""2021-01-29"", ""P0"": -33783.98, ""H1"": -29842.1}"
2021-01-30 00:00,4555,S,ORDER_CREATE,"{""key"": 4553, ""level"": -37232.3385, ""stop"": -38647.4957, ""atr_idx"": 4554, ""atr_end_time"": 1611964799999, ""r_confirm_time"": 1611950399999}"
2021-01-30 00:00,4555,S,SIGNAL,"{""key"": 4553}"
2021-01-30 00:04,4555,S,V,"{""P0"": -33783.98, ""mode"": ""5M""}"
2021-01-30 00:04,4555,S,ORDER_CANCEL,"{""key"": 4553, ""reason"": ""V"", ""level"": -37232.3385}"
2021-02-09 00:00,4615,L,D_ARM,"{""day"": ""2021-02-08"", ""P0"": 37351.0, ""H1"": 46794.45}"
2021-02-09 00:00,4615,L,ORDER_CREATE,"{""key"": 4614, ""level"": 41034.0478, ""stop"": 38976.728, ""atr_idx"": 4614, ""atr_end_time"": 1612828799999, ""r_confirm_time"": 1612828799999}"
2021-02-09 00:00,4615,L,SIGNAL,"{""key"": 4614}"
2021-02-09 07:59,4616,L,R_REPLACED,"{""old_key"": 4614, ""new_key"": 4616}"
2021-02-09 07:59,4616,L,ORDER_CANCEL,"{""key"": 4614, ""reason"": ""R_REPLACED"", ""level"": 41034.0478}"
2021-02-09 08:00,4617,L,ORDER_CREATE,"{""key"": 4616, ""level"": 44273.622, ""stop"": 42776.5741, ""atr_idx"": 4616, ""atr_end_time"": 1612857599999, ""r_confirm_time"": 1612857599999}"
2021-02-09 08:00,4617,L,SIGNAL,"{""key"": 4616}"
2021-02-09 15:59,4618,L,R_REPLACED,"{""old_key"": 4616, ""new_key"": 4618}"
2021-02-09 15:59,4618,L,ORDER_CANCEL,"{""key"": 4616, ""reason"": ""R_REPLACED"", ""level"": 44273.622}"
2021-02-09 16:00,4619,L,ORDER_CREATE,"{""key"": 4618, ""level"": 46258.0023, ""stop"": 45424.2871, ""atr_idx"": 4618, ""atr_end_time"": 1612886399999, ""r_confirm_time"": 1612886399999}"
2021-02-09 16:00,4619,L,SIGNAL,"{""key"": 4618}"
2021-02-09 16:15,4619,L,SKIP_V,"{""key"": 4618}"
2021-02-09 16:15,4619,L,ORDER_CANCEL,"{""key"": 4618, ""reason"": ""SKIP_V"", ""level"": 46258.0023}"
2021-02-10 00:00,4621,L,D_DISARM,"{""day"": ""2021-02-09"", ""P0"": 37351.0, ""H1"": 46794.45}"
2021-02-11 00:00,4627,L,D_ARM,"{""day"": ""2021-02-10"", ""P0"": 37988.89, ""H1"": 48142.19}"
2021-02-11 00:00,4627,L,ORDER_CREATE,"{""key"": 4625, ""level"": 44536.6666, ""stop"": 43595.819, ""atr_idx"": 4626, ""atr_end_time"": 1613001599999, ""r_confirm_time"": 1612987199999}"
2021-02-11 00:00,4627,L,SIGNAL,"{""key"": 4625}"
2021-02-11 00:10,4627,L,FILL,"{""signal_id"": ""L-2021-02-10 19:59-53"", ""expected"": 44536.6666, ""entry"": 44536.6666, ""stop"": 43595.819, ""key"": 4625}"
2021-02-11 10:59,4629,L,EXIT,"{""exit_kind"": ""tp"", ""px"": 46306.9883, ""frac"": 0.25, ""signal_id"": ""L-2021-02-10 19:59-53""}"
2021-02-11 11:59,4629,L,R_CONFIRM_POS_FROZEN,"{""signal_id"": ""L-2021-02-10 19:59-53""}"
2021-02-11 19:59,4631,L,R_CONFIRM_POS_FROZEN,"{""signal_id"": ""L-2021-02-10 19:59-53""}"
2021-02-12 03:59,4633,L,R_CONFIRM_POS_FROZEN,"{""signal_id"": ""L-2021-02-10 19:59-53""}"
2021-02-12 19:59,4637,L,R_CONFIRM_POS_FROZEN,"{""signal_id"": ""L-2021-02-10 19:59-53""}"
2021-02-13 00:00,4639,L,D_ARM,"{""day"": ""2021-02-12"", ""P0"": 43727.0, ""H1"": 48985.8}"
2021-02-13 00:00,4639,L,ORDER_CREATE,"{""key"": 4637, ""level"": 46740.3416, ""stop"": 45986.625, ""atr_idx"": 4638, ""atr_end_time"": 1613174399999, ""r_confirm_time"": 1613159999999}"
2021-02-13 00:00,4639,L,SIGNAL,"{""key"": 4637}"
2021-02-14 03:59,4645,L,R_REPLACED,"{""old_key"": 4637, ""new_key"": 4645}"
2021-02-14 03:59,4645,L,ORDER_CANCEL,"{""key"": 4637, ""reason"": ""R_REPLACED"", ""level"": 46740.3416}"
2021-02-14 03:59,4645,L,R_CONFIRM_POS_FROZEN,"{""signal_id"": ""L-2021-02-10 19:59-53""}"
2021-02-14 04:00,4646,L,ORDER_CREATE,"{""key"": 4645, ""level"": 46702.702, ""stop"": 46063.9224, ""atr_idx"": 4645, ""atr_end_time"": 1613275199999, ""r_confirm_time"": 1613275199999}"
2021-02-14 04:00,4646,L,SIGNAL,"{""key"": 4645}"
2021-02-14 15:59,4648,L,R_REPLACED,"{""old_key"": 4645, ""new_key"": 4648}"
2021-02-14 15:59,4648,L,ORDER_CANCEL,"{""key"": 4645, ""reason"": ""R_REPLACED"", ""level"": 46702.702}"
2021-02-14 15:59,4648,L,R_CONFIRM_POS_FROZEN,"{""signal_id"": ""L-2021-02-10 19:59-53""}"
2021-02-14 16:00,4649,L,ORDER_CREATE,"{""key"": 4648, ""level"": 47950.7764, ""stop"": 47078.7587, ""atr_idx"": 4648, ""atr_end_time"": 1613318399999, ""r_confirm_time"": 1613318399999}"
2021-02-14 16:00,4649,L,SIGNAL,"{""key"": 4648}"
2021-02-14 23:59,4650,L,R_REPLACED,"{""old_key"": 4648, ""new_key"": 4650}"
2021-02-14 23:59,4650,L,ORDER_CANCEL,"{""key"": 4648, ""reason"": ""R_REPLACED"", ""level"": 47950.7764}"
2021-02-14 23:59,4650,L,R_CONFIRM_POS_FROZEN,"{""signal_id"": ""L-2021-02-10 19:59-53""}"
2021-02-15 00:00,4651,L,ORDER_CREATE,"{""key"": 4650, ""level"": 48529.4071, ""stop"": 47957.0759, ""atr_idx"": 4650, ""atr_end_time"": 1613347199999, ""r_confirm_time"": 1613347199999}"
2021-02-15 00:00,4651,L,SIGNAL,"{""key"": 4650}"
2021-02-15 01:34,4651,L,R_INVALID,"{""key"": 4650, ""mode"": ""5M""}"
2021-02-15 01:34,4651,L,ORDER_CANCEL,"{""key"": 4650, ""reason"": ""R_INVALID"", ""level"": 48529.4071}"
2021-02-15 07:59,4652,L,R_CONFIRM_POS_FROZEN,"{""signal_id"": ""L-2021-02-10 19:59-53""}"
2021-02-15 08:00,4653,L,ORDER_CREATE,"{""key"": 4652, ""level"": 46521.8087, ""stop"": 45434.0776, ""atr_idx"": 4652, ""atr_end_time"": 1613375999999, ""r_confirm_time"": 1613375999999}"
2021-02-15 08:00,4653,L,SIGNAL,"{""key"": 4652}"
2021-02-15 15:59,4654,L,R_REPLACED,"{""old_key"": 4652, ""new_key"": 4654}"
2021-02-15 15:59,4654,L,ORDER_CANCEL,"{""key"": 4652, ""reason"": ""R_REPLACED"", ""level"": 46521.8087}"
2021-02-15 15:59,4654,L,R_CONFIRM_POS_FROZEN,"{""signal_id"": ""L-2021-02-10 19:59-53""}"
2021-02-15 16:00,4655,L,ORDER_CREATE,"{""key"": 4654, ""level"": 46797.242, ""stop"": 46036.2557, ""atr_idx"": 4654, ""atr_end_time"": 1613404799999, ""r_confirm_time"": 1613404799999}"
2021-02-15 16:00,4655,L,SIGNAL,"{""key"": 4654}"
2021-02-16 00:00,4657,L,D_DISARM,"{""day"": ""2021-02-15"", ""P0"": 43727.0, ""H1"": 48985.8}"
2021-02-16 00:00,4657,L,ORDER_CANCEL,"{""key"": 4654, ""reason"": ""D_DISARMED"", ""level"": 46797.242}"
2021-02-16 07:59,4658,L,R_CONFIRM_POS_FROZEN,"{""signal_id"": ""L-2021-02-10 19:59-53""}"
2021-02-16 15:59,4660,L,R_CONFIRM_POS_FROZEN,"{""signal_id"": ""L-2021-02-10 19:59-53""}"
2021-02-16 23:59,4662,L,R_CONFIRM_POS_FROZEN,"{""signal_id"": ""L-2021-02-10 19:59-53""}"
2021-02-17 00:00,4663,L,D_ARM,"{""day"": ""2021-02-16"", ""P0"": 45570.79, ""H1"": 50689.18}"
2021-02-17 00:00,4663,L,ORDER_CREATE,"{""key"": 4662, ""level"": 48258.017, ""stop"": 47606.75, ""atr_idx"": 4662, ""atr_end_time"": 1613519999999, ""r_confirm_time"": 1613519999999}"
2021-02-17 00:00,4663,L,SIGNAL,"{""key"": 4662}"
2021-02-17 15:59,4666,L,R_REPLACED,"{""old_key"": 4662, ""new_key"": 4666}"
2021-02-17 15:59,4666,L,ORDER_CANCEL,"{""key"": 4662, ""reason"": ""R_REPLACED"", ""level"": 48258.017}"
2021-02-17 15:59,4666,L,R_CONFIRM_POS_FROZEN,"{""signal_id"": ""L-2021-02-10 19:59-53""}"
2021-02-17 16:00,4667,L,ORDER_CREATE,"{""key"": 4666, ""level"": 49862.7909, ""stop"": 48959.4298, ""atr_idx"": 4666, ""atr_end_time"": 1613577599999, ""r_confirm_time"": 1613577599999}"
2021-02-17 16:00,4667,L,SIGNAL,"{""key"": 4666}"
2021-02-18 03:59,4669,L,R_REPLACED,"{""old_key"": 4666, ""new_key"": 4669}"
2021-02-18 03:59,4669,L,ORDER_CANCEL,"{""key"": 4666, ""reason"": ""R_REPLACED"", ""level"": 49862.7909}"
2021-02-18 03:59,4669,L,R_CONFIRM_POS_FROZEN,"{""signal_id"": ""L-2021-02-10 19:59-53""}"
2021-02-18 04:00,4670,L,ORDER_CREATE,"{""key"": 4669, ""level"": 51367.5845, ""stop"": 50627.66, ""atr_idx"": 4669, ""atr_end_time"": 1613620799999, ""r_confirm_time"": 1613620799999}"
2021-02-18 04:00,4670,L,SIGNAL,"{""key"": 4669}"
2021-02-18 19:59,4673,L,R_REPLACED,"{""old_key"": 4669, ""new_key"": 4673}"
2021-02-18 19:59,4673,L,ORDER_CANCEL,"{""key"": 4669, ""reason"": ""R_REPLACED"", ""level"": 51367.5845}"
2021-02-18 19:59,4673,L,R_CONFIRM_POS_FROZEN,"{""signal_id"": ""L-2021-02-10 19:59-53""}"
2021-02-18 20:00,4674,L,ORDER_CREATE,"{""key"": 4673, ""level"": 51381.9965, ""stop"": 50749.1943, ""atr_idx"": 4673, ""atr_end_time"": 1613678399999, ""r_confirm_time"": 1613678399999}"
2021-02-18 20:00,4674,L,SIGNAL,"{""key"": 4673}"
2021-02-19 02:09,4675,L,R_INVALID,"{""key"": 4673, ""mode"": ""5M""}"
2021-02-19 02:09,4675,L,ORDER_CANCEL,"{""key"": 4673, ""reason"": ""R_INVALID"", ""level"": 51381.9965}"
2021-02-19 07:59,4676,L,R_CONFIRM_POS_FROZEN,"{""signal_id"": ""L-2021-02-10 19:59-53""}"
2021-02-19 08:00,4677,L,ORDER_CREATE,"{""key"": 4676, ""level"": 51154.3786, ""stop"": 50558.0694, ""atr_idx"": 4676, ""atr_end_time"": 1613721599999, ""r_confirm_time"": 1613721599999}"
2021-02-19 08:00,4677,L,SIGNAL,"{""key"": 4676}"
2021-02-19 19:59,4679,L,R_REPLACED,"{""old_key"": 4676, ""new_key"": 4679}"
2021-02-19 19:59,4679,L,ORDER_CANCEL,"{""key"": 4676, ""reason"": ""R_REPLACED"", ""level"": 51154.3786}"
2021-02-19 19:59,4679,L,R_CONFIRM_POS_FROZEN,"{""signal_id"": ""L-2021-02-10 19:59-53""}"
2021-02-19 20:00,4680,L,ORDER_CREATE,"{""key"": 4679, ""level"": 52797.5133, ""stop"": 51494.8705, ""atr_idx"": 4679, ""atr_end_time"": 1613764799999, ""r_confirm_time"": 1613764799999}"
2021-02-19 20:00,4680,L,SIGNAL,"{""key"": 4679}"
2021-02-20 03:59,4681,L,R_REPLACED,"{""old_key"": 4679, ""new_key"": 4681}"
2021-02-20 03:59,4681,L,ORDER_CANCEL,"{""key"": 4679, ""reason"": ""R_REPLACED"", ""level"": 52797.5133}"
2021-02-20 03:59,4681,L,R_CONFIRM_POS_FROZEN,"{""signal_id"": ""L-2021-02-10 19:59-53""}"
2021-02-20 04:00,4682,L,ORDER_CREATE,"{""key"": 4681, ""level"": 54477.3634, ""stop"": 53444.7633, ""atr_idx"": 4681, ""atr_end_time"": 1613793599999, ""r_confirm_time"": 1613793599999}"
2021-02-20 04:00,4682,L,SIGNAL,"{""key"": 4681}"
2021-02-20 15:59,4684,L,R_REPLACED,"{""old_key"": 4681, ""new_key"": 4684}"
2021-02-20 15:59,4684,L,ORDER_CANCEL,"{""key"": 4681, ""reason"": ""R_REPLACED"", ""level"": 54477.3634}"
2021-02-20 15:59,4684,L,R_CONFIRM_POS_FROZEN,"{""signal_id"": ""L-2021-02-10 19:59-53""}"
2021-02-20 16:00,4685,L,ORDER_CREATE,"{""key"": 4684, ""level"": 55827.2092, ""stop"": 54864.91, ""atr_idx"": 4684, ""atr_end_time"": 1613836799999, ""r_confirm_time"": 1613836799999}"
2021-02-20 16:00,4685,L,SIGNAL,"{""key"": 4684}"
2021-02-20 22:44,4686,L,R_INVALID,"{""key"": 4684, ""mode"": ""5M""}"
2021-02-20 22:44,4686,L,ORDER_CANCEL,"{""key"": 4684, ""reason"": ""R_INVALID"", ""level"": 55827.2092}"
2021-02-20 23:59,4686,L,R_CONFIRM_POS_FROZEN,"{""signal_id"": ""L-2021-02-10 19:59-53""}"
2021-02-21 00:00,4687,L,D_DISARM,"{""day"": ""2021-02-20"", ""P0"": 45570.79, ""H1"": 50689.18}"
2021-02-21 07:59,4688,L,R_CONFIRM_POS_FROZEN,"{""signal_id"": ""L-2021-02-10 19:59-53""}"
2021-02-21 19:59,4691,L,R_CONFIRM_POS_FROZEN,"{""signal_id"": ""L-2021-02-10 19:59-53""}"
2021-02-22 07:59,4694,L,R_CONFIRM_POS_FROZEN,"{""signal_id"": ""L-2021-02-10 19:59-53""}"
2021-02-22 15:59,4696,L,R_CONFIRM_POS_FROZEN,"{""signal_id"": ""L-2021-02-10 19:59-53""}"
2021-02-23 00:00,4699,L,D_ARM,"{""day"": ""2021-02-22"", ""P0"": 50710.2, ""H1"": 58352.8}"
2021-02-23 03:59,4699,L,R_CONFIRM_POS_FROZEN,"{""signal_id"": ""L-2021-02-10 19:59-53""}"
2021-02-23 04:00,4700,L,ORDER_CREATE,"{""key"": 4699, ""level"": 49508.8027, ""stop"": 47479.134, ""atr_idx"": 4699, ""atr_end_time"": 1614052799999, ""r_confirm_time"": 1614052799999}"
2021-02-23 04:00,4700,L,SIGNAL,"{""key"": 4699}"
2021-02-23 04:39,4700,L,V,"{""P0"": 50710.2, ""mode"": ""5M""}"
2021-02-23 04:39,4700,L,ORDER_CANCEL,"{""key"": 4699, ""reason"": ""V"", ""level"": 49508.8027}"
2021-02-23 04:40,4700,L,EXIT,"{""exit_kind"": ""v"", ""px"": 50800.17, ""frac"": 0.75, ""signal_id"": ""L-2021-02-10 19:59-53""}"
2021-02-28 00:00,4729,S,D_ARM,"{""day"": ""2021-02-27"", ""P0"": -52041.73, ""H1"": -44106.78}"
2021-02-28 00:00,4729,S,ORDER_CREATE,"{""key"": 4725, ""level"": -47738.432, ""stop"": -48539.182, ""atr_idx"": 4728, ""atr_end_time"": 1614470399999, ""r_confirm_time"": 1614427199999}"
2021-02-28 00:00,4729,S,SIGNAL,"{""key"": 4725}"
2021-02-28 07:59,4730,S,R_REPLACED,"{""old_key"": 4725, ""new_key"": 4730}"
2021-02-28 07:59,4730,S,ORDER_CANCEL,"{""key"": 4725, ""reason"": ""R_REPLACED"", ""level"": -47738.432}"
2021-02-28 08:00,4731,S,ORDER_CREATE,"{""key"": 4730, ""level"": -46516.0084, ""stop"": -47699.8114, ""atr_idx"": 4730, ""atr_end_time"": 1614499199999, ""r_confirm_time"": 1614499199999}"
2021-02-28 08:00,4731,S,SIGNAL,"{""key"": 4730}"
2021-02-28 19:59,4733,S,R_REPLACED,"{""old_key"": 4730, ""new_key"": 4733}"
2021-02-28 19:59,4733,S,ORDER_CANCEL,"{""key"": 4730, ""reason"": ""R_REPLACED"", ""level"": -46516.0084}"
2021-02-28 20:00,4734,S,ORDER_CREATE,"{""key"": 4733, ""level"": -44851.4408, ""stop"": -45736.8, ""atr_idx"": 4733, ""atr_end_time"": 1614542399999, ""r_confirm_time"": 1614542399999}"
2021-02-28 20:00,4734,S,SIGNAL,"{""key"": 4733}"
2021-02-28 20:55,4734,S,SKIP_V,"{""key"": 4733}"
2021-02-28 20:55,4734,S,ORDER_CANCEL,"{""key"": 4733, ""reason"": ""SKIP_V"", ""level"": -44851.4408}"
2021-03-01 00:00,4735,S,D_DISARM,"{""day"": ""2021-02-28"", ""P0"": -52041.73, ""H1"": -44106.78}"
2021-03-02 00:00,4741,S,D_ARM,"{""day"": ""2021-03-01"", ""P0"": -48394.0, ""H1"": -43000.0}"
2021-03-02 00:04,4741,S,V,"{""P0"": -48394.0, ""mode"": ""5M""}"
2021-03-06 00:00,4765,L,D_ARM,"{""day"": ""2021-03-05"", ""P0"": 47500.0, ""H1"": 51773.88}"
2021-03-06 00:00,4765,L,ORDER_CREATE,"{""key"": 4764, ""level"": 47632.5577, ""stop"": 46744.345, ""atr_idx"": 4764, ""atr_end_time"": 1614988799999, ""r_confirm_time"": 1614988799999}"
2021-03-06 00:00,4765,L,SIGNAL,"{""key"": 4764}"
2021-03-06 12:10,4768,L,SKIP_V,"{""key"": 4764}"
2021-03-06 12:10,4768,L,ORDER_CANCEL,"{""key"": 4764, ""reason"": ""SKIP_V"", ""level"": 47632.5577}"
2021-03-06 12:59,4768,L,V,"{""P0"": 47500.0, ""mode"": ""5M""}"
2021-03-16 00:00,4825,L,D_ARM,"{""day"": ""2021-03-15"", ""P0"": 56078.23, ""H1"": 61724.79}"
2021-03-16 00:00,4825,L,ORDER_CREATE,"{""key"": 4824, ""level"": 55662.5281, ""stop"": 54884.85, ""atr_idx"": 4824, ""atr_end_time"": 1615852799999, ""r_confirm_time"": 1615852799999}"
2021-03-16 00:00,4825,L,SIGNAL,"{""key"": 4824}"
2021-03-16 00:00,4825,L,FILL,"{""signal_id"": ""L-2021-03-15 23:59-54"", ""expected"": 55662.5281, ""entry"": 55662.5281, ""stop"": 54884.85, ""key"": 4824}"
2021-03-16 00:04,4825,L,V_POS,"{""P0"": 56078.23, ""signal_id"": ""L-2021-03-15 23:59-54""}"
2021-03-16 00:05,4825,L,EXIT,"{""exit_kind"": ""v"", ""px"": 55809.62, ""frac"": 1.0, ""signal_id"": ""L-2021-03-15 23:59-54""}"
2021-03-20 00:00,4849,L,D_ARM,"{""day"": ""2021-03-19"", ""P0"": 54123.69, ""H1"": 60129.97}"
2021-03-20 00:00,4849,L,ORDER_CREATE,"{""key"": 4844, ""level"": 56965.5434, ""stop"": 56101.9278, ""atr_idx"": 4848, ""atr_end_time"": 1616198399999, ""r_confirm_time"": 1616140799999}"
2021-03-20 00:00,4849,L,SIGNAL,"{""key"": 4844}"
2021-03-20 11:59,4851,L,R_REPLACED,"{""old_key"": 4844, ""new_key"": 4851}"
2021-03-20 11:59,4851,L,ORDER_CANCEL,"{""key"": 4844, ""reason"": ""R_REPLACED"", ""level"": 56965.5434}"
2021-03-20 12:00,4852,L,ORDER_CREATE,"{""key"": 4851, ""level"": 58343.6814, ""stop"": 57646.7095, ""atr_idx"": 4851, ""atr_end_time"": 1616241599999, ""r_confirm_time"": 1616241599999}"
2021-03-20 12:00,4852,L,SIGNAL,"{""key"": 4851}"
2021-03-20 20:20,4854,L,FILL,"{""signal_id"": ""L-2021-03-20 11:59-55"", ""expected"": 58343.6814, ""entry"": 58343.6814, ""stop"": 57646.7095, ""key"": 4851}"
2021-03-21 02:34,4855,L,EXIT,"{""exit_kind"": ""stop"", ""px"": 57646.7095, ""frac"": 1.0, ""signal_id"": ""L-2021-03-20 11:59-55""}"
2021-03-25 00:00,4879,S,D_ARM,"{""day"": ""2021-03-24"", ""P0"": -58430.73, ""H1"": -51700.0}"
2021-03-25 00:00,4879,S,ORDER_CREATE,"{""key"": 4877, ""level"": -56432.3254, ""stop"": -57371.6, ""atr_idx"": 4878, ""atr_end_time"": 1616630399999, ""r_confirm_time"": 1616615999999}"
2021-03-25 00:00,4879,S,SIGNAL,"{""key"": 4877}"
2021-03-25 03:59,4879,S,R_REPLACED,"{""old_key"": 4877, ""new_key"": 4879}"
2021-03-25 03:59,4879,S,ORDER_CANCEL,"{""key"": 4877, ""reason"": ""R_REPLACED"", ""level"": -56432.3254}"
2021-03-25 04:00,4880,S,ORDER_CREATE,"{""key"": 4879, ""level"": -55094.642, ""stop"": -56591.2861, ""atr_idx"": 4879, ""atr_end_time"": 1616644799999, ""r_confirm_time"": 1616644799999}"
2021-03-25 04:00,4880,S,SIGNAL,"{""key"": 4879}"
2021-03-25 15:59,4882,S,R_REPLACED,"{""old_key"": 4879, ""new_key"": 4882}"
2021-03-25 15:59,4882,S,ORDER_CANCEL,"{""key"": 4879, ""reason"": ""R_REPLACED"", ""level"": -55094.642}"
2021-03-25 16:00,4883,S,ORDER_CREATE,"{""key"": 4882, ""level"": -52454.3356, ""stop"": -53446.861, ""atr_idx"": 4882, ""atr_end_time"": 1616687999999, ""r_confirm_time"": 1616687999999}"
2021-03-25 16:00,4883,S,SIGNAL,"{""key"": 4882}"
2021-03-25 18:45,4883,S,SKIP_V,"{""key"": 4882}"
2021-03-25 18:45,4883,S,ORDER_CANCEL,"{""key"": 4882, ""reason"": ""SKIP_V"", ""level"": -52454.3356}"
2021-03-26 00:00,4885,S,D_DISARM,"{""day"": ""2021-03-25"", ""P0"": -58430.73, ""H1"": -51700.0}"
2021-03-27 00:00,4891,S,D_ARM,"{""day"": ""2021-03-26"", ""P0"": -57200.0, ""H1"": -50427.56}"
2021-03-27 16:00,4895,S,ORDER_CREATE,"{""key"": 4894, ""level"": -55010.6913, ""stop"": -55721.665, ""atr_idx"": 4894, ""atr_end_time"": 1616860799999, ""r_confirm_time"": 1616860799999}"
2021-03-27 16:00,4895,S,SIGNAL,"{""key"": 4894}"
2021-03-27 16:00,4895,S,FILL,"{""signal_id"": ""S-2021-03-27 15:59-56"", ""expected"": -55010.6913, ""entry"": -55010.6913, ""stop"": -55721.665, ""key"": 4894}"
2021-03-27 16:14,4895,S,EXIT,"{""exit_kind"": ""stop"", ""px"": -55721.665, ""frac"": 1.0, ""signal_id"": ""S-2021-03-27 15:59-56""}"
2021-04-20 00:00,5035,L,D_ARM,"{""day"": ""2021-04-19"", ""P0"": 50931.3, ""H1"": 60499.0}"
2021-04-20 00:00,5035,L,ORDER_CREATE,"{""key"": 5033, ""level"": 55075.5789, ""stop"": 54058.9153, ""atr_idx"": 5034, ""atr_end_time"": 1618876799999, ""r_confirm_time"": 1618862399999}"
2021-04-20 00:00,5035,L,SIGNAL,"{""key"": 5033}"
2021-04-20 00:20,5035,L,FILL,"{""signal_id"": ""L-2021-04-19 19:59-57"", ""expected"": 55075.5789, ""entry"": 55075.5789, ""stop"": 54058.9153, ""key"": 5033}"
2021-04-20 06:44,5036,L,EXIT,"{""exit_kind"": ""stop"", ""px"": 54058.9153, ""frac"": 1.0, ""signal_id"": ""L-2021-04-19 19:59-57""}"
2021-04-25 00:00,5065,S,D_ARM,"{""day"": ""2021-04-24"", ""P0"": -55521.48, ""H1"": -47500.0}"
2021-04-25 00:00,5065,S,ORDER_CREATE,"{""key"": 5061, ""level"": -50525.2769, ""stop"": -51455.244, ""atr_idx"": 5064, ""atr_end_time"": 1619308799999, ""r_confirm_time"": 1619265599999}"
2021-04-25 00:00,5065,S,SIGNAL,"{""key"": 5061}"
2021-04-25 11:59,5067,S,R_REPLACED,"{""old_key"": 5061, ""new_key"": 5067}"
2021-04-25 11:59,5067,S,ORDER_CANCEL,"{""key"": 5061, ""reason"": ""R_REPLACED"", ""level"": -50525.2769}"
2021-04-25 12:00,5068,S,ORDER_CREATE,"{""key"": 5067, ""level"": -50414.5192, ""stop"": -51153.0, ""atr_idx"": 5067, ""atr_end_time"": 1619351999999, ""r_confirm_time"": 1619351999999}"
2021-04-25 12:00,5068,S,SIGNAL,"{""key"": 5067}"
2021-04-25 14:40,5068,S,FILL,"{""signal_id"": ""S-2021-04-25 11:59-58"", ""expected"": -50414.5192, ""entry"": -50414.5192, ""stop"": -51153.0, ""key"": 5067}"
2021-04-25 19:59,5069,S,R_CONFIRM_POS_FROZEN,"{""signal_id"": ""S-2021-04-25 11:59-58""}"
2021-04-25 20:49,5070,S,EXIT,"{""exit_kind"": ""tp"", ""px"": -48898.5858, ""frac"": 0.25, ""signal_id"": ""S-2021-04-25 11:59-58""}"
2021-04-25 21:34,5070,S,EXIT,"{""exit_kind"": ""tp"", ""px"": -47645.5428, ""frac"": 0.25, ""signal_id"": ""S-2021-04-25 11:59-58""}"
2021-04-26 01:34,5071,S,EXIT,"{""exit_kind"": ""stop"", ""px"": -51153.0, ""frac"": 0.5, ""signal_id"": ""S-2021-04-25 11:59-58""}"
2021-04-30 00:00,5095,L,D_ARM,"{""day"": ""2021-04-29"", ""P0"": 48753.44, ""H1"": 56428.0}"
2021-04-30 04:00,5096,L,ORDER_CREATE,"{""key"": 5095, ""level"": 52839.5436, ""stop"": 52173.9472, ""atr_idx"": 5095, ""atr_end_time"": 1619755199999, ""r_confirm_time"": 1619755199999}"
2021-04-30 04:00,5096,L,SIGNAL,"{""key"": 5095}"
2021-04-30 23:59,5100,L,R_REPLACED,"{""old_key"": 5095, ""new_key"": 5100}"
2021-04-30 23:59,5100,L,ORDER_CANCEL,"{""key"": 5095, ""reason"": ""R_REPLACED"", ""level"": 52839.5436}"
2021-05-01 00:00,5101,L,ORDER_CREATE,"{""key"": 5100, ""level"": 55231.0254, ""stop"": 54008.3773, ""atr_idx"": 5100, ""atr_end_time"": 1619827199999, ""r_confirm_time"": 1619827199999}"
2021-05-01 00:00,5101,L,SIGNAL,"{""key"": 5100}"
2021-05-01 07:59,5102,L,R_REPLACED,"{""old_key"": 5100, ""new_key"": 5102}"
2021-05-01 07:59,5102,L,ORDER_CANCEL,"{""key"": 5100, ""reason"": ""R_REPLACED"", ""level"": 55231.0254}"
2021-05-01 08:00,5103,L,ORDER_CREATE,"{""key"": 5102, ""level"": 57036.599, ""stop"": 56205.0874, ""atr_idx"": 5102, ""atr_end_time"": 1619855999999, ""r_confirm_time"": 1619855999999}"
2021-05-01 08:00,5103,L,SIGNAL,"{""key"": 5102}"
2021-05-01 15:25,5104,L,FILL,"{""signal_id"": ""L-2021-05-01 07:59-59"", ""expected"": 57036.599, ""entry"": 57036.599, ""stop"": 56205.0874, ""key"": 5102}"
2021-05-02 04:04,5108,L,EXIT,"{""exit_kind"": ""stop"", ""px"": 56205.0874, ""frac"": 1.0, ""signal_id"": ""L-2021-05-01 07:59-59""}"
2021-05-03 00:00,5113,L,D_ARM,"{""day"": ""2021-05-02"", ""P0"": 53013.01, ""H1"": 58458.07}"
2021-05-03 00:00,5113,L,ORDER_CREATE,"{""key"": 5110, ""level"": 56499.6455, ""stop"": 55867.1442, ""atr_idx"": 5112, ""atr_end_time"": 1619999999999, ""r_confirm_time"": 1619971199999}"
2021-05-03 00:00,5113,L,SIGNAL,"{""key"": 5110}"
2021-05-03 03:59,5113,L,R_REPLACED,"{""old_key"": 5110, ""new_key"": 5113}"
2021-05-03 03:59,5113,L,ORDER_CANCEL,"{""key"": 5110, ""reason"": ""R_REPLACED"", ""level"": 56499.6455}"
2021-05-03 04:00,5114,L,ORDER_CREATE,"{""key"": 5113, ""level"": 56872.5129, ""stop"": 56043.364, ""atr_idx"": 5113, ""atr_end_time"": 1620014399999, ""r_confirm_time"": 1620014399999}"
2021-05-03 04:00,5114,L,SIGNAL,"{""key"": 5113}"
2021-05-03 11:59,5115,L,R_REPLACED,"{""old_key"": 5113, ""new_key"": 5115}"
2021-05-03 11:59,5115,L,ORDER_CANCEL,"{""key"": 5113, ""reason"": ""R_REPLACED"", ""level"": 56872.5129}"
2021-05-03 12:00,5116,L,ORDER_CREATE,"{""key"": 5115, ""level"": 57276.034, ""stop"": 56355.425, ""atr_idx"": 5115, ""atr_end_time"": 1620043199999, ""r_confirm_time"": 1620043199999}"
2021-05-03 12:00,5116,L,SIGNAL,"{""key"": 5115}"
2021-05-03 13:50,5116,L,FILL,"{""signal_id"": ""L-2021-05-03 11:59-60"", ""expected"": 57276.034, ""entry"": 57276.034, ""stop"": 56355.425, ""key"": 5115}"
2021-05-03 19:59,5117,L,R_CONFIRM_POS_FROZEN,"{""signal_id"": ""L-2021-05-03 11:59-60""}"
2021-05-04 00:34,5119,L,EXIT,"{""exit_kind"": ""stop"", ""px"": 56355.425, ""frac"": 1.0, ""signal_id"": ""L-2021-05-03 11:59-60""}"
2021-05-07 00:00,5137,S,D_ARM,"{""day"": ""2021-05-06"", ""P0"": -58069.82, ""H1"": -52900.0}"
2021-05-07 00:00,5137,S,ORDER_CREATE,"{""key"": 5134, ""level"": -57809.1587, ""stop"": -58535.08, ""atr_idx"": 5136, ""atr_end_time"": 1620345599999, ""r_confirm_time"": 1620316799999}"
2021-05-07 00:00,5137,S,SIGNAL,"{""key"": 5134}"
2021-05-07 03:59,5137,S,R_REPLACED,"{""old_key"": 5134, ""new_key"": 5137}"
2021-05-07 03:59,5137,S,ORDER_CANCEL,"{""key"": 5134, ""reason"": ""R_REPLACED"", ""level"": -57809.1587}"
2021-05-07 04:00,5138,S,ORDER_CREATE,"{""key"": 5137, ""level"": -56832.4004, ""stop"": -57647.425, ""atr_idx"": 5137, ""atr_end_time"": 1620359999999, ""r_confirm_time"": 1620359999999}"
2021-05-07 04:00,5138,S,SIGNAL,"{""key"": 5137}"
2021-05-07 11:59,5139,S,R_REPLACED,"{""old_key"": 5137, ""new_key"": 5139}"
2021-05-07 11:59,5139,S,ORDER_CANCEL,"{""key"": 5137, ""reason"": ""R_REPLACED"", ""level"": -56832.4004}"
2021-05-07 12:00,5140,S,ORDER_CREATE,"{""key"": 5139, ""level"": -56508.3275, ""stop"": -57293.5365, ""atr_idx"": 5139, ""atr_end_time"": 1620388799999, ""r_confirm_time"": 1620388799999}"
2021-05-07 12:00,5140,S,SIGNAL,"{""key"": 5139}"
2021-05-07 12:00,5140,S,FILL,"{""signal_id"": ""S-2021-05-07 11:59-61"", ""expected"": -56508.3275, ""entry"": -56508.3275, ""stop"": -57293.5365, ""key"": 5139}"
2021-05-07 12:39,5140,S,EXIT,"{""exit_kind"": ""stop"", ""px"": -57293.5365, ""frac"": 1.0, ""signal_id"": ""S-2021-05-07 11:59-61""}"
2021-05-12 00:00,5167,L,D_ARM,"{""day"": ""2021-05-11"", ""P0"": 53400.0, ""H1"": 59500.0}"
2021-05-12 00:00,5167,L,ORDER_CREATE,"{""key"": 5163, ""level"": 54963.9186, ""stop"": 54206.89, ""atr_idx"": 5166, ""atr_end_time"": 1620777599999, ""r_confirm_time"": 1620734399999}"
2021-05-12 00:00,5167,L,SIGNAL,"{""key"": 5163}"
2021-05-12 16:15,5171,L,FILL,"{""signal_id"": ""L-2021-05-11 11:59-62"", ""expected"": 54963.9186, ""entry"": 54963.9186, ""stop"": 54206.89, ""key"": 5163}"
2021-05-12 18:19,5171,L,EXIT,"{""exit_kind"": ""stop"", ""px"": 54206.89, ""frac"": 1.0, ""signal_id"": ""L-2021-05-11 11:59-62""}"
2021-05-15 00:00,5185,S,D_ARM,"{""day"": ""2021-05-14"", ""P0"": -58000.01, ""H1"": -46000.0}"
2021-05-15 00:00,5185,S,ORDER_CREATE,"{""key"": 5184, ""level"": -50751.3797, ""stop"": -51637.449, ""atr_idx"": 5184, ""atr_end_time"": 1621036799999, ""r_confirm_time"": 1621036799999}"
2021-05-15 00:00,5185,S,SIGNAL,"{""key"": 5184}"
2021-05-15 19:59,5189,S,R_REPLACED,"{""old_key"": 5184, ""new_key"": 5189}"
2021-05-15 19:59,5189,S,ORDER_CANCEL,"{""key"": 5184, ""reason"": ""R_REPLACED"", ""level"": -50751.3797}"
2021-05-15 20:00,5190,S,ORDER_CREATE,"{""key"": 5189, ""level"": -48890.2772, ""stop"": -49846.7229, ""atr_idx"": 5189, ""atr_end_time"": 1621108799999, ""r_confirm_time"": 1621108799999}"
2021-05-15 20:00,5190,S,SIGNAL,"{""key"": 5189}"
2021-05-16 00:00,5191,S,D_DISARM,"{""day"": ""2021-05-15"", ""P0"": -58000.01, ""H1"": -46000.0}"
2021-05-16 00:00,5191,S,ORDER_CANCEL,"{""key"": 5189, ""reason"": ""D_DISARMED"", ""level"": -48890.2772}"
2021-05-17 00:00,5197,S,D_ARM,"{""day"": ""2021-05-16"", ""P0"": -51483.0, ""H1"": -43825.39}"
2021-05-17 00:00,5197,S,ORDER_CREATE,"{""key"": 5194, ""level"": -49121.8294, ""stop"": -49945.2777, ""atr_idx"": 5196, ""atr_end_time"": 1621209599999, ""r_confirm_time"": 1621180799999}"
2021-05-17 00:00,5197,S,SIGNAL,"{""key"": 5194}"
2021-05-17 03:59,5197,S,R_REPLACED,"{""old_key"": 5194, ""new_key"": 5197}"
2021-05-17 03:59,5197,S,ORDER_CANCEL,"{""key"": 5194, ""reason"": ""R_REPLACED"", ""level"": -49121.8294}"
2021-05-17 04:00,5198,S,ORDER_CREATE,"{""key"": 5197, ""level"": -46701.405, ""stop"": -48241.8828, ""atr_idx"": 5197, ""atr_end_time"": 1621223999999, ""r_confirm_time"": 1621223999999}"
2021-05-17 04:00,5198,S,SIGNAL,"{""key"": 5197}"
2021-05-17 11:59,5199,S,R_REPLACED,"{""old_key"": 5197, ""new_key"": 5199}"
2021-05-17 11:59,5199,S,ORDER_CANCEL,"{""key"": 5197, ""reason"": ""R_REPLACED"", ""level"": -46701.405}"
2021-05-17 12:00,5200,S,ORDER_CREATE,"{""key"": 5199, ""level"": -45489.7092, ""stop"": -46826.058, ""atr_idx"": 5199, ""atr_end_time"": 1621252799999, ""r_confirm_time"": 1621252799999}"
2021-05-17 12:00,5200,S,SIGNAL,"{""key"": 5199}"
2021-05-17 12:00,5200,S,FILL,"{""signal_id"": ""S-2021-05-17 11:59-63"", ""expected"": -45489.7092, ""entry"": -45489.7092, ""stop"": -46826.058, ""key"": 5199}"
2021-05-17 19:59,5201,S,R_CONFIRM_POS_FROZEN,"{""signal_id"": ""S-2021-05-17 11:59-63""}"
2021-05-18 03:59,5203,S,R_CONFIRM_POS_FROZEN,"{""signal_id"": ""S-2021-05-17 11:59-63""}"
2021-05-18 15:59,5206,S,R_CONFIRM_POS_FROZEN,"{""signal_id"": ""S-2021-05-17 11:59-63""}"
2021-05-18 23:59,5208,S,R_CONFIRM_POS_FROZEN,"{""signal_id"": ""S-2021-05-17 11:59-63""}"
2021-05-19 00:00,5209,S,D_ARM,"{""day"": ""2021-05-18"", ""P0"": -49795.89, ""H1"": -42001.0}"
2021-05-19 00:00,5209,S,ORDER_CREATE,"{""key"": 5208, ""level"": -44478.334, ""stop"": -45477.8655, ""atr_idx"": 5208, ""atr_end_time"": 1621382399999, ""r_confirm_time"": 1621382399999}"
2021-05-19 00:00,5209,S,SIGNAL,"{""key"": 5208}"
2021-05-19 01:19,5209,S,EXIT,"{""exit_kind"": ""tp"", ""px"": -41536.8969, ""frac"": 0.25, ""signal_id"": ""S-2021-05-17 11:59-63""}"
2021-05-19 03:04,5209,S,EXIT,"{""exit_kind"": ""tp"", ""px"": -40126.182, ""frac"": 0.25, ""signal_id"": ""S-2021-05-17 11:59-63""}"
2021-05-19 11:34,5211,S,EXIT,"{""exit_kind"": ""tp"", ""px"": -37837.689, ""frac"": 0.25, ""signal_id"": ""S-2021-05-17 11:59-63""}"
2021-05-19 11:59,5211,S,R_REPLACED,"{""old_key"": 5208, ""new_key"": 5211}"
2021-05-19 11:59,5211,S,ORDER_CANCEL,"{""key"": 5208, ""reason"": ""R_REPLACED"", ""level"": -44478.334}"
2021-05-19 11:59,5211,S,R_CONFIRM_POS_FROZEN,"{""signal_id"": ""S-2021-05-17 11:59-63""}"
2021-05-19 12:00,5212,S,ORDER_CREATE,"{""key"": 5211, ""level"": -41747.8312, ""stop"": -43715.6547, ""atr_idx"": 5211, ""atr_end_time"": 1621425599999, ""r_confirm_time"": 1621425599999}"
2021-05-19 12:00,5212,S,SIGNAL,"{""key"": 5211}"
2021-05-19 12:54,5212,S,EXIT,"{""exit_kind"": ""tp"", ""px"": -34138.481, ""frac"": 0.25, ""signal_id"": ""S-2021-05-17 11:59-63""}"
2021-05-19 19:59,5213,S,R_REPLACED,"{""old_key"": 5211, ""new_key"": 5213}"
2021-05-19 19:59,5213,S,ORDER_CANCEL,"{""key"": 5211, ""reason"": ""R_REPLACED"", ""level"": -41747.8312}"
2021-05-19 20:00,5214,S,ORDER_CREATE,"{""key"": 5213, ""level"": -38203.4767, ""stop"": -41010.664, ""atr_idx"": 5213, ""atr_end_time"": 1621454399999, ""r_confirm_time"": 1621454399999}"
2021-05-19 20:00,5214,S,SIGNAL,"{""key"": 5213}"
2021-05-19 20:00,5214,S,FILL,"{""signal_id"": ""S-2021-05-19 19:59-64"", ""expected"": -38203.4767, ""entry"": -38203.4767, ""stop"": -41010.664, ""key"": 5213}"
2021-05-19 21:14,5214,S,EXIT,"{""exit_kind"": ""tp"", ""px"": -37837.689, ""frac"": 0.25, ""signal_id"": ""S-2021-05-19 19:59-64""}"
2021-05-20 03:59,5215,S,R_CONFIRM_POS_FROZEN,"{""signal_id"": ""S-2021-05-19 19:59-64""}"
2021-05-20 12:19,5218,S,EXIT,"{""exit_kind"": ""stop"", ""px"": -41010.664, ""frac"": 0.75, ""signal_id"": ""S-2021-05-19 19:59-64""}"
2021-05-21 00:00,5221,S,D_ARM,"{""day"": ""2021-05-20"", ""P0"": -45799.29, ""H1"": -30000.0}"
2021-05-21 00:00,5221,S,ORDER_CREATE,"{""key"": 5219, ""level"": -41302.7548, ""stop"": -42579.025, ""atr_idx"": 5220, ""atr_end_time"": 1621555199999, ""r_confirm_time"": 1621540799999}"
2021-05-21 00:00,5221,S,SIGNAL,"{""key"": 5219}"
2021-05-21 00:30,5221,S,FILL,"{""signal_id"": ""S-2021-05-20 19:59-65"", ""expected"": -41302.7548, ""entry"": -41302.7548, ""stop"": -42579.025, ""key"": 5219}"
2021-05-21 04:29,5222,S,EXIT,"{""exit_kind"": ""tp"", ""px"": -40126.182, ""frac"": 0.25, ""signal_id"": ""S-2021-05-20 19:59-65""}"
2021-05-21 14:29,5224,S,EXIT,"{""exit_kind"": ""tp"", ""px"": -37837.689, ""frac"": 0.25, ""signal_id"": ""S-2021-05-20 19:59-65""}"
2021-05-21 15:59,5224,S,R_CONFIRM_POS_FROZEN,"{""signal_id"": ""S-2021-05-20 19:59-65""}"
2021-05-21 21:14,5226,S,EXIT,"{""exit_kind"": ""tp"", ""px"": -34138.481, ""frac"": 0.25, ""signal_id"": ""S-2021-05-20 19:59-65""}"
2021-05-21 23:59,5226,S,R_CONFIRM_POS_FROZEN,"{""signal_id"": ""S-2021-05-20 19:59-65""}"
2021-05-22 07:59,5228,S,R_CONFIRM_POS_FROZEN,"{""signal_id"": ""S-2021-05-20 19:59-65""}"
2021-05-22 15:59,5230,S,R_CONFIRM_POS_FROZEN,"{""signal_id"": ""S-2021-05-20 19:59-65""}"
2021-05-23 07:59,5234,S,R_CONFIRM_POS_FROZEN,"{""signal_id"": ""S-2021-05-20 19:59-65""}"
2021-05-23 23:59,5238,S,R_CONFIRM_POS_FROZEN,"{""signal_id"": ""S-2021-05-20 19:59-65""}"
2021-05-24 11:59,5241,S,R_CONFIRM_POS_FROZEN,"{""signal_id"": ""S-2021-05-20 19:59-65""}"
2021-05-24 23:59,5244,S,R_CONFIRM_POS_FROZEN,"{""signal_id"": ""S-2021-05-20 19:59-65""}"
2021-05-25 00:00,5245,S,D_ARM,"{""day"": ""2021-05-24"", ""P0"": -38829.0, ""H1"": -31111.01}"
2021-05-25 00:00,5245,S,ORDER_CREATE,"{""key"": 5244, ""level"": -38969.9177, ""stop"": -39907.3239, ""atr_idx"": 5244, ""atr_end_time"": 1621900799999, ""r_confirm_time"": 1621900799999}"
2021-05-25 00:00,5245,S,SIGNAL,"{""key"": 5244}"
2021-05-25 00:04,5245,S,V,"{""P0"": -38829.0, ""mode"": ""5M""}"
2021-05-25 00:04,5245,S,ORDER_CANCEL,"{""key"": 5244, ""reason"": ""V"", ""level"": -38969.9177}"
2021-05-25 00:05,5245,S,EXIT,"{""exit_kind"": ""v"", ""px"": -38956.83, ""frac"": 0.25, ""signal_id"": ""S-2021-05-20 19:59-65""}"
2021-05-28 00:00,5263,L,D_ARM,"{""day"": ""2021-05-27"", ""P0"": 36419.62, ""H1"": 40841.0}"
2021-05-28 00:00,5263,L,ORDER_CREATE,"{""key"": 5260, ""level"": 38075.3501, ""stop"": 37093.1457, ""atr_idx"": 5262, ""atr_end_time"": 1622159999999, ""r_confirm_time"": 1622131199999}"
2021-05-28 00:00,5263,L,SIGNAL,"{""key"": 5260}"
2021-05-28 00:05,5263,L,SKIP_V,"{""key"": 5260}"
2021-05-28 00:05,5263,L,ORDER_CANCEL,"{""key"": 5260, ""reason"": ""SKIP_V"", ""level"": 38075.3501}"
2021-05-28 08:59,5265,L,V,"{""P0"": 36419.62, ""mode"": ""5M""}"
2021-05-31 00:00,5281,S,D_ARM,"{""day"": ""2021-05-30"", ""P0"": -38877.83, ""H1"": -33379.0}"
2021-05-31 00:00,5281,S,ORDER_CREATE,"{""key"": 5280, ""level"": -36051.9507, ""stop"": -36597.464, ""atr_idx"": 5280, ""atr_end_time"": 1622419199999, ""r_confirm_time"": 1622419199999}"
2021-05-31 00:00,5281,S,SIGNAL,"{""key"": 5280}"
2021-05-31 04:00,5282,S,ORDER_CANCEL,"{""key"": 5280, ""reason"": ""R_CHANGED"", ""level"": -36051.9507}"
2021-05-31 12:00,5284,S,ORDER_CREATE,"{""key"": 5283, ""level"": -35457.6133, ""stop"": -36108.0, ""atr_idx"": 5283, ""atr_end_time"": 1622462399999, ""r_confirm_time"": 1622462399999}"
2021-05-31 12:00,5284,S,SIGNAL,"{""key"": 5283}"
2021-05-31 12:00,5284,S,SKIP_V,"{""key"": 5283}"
2021-05-31 12:00,5284,S,ORDER_CANCEL,"{""key"": 5283, ""reason"": ""SKIP_V"", ""level"": -35457.6133}"
2021-06-01 00:00,5287,S,D_DISARM,"{""day"": ""2021-05-31"", ""P0"": -38877.83, ""H1"": -33379.0}"
2021-06-03 00:00,5299,L,D_ARM,"{""day"": ""2021-06-02"", ""P0"": 34153.84, ""H1"": 38225.0}"
2021-06-03 00:00,5299,L,ORDER_CREATE,"{""key"": 5298, ""level"": 37439.962, ""stop"": 36947.4342, ""atr_idx"": 5298, ""atr_end_time"": 1622678399999, ""r_confirm_time"": 1622678399999}"
2021-06-03 00:00,5299,L,SIGNAL,"{""key"": 5298}"
2021-06-03 00:10,5299,L,FILL,"{""signal_id"": ""L-2021-06-02 23:59-66"", ""expected"": 37439.962, ""entry"": 37439.962, ""stop"": 36947.4342, ""key"": 5298}"
2021-06-03 07:59,5300,L,R_CONFIRM_POS_FROZEN,"{""signal_id"": ""L-2021-06-02 23:59-66""}"
2021-06-03 15:59,5302,L,R_CONFIRM_POS_FROZEN,"{""signal_id"": ""L-2021-06-02 23:59-66""}"
2021-06-03 23:59,5304,L,R_CONFIRM_POS_FROZEN,"{""signal_id"": ""L-2021-06-02 23:59-66""}"
2021-06-04 05:14,5306,L,EXIT,"{""exit_kind"": ""stop"", ""px"": 36947.4342, ""frac"": 1.0, ""signal_id"": ""L-2021-06-02 23:59-66""}"
2021-06-06 00:00,5317,L,D_ARM,"{""day"": ""2021-06-05"", ""P0"": 35555.15, ""H1"": 39289.07}"
2021-06-06 00:04,5317,L,V,"{""P0"": 35555.15, ""mode"": ""5M""}"
2021-06-10 00:00,5341,S,D_ARM,"{""day"": ""2021-06-09"", ""P0"": -36900.0, ""H1"": -31000.0}"
2021-06-10 00:04,5341,S,V,"{""P0"": -36900.0, ""mode"": ""5M""}"
2021-06-17 00:00,5383,L,D_ARM,"{""day"": ""2021-06-16"", ""P0"": 34600.36, ""H1"": 41330.0}"
2021-06-17 00:00,5383,L,ORDER_CREATE,"{""key"": 5382, ""level"": 38755.9864, ""stop"": 38186.775, ""atr_idx"": 5382, ""atr_end_time"": 1623887999999, ""r_confirm_time"": 1623887999999}"
2021-06-17 00:00,5383,L,SIGNAL,"{""key"": 5382}"
2021-06-17 00:00,5383,L,SKIP_V,"{""key"": 5382}"
2021-06-17 00:00,5383,L,ORDER_CANCEL,"{""key"": 5382, ""reason"": ""SKIP_V"", ""level"": 38755.9864}"
2021-06-17 08:00,5385,L,ORDER_CREATE,"{""key"": 5384, ""level"": 38534.2887, ""stop"": 38001.662, ""atr_idx"": 5384, ""atr_end_time"": 1623916799999, ""r_confirm_time"": 1623916799999}"
2021-06-17 08:00,5385,L,SIGNAL,"{""key"": 5384}"
2021-06-17 14:00,5386,L,FILL,"{""signal_id"": ""L-2021-06-17 07:59-67"", ""expected"": 38534.2887, ""entry"": 38534.2887, ""stop"": 38001.662, ""key"": 5384}"
2021-06-17 17:24,5387,L,EXIT,"{""exit_kind"": ""stop"", ""px"": 38001.662, ""frac"": 1.0, ""signal_id"": ""L-2021-06-17 07:59-67""}"
2021-06-21 00:00,5407,S,D_ARM,"{""day"": ""2021-06-20"", ""P0"": -38202.84, ""H1"": -33336.0}"
2021-06-21 04:00,5408,S,ORDER_CREATE,"{""key"": 5407, ""level"": -35659.6866, ""stop"": -36246.1332, ""atr_idx"": 5407, ""atr_end_time"": 1624247999999, ""r_confirm_time"": 1624247999999}"
2021-06-21 04:00,5408,S,SIGNAL,"{""key"": 5407}"
2021-06-21 11:59,5409,S,R_REPLACED,"{""old_key"": 5407, ""new_key"": 5409}"
2021-06-21 11:59,5409,S,ORDER_CANCEL,"{""key"": 5407, ""reason"": ""R_REPLACED"", ""level"": -35659.6866}"
2021-06-21 12:00,5410,S,ORDER_CREATE,"{""key"": 5409, ""level"": -34692.1703, ""stop"": -35857.25, ""atr_idx"": 5409, ""atr_end_time"": 1624276799999, ""r_confirm_time"": 1624276799999}"
2021-06-21 12:00,5410,S,SIGNAL,"{""key"": 5409}"
2021-06-21 19:59,5411,S,R_REPLACED,"{""old_key"": 5409, ""new_key"": 5411}"
2021-06-21 19:59,5411,S,ORDER_CANCEL,"{""key"": 5409, ""reason"": ""R_REPLACED"", ""level"": -34692.1703}"
2021-06-21 20:00,5412,S,ORDER_CREATE,"{""key"": 5411, ""level"": -33088.3427, ""stop"": -33677.8514, ""atr_idx"": 5411, ""atr_end_time"": 1624305599999, ""r_confirm_time"": 1624305599999}"
2021-06-21 20:00,5412,S,SIGNAL,"{""key"": 5411}"
2021-06-22 00:00,5413,S,D_DISARM,"{""day"": ""2021-06-21"", ""P0"": -38202.84, ""H1"": -33336.0}"
2021-06-22 00:00,5413,S,ORDER_CANCEL,"{""key"": 5411, ""reason"": ""D_DISARMED"", ""level"": -33088.3427}"
2021-06-23 00:00,5419,S,D_ARM,"{""day"": ""2021-06-22"", ""P0"": -36137.72, ""H1"": -28805.0}"
2021-06-23 00:00,5419,S,ORDER_CREATE,"{""key"": 5418, ""level"": -32803.8802, ""stop"": -33398.6763, ""atr_idx"": 5418, ""atr_end_time"": 1624406399999, ""r_confirm_time"": 1624406399999}"
2021-06-23 00:00,5419,S,SIGNAL,"{""key"": 5418}"
2021-06-23 00:30,5419,S,SKIP_V,"{""key"": 5418}"
2021-06-23 00:30,5419,S,ORDER_CANCEL,"{""key"": 5418, ""reason"": ""SKIP_V"", ""level"": -32803.8802}"
2021-06-23 08:00,5421,S,ORDER_CREATE,"{""key"": 5420, ""level"": -33691.0268, ""stop"": -34547.332, ""atr_idx"": 5420, ""atr_end_time"": 1624435199999, ""r_confirm_time"": 1624435199999}"
2021-06-23 08:00,5421,S,SIGNAL,"{""key"": 5420}"
2021-06-23 08:00,5421,S,FILL,"{""signal_id"": ""S-2021-06-23 07:59-68"", ""expected"": -33691.0268, ""entry"": -33691.0268, ""stop"": -34547.332, ""key"": 5420}"
2021-06-23 13:14,5422,S,EXIT,"{""exit_kind"": ""stop"", ""px"": -34547.332, ""frac"": 1.0, ""signal_id"": ""S-2021-06-23 07:59-68""}"
2021-06-26 00:00,5437,L,D_ARM,"{""day"": ""2021-06-25"", ""P0"": 31683.0, ""H1"": 35500.0}"
2021-06-26 00:04,5437,L,V,"{""P0"": 31683.0, ""mode"": ""5M""}"
2021-07-05 00:00,5491,L,D_ARM,"{""day"": ""2021-07-04"", ""P0"": 32699.0, ""H1"": 35967.85}"
2021-07-05 00:00,5491,L,ORDER_CREATE,"{""key"": 5488, ""level"": 34977.5505, ""stop"": 34517.5458, ""atr_idx"": 5490, ""atr_end_time"": 1625443199999, ""r_confirm_time"": 1625414399999}"
2021-07-05 00:00,5491,L,SIGNAL,"{""key"": 5488}"
2021-07-05 00:00,5491,L,FILL,"{""signal_id"": ""L-2021-07-04 15:59-69"", ""expected"": 34977.5505, ""entry"": 34977.5505, ""stop"": 34517.5458, ""key"": 5488}"
2021-07-05 01:34,5491,L,EXIT,"{""exit_kind"": ""stop"", ""px"": 34517.5458, ""frac"": 1.0, ""signal_id"": ""L-2021-07-04 15:59-69""}"
2021-07-15 00:00,5551,S,D_ARM,"{""day"": ""2021-07-14"", ""P0"": -34678.43, ""H1"": -31550.0}"
2021-07-15 08:00,5553,S,ORDER_CREATE,"{""key"": 5552, ""level"": -32891.4372, ""stop"": -33284.8057, ""atr_idx"": 5552, ""atr_end_time"": 1626335999999, ""r_confirm_time"": 1626335999999}"
2021-07-15 08:00,5553,S,SIGNAL,"{""key"": 5552}"
2021-07-15 19:59,5555,S,R_REPLACED,"{""old_key"": 5552, ""new_key"": 5555}"
2021-07-15 19:59,5555,S,ORDER_CANCEL,"{""key"": 5552, ""reason"": ""R_REPLACED"", ""level"": -32891.4372}"
2021-07-15 20:00,5556,S,ORDER_CREATE,"{""key"": 5555, ""level"": -32172.4969, ""stop"": -32718.1709, ""atr_idx"": 5555, ""atr_end_time"": 1626379199999, ""r_confirm_time"": 1626379199999}"
2021-07-15 20:00,5556,S,SIGNAL,"{""key"": 5555}"
2021-07-16 11:59,5559,S,R_REPLACED,"{""old_key"": 5555, ""new_key"": 5559}"
2021-07-16 11:59,5559,S,ORDER_CANCEL,"{""key"": 5555, ""reason"": ""R_REPLACED"", ""level"": -32172.4969}"
2021-07-16 12:00,5560,S,ORDER_CREATE,"{""key"": 5559, ""level"": -31711.0803, ""stop"": -32145.5984, ""atr_idx"": 5559, ""atr_end_time"": 1626436799999, ""r_confirm_time"": 1626436799999}"
2021-07-16 12:00,5560,S,SIGNAL,"{""key"": 5559}"
2021-07-16 12:55,5560,S,SKIP_V,"{""key"": 5559}"
2021-07-16 12:55,5560,S,ORDER_CANCEL,"{""key"": 5559, ""reason"": ""SKIP_V"", ""level"": -31711.0803}"
2021-07-16 20:00,5562,S,ORDER_CREATE,"{""key"": 5561, ""level"": -31846.4519, ""stop"": -32309.1576, ""atr_idx"": 5561, ""atr_end_time"": 1626465599999, ""r_confirm_time"": 1626465599999}"
2021-07-16 20:00,5562,S,SIGNAL,"{""key"": 5561}"
2021-07-16 20:00,5562,S,FILL,"{""signal_id"": ""S-2021-07-16 19:59-70"", ""expected"": -31846.4519, ""entry"": -31846.4519, ""stop"": -32309.1576, ""key"": 5561}"
2021-07-16 22:44,5562,S,EXIT,"{""exit_kind"": ""tp"", ""px"": -31607.3501, ""frac"": 0.25, ""signal_id"": ""S-2021-07-16 19:59-70""}"
2021-07-17 00:04,5563,S,EXIT,"{""exit_kind"": ""tp"", ""px"": -31317.8399, ""frac"": 0.25, ""signal_id"": ""S-2021-07-16 19:59-70""}"
2021-07-17 03:59,5563,S,R_CONFIRM_POS_FROZEN,"{""signal_id"": ""S-2021-07-16 19:59-70""}"
2021-07-17 15:59,5566,S,R_CONFIRM_POS_FROZEN,"{""signal_id"": ""S-2021-07-16 19:59-70""}"
2021-07-18 01:34,5569,S,EXIT,"{""exit_kind"": ""stop"", ""px"": -32309.1576, ""frac"": 0.5, ""signal_id"": ""S-2021-07-16 19:59-70""}"
2021-07-23 00:00,5599,S,D_ARM,"{""day"": ""2021-07-22"", ""P0"": -32858.0, ""H1"": -29482.61}"
2021-07-23 00:00,5599,S,ORDER_CREATE,"{""key"": 5597, ""level"": -32284.0343, ""stop"": -32681.8122, ""atr_idx"": 5598, ""atr_end_time"": 1626998399999, ""r_confirm_time"": 1626983999999}"
2021-07-23 00:00,5599,S,SIGNAL,"{""key"": 5597}"
2021-07-23 00:00,5599,S,FILL,"{""signal_id"": ""S-2021-07-22 19:59-71"", ""expected"": -32284.0343, ""entry"": -32284.0343, ""stop"": -32681.8122, ""key"": 5597}"
2021-07-23 01:39,5599,S,EXIT,"{""exit_kind"": ""stop"", ""px"": -32681.8122, ""frac"": 1.0, ""signal_id"": ""S-2021-07-22 19:59-71""}"
2021-07-31 00:00,5647,L,D_ARM,"{""day"": ""2021-07-30"", ""P0"": 35205.78, ""H1"": 42316.71}"
2021-07-31 00:00,5647,L,ORDER_CREATE,"{""key"": 5646, ""level"": 39540.8617, ""stop"": 38413.0142, ""atr_idx"": 5646, ""atr_end_time"": 1627689599999, ""r_confirm_time"": 1627689599999}"
2021-07-31 00:00,5647,L,SIGNAL,"{""key"": 5646}"
2021-07-31 07:59,5648,L,R_REPLACED,"{""old_key"": 5646, ""new_key"": 5648}"
2021-07-31 07:59,5648,L,ORDER_CANCEL,"{""key"": 5646, ""reason"": ""R_REPLACED"", ""level"": 39540.8617}"
2021-07-31 08:00,5649,L,ORDER_CREATE,"{""key"": 5648, ""level"": 40458.0792, ""stop"": 39565.945, ""atr_idx"": 5648, ""atr_end_time"": 1627718399999, ""r_confirm_time"": 1627718399999}"
2021-07-31 08:00,5649,L,SIGNAL,"{""key"": 5648}"
2021-07-31 23:59,5652,L,R_REPLACED,"{""old_key"": 5648, ""new_key"": 5652}"
2021-07-31 23:59,5652,L,ORDER_CANCEL,"{""key"": 5648, ""reason"": ""R_REPLACED"", ""level"": 40458.0792}"
2021-08-01 00:00,5653,L,D_DISARM,"{""day"": ""2021-07-31"", ""P0"": 35205.78, ""H1"": 42316.71}"
2021-08-02 00:00,5659,L,D_ARM,"{""day"": ""2021-08-01"", ""P0"": 38313.23, ""H1"": 42599.0}"
2021-08-02 04:00,5660,L,ORDER_CREATE,"{""key"": 5659, ""level"": 40032.1529, ""stop"": 39303.744, ""atr_idx"": 5659, ""atr_end_time"": 1627876799999, ""r_confirm_time"": 1627876799999}"
2021-08-02 04:00,5660,L,SIGNAL,"{""key"": 5659}"
2021-08-02 04:00,5660,L,FILL,"{""signal_id"": ""L-2021-08-02 03:59-72"", ""expected"": 40032.1529, ""entry"": 40032.1529, ""stop"": 39303.744, ""key"": 5659}"
2021-08-02 11:59,5661,L,R_CONFIRM_POS_FROZEN,"{""signal_id"": ""L-2021-08-02 03:59-72""}"
2021-08-02 12:14,5662,L,EXIT,"{""exit_kind"": ""stop"", ""px"": 39303.744, ""frac"": 1.0, ""signal_id"": ""L-2021-08-02 03:59-72""}"
2021-08-07 00:00,5689,S,D_ARM,"{""day"": ""2021-08-06"", ""P0"": -41350.0, ""H1"": -37332.7}"
2021-08-07 00:04,5689,S,V,"{""P0"": -41350.0, ""mode"": ""5M""}"
2021-08-21 00:00,5773,L,D_ARM,"{""day"": ""2021-08-20"", ""P0"": 43927.7, ""H1"": 49382.99}"
2021-08-21 00:00,5773,L,ORDER_CREATE,"{""key"": 5772, ""level"": 47619.3937, ""stop"": 46747.5254, ""atr_idx"": 5772, ""atr_end_time"": 1629503999999, ""r_confirm_time"": 1629503999999}"
2021-08-21 00:00,5773,L,SIGNAL,"{""key"": 5772}"
2021-08-21 15:59,5776,L,R_REPLACED,"{""old_key"": 5772, ""new_key"": 5776}"
2021-08-21 15:59,5776,L,ORDER_CANCEL,"{""key"": 5772, ""reason"": ""R_REPLACED"", ""level"": 47619.3937}"
2021-08-21 16:00,5777,L,ORDER_CREATE,"{""key"": 5776, ""level"": 48646.8147, ""stop"": 48077.334, ""atr_idx"": 5776, ""atr_end_time"": 1629561599999, ""r_confirm_time"": 1629561599999}"
2021-08-21 16:00,5777,L,SIGNAL,"{""key"": 5776}"
2021-08-21 23:59,5778,L,R_REPLACED,"{""old_key"": 5776, ""new_key"": 5778}"
2021-08-21 23:59,5778,L,ORDER_CANCEL,"{""key"": 5776, ""reason"": ""R_REPLACED"", ""level"": 48646.8147}"
2021-08-22 00:00,5779,L,ORDER_CREATE,"{""key"": 5778, ""level"": 48892.5298, ""stop"": 48288.7678, ""atr_idx"": 5778, ""atr_end_time"": 1629590399999, ""r_confirm_time"": 1629590399999}"
2021-08-22 00:00,5779,L,SIGNAL,"{""key"": 5778}"
2021-08-22 00:00,5779,L,SKIP_V,"{""key"": 5778}"
2021-08-22 00:00,5779,L,ORDER_CANCEL,"{""key"": 5778, ""reason"": ""SKIP_V"", ""level"": 48892.5298}"
2021-08-22 12:00,5782,L,ORDER_CREATE,"{""key"": 5781, ""level"": 48959.6035, ""stop"": 48455.197, ""atr_idx"": 5781, ""atr_end_time"": 1629633599999, ""r_confirm_time"": 1629633599999}"
2021-08-22 12:00,5782,L,SIGNAL,"{""key"": 5781}"
2021-08-22 12:05,5782,L,FILL,"{""signal_id"": ""L-2021-08-22 11:59-73"", ""expected"": 48959.6035, ""entry"": 48959.6035, ""stop"": 48455.197, ""key"": 5781}"
2021-08-22 14:39,5782,L,EXIT,"{""exit_kind"": ""stop"", ""px"": 48455.197, ""frac"": 1.0, ""signal_id"": ""L-2021-08-22 11:59-73""}"
2021-09-03 00:00,5851,L,D_ARM,"{""day"": ""2021-09-02"", ""P0"": 46250.0, ""H1"": 50450.13}"
2021-09-03 08:00,5853,L,ORDER_CREATE,"{""key"": 5852, ""level"": 48802.2145, ""stop"": 48171.8895, ""atr_idx"": 5852, ""atr_end_time"": 1630655999999, ""r_confirm_time"": 1630655999999}"
2021-09-03 08:00,5853,L,SIGNAL,"{""key"": 5852}"
2021-09-03 19:59,5855,L,R_REPLACED,"{""old_key"": 5852, ""new_key"": 5855}"
2021-09-03 19:59,5855,L,ORDER_CANCEL,"{""key"": 5852, ""reason"": ""R_REPLACED"", ""level"": 48802.2145}"
2021-09-03 20:00,5856,L,ORDER_CREATE,"{""key"": 5855, ""level"": 49816.2572, ""stop"": 49107.8033, ""atr_idx"": 5855, ""atr_end_time"": 1630699199999, ""r_confirm_time"": 1630699199999}"
2021-09-03 20:00,5856,L,SIGNAL,"{""key"": 5855}"
2021-09-03 22:10,5856,L,FILL,"{""signal_id"": ""L-2021-09-03 19:59-74"", ""expected"": 49816.2572, ""entry"": 49816.2572, ""stop"": 49107.8033, ""key"": 5855}"
2021-09-04 03:59,5857,L,R_CONFIRM_POS_FROZEN,"{""signal_id"": ""L-2021-09-03 19:59-74""}"
2021-09-04 11:59,5859,L,R_CONFIRM_POS_FROZEN,"{""signal_id"": ""L-2021-09-03 19:59-74""}"
2021-09-04 23:59,5862,L,R_CONFIRM_POS_FROZEN,"{""signal_id"": ""L-2021-09-03 19:59-74""}"
2021-09-05 11:59,5865,L,R_CONFIRM_POS_FROZEN,"{""signal_id"": ""L-2021-09-03 19:59-74""}"
2021-09-05 20:54,5868,L,EXIT,"{""exit_kind"": ""tp"", ""px"": 51120.5, ""frac"": 0.25, ""signal_id"": ""L-2021-09-03 19:59-74""}"
2021-09-05 20:59,5868,L,EXIT,"{""exit_kind"": ""tp"", ""px"": 51503.0, ""frac"": 0.25, ""signal_id"": ""L-2021-09-03 19:59-74""}"
2021-09-06 03:59,5869,L,R_CONFIRM_POS_FROZEN,"{""signal_id"": ""L-2021-09-03 19:59-74""}"
2021-09-06 11:19,5871,L,EXIT,"{""exit_kind"": ""tp"", ""px"": 52123.5, ""frac"": 0.25, ""signal_id"": ""L-2021-09-03 19:59-74""}"
2021-09-06 15:59,5872,L,R_CONFIRM_POS_FROZEN,"{""signal_id"": ""L-2021-09-03 19:59-74""}"
2021-09-06 23:59,5874,L,R_CONFIRM_POS_FROZEN,"{""signal_id"": ""L-2021-09-03 19:59-74""}"
2021-09-07 07:59,5876,L,R_CONFIRM_POS_FROZEN,"{""signal_id"": ""L-2021-09-03 19:59-74""}"
2021-09-07 14:49,5878,L,EXIT,"{""exit_kind"": ""stop"", ""px"": 49107.8033, ""frac"": 0.25, ""signal_id"": ""L-2021-09-03 19:59-74""}"
2021-09-22 00:00,5965,S,D_ARM,"{""day"": ""2021-09-21"", ""P0"": -48843.2, ""H1"": -39600.0}"
2021-09-22 00:00,5965,S,ORDER_CREATE,"{""key"": 5963, ""level"": -43005.264, ""stop"": -43769.917, ""atr_idx"": 5964, ""atr_end_time"": 1632268799999, ""r_confirm_time"": 1632254399999}"
2021-09-22 00:00,5965,S,SIGNAL,"{""key"": 5963}"
2021-09-22 03:59,5965,S,R_REPLACED,"{""old_key"": 5963, ""new_key"": 5965}"
2021-09-22 03:59,5965,S,ORDER_CANCEL,"{""key"": 5963, ""reason"": ""R_REPLACED"", ""level"": -43005.264}"
2021-09-22 04:00,5966,S,ORDER_CREATE,"{""key"": 5965, ""level"": -42296.2138, ""stop"": -43425.547, ""atr_idx"": 5965, ""atr_end_time"": 1632283199999, ""r_confirm_time"": 1632283199999}"
2021-09-22 04:00,5966,S,SIGNAL,"{""key"": 5965}"
2021-09-22 06:30,5966,S,FILL,"{""signal_id"": ""S-2021-09-22 03:59-75"", ""expected"": -42296.2138, ""entry"": -42296.2138, ""stop"": -43425.547, ""key"": 5965}"
2021-09-22 10:39,5967,S,EXIT,"{""exit_kind"": ""tp"", ""px"": -42078.3248, ""frac"": 0.25, ""signal_id"": ""S-2021-09-22 03:59-75""}"
2021-09-22 16:14,5969,S,EXIT,"{""exit_kind"": ""stop"", ""px"": -43425.547, ""frac"": 0.75, ""signal_id"": ""S-2021-09-22 03:59-75""}"
2021-09-26 00:00,5989,L,D_ARM,"{""day"": ""2021-09-25"", ""P0"": 40675.0, ""H1"": 45200.0}"
2021-09-26 00:00,5989,L,ORDER_CREATE,"{""key"": 5986, ""level"": 42083.806, ""stop"": 41521.3412, ""atr_idx"": 5988, ""atr_end_time"": 1632614399999, ""r_confirm_time"": 1632585599999}"
2021-09-26 00:00,5989,L,SIGNAL,"{""key"": 5986}"
2021-09-26 02:10,5989,L,FILL,"{""signal_id"": ""L-2021-09-25 15:59-76"", ""expected"": 42083.806, ""entry"": 42083.806, ""stop"": 41521.3412, ""key"": 5986}"
2021-09-26 07:39,5990,L,EXIT,"{""exit_kind"": ""stop"", ""px"": 41521.3412, ""frac"": 1.0, ""signal_id"": ""L-2021-09-25 15:59-76""}"
2021-10-05 00:00,6043,L,D_ARM,"{""day"": ""2021-10-04"", ""P0"": 43283.03, ""H1"": 49536.12}"
2021-10-05 00:00,6043,L,ORDER_CREATE,"{""key"": 6041, ""level"": 47657.7941, ""stop"": 46750.327, ""atr_idx"": 6042, ""atr_end_time"": 1633391999999, ""r_confirm_time"": 1633377599999}"
2021-10-05 00:00,6043,L,SIGNAL,"{""key"": 6041}"
2021-10-05 03:59,6043,L,R_REPLACED,"{""old_key"": 6041, ""new_key"": 6043}"
2021-10-05 03:59,6043,L,ORDER_CANCEL,"{""key"": 6041, ""reason"": ""R_REPLACED"", ""level"": 47657.7941}"
2021-10-05 04:00,6044,L,ORDER_CREATE,"{""key"": 6043, ""level"": 48335.6665, ""stop"": 47551.3268, ""atr_idx"": 6043, ""atr_end_time"": 1633406399999, ""r_confirm_time"": 1633406399999}"
2021-10-05 04:00,6044,L,SIGNAL,"{""key"": 6043}"
2021-10-05 19:59,6047,L,R_REPLACED,"{""old_key"": 6043, ""new_key"": 6047}"
2021-10-05 19:59,6047,L,ORDER_CANCEL,"{""key"": 6043, ""reason"": ""R_REPLACED"", ""level"": 48335.6665}"
2021-10-05 20:00,6048,L,ORDER_CREATE,"{""key"": 6047, ""level"": 50000.4305, ""stop"": 49227.9318, ""atr_idx"": 6047, ""atr_end_time"": 1633463999999, ""r_confirm_time"": 1633463999999}"
2021-10-05 20:00,6048,L,SIGNAL,"{""key"": 6047}"
2021-10-06 03:59,6049,L,R_REPLACED,"{""old_key"": 6047, ""new_key"": 6049}"
2021-10-06 03:59,6049,L,ORDER_CANCEL,"{""key"": 6047, ""reason"": ""R_REPLACED"", ""level"": 50000.4305}"
2021-10-06 04:00,6050,L,ORDER_CREATE,"{""key"": 6049, ""level"": 50320.913, ""stop"": 49491.4389, ""atr_idx"": 6049, ""atr_end_time"": 1633492799999, ""r_confirm_time"": 1633492799999}"
2021-10-06 04:00,6050,L,SIGNAL,"{""key"": 6049}"
2021-10-06 15:59,6052,L,R_REPLACED,"{""old_key"": 6049, ""new_key"": 6052}"
2021-10-06 15:59,6052,L,ORDER_CANCEL,"{""key"": 6049, ""reason"": ""R_REPLACED"", ""level"": 50320.913}"
2021-10-06 16:00,6053,L,ORDER_CREATE,"{""key"": 6052, ""level"": 51757.9507, ""stop"": 50231.2628, ""atr_idx"": 6052, ""atr_end_time"": 1633535999999, ""r_confirm_time"": 1633535999999}"
2021-10-06 16:00,6053,L,SIGNAL,"{""key"": 6052}"
2021-10-07 03:59,6055,L,R_REPLACED,"{""old_key"": 6052, ""new_key"": 6055}"
2021-10-07 03:59,6055,L,ORDER_CANCEL,"{""key"": 6052, ""reason"": ""R_REPLACED"", ""level"": 51757.9507}"
2021-10-07 04:00,6056,L,ORDER_CREATE,"{""key"": 6055, ""level"": 52476.4763, ""stop"": 51106.0605, ""atr_idx"": 6055, ""atr_end_time"": 1633579199999, ""r_confirm_time"": 1633579199999}"
2021-10-07 04:00,6056,L,SIGNAL,"{""key"": 6055}"
2021-10-07 19:59,6059,L,R_REPLACED,"{""old_key"": 6055, ""new_key"": 6059}"
2021-10-07 19:59,6059,L,ORDER_CANCEL,"{""key"": 6055, ""reason"": ""R_REPLACED"", ""level"": 52476.4763}"
2021-10-07 20:00,6060,L,ORDER_CREATE,"{""key"": 6059, ""level"": 53834.9698, ""stop"": 53196.929, ""atr_idx"": 6059, ""atr_end_time"": 1633636799999, ""r_confirm_time"": 1633636799999}"
2021-10-07 20:00,6060,L,SIGNAL,"{""key"": 6059}"
2021-10-07 22:20,6060,L,FILL,"{""signal_id"": ""L-2021-10-07 19:59-77"", ""expected"": 53834.9698, ""entry"": 53834.9698, ""stop"": 53196.929, ""key"": 6059}"
2021-10-08 03:59,6061,L,R_CONFIRM_POS_FROZEN,"{""signal_id"": ""L-2021-10-07 19:59-77""}"
2021-10-08 07:19,6062,L,EXIT,"{""exit_kind"": ""tp"", ""px"": 54465.1356, ""frac"": 0.25, ""signal_id"": ""L-2021-10-07 19:59-77""}"
2021-10-08 15:59,6064,L,R_CONFIRM_POS_FROZEN,"{""signal_id"": ""L-2021-10-07 19:59-77""}"
2021-10-09 00:00,6067,L,D_ARM,"{""day"": ""2021-10-08"", ""P0"": 50382.41, ""H1"": 56100.0}"
2021-10-09 00:00,6067,L,ORDER_CREATE,"{""key"": 6064, ""level"": 54366.0644, ""stop"": 53456.7572, ""atr_idx"": 6066, ""atr_end_time"": 1633737599999, ""r_confirm_time"": 1633708799999}"
2021-10-09 00:00,6067,L,SIGNAL,"{""key"": 6064}"
2021-10-09 07:59,6068,L,R_REPLACED,"{""old_key"": 6064, ""new_key"": 6068}"
2021-10-09 07:59,6068,L,ORDER_CANCEL,"{""key"": 6064, ""reason"": ""R_REPLACED"", ""level"": 54366.0644}"
2021-10-09 07:59,6068,L,R_CONFIRM_POS_FROZEN,"{""signal_id"": ""L-2021-10-07 19:59-77""}"
2021-10-09 08:00,6069,L,ORDER_CREATE,"{""key"": 6068, ""level"": 54163.1192, ""stop"": 53500.685, ""atr_idx"": 6068, ""atr_end_time"": 1633766399999, ""r_confirm_time"": 1633766399999}"
2021-10-09 08:00,6069,L,SIGNAL,"{""key"": 6068}"
2021-10-10 07:59,6074,L,R_REPLACED,"{""old_key"": 6068, ""new_key"": 6074}"
2021-10-10 07:59,6074,L,ORDER_CANCEL,"{""key"": 6068, ""reason"": ""R_REPLACED"", ""level"": 54163.1192}"
2021-10-10 07:59,6074,L,R_CONFIRM_POS_FROZEN,"{""signal_id"": ""L-2021-10-07 19:59-77""}"
2021-10-10 08:00,6075,L,ORDER_CREATE,"{""key"": 6074, ""level"": 54714.3375, ""stop"": 53917.76, ""atr_idx"": 6074, ""atr_end_time"": 1633852799999, ""r_confirm_time"": 1633852799999}"
2021-10-10 08:00,6075,L,SIGNAL,"{""key"": 6074}"
2021-10-10 15:59,6076,L,R_REPLACED,"{""old_key"": 6074, ""new_key"": 6076}"
2021-10-10 15:59,6076,L,ORDER_CANCEL,"{""key"": 6074, ""reason"": ""R_REPLACED"", ""level"": 54714.3375}"
2021-10-10 15:59,6076,L,R_CONFIRM_POS_FROZEN,"{""signal_id"": ""L-2021-10-07 19:59-77""}"
2021-10-10 16:00,6077,L,ORDER_CREATE,"{""key"": 6076, ""level"": 55139.4516, ""stop"": 54515.96, ""atr_idx"": 6076, ""atr_end_time"": 1633881599999, ""r_confirm_time"": 1633881599999}"
2021-10-10 16:00,6077,L,SIGNAL,"{""key"": 6076}"
2021-10-10 21:19,6078,L,R_INVALID,"{""key"": 6076, ""mode"": ""5M""}"
2021-10-10 21:19,6078,L,ORDER_CANCEL,"{""key"": 6076, ""reason"": ""R_INVALID"", ""level"": 55139.4516}"
2021-10-10 23:59,6078,L,R_CONFIRM_POS_FROZEN,"{""signal_id"": ""L-2021-10-07 19:59-77""}"
2021-10-11 00:00,6079,L,ORDER_CREATE,"{""key"": 6078, ""level"": 55257.1769, ""stop"": 54474.086, ""atr_idx"": 6078, ""atr_end_time"": 1633910399999, ""r_confirm_time"": 1633910399999}"
2021-10-11 00:00,6079,L,SIGNAL,"{""key"": 6078}"
2021-10-11 00:04,6079,L,R_INVALID,"{""key"": 6078, ""mode"": ""5M""}"
2021-10-11 00:04,6079,L,ORDER_CANCEL,"{""key"": 6078, ""reason"": ""R_INVALID"", ""level"": 55257.1769}"
2021-10-11 07:59,6080,L,R_CONFIRM_POS_FROZEN,"{""signal_id"": ""L-2021-10-07 19:59-77""}"
2021-10-11 08:00,6081,L,ORDER_CREATE,"{""key"": 6080, ""level"": 55139.5493, ""stop"": 54170.8484, ""atr_idx"": 6080, ""atr_end_time"": 1633939199999, ""r_confirm_time"": 1633939199999}"
2021-10-11 08:00,6081,L,SIGNAL,"{""key"": 6080}"
2021-10-11 15:59,6082,L,R_REPLACED,"{""old_key"": 6080, ""new_key"": 6082}"
2021-10-11 15:59,6082,L,ORDER_CANCEL,"{""key"": 6080, ""reason"": ""R_REPLACED"", ""level"": 55139.5493}"
2021-10-11 15:59,6082,L,R_CONFIRM_POS_FROZEN,"{""signal_id"": ""L-2021-10-07 19:59-77""}"
2021-10-11 16:00,6083,L,ORDER_CREATE,"{""key"": 6082, ""level"": 56460.0454, ""stop"": 55695.1917, ""atr_idx"": 6082, ""atr_end_time"": 1633967999999, ""r_confirm_time"": 1633967999999}"
2021-10-11 16:00,6083,L,SIGNAL,"{""key"": 6082}"
2021-10-11 23:59,6084,L,R_REPLACED,"{""old_key"": 6082, ""new_key"": 6084}"
2021-10-11 23:59,6084,L,ORDER_CANCEL,"{""key"": 6082, ""reason"": ""R_REPLACED"", ""level"": 56460.0454}"
2021-10-11 23:59,6084,L,R_CONFIRM_POS_FROZEN,"{""signal_id"": ""L-2021-10-07 19:59-77""}"
2021-10-12 00:00,6085,L,ORDER_CREATE,"{""key"": 6084, ""level"": 56674.0672, ""stop"": 55924.053, ""atr_idx"": 6084, ""atr_end_time"": 1633996799999, ""r_confirm_time"": 1633996799999}"
2021-10-12 00:00,6085,L,SIGNAL,"{""key"": 6084}"
2021-10-12 07:59,6086,L,R_REPLACED,"{""old_key"": 6084, ""new_key"": 6086}"
2021-10-12 07:59,6086,L,ORDER_CANCEL,"{""key"": 6084, ""reason"": ""R_REPLACED"", ""level"": 56674.0672}"
2021-10-12 07:59,6086,L,R_CONFIRM_POS_FROZEN,"{""signal_id"": ""L-2021-10-07 19:59-77""}"
2021-10-12 08:00,6087,L,ORDER_CREATE,"{""key"": 6086, ""level"": 56872.1862, ""stop"": 56230.8, ""atr_idx"": 6086, ""atr_end_time"": 1634025599999, ""r_confirm_time"": 1634025599999}"
2021-10-12 08:00,6087,L,SIGNAL,"{""key"": 6086}"
2021-10-12 14:59,6088,L,R_INVALID,"{""key"": 6086, ""mode"": ""5M""}"
2021-10-12 14:59,6088,L,ORDER_CANCEL,"{""key"": 6086, ""reason"": ""R_INVALID"", ""level"": 56872.1862}"
2021-10-12 19:59,6089,L,R_CONFIRM_POS_FROZEN,"{""signal_id"": ""L-2021-10-07 19:59-77""}"
2021-10-12 20:00,6090,L,ORDER_CREATE,"{""key"": 6089, ""level"": 56518.8895, ""stop"": 55841.97, ""atr_idx"": 6089, ""atr_end_time"": 1634068799999, ""r_confirm_time"": 1634068799999}"
2021-10-12 20:00,6090,L,SIGNAL,"{""key"": 6089}"
2021-10-12 20:04,6090,L,R_INVALID,"{""key"": 6089, ""mode"": ""5M""}"
2021-10-12 20:04,6090,L,ORDER_CANCEL,"{""key"": 6089, ""reason"": ""R_INVALID"", ""level"": 56518.8895}"
2021-10-13 03:59,6091,L,R_CONFIRM_POS_FROZEN,"{""signal_id"": ""L-2021-10-07 19:59-77""}"
2021-10-13 04:00,6092,L,ORDER_CREATE,"{""key"": 6091, ""level"": 54684.7171, ""stop"": 53717.363, ""atr_idx"": 6091, ""atr_end_time"": 1634097599999, ""r_confirm_time"": 1634097599999}"
2021-10-13 04:00,6092,L,SIGNAL,"{""key"": 6091}"
2021-10-13 11:59,6093,L,R_REPLACED,"{""old_key"": 6091, ""new_key"": 6093}"
2021-10-13 11:59,6093,L,ORDER_CANCEL,"{""key"": 6091, ""reason"": ""R_REPLACED"", ""level"": 54684.7171}"
2021-10-13 11:59,6093,L,R_CONFIRM_POS_FROZEN,"{""signal_id"": ""L-2021-10-07 19:59-77""}"
2021-10-13 12:00,6094,L,ORDER_CREATE,"{""key"": 6093, ""level"": 55152.7311, ""stop"": 54398.653, ""atr_idx"": 6093, ""atr_end_time"": 1634126399999, ""r_confirm_time"": 1634126399999}"
2021-10-13 12:00,6094,L,SIGNAL,"{""key"": 6093}"
2021-10-13 14:04,6094,L,R_INVALID,"{""key"": 6093, ""mode"": ""5M""}"
2021-10-13 14:04,6094,L,ORDER_CANCEL,"{""key"": 6093, ""reason"": ""R_INVALID"", ""level"": 55152.7311}"
2021-10-13 19:59,6095,L,R_CONFIRM_POS_FROZEN,"{""signal_id"": ""L-2021-10-07 19:59-77""}"
2021-10-13 20:00,6096,L,ORDER_CREATE,"{""key"": 6095, ""level"": 55071.2528, ""stop"": 54004.6884, ""atr_idx"": 6095, ""atr_end_time"": 1634155199999, ""r_confirm_time"": 1634155199999}"
2021-10-13 20:00,6096,L,SIGNAL,"{""key"": 6095}"
2021-10-15 03:59,6103,L,R_REPLACED,"{""old_key"": 6095, ""new_key"": 6103}"
2021-10-15 03:59,6103,L,ORDER_CANCEL,"{""key"": 6095, ""reason"": ""R_REPLACED"", ""level"": 55071.2528}"
2021-10-15 03:59,6103,L,R_CONFIRM_POS_FROZEN,"{""signal_id"": ""L-2021-10-07 19:59-77""}"
2021-10-15 04:00,6104,L,ORDER_CREATE,"{""key"": 6103, ""level"": 57612.3954, ""stop"": 56647.5959, ""atr_idx"": 6103, ""atr_end_time"": 1634270399999, ""r_confirm_time"": 1634270399999}"
2021-10-15 04:00,6104,L,SIGNAL,"{""key"": 6103}"
2021-10-15 11:59,6105,L,R_REPLACED,"{""old_key"": 6103, ""new_key"": 6105}"
2021-10-15 11:59,6105,L,ORDER_CANCEL,"{""key"": 6103, ""reason"": ""R_REPLACED"", ""level"": 57612.3954}"
2021-10-15 11:59,6105,L,R_CONFIRM_POS_FROZEN,"{""signal_id"": ""L-2021-10-07 19:59-77""}"
2021-10-15 12:00,6106,L,ORDER_CREATE,"{""key"": 6105, ""level"": 57765.7068, ""stop"": 56679.45, ""atr_idx"": 6105, ""atr_end_time"": 1634299199999, ""r_confirm_time"": 1634299199999}"
2021-10-15 12:00,6106,L,SIGNAL,"{""key"": 6105}"
2021-10-15 19:59,6107,L,R_REPLACED,"{""old_key"": 6105, ""new_key"": 6107}"
2021-10-15 19:59,6107,L,ORDER_CANCEL,"{""key"": 6105, ""reason"": ""R_REPLACED"", ""level"": 57765.7068}"
2021-10-15 19:59,6107,L,R_CONFIRM_POS_FROZEN,"{""signal_id"": ""L-2021-10-07 19:59-77""}"
2021-10-15 20:00,6108,L,ORDER_CREATE,"{""key"": 6107, ""level"": 59658.8471, ""stop"": 58562.9525, ""atr_idx"": 6107, ""atr_end_time"": 1634327999999, ""r_confirm_time"": 1634327999999}"
2021-10-15 20:00,6108,L,SIGNAL,"{""key"": 6107}"
2021-10-16 03:59,6109,L,R_REPLACED,"{""old_key"": 6107, ""new_key"": 6109}"
2021-10-16 03:59,6109,L,ORDER_CANCEL,"{""key"": 6107, ""reason"": ""R_REPLACED"", ""level"": 59658.8471}"
2021-10-16 03:59,6109,L,R_CONFIRM_POS_FROZEN,"{""signal_id"": ""L-2021-10-07 19:59-77""}"
2021-10-16 04:00,6110,L,ORDER_CREATE,"{""key"": 6109, ""level"": 60875.7282, ""stop"": 59821.9043, ""atr_idx"": 6109, ""atr_end_time"": 1634356799999, ""r_confirm_time"": 1634356799999}"
2021-10-16 04:00,6110,L,SIGNAL,"{""key"": 6109}"
2021-10-16 11:59,6111,L,R_REPLACED,"{""old_key"": 6109, ""new_key"": 6111}"
2021-10-16 11:59,6111,L,ORDER_CANCEL,"{""key"": 6109, ""reason"": ""R_REPLACED"", ""level"": 60875.7282}"
2021-10-16 11:59,6111,L,R_CONFIRM_POS_FROZEN,"{""signal_id"": ""L-2021-10-07 19:59-77""}"
2021-10-16 12:00,6112,L,ORDER_CREATE,"{""key"": 6111, ""level"": 61601.2381, ""stop"": 60936.64, ""atr_idx"": 6111, ""atr_end_time"": 1634385599999, ""r_confirm_time"": 1634385599999}"
2021-10-16 12:00,6112,L,SIGNAL,"{""key"": 6111}"
2021-10-16 12:39,6112,L,R_INVALID,"{""key"": 6111, ""mode"": ""5M""}"
2021-10-16 12:39,6112,L,ORDER_CANCEL,"{""key"": 6111, ""reason"": ""R_INVALID"", ""level"": 61601.2381}"
2021-10-17 00:00,6115,L,D_DISARM,"{""day"": ""2021-10-16"", ""P0"": 50382.41, ""H1"": 56100.0}"
2021-10-17 03:59,6115,L,R_CONFIRM_POS_FROZEN,"{""signal_id"": ""L-2021-10-07 19:59-77""}"
2021-10-17 15:59,6118,L,R_CONFIRM_POS_FROZEN,"{""signal_id"": ""L-2021-10-07 19:59-77""}"
2021-10-17 23:59,6120,L,R_CONFIRM_POS_FROZEN,"{""signal_id"": ""L-2021-10-07 19:59-77""}"
2021-10-18 00:00,6121,L,D_ARM,"{""day"": ""2021-10-17"", ""P0"": 56850.0, ""H1"": 62378.42}"
2021-10-18 00:00,6121,L,ORDER_CREATE,"{""key"": 6120, ""level"": 60877.6105, ""stop"": 60198.4213, ""atr_idx"": 6120, ""atr_end_time"": 1634515199999, ""r_confirm_time"": 1634515199999}"
2021-10-18 00:00,6121,L,SIGNAL,"{""key"": 6120}"
2021-10-18 07:59,6122,L,R_REPLACED,"{""old_key"": 6120, ""new_key"": 6122}"
2021-10-18 07:59,6122,L,ORDER_CANCEL,"{""key"": 6120, ""reason"": ""R_REPLACED"", ""level"": 60877.6105}"
2021-10-18 07:59,6122,L,R_CONFIRM_POS_FROZEN,"{""signal_id"": ""L-2021-10-07 19:59-77""}"
2021-10-18 08:00,6123,L,ORDER_CREATE,"{""key"": 6122, ""level"": 60023.4679, ""stop"": 58786.111, ""atr_idx"": 6122, ""atr_end_time"": 1634543999999, ""r_confirm_time"": 1634543999999}"
2021-10-18 08:00,6123,L,SIGNAL,"{""key"": 6122}"
2021-10-18 15:59,6124,L,R_REPLACED,"{""old_key"": 6122, ""new_key"": 6124}"
2021-10-18 15:59,6124,L,ORDER_CANCEL,"{""key"": 6122, ""reason"": ""R_REPLACED"", ""level"": 60023.4679}"
2021-10-18 15:59,6124,L,R_CONFIRM_POS_FROZEN,"{""signal_id"": ""L-2021-10-07 19:59-77""}"
2021-10-18 16:00,6125,L,ORDER_CREATE,"{""key"": 6124, ""level"": 61206.9493, ""stop"": 60397.2829, ""atr_idx"": 6124, ""atr_end_time"": 1634572799999, ""r_confirm_time"": 1634572799999}"
2021-10-18 16:00,6125,L,SIGNAL,"{""key"": 6124}"
2021-10-18 23:59,6126,L,R_REPLACED,"{""old_key"": 6124, ""new_key"": 6126}"
2021-10-18 23:59,6126,L,ORDER_CANCEL,"{""key"": 6124, ""reason"": ""R_REPLACED"", ""level"": 61206.9493}"
2021-10-18 23:59,6126,L,R_CONFIRM_POS_FROZEN,"{""signal_id"": ""L-2021-10-07 19:59-77""}"
2021-10-19 00:00,6127,L,ORDER_CREATE,"{""key"": 6126, ""level"": 60623.631, ""stop"": 59664.9166, ""atr_idx"": 6126, ""atr_end_time"": 1634601599999, ""r_confirm_time"": 1634601599999}"
2021-10-19 00:00,6127,L,SIGNAL,"{""key"": 6126}"
2021-10-19 15:59,6130,L,R_REPLACED,"{""old_key"": 6126, ""new_key"": 6130}"
2021-10-19 15:59,6130,L,ORDER_CANCEL,"{""key"": 6126, ""reason"": ""R_REPLACED"", ""level"": 60623.631}"
2021-10-19 15:59,6130,L,R_CONFIRM_POS_FROZEN,"{""signal_id"": ""L-2021-10-07 19:59-77""}"
2021-10-19 16:00,6131,L,ORDER_CREATE,"{""key"": 6130, ""level"": 62125.9099, ""stop"": 61342.0401, ""atr_idx"": 6130, ""atr_end_time"": 1634659199999, ""r_confirm_time"": 1634659199999}"
2021-10-19 16:00,6131,L,SIGNAL,"{""key"": 6130}"
2021-10-19 23:59,6132,L,R_REPLACED,"{""old_key"": 6130, ""new_key"": 6132}"
2021-10-19 23:59,6132,L,ORDER_CANCEL,"{""key"": 6130, ""reason"": ""R_REPLACED"", ""level"": 62125.9099}"
2021-10-19 23:59,6132,L,R_CONFIRM_POS_FROZEN,"{""signal_id"": ""L-2021-10-07 19:59-77""}"
2021-10-20 00:00,6133,L,ORDER_CREATE,"{""key"": 6132, ""level"": 62255.0787, ""stop"": 61138.2533, ""atr_idx"": 6132, ""atr_end_time"": 1634687999999, ""r_confirm_time"": 1634687999999}"
2021-10-20 00:00,6133,L,SIGNAL,"{""key"": 6132}"
2021-10-20 23:59,6138,L,R_REPLACED,"{""old_key"": 6132, ""new_key"": 6138}"
2021-10-20 23:59,6138,L,ORDER_CANCEL,"{""key"": 6132, ""reason"": ""R_REPLACED"", ""level"": 62255.0787}"
2021-10-20 23:59,6138,L,R_CONFIRM_POS_FROZEN,"{""signal_id"": ""L-2021-10-07 19:59-77""}"
2021-10-21 00:00,6139,L,ORDER_CREATE,"{""key"": 6138, ""level"": 64704.1842, ""stop"": 63568.72, ""atr_idx"": 6138, ""atr_end_time"": 1634774399999, ""r_confirm_time"": 1634774399999}"
2021-10-21 00:00,6139,L,SIGNAL,"{""key"": 6138}"
2021-10-21 07:59,6140,L,R_REPLACED,"{""old_key"": 6138, ""new_key"": 6140}"
2021-10-21 07:59,6140,L,ORDER_CANCEL,"{""key"": 6138, ""reason"": ""R_REPLACED"", ""level"": 64704.1842}"
2021-10-21 07:59,6140,L,R_CONFIRM_POS_FROZEN,"{""signal_id"": ""L-2021-10-07 19:59-77""}"
2021-10-21 08:00,6141,L,ORDER_CREATE,"{""key"": 6140, ""level"": 64721.5173, ""stop"": 63870.6315, ""atr_idx"": 6140, ""atr_end_time"": 1634803199999, ""r_confirm_time"": 1634803199999}"
2021-10-21 08:00,6141,L,SIGNAL,"{""key"": 6140}"
2021-10-21 14:24,6142,L,R_INVALID,"{""key"": 6140, ""mode"": ""5M""}"
2021-10-21 14:24,6142,L,ORDER_CANCEL,"{""key"": 6140, ""reason"": ""R_INVALID"", ""level"": 64721.5173}"
2021-10-21 15:59,6142,L,R_CONFIRM_POS_FROZEN,"{""signal_id"": ""L-2021-10-07 19:59-77""}"
2021-10-21 16:00,6143,L,ORDER_CREATE,"{""key"": 6142, ""level"": 64925.6687, ""stop"": 63949.584, ""atr_idx"": 6142, ""atr_end_time"": 1634831999999, ""r_confirm_time"": 1634831999999}"
2021-10-21 16:00,6143,L,SIGNAL,"{""key"": 6142}"
2021-10-21 16:04,6143,L,R_INVALID,"{""key"": 6142, ""mode"": ""5M""}"
2021-10-21 16:04,6143,L,ORDER_CANCEL,"{""key"": 6142, ""reason"": ""R_INVALID"", ""level"": 64925.6687}"
2021-10-21 23:59,6144,L,R_CONFIRM_POS_FROZEN,"{""signal_id"": ""L-2021-10-07 19:59-77""}"
2021-10-22 00:00,6145,L,ORDER_CREATE,"{""key"": 6144, ""level"": 62575.4083, ""stop"": 61814.0, ""atr_idx"": 6144, ""atr_end_time"": 1634860799999, ""r_confirm_time"": 1634860799999}"
2021-10-22 00:00,6145,L,SIGNAL,"{""key"": 6144}"
2021-10-22 11:59,6147,L,R_REPLACED,"{""old_key"": 6144, ""new_key"": 6147}"
2021-10-22 11:59,6147,L,ORDER_CANCEL,"{""key"": 6144, ""reason"": ""R_REPLACED"", ""level"": 62575.4083}"
2021-10-22 11:59,6147,L,R_CONFIRM_POS_FROZEN,"{""signal_id"": ""L-2021-10-07 19:59-77""}"
2021-10-22 12:00,6148,L,ORDER_CREATE,"{""key"": 6147, ""level"": 62596.0706, ""stop"": 61814.0, ""atr_idx"": 6147, ""atr_end_time"": 1634903999999, ""r_confirm_time"": 1634903999999}"
2021-10-22 12:00,6148,L,SIGNAL,"{""key"": 6147}"
2021-10-22 14:04,6148,L,R_INVALID,"{""key"": 6147, ""mode"": ""5M""}"
2021-10-22 14:04,6148,L,ORDER_CANCEL,"{""key"": 6147, ""reason"": ""R_INVALID"", ""level"": 62596.0706}"
2021-10-22 19:59,6149,L,R_CONFIRM_POS_FROZEN,"{""signal_id"": ""L-2021-10-07 19:59-77""}"
2021-10-22 20:00,6150,L,ORDER_CREATE,"{""key"": 6149, ""level"": 61424.4325, ""stop"": 60296.6657, ""atr_idx"": 6149, ""atr_end_time"": 1634932799999, ""r_confirm_time"": 1634932799999}"
2021-10-22 20:00,6150,L,SIGNAL,"{""key"": 6149}"
2021-10-22 21:49,6150,L,R_INVALID,"{""key"": 6149, ""mode"": ""5M""}"
2021-10-22 21:49,6150,L,ORDER_CANCEL,"{""key"": 6149, ""reason"": ""R_INVALID"", ""level"": 61424.4325}"
2021-10-23 00:00,6151,L,D_DISARM,"{""day"": ""2021-10-22"", ""P0"": 56850.0, ""H1"": 62378.42}"
2021-10-23 11:59,6153,L,R_CONFIRM_POS_FROZEN,"{""signal_id"": ""L-2021-10-07 19:59-77""}"
2021-10-23 19:59,6155,L,R_CONFIRM_POS_FROZEN,"{""signal_id"": ""L-2021-10-07 19:59-77""}"
2021-10-24 19:59,6161,L,R_CONFIRM_POS_FROZEN,"{""signal_id"": ""L-2021-10-07 19:59-77""}"
2021-10-25 03:59,6163,L,R_CONFIRM_POS_FROZEN,"{""signal_id"": ""L-2021-10-07 19:59-77""}"
2021-10-25 11:59,6165,L,R_CONFIRM_POS_FROZEN,"{""signal_id"": ""L-2021-10-07 19:59-77""}"
2021-10-25 23:59,6168,L,R_CONFIRM_POS_FROZEN,"{""signal_id"": ""L-2021-10-07 19:59-77""}"
2021-10-26 19:59,6173,L,R_CONFIRM_POS_FROZEN,"{""signal_id"": ""L-2021-10-07 19:59-77""}"
2021-10-27 03:59,6175,L,R_CONFIRM_POS_FROZEN,"{""signal_id"": ""L-2021-10-07 19:59-77""}"
2021-10-27 11:59,6177,L,R_CONFIRM_POS_FROZEN,"{""signal_id"": ""L-2021-10-07 19:59-77""}"
2021-10-27 19:59,6179,L,R_CONFIRM_POS_FROZEN,"{""signal_id"": ""L-2021-10-07 19:59-77""}"
2021-10-28 00:00,6181,L,EXIT,"{""exit_kind"": ""dexit"", ""px"": 58413.44, ""frac"": 0.75, ""signal_id"": ""L-2021-10-07 19:59-77""}"
2021-10-30 00:00,6193,L,D_ARM,"{""day"": ""2021-10-29"", ""P0"": 57820.0, ""H1"": 62980.0}"
2021-10-30 00:00,6193,L,ORDER_CREATE,"{""key"": 6192, ""level"": 61421.503, ""stop"": 60517.5211, ""atr_idx"": 6192, ""atr_end_time"": 1635551999999, ""r_confirm_time"": 1635551999999}"
2021-10-30 00:00,6193,L,SIGNAL,"{""key"": 6192}"
2021-10-30 05:00,6194,L,FILL,"{""signal_id"": ""L-2021-10-29 23:59-78"", ""expected"": 61421.503, ""entry"": 61421.503, ""stop"": 60517.5211, ""key"": 6192}"
2021-10-30 19:59,6197,L,R_CONFIRM_POS_FROZEN,"{""signal_id"": ""L-2021-10-29 23:59-78""}"
2021-10-31 07:59,6200,L,R_CONFIRM_POS_FROZEN,"{""signal_id"": ""L-2021-10-29 23:59-78""}"
2021-10-31 10:04,6201,L,EXIT,"{""exit_kind"": ""stop"", ""px"": 60517.5211, ""frac"": 1.0, ""signal_id"": ""L-2021-10-29 23:59-78""}"
2021-11-12 00:00,6271,L,D_ARM,"{""day"": ""2021-11-11"", ""P0"": 62822.9, ""H1"": 69000.0}"
2021-11-12 00:00,6271,L,ORDER_CREATE,"{""key"": 6266, ""level"": 63624.9253, ""stop"": 62634.4313, ""atr_idx"": 6270, ""atr_end_time"": 1636675199999, ""r_confirm_time"": 1636617599999}"
2021-11-12 00:00,6271,L,SIGNAL,"{""key"": 6266}"
2021-11-12 09:55,6273,L,FILL,"{""signal_id"": ""L-2021-11-11 07:59-79"", ""expected"": 63624.9253, ""entry"": 63624.9253, ""stop"": 62634.4313, ""key"": 6266}"
2021-11-12 16:09,6275,L,V_POS,"{""P0"": 62822.9, ""signal_id"": ""L-2021-11-11 07:59-79""}"
2021-11-12 16:10,6275,L,EXIT,"{""exit_kind"": ""v"", ""px"": 63204.3, ""frac"": 1.0, ""signal_id"": ""L-2021-11-11 07:59-79""}"
2021-11-19 00:00,6313,S,D_ARM,"{""day"": ""2021-11-18"", ""P0"": -63617.31, ""H1"": -56474.26}"
2021-11-19 00:00,6313,S,ORDER_CREATE,"{""key"": 6312, ""level"": -58940.9106, ""stop"": -60114.805, ""atr_idx"": 6312, ""atr_end_time"": 1637279999999, ""r_confirm_time"": 1637279999999}"
2021-11-19 00:00,6313,S,SIGNAL,"{""key"": 6312}"
2021-11-19 07:59,6314,S,R_REPLACED,"{""old_key"": 6312, ""new_key"": 6314}"
2021-11-19 07:59,6314,S,ORDER_CANCEL,"{""key"": 6312, ""reason"": ""R_REPLACED"", ""level"": -58940.9106}"
2021-11-19 08:00,6315,S,ORDER_CREATE,"{""key"": 6314, ""level"": -57630.6819, ""stop"": -58660.3948, ""atr_idx"": 6314, ""atr_end_time"": 1637308799999, ""r_confirm_time"": 1637308799999}"
2021-11-19 08:00,6315,S,SIGNAL,"{""key"": 6314}"
2021-11-19 13:40,6316,S,FILL,"{""signal_id"": ""S-2021-11-19 07:59-80"", ""expected"": -57630.6819, ""entry"": -57630.6819, ""stop"": -58660.3948, ""key"": 6314}"
2021-11-19 15:59,6316,S,R_CONFIRM_POS_FROZEN,"{""signal_id"": ""S-2021-11-19 07:59-80""}"
2021-11-20 01:24,6319,S,EXIT,"{""exit_kind"": ""stop"", ""px"": -58660.3948, ""frac"": 1.0, ""signal_id"": ""S-2021-11-19 07:59-80""}"
2021-11-29 00:00,6373,S,D_ARM,"{""day"": ""2021-11-28"", ""P0"": -59150.0, ""H1"": -53256.64}"
2021-11-29 04:00,6374,S,ORDER_CREATE,"{""key"": 6373, ""level"": -56607.495, ""stop"": -57617.3852, ""atr_idx"": 6373, ""atr_end_time"": 1638158399999, ""r_confirm_time"": 1638158399999}"
2021-11-29 04:00,6374,S,SIGNAL,"{""key"": 6373}"
2021-11-29 04:00,6374,S,FILL,"{""signal_id"": ""S-2021-11-29 03:59-81"", ""expected"": -56607.495, ""entry"": -56607.495, ""stop"": -57617.3852, ""key"": 6373}"
2021-11-29 04:09,6374,S,EXIT,"{""exit_kind"": ""stop"", ""px"": -57617.3852, ""frac"": 1.0, ""signal_id"": ""S-2021-11-29 03:59-81""}"
2021-12-06 00:00,6415,S,D_ARM,"{""day"": ""2021-12-05"", ""P0"": -57600.0, ""H1"": -42000.3}"
2021-12-06 00:00,6415,S,ORDER_CREATE,"{""key"": 6406, ""level"": -50925.5798, ""stop"": -52764.8009, ""atr_idx"": 6414, ""atr_end_time"": 1638748799999, ""r_confirm_time"": 1638633599999}"
2021-12-06 00:00,6415,S,SIGNAL,"{""key"": 6406}"
2021-12-06 11:59,6417,S,R_REPLACED,"{""old_key"": 6406, ""new_key"": 6417}"
2021-12-06 11:59,6417,S,ORDER_CANCEL,"{""key"": 6406, ""reason"": ""R_REPLACED"", ""level"": -50925.5798}"
2021-12-06 12:00,6418,S,ORDER_CREATE,"{""key"": 6417, ""level"": -48938.4172, ""stop"": -49848.1472, ""atr_idx"": 6417, ""atr_end_time"": 1638791999999, ""r_confirm_time"": 1638791999999}"
2021-12-06 12:00,6418,S,SIGNAL,"{""key"": 6417}"
2021-12-06 15:55,6418,S,FILL,"{""signal_id"": ""S-2021-12-06 11:59-82"", ""expected"": -48938.4172, ""entry"": -48938.4172, ""stop"": -49848.1472, ""key"": 6417}"
2021-12-06 19:59,6419,S,R_CONFIRM_POS_FROZEN,"{""signal_id"": ""S-2021-12-06 11:59-82""}"
2021-12-06 21:49,6420,S,EXIT,"{""exit_kind"": ""stop"", ""px"": -49848.1472, ""frac"": 1.0, ""signal_id"": ""S-2021-12-06 11:59-82""}"
2021-12-14 00:00,6463,S,D_ARM,"{""day"": ""2021-12-13"", ""P0"": -50777.0, ""H1"": -45672.75}"
2021-12-14 00:00,6463,S,ORDER_CREATE,"{""key"": 6461, ""level"": -48200.8109, ""stop"": -49319.0847, ""atr_idx"": 6462, ""atr_end_time"": 1639439999999, ""r_confirm_time"": 1639425599999}"
2021-12-14 00:00,6463,S,SIGNAL,"{""key"": 6461}"
2021-12-14 03:59,6463,S,R_REPLACED,"{""old_key"": 6461, ""new_key"": 6463}"
2021-12-14 03:59,6463,S,ORDER_CANCEL,"{""key"": 6461, ""reason"": ""R_REPLACED"", ""level"": -48200.8109}"
2021-12-14 04:00,6464,S,ORDER_CREATE,"{""key"": 6463, ""level"": -47384.1477, ""stop"": -48075.9866, ""atr_idx"": 6463, ""atr_end_time"": 1639454399999, ""r_confirm_time"": 1639454399999}"
2021-12-14 04:00,6464,S,SIGNAL,"{""key"": 6463}"
2021-12-14 08:35,6465,S,FILL,"{""signal_id"": ""S-2021-12-14 03:59-83"", ""expected"": -47384.1477, ""entry"": -47384.1477, ""stop"": -48075.9866, ""key"": 6463}"
2021-12-14 19:59,6467,S,R_CONFIRM_POS_FROZEN,"{""signal_id"": ""S-2021-12-14 03:59-83""}"
2021-12-14 21:09,6468,S,EXIT,"{""exit_kind"": ""stop"", ""px"": -48075.9866, ""frac"": 1.0, ""signal_id"": ""S-2021-12-14 03:59-83""}"
2021-12-18 00:00,6487,S,D_ARM,"{""day"": ""2021-12-17"", ""P0"": -50189.97, ""H1"": -45456.0}"
2021-12-18 00:00,6487,S,ORDER_CREATE,"{""key"": 6486, ""level"": -46856.7201, ""stop"": -47582.4203, ""atr_idx"": 6486, ""atr_end_time"": 1639785599999, ""r_confirm_time"": 1639785599999}"
2021-12-18 00:00,6487,S,SIGNAL,"{""key"": 6486}"
2021-12-18 05:45,6488,S,FILL,"{""signal_id"": ""S-2021-12-17 23:59-84"", ""expected"": -46856.7201, ""entry"": -46856.7201, ""stop"": -47582.4203, ""key"": 6486}"
2021-12-18 07:59,6488,S,R_CONFIRM_POS_FROZEN,"{""signal_id"": ""S-2021-12-17 23:59-84""}"
2021-12-18 15:59,6490,S,R_CONFIRM_POS_FROZEN,"{""signal_id"": ""S-2021-12-17 23:59-84""}"
2021-12-19 03:19,6493,S,EXIT,"{""exit_kind"": ""stop"", ""px"": -47582.4203, ""frac"": 1.0, ""signal_id"": ""S-2021-12-17 23:59-84""}"
2022-01-08 00:00,6613,S,D_ARM,"{""day"": ""2022-01-07"", ""P0"": -47070.0, ""H1"": -40610.0}"
2022-01-08 00:00,6613,S,ORDER_CREATE,"{""key"": 6611, ""level"": -42219.8903, ""stop"": -43012.1204, ""atr_idx"": 6612, ""atr_end_time"": 1641599999999, ""r_confirm_time"": 1641585599999}"
2022-01-08 00:00,6613,S,SIGNAL,"{""key"": 6611}"
2022-01-08 01:10,6613,S,FILL,"{""signal_id"": ""S-2022-01-07 19:59-85"", ""expected"": -42219.8903, ""entry"": -42219.8903, ""stop"": -43012.1204, ""key"": 6611}"
2022-01-08 02:34,6613,S,EXIT,"{""exit_kind"": ""tp"", ""px"": -41716.62, ""frac"": 0.25, ""signal_id"": ""S-2022-01-07 19:59-85""}"
2022-01-08 07:59,6614,S,R_CONFIRM_POS_FROZEN,"{""signal_id"": ""S-2022-01-07 19:59-85""}"
2022-01-09 03:59,6619,S,R_CONFIRM_POS_FROZEN,"{""signal_id"": ""S-2022-01-07 19:59-85""}"
2022-01-09 15:59,6622,S,R_CONFIRM_POS_FROZEN,"{""signal_id"": ""S-2022-01-07 19:59-85""}"
2022-01-09 23:59,6624,S,R_CONFIRM_POS_FROZEN,"{""signal_id"": ""S-2022-01-07 19:59-85""}"
2022-01-10 07:59,6626,S,R_CONFIRM_POS_FROZEN,"{""signal_id"": ""S-2022-01-07 19:59-85""}"
2022-01-10 23:59,6630,S,R_CONFIRM_POS_FROZEN,"{""signal_id"": ""S-2022-01-07 19:59-85""}"
2022-01-11 07:59,6632,S,R_CONFIRM_POS_FROZEN,"{""signal_id"": ""S-2022-01-07 19:59-85""}"
2022-01-11 15:59,6634,S,R_CONFIRM_POS_FROZEN,"{""signal_id"": ""S-2022-01-07 19:59-85""}"
2022-01-11 17:14,6635,S,EXIT,"{""exit_kind"": ""stop"", ""px"": -43012.1204, ""frac"": 0.75, ""signal_id"": ""S-2022-01-07 19:59-85""}"
2022-01-21 00:00,6691,S,D_ARM,"{""day"": ""2022-01-20"", ""P0"": -44500.0, ""H1"": -40553.31}"
2022-01-21 00:00,6691,S,ORDER_CREATE,"{""key"": 6689, ""level"": -42959.5294, ""stop"": -43586.368, ""atr_idx"": 6690, ""atr_end_time"": 1642723199999, ""r_confirm_time"": 1642708799999}"
2022-01-21 00:00,6691,S,SIGNAL,"{""key"": 6689}"
2022-01-21 03:59,6691,S,R_REPLACED,"{""old_key"": 6689, ""new_key"": 6691}"
2022-01-21 03:59,6691,S,ORDER_CANCEL,"{""key"": 6689, ""reason"": ""R_REPLACED"", ""level"": -42959.5294}"
2022-01-21 04:00,6692,S,ORDER_CREATE,"{""key"": 6691, ""level"": -42130.9668, ""stop"": -43635.515, ""atr_idx"": 6691, ""atr_end_time"": 1642737599999, ""r_confirm_time"": 1642737599999}"
2022-01-21 04:00,6692,S,SIGNAL,"{""key"": 6691}"
2022-01-21 11:59,6693,S,R_REPLACED,"{""old_key"": 6691, ""new_key"": 6693}"
2022-01-21 11:59,6693,S,ORDER_CANCEL,"{""key"": 6691, ""reason"": ""R_REPLACED"", ""level"": -42130.9668}"
2022-01-21 12:00,6694,S,ORDER_CREATE,"{""key"": 6693, ""level"": -40350.1527, ""stop"": -41223.3, ""atr_idx"": 6693, ""atr_end_time"": 1642766399999, ""r_confirm_time"": 1642766399999}"
2022-01-21 12:00,6694,S,SIGNAL,"{""key"": 6693}"
2022-01-21 23:59,6696,S,R_REPLACED,"{""old_key"": 6693, ""new_key"": 6696}"
2022-01-21 23:59,6696,S,ORDER_CANCEL,"{""key"": 6693, ""reason"": ""R_REPLACED"", ""level"": -40350.1527}"
2022-01-22 00:00,6697,S,ORDER_CREATE,"{""key"": 6696, ""level"": -38099.6467, ""stop"": -39188.3434, ""atr_idx"": 6696, ""atr_end_time"": 1642809599999, ""r_confirm_time"": 1642809599999}"
2022-01-22 00:00,6697,S,SIGNAL,"{""key"": 6696}"
2022-01-22 07:59,6698,S,R_REPLACED,"{""old_key"": 6696, ""new_key"": 6698}"
2022-01-22 07:59,6698,S,ORDER_CANCEL,"{""key"": 6696, ""reason"": ""R_REPLACED"", ""level"": -38099.6467}"
2022-01-22 08:00,6699,S,ORDER_CREATE,"{""key"": 6698, ""level"": -37564.6771, ""stop"": -38585.41, ""atr_idx"": 6698, ""atr_end_time"": 1642838399999, ""r_confirm_time"": 1642838399999}"
2022-01-22 08:00,6699,S,SIGNAL,"{""key"": 6698}"
2022-01-22 19:59,6701,S,R_REPLACED,"{""old_key"": 6698, ""new_key"": 6701}"
2022-01-22 19:59,6701,S,ORDER_CANCEL,"{""key"": 6698, ""reason"": ""R_REPLACED"", ""level"": -37564.6771}"
2022-01-22 20:00,6702,S,ORDER_CREATE,"{""key"": 6701, ""level"": -35625.5082, ""stop"": -36301.3383, ""atr_idx"": 6701, ""atr_end_time"": 1642881599999, ""r_confirm_time"": 1642881599999}"
2022-01-22 20:00,6702,S,SIGNAL,"{""key"": 6701}"
2022-01-22 21:55,6702,S,FILL,"{""signal_id"": ""S-2022-01-22 19:59-86"", ""expected"": -35625.5082, ""entry"": -35625.5082, ""stop"": -36301.3383, ""key"": 6701}"
2022-01-23 19:59,6707,S,R_CONFIRM_POS_FROZEN,"{""signal_id"": ""S-2022-01-22 19:59-86""}"
2022-01-23 23:14,6708,S,EXIT,"{""exit_kind"": ""stop"", ""px"": -36301.3383, ""frac"": 1.0, ""signal_id"": ""S-2022-01-22 19:59-86""}"
2022-01-25 00:00,6715,S,D_ARM,"{""day"": ""2022-01-24"", ""P0"": -41100.0, ""H1"": -32917.17}"
2022-01-25 04:00,6716,S,ORDER_CREATE,"{""key"": 6715, ""level"": -37061.1487, ""stop"": -37662.65, ""atr_idx"": 6715, ""atr_end_time"": 1643083199999, ""r_confirm_time"": 1643083199999}"
2022-01-25 04:00,6716,S,SIGNAL,"{""key"": 6715}"
2022-01-25 14:35,6718,S,FILL,"{""signal_id"": ""S-2022-01-25 03:59-87"", ""expected"": -37061.1487, ""entry"": -37061.1487, ""stop"": -37662.65, ""key"": 6715}"
2022-01-26 04:49,6722,S,EXIT,"{""exit_kind"": ""stop"", ""px"": -37662.65, ""frac"": 1.0, ""signal_id"": ""S-2022-01-25 03:59-87""}"
2022-01-30 00:00,6745,L,D_ARM,"{""day"": ""2022-01-29"", ""P0"": 35507.01, ""H1"": 38720.74}"
2022-01-30 00:00,6745,L,ORDER_CREATE,"{""key"": 6744, ""level"": 37724.0163, ""stop"": 37156.6347, ""atr_idx"": 6744, ""atr_end_time"": 1643500799999, ""r_confirm_time"": 1643500799999}"
2022-01-30 00:00,6745,L,SIGNAL,"{""key"": 6744}"
2022-01-30 14:20,6748,L,FILL,"{""signal_id"": ""L-2022-01-29 23:59-88"", ""expected"": 37724.0163, ""entry"": 37724.0163, ""stop"": 37156.6347, ""key"": 6744}"
2022-01-30 23:59,6750,L,R_CONFIRM_POS_FROZEN,"{""signal_id"": ""L-2022-01-29 23:59-88""}"
2022-01-31 00:44,6751,L,EXIT,"{""exit_kind"": ""stop"", ""px"": 37156.6347, ""frac"": 1.0, ""signal_id"": ""L-2022-01-29 23:59-88""}"
2022-02-12 00:00,6823,L,D_ARM,"{""day"": ""2022-02-11"", ""P0"": 37026.73, ""H1"": 45821.0}"
2022-02-12 00:00,6823,L,ORDER_CREATE,"{""key"": 6822, ""level"": 42582.6155, ""stop"": 41923.85, ""atr_idx"": 6822, ""atr_end_time"": 1644623999999, ""r_confirm_time"": 1644623999999}"
2022-02-12 00:00,6823,L,SIGNAL,"{""key"": 6822}"
2022-02-12 00:00,6823,L,FILL,"{""signal_id"": ""L-2022-02-11 23:59-89"", ""expected"": 42582.6155, ""entry"": 42582.6155, ""stop"": 41923.85, ""key"": 6822}"
2022-02-12 06:44,6824,L,EXIT,"{""exit_kind"": ""stop"", ""px"": 41923.85, ""frac"": 1.0, ""signal_id"": ""L-2022-02-11 23:59-89""}"
2022-02-25 00:00,6901,S,D_ARM,"{""day"": ""2022-02-24"", ""P0"": -44164.71, ""H1"": -34322.28}"
2022-02-25 00:00,6901,S,ORDER_CREATE,"{""key"": 6900, ""level"": -36867.3468, ""stop"": -37478.4591, ""atr_idx"": 6900, ""atr_end_time"": 1645747199999, ""r_confirm_time"": 1645747199999}"
2022-02-25 00:00,6901,S,SIGNAL,"{""key"": 6900}"
2022-02-25 00:00,6901,S,FILL,"{""signal_id"": ""S-2022-02-24 23:59-90"", ""expected"": -36867.3468, ""entry"": -36867.3468, ""stop"": -37478.4591, ""key"": 6900}"
2022-02-25 00:04,6901,S,EXIT,"{""exit_kind"": ""stop"", ""px"": -37478.4591, ""frac"": 1.0, ""signal_id"": ""S-2022-02-24 23:59-90""}"
2022-03-04 00:00,6943,L,D_ARM,"{""day"": ""2022-03-03"", ""P0"": 37000.0, ""H1"": 45400.0}"
2022-03-04 08:00,6945,L,ORDER_CREATE,"{""key"": 6944, ""level"": 41538.0956, ""stop"": 40946.7003, ""atr_idx"": 6944, ""atr_end_time"": 1646380799999, ""r_confirm_time"": 1646380799999}"
2022-03-04 08:00,6945,L,SIGNAL,"{""key"": 6944}"
2022-03-04 08:00,6945,L,FILL,"{""signal_id"": ""L-2022-03-04 07:59-91"", ""expected"": 41538.0956, ""entry"": 41538.0956, ""stop"": 40946.7003, ""key"": 6944}"
2022-03-04 08:14,6945,L,EXIT,"{""exit_kind"": ""tp"", ""px"": 41770.6261, ""frac"": 0.25, ""signal_id"": ""L-2022-03-04 07:59-91""}"
2022-03-04 08:34,6945,L,EXIT,"{""exit_kind"": ""stop"", ""px"": 40946.7003, ""frac"": 0.75, ""signal_id"": ""L-2022-03-04 07:59-91""}"
2022-03-08 00:00,6967,S,D_ARM,"{""day"": ""2022-03-07"", ""P0"": -42527.3, ""H1"": -37155.0}"
2022-03-08 00:00,6967,S,ORDER_CREATE,"{""key"": 6966, ""level"": -38865.9747, ""stop"": -39666.2127, ""atr_idx"": 6966, ""atr_end_time"": 1646697599999, ""r_confirm_time"": 1646697599999}"
2022-03-08 00:00,6967,S,SIGNAL,"{""key"": 6966}"
2022-03-08 02:40,6967,S,FILL,"{""signal_id"": ""S-2022-03-07 23:59-92"", ""expected"": -38865.9747, ""entry"": -38865.9747, ""stop"": -39666.2127, ""key"": 6966}"
2022-03-08 07:59,6968,S,R_CONFIRM_POS_FROZEN,"{""signal_id"": ""S-2022-03-07 23:59-92""}"
2022-03-08 19:59,6971,S,R_CONFIRM_POS_FROZEN,"{""signal_id"": ""S-2022-03-07 23:59-92""}"
2022-03-09 03:24,6973,S,EXIT,"{""exit_kind"": ""stop"", ""px"": -39666.2127, ""frac"": 1.0, ""signal_id"": ""S-2022-03-07 23:59-92""}"
2022-03-14 00:00,7003,S,D_ARM,"{""day"": ""2022-03-13"", ""P0"": -42039.63, ""H1"": -37578.51}"
2022-03-14 00:00,7003,S,ORDER_CREATE,"{""key"": 7002, ""level"": -38605.6096, ""stop"": -39192.1548, ""atr_idx"": 7002, ""atr_end_time"": 1647215999999, ""r_confirm_time"": 1647215999999}"
2022-03-14 00:00,7003,S,SIGNAL,"{""key"": 7002}"
2022-03-14 04:10,7004,S,FILL,"{""signal_id"": ""S-2022-03-13 23:59-93"", ""expected"": -38605.6096, ""entry"": -38605.6096, ""stop"": -39192.1548, ""key"": 7002}"
2022-03-14 07:59,7004,S,R_CONFIRM_POS_FROZEN,"{""signal_id"": ""S-2022-03-13 23:59-93""}"
2022-03-14 08:09,7005,S,EXIT,"{""exit_kind"": ""stop"", ""px"": -39192.1548, ""frac"": 1.0, ""signal_id"": ""S-2022-03-13 23:59-93""}"
2022-04-13 00:00,7183,L,D_ARM,"{""day"": ""2022-04-12"", ""P0"": 39200.0, ""H1"": 42414.71}"
2022-04-13 00:00,7183,L,ORDER_CREATE,"{""key"": 7182, ""level"": 39643.2006, ""stop"": 39143.6058, ""atr_idx"": 7182, ""atr_end_time"": 1649807999999, ""r_confirm_time"": 1649807999999}"
2022-04-13 00:00,7183,L,SIGNAL,"{""key"": 7182}"
2022-04-13 01:15,7183,L,FILL,"{""signal_id"": ""L-2022-04-12 23:59-94"", ""expected"": 39643.2006, ""entry"": 39643.2006, ""stop"": 39143.6058, ""key"": 7182}"
2022-04-13 07:59,7184,L,R_CONFIRM_POS_FROZEN,"{""signal_id"": ""L-2022-04-12 23:59-94""}"
2022-04-13 23:59,7188,L,R_CONFIRM_POS_FROZEN,"{""signal_id"": ""L-2022-04-12 23:59-94""}"
2022-04-14 19:59,7193,L,R_CONFIRM_POS_FROZEN,"{""signal_id"": ""L-2022-04-12 23:59-94""}"
2022-04-15 07:59,7196,L,R_CONFIRM_POS_FROZEN,"{""signal_id"": ""L-2022-04-12 23:59-94""}"
2022-04-15 23:59,7200,L,R_CONFIRM_POS_FROZEN,"{""signal_id"": ""L-2022-04-12 23:59-94""}"
2022-04-16 19:59,7205,L,R_CONFIRM_POS_FROZEN,"{""signal_id"": ""L-2022-04-12 23:59-94""}"
2022-04-17 03:59,7207,L,R_CONFIRM_POS_FROZEN,"{""signal_id"": ""L-2022-04-12 23:59-94""}"
2022-04-17 11:59,7209,L,R_CONFIRM_POS_FROZEN,"{""signal_id"": ""L-2022-04-12 23:59-94""}"
2022-04-17 23:59,7212,L,R_CONFIRM_POS_FROZEN,"{""signal_id"": ""L-2022-04-12 23:59-94""}"
2022-04-18 04:19,7214,L,EXIT,"{""exit_kind"": ""stop"", ""px"": 39143.6058, ""frac"": 1.0, ""signal_id"": ""L-2022-04-12 23:59-94""}"
2022-05-03 00:00,7303,S,D_ARM,"{""day"": ""2022-05-02"", ""P0"": -40797.31, ""H1"": -37386.38}"
2022-05-03 00:00,7303,S,ORDER_CREATE,"{""key"": 7301, ""level"": -38778.3659, ""stop"": -39272.9364, ""atr_idx"": 7302, ""atr_end_time"": 1651535999999, ""r_confirm_time"": 1651521599999}"
2022-05-03 00:00,7303,S,SIGNAL,"{""key"": 7301}"
2022-05-03 07:59,7304,S,R_REPLACED,"{""old_key"": 7301, ""new_key"": 7304}"
2022-05-03 07:59,7304,S,ORDER_CANCEL,"{""key"": 7301, ""reason"": ""R_REPLACED"", ""level"": -38778.3659}"
2022-05-03 08:00,7305,S,ORDER_CREATE,"{""key"": 7304, ""level"": -38644.118, ""stop"": -39025.2857, ""atr_idx"": 7304, ""atr_end_time"": 1651564799999, ""r_confirm_time"": 1651564799999}"
2022-05-03 08:00,7305,S,SIGNAL,"{""key"": 7304}"
2022-05-03 08:00,7305,S,FILL,"{""signal_id"": ""S-2022-05-03 07:59-95"", ""expected"": -38644.118, ""entry"": -38644.118, ""stop"": -39025.2857, ""key"": 7304}"
2022-05-04 03:59,7309,S,R_CONFIRM_POS_FROZEN,"{""signal_id"": ""S-2022-05-03 07:59-95""}"
2022-05-04 08:39,7311,S,EXIT,"{""exit_kind"": ""stop"", ""px"": -39025.2857, ""frac"": 1.0, ""signal_id"": ""S-2022-05-03 07:59-95""}"
2022-05-10 00:00,7345,S,D_ARM,"{""day"": ""2022-05-09"", ""P0"": -39845.51, ""H1"": -30033.33}"
2022-05-10 00:00,7345,S,ORDER_CREATE,"{""key"": 7343, ""level"": -32865.5751, ""stop"": -33878.331, ""atr_idx"": 7344, ""atr_end_time"": 1652140799999, ""r_confirm_time"": 1652126399999}"
2022-05-10 00:00,7345,S,SIGNAL,"{""key"": 7343}"
2022-05-10 03:59,7345,S,R_REPLACED,"{""old_key"": 7343, ""new_key"": 7345}"
2022-05-10 03:59,7345,S,ORDER_CANCEL,"{""key"": 7343, ""reason"": ""R_REPLACED"", ""level"": -32865.5751}"
2022-05-10 04:00,7346,S,ORDER_CREATE,"{""key"": 7345, ""level"": -31818.0179, ""stop"": -32685.9646, ""atr_idx"": 7345, ""atr_end_time"": 1652155199999, ""r_confirm_time"": 1652155199999}"
2022-05-10 04:00,7346,S,SIGNAL,"{""key"": 7345}"
2022-05-10 05:45,7346,S,FILL,"{""signal_id"": ""S-2022-05-10 03:59-96"", ""expected"": -31818.0179, ""entry"": -31818.0179, ""stop"": -32685.9646, ""key"": 7345}"
2022-05-10 10:19,7347,S,EXIT,"{""exit_kind"": ""tp"", ""px"": -31303.5988, ""frac"": 0.25, ""signal_id"": ""S-2022-05-10 03:59-96""}"
2022-05-10 11:59,7347,S,R_CONFIRM_POS_FROZEN,"{""signal_id"": ""S-2022-05-10 03:59-96""}"
2022-05-10 19:59,7349,S,R_CONFIRM_POS_FROZEN,"{""signal_id"": ""S-2022-05-10 03:59-96""}"
2022-05-11 07:59,7352,S,R_CONFIRM_POS_FROZEN,"{""signal_id"": ""S-2022-05-10 03:59-96""}"
2022-05-11 12:49,7354,S,EXIT,"{""exit_kind"": ""tp"", ""px"": -29814.4812, ""frac"": 0.25, ""signal_id"": ""S-2022-05-10 03:59-96""}"
2022-05-11 15:59,7354,S,R_CONFIRM_POS_FROZEN,"{""signal_id"": ""S-2022-05-10 03:59-96""}"
2022-05-11 23:59,7356,S,R_CONFIRM_POS_FROZEN,"{""signal_id"": ""S-2022-05-10 03:59-96""}"
2022-05-12 00:00,7357,S,D_ARM,"{""day"": ""2022-05-11"", ""P0"": -34243.15, ""H1"": -27785.0}"
2022-05-12 00:00,7357,S,ORDER_CREATE,"{""key"": 7356, ""level"": -30912.2442, ""stop"": -32096.0, ""atr_idx"": 7356, ""atr_end_time"": 1652313599999, ""r_confirm_time"": 1652313599999}"
2022-05-12 00:00,7357,S,SIGNAL,"{""key"": 7356}"
2022-05-12 07:59,7358,S,R_REPLACED,"{""old_key"": 7356, ""new_key"": 7358}"
2022-05-12 07:59,7358,S,ORDER_CANCEL,"{""key"": 7356, ""reason"": ""R_REPLACED"", ""level"": -30912.2442}"
2022-05-12 07:59,7358,S,R_CONFIRM_POS_FROZEN,"{""signal_id"": ""S-2022-05-10 03:59-96""}"
2022-05-12 08:00,7359,S,ORDER_CREATE,"{""key"": 7358, ""level"": -29318.6314, ""stop"": -30333.729, ""atr_idx"": 7358, ""atr_end_time"": 1652342399999, ""r_confirm_time"": 1652342399999}"
2022-05-12 08:00,7359,S,SIGNAL,"{""key"": 7358}"
2022-05-12 15:59,7360,S,R_REPLACED,"{""old_key"": 7358, ""new_key"": 7360}"
2022-05-12 15:59,7360,S,ORDER_CANCEL,"{""key"": 7358, ""reason"": ""R_REPLACED"", ""level"": -29318.6314}"
2022-05-12 15:59,7360,S,R_CONFIRM_POS_FROZEN,"{""signal_id"": ""S-2022-05-10 03:59-96""}"
2022-05-12 16:00,7361,S,ORDER_CREATE,"{""key"": 7360, ""level"": -28778.7571, ""stop"": -29381.882, ""atr_idx"": 7360, ""atr_end_time"": 1652371199999, ""r_confirm_time"": 1652371199999}"
2022-05-12 16:00,7361,S,SIGNAL,"{""key"": 7360}"
2022-05-12 16:09,7361,S,R_INVALID,"{""key"": 7360, ""mode"": ""5M""}"
2022-05-12 16:09,7361,S,ORDER_CANCEL,"{""key"": 7360, ""reason"": ""R_INVALID"", ""level"": -28778.7571}"
2022-05-12 23:59,7362,S,R_CONFIRM_POS_FROZEN,"{""signal_id"": ""S-2022-05-10 03:59-96""}"
2022-05-13 00:00,7363,S,D_DISARM,"{""day"": ""2022-05-12"", ""P0"": -34243.15, ""H1"": -27785.0}"
2022-05-13 07:59,7364,S,R_CONFIRM_POS_FROZEN,"{""signal_id"": ""S-2022-05-10 03:59-96""}"
2022-05-13 19:59,7367,S,R_CONFIRM_POS_FROZEN,"{""signal_id"": ""S-2022-05-10 03:59-96""}"
2022-05-14 00:00,7369,S,D_ARM,"{""day"": ""2022-05-13"", ""P0"": -32162.59, ""H1"": -26700.0}"
2022-05-14 00:00,7369,S,ORDER_CREATE,"{""key"": 7367, ""level"": -30589.9564, ""stop"": -31176.6201, ""atr_idx"": 7368, ""atr_end_time"": 1652486399999, ""r_confirm_time"": 1652471999999}"
2022-05-14 00:00,7369,S,SIGNAL,"{""key"": 7367}"
2022-05-14 23:59,7374,S,R_REPLACED,"{""old_key"": 7367, ""new_key"": 7374}"
2022-05-14 23:59,7374,S,ORDER_CANCEL,"{""key"": 7367, ""reason"": ""R_REPLACED"", ""level"": -30589.9564}"
2022-05-14 23:59,7374,S,R_CONFIRM_POS_FROZEN,"{""signal_id"": ""S-2022-05-10 03:59-96""}"
2022-05-15 00:00,7375,S,D_DISARM,"{""day"": ""2022-05-14"", ""P0"": -32162.59, ""H1"": -26700.0}"
2022-05-15 11:59,7377,S,R_CONFIRM_POS_FROZEN,"{""signal_id"": ""S-2022-05-10 03:59-96""}"
2022-05-16 00:00,7381,S,EXIT,"{""exit_kind"": ""dexit"", ""px"": -31328.89, ""frac"": 0.5, ""signal_id"": ""S-2022-05-10 03:59-96""}"
2022-05-31 00:00,7471,L,D_ARM,"{""day"": ""2022-05-30"", ""P0"": 28019.56, ""H1"": 32222.0}"
2022-05-31 00:00,7471,L,ORDER_CREATE,"{""key"": 7470, ""level"": 30822.2663, ""stop"": 30178.4123, ""atr_idx"": 7470, ""atr_end_time"": 1653955199999, ""r_confirm_time"": 1653955199999}"
2022-05-31 00:00,7471,L,SIGNAL,"{""key"": 7470}"
2022-05-31 07:59,7472,L,R_REPLACED,"{""old_key"": 7470, ""new_key"": 7472}"
2022-05-31 07:59,7472,L,ORDER_CANCEL,"{""key"": 7470, ""reason"": ""R_REPLACED"", ""level"": 30822.2663}"
2022-05-31 08:00,7473,L,ORDER_CREATE,"{""key"": 7472, ""level"": 30913.7898, ""stop"": 30408.5, ""atr_idx"": 7472, ""atr_end_time"": 1653983999999, ""r_confirm_time"": 1653983999999}"
2022-05-31 08:00,7473,L,SIGNAL,"{""key"": 7472}"
2022-05-31 19:59,7475,L,R_REPLACED,"{""old_key"": 7472, ""new_key"": 7475}"
2022-05-31 19:59,7475,L,ORDER_CANCEL,"{""key"": 7472, ""reason"": ""R_REPLACED"", ""level"": 30913.7898}"
2022-05-31 20:00,7476,L,ORDER_CREATE,"{""key"": 7475, ""level"": 31577.4206, ""stop"": 31106.41, ""atr_idx"": 7475, ""atr_end_time"": 1654027199999, ""r_confirm_time"": 1654027199999}"
2022-05-31 20:00,7476,L,SIGNAL,"{""key"": 7475}"
2022-06-01 00:00,7477,L,D_DISARM,"{""day"": ""2022-05-31"", ""P0"": 28019.56, ""H1"": 32222.0}"
2022-06-01 00:00,7477,L,ORDER_CANCEL,"{""key"": 7475, ""reason"": ""D_DISARMED"", ""level"": 31577.4206}"
2022-06-02 00:00,7483,L,D_ARM,"{""day"": ""2022-06-01"", ""P0"": 29299.62, ""H1"": 32399.0}"
2022-06-02 04:00,7484,L,ORDER_CREATE,"{""key"": 7483, ""level"": 29592.8127, ""stop"": 29213.097, ""atr_idx"": 7483, ""atr_end_time"": 1654142399999, ""r_confirm_time"": 1654142399999}"
2022-06-02 04:00,7484,L,SIGNAL,"{""key"": 7483}"
2022-06-02 15:59,7486,L,R_REPLACED,"{""old_key"": 7483, ""new_key"": 7486}"
2022-06-02 15:59,7486,L,ORDER_CANCEL,"{""key"": 7483, ""reason"": ""R_REPLACED"", ""level"": 29592.8127}"
2022-06-02 16:00,7487,L,ORDER_CREATE,"{""key"": 7486, ""level"": 29871.1117, ""stop"": 29505.7663, ""atr_idx"": 7486, ""atr_end_time"": 1654185599999, ""r_confirm_time"": 1654185599999}"
2022-06-02 16:00,7487,L,SIGNAL,"{""key"": 7486}"
2022-06-02 23:59,7488,L,R_REPLACED,"{""old_key"": 7486, ""new_key"": 7488}"
2022-06-02 23:59,7488,L,ORDER_CANCEL,"{""key"": 7486, ""reason"": ""R_REPLACED"", ""level"": 29871.1117}"
2022-06-03 00:00,7489,L,D_DISARM,"{""day"": ""2022-06-02"", ""P0"": 29299.62, ""H1"": 32399.0}"
2022-06-08 00:00,7519,S,D_ARM,"{""day"": ""2022-06-07"", ""P0"": -31765.64, ""H1"": -29218.96}"
2022-06-08 00:00,7519,S,ORDER_CREATE,"{""key"": 7518, ""level"": -30939.7452, ""stop"": -31524.1395, ""atr_idx"": 7518, ""atr_end_time"": 1654646399999, ""r_confirm_time"": 1654646399999}"
2022-06-08 00:00,7519,S,SIGNAL,"{""key"": 7518}"
2022-06-08 00:00,7519,S,FILL,"{""signal_id"": ""S-2022-06-07 23:59-97"", ""expected"": -30939.7452, ""entry"": -30939.7452, ""stop"": -31524.1395, ""key"": 7518}"
2022-06-08 07:59,7520,S,R_CONFIRM_POS_FROZEN,"{""signal_id"": ""S-2022-06-07 23:59-97""}"
2022-06-08 19:59,7523,S,R_CONFIRM_POS_FROZEN,"{""signal_id"": ""S-2022-06-07 23:59-97""}"
2022-06-09 15:59,7528,S,R_CONFIRM_POS_FROZEN,"{""signal_id"": ""S-2022-06-07 23:59-97""}"
2022-06-10 11:59,7533,S,R_CONFIRM_POS_FROZEN,"{""signal_id"": ""S-2022-06-07 23:59-97""}"
2022-06-10 23:59,7536,S,R_CONFIRM_POS_FROZEN,"{""signal_id"": ""S-2022-06-07 23:59-97""}"
2022-06-11 00:00,7537,S,D_ARM,"{""day"": ""2022-06-10"", ""P0"": -31589.6, ""H1"": -28850.0}"
2022-06-11 00:00,7537,S,ORDER_CREATE,"{""key"": 7536, ""level"": -29779.8732, ""stop"": -30274.9532, ""atr_idx"": 7536, ""atr_end_time"": 1654905599999, ""r_confirm_time"": 1654905599999}"
2022-06-11 00:00,7537,S,SIGNAL,"{""key"": 7536}"
2022-06-11 09:09,7539,S,EXIT,"{""exit_kind"": ""tp"", ""px"": -28827.3306, ""frac"": 0.25, ""signal_id"": ""S-2022-06-07 23:59-97""}"
2022-06-11 11:59,7539,S,R_REPLACED,"{""old_key"": 7536, ""new_key"": 7539}"
2022-06-11 11:59,7539,S,ORDER_CANCEL,"{""key"": 7536, ""reason"": ""R_REPLACED"", ""level"": -29779.8732}"
2022-06-11 11:59,7539,S,R_CONFIRM_POS_FROZEN,"{""signal_id"": ""S-2022-06-07 23:59-97""}"
2022-06-11 12:00,7540,S,ORDER_CREATE,"{""key"": 7539, ""level"": -29151.9941, ""stop"": -29528.7312, ""atr_idx"": 7539, ""atr_end_time"": 1654948799999, ""r_confirm_time"": 1654948799999}"
2022-06-11 12:00,7540,S,SIGNAL,"{""key"": 7539}"
2022-06-11 12:59,7540,S,EXIT,"{""exit_kind"": ""tp"", ""px"": -28546.833, ""frac"": 0.25, ""signal_id"": ""S-2022-06-07 23:59-97""}"
2022-06-11 19:59,7541,S,R_REPLACED,"{""old_key"": 7539, ""new_key"": 7541}"
2022-06-11 19:59,7541,S,ORDER_CANCEL,"{""key"": 7539, ""reason"": ""R_REPLACED"", ""level"": -29151.9941}"
2022-06-11 19:59,7541,S,R_CONFIRM_POS_FROZEN,"{""signal_id"": ""S-2022-06-07 23:59-97""}"
2022-06-11 20:00,7542,S,ORDER_CREATE,"{""key"": 7541, ""level"": -28964.1079, ""stop"": -29433.1453, ""atr_idx"": 7541, ""atr_end_time"": 1654977599999, ""r_confirm_time"": 1654977599999}"
2022-06-11 20:00,7542,S,SIGNAL,"{""key"": 7541}"
2022-06-12 02:29,7543,S,EXIT,"{""exit_kind"": ""tp"", ""px"": -28091.8035, ""frac"": 0.25, ""signal_id"": ""S-2022-06-07 23:59-97""}"
2022-06-12 02:59,7543,S,EXIT,"{""exit_kind"": ""tp"", ""px"": -27356.2765, ""frac"": 0.25, ""signal_id"": ""S-2022-06-07 23:59-97""}"
2022-06-12 03:59,7543,S,R_REPLACED,"{""old_key"": 7541, ""new_key"": 7543}"
2022-06-12 03:59,7543,S,ORDER_CANCEL,"{""key"": 7541, ""reason"": ""R_REPLACED"", ""level"": -28964.1079}"
2022-06-12 04:00,7544,S,ORDER_CREATE,"{""key"": 7543, ""level"": -28344.4422, ""stop"": -28880.8434, ""atr_idx"": 7543, ""atr_end_time"": 1655006399999, ""r_confirm_time"": 1655006399999}"
2022-06-12 04:00,7544,S,SIGNAL,"{""key"": 7543}"
2022-06-12 11:59,7545,S,R_REPLACED,"{""old_key"": 7543, ""new_key"": 7545}"
2022-06-12 11:59,7545,S,ORDER_CANCEL,"{""key"": 7543, ""reason"": ""R_REPLACED"", ""level"": -28344.4422}"
2022-06-12 12:00,7546,S,ORDER_CREATE,"{""key"": 7545, ""level"": -28140.5139, ""stop"": -28630.5949, ""atr_idx"": 7545, ""atr_end_time"": 1655035199999, ""r_confirm_time"": 1655035199999}"
2022-06-12 12:00,7546,S,SIGNAL,"{""key"": 7545}"
2022-06-12 15:15,7546,S,FILL,"{""signal_id"": ""S-2022-06-12 11:59-98"", ""expected"": -28140.5139, ""entry"": -28140.5139, ""stop"": -28630.5949, ""key"": 7545}"
2022-06-12 19:59,7547,S,R_CONFIRM_POS_FROZEN,"{""signal_id"": ""S-2022-06-12 11:59-98""}"
2022-06-12 21:04,7548,S,EXIT,"{""exit_kind"": ""tp"", ""px"": -27356.2765, ""frac"": 0.25, ""signal_id"": ""S-2022-06-12 11:59-98""}"
2022-06-13 03:59,7549,S,R_CONFIRM_POS_FROZEN,"{""signal_id"": ""S-2022-06-12 11:59-98""}"
2022-06-13 11:59,7551,S,R_CONFIRM_POS_FROZEN,"{""signal_id"": ""S-2022-06-12 11:59-98""}"
2022-06-13 19:59,7553,S,R_CONFIRM_POS_FROZEN,"{""signal_id"": ""S-2022-06-12 11:59-98""}"
2022-06-14 03:59,7555,S,R_CONFIRM_POS_FROZEN,"{""signal_id"": ""S-2022-06-12 11:59-98""}"
2022-06-14 11:59,7557,S,R_CONFIRM_POS_FROZEN,"{""signal_id"": ""S-2022-06-12 11:59-98""}"
2022-06-15 19:59,7565,S,R_CONFIRM_POS_FROZEN,"{""signal_id"": ""S-2022-06-12 11:59-98""}"
2022-06-16 00:00,7567,S,D_ARM,"{""day"": ""2022-06-15"", ""P0"": -26895.84, ""H1"": -20111.62}"
2022-06-16 03:59,7567,S,R_CONFIRM_POS_FROZEN,"{""signal_id"": ""S-2022-06-12 11:59-98""}"
2022-06-16 04:00,7568,S,ORDER_CREATE,"{""key"": 7567, ""level"": -22413.9558, ""stop"": -22868.4, ""atr_idx"": 7567, ""atr_end_time"": 1655351999999, ""r_confirm_time"": 1655351999999}"
2022-06-16 04:00,7568,S,SIGNAL,"{""key"": 7567}"
2022-06-16 11:59,7569,S,R_REPLACED,"{""old_key"": 7567, ""new_key"": 7569}"
2022-06-16 11:59,7569,S,ORDER_CANCEL,"{""key"": 7567, ""reason"": ""R_REPLACED"", ""level"": -22413.9558}"
2022-06-16 11:59,7569,S,R_CONFIRM_POS_FROZEN,"{""signal_id"": ""S-2022-06-12 11:59-98""}"
2022-06-16 12:00,7570,S,ORDER_CREATE,"{""key"": 7569, ""level"": -22422.4226, ""stop"": -23064.7172, ""atr_idx"": 7569, ""atr_end_time"": 1655380799999, ""r_confirm_time"": 1655380799999}"
2022-06-16 12:00,7570,S,SIGNAL,"{""key"": 7569}"
2022-06-16 19:59,7571,S,R_REPLACED,"{""old_key"": 7569, ""new_key"": 7571}"
2022-06-16 19:59,7571,S,ORDER_CANCEL,"{""key"": 7569, ""reason"": ""R_REPLACED"", ""level"": -22422.4226}"
2022-06-16 19:59,7571,S,R_CONFIRM_POS_FROZEN,"{""signal_id"": ""S-2022-06-12 11:59-98""}"
2022-06-16 20:00,7572,S,ORDER_CREATE,"{""key"": 7571, ""level"": -21553.3972, ""stop"": -21953.664, ""atr_idx"": 7571, ""atr_end_time"": 1655409599999, ""r_confirm_time"": 1655409599999}"
2022-06-16 20:00,7572,S,SIGNAL,"{""key"": 7571}"
2022-06-17 00:00,7573,S,D_DISARM,"{""day"": ""2022-06-16"", ""P0"": -26895.84, ""H1"": -20111.62}"
2022-06-17 00:00,7573,S,ORDER_CANCEL,"{""key"": 7571, ""reason"": ""D_DISARMED"", ""level"": -21553.3972}"
2022-06-17 15:59,7576,S,R_CONFIRM_POS_FROZEN,"{""signal_id"": ""S-2022-06-12 11:59-98""}"
2022-06-18 15:59,7582,S,R_CONFIRM_POS_FROZEN,"{""signal_id"": ""S-2022-06-12 11:59-98""}"
2022-06-19 03:59,7585,S,R_CONFIRM_POS_FROZEN,"{""signal_id"": ""S-2022-06-12 11:59-98""}"
2022-06-19 11:59,7587,S,R_CONFIRM_POS_FROZEN,"{""signal_id"": ""S-2022-06-12 11:59-98""}"
2022-06-19 19:59,7589,S,R_CONFIRM_POS_FROZEN,"{""signal_id"": ""S-2022-06-12 11:59-98""}"
2022-06-20 03:59,7591,S,R_CONFIRM_POS_FROZEN,"{""signal_id"": ""S-2022-06-12 11:59-98""}"
2022-06-20 15:59,7594,S,R_CONFIRM_POS_FROZEN,"{""signal_id"": ""S-2022-06-12 11:59-98""}"
2022-06-20 23:59,7596,S,R_CONFIRM_POS_FROZEN,"{""signal_id"": ""S-2022-06-12 11:59-98""}"
2022-06-21 00:00,7597,S,D_ARM,"{""day"": ""2022-06-20"", ""P0"": -20815.95, ""H1"": -17960.41}"
2022-06-21 00:00,7597,S,ORDER_CREATE,"{""key"": 7596, ""level"": -20730.9562, ""stop"": -21153.27, ""atr_idx"": 7596, ""atr_end_time"": 1655769599999, ""r_confirm_time"": 1655769599999}"
2022-06-21 00:00,7597,S,SIGNAL,"{""key"": 7596}"
2022-06-21 05:24,7598,S,V,"{""P0"": -20815.95, ""mode"": ""5M""}"
2022-06-21 05:24,7598,S,ORDER_CANCEL,"{""key"": 7596, ""reason"": ""V"", ""level"": -20730.9562}"
2022-06-21 05:25,7598,S,EXIT,"{""exit_kind"": ""v"", ""px"": -20784.4, ""frac"": 0.75, ""signal_id"": ""S-2022-06-12 11:59-98""}"
2022-07-15 00:00,7741,L,D_ARM,"{""day"": ""2022-07-14"", ""P0"": 18910.94, ""H1"": 20900.0}"
2022-07-15 00:00,7741,L,ORDER_CREATE,"{""key"": 7740, ""level"": 19978.8347, ""stop"": 19557.2218, ""atr_idx"": 7740, ""atr_end_time"": 1657843199999, ""r_confirm_time"": 1657843199999}"
2022-07-15 00:00,7741,L,SIGNAL,"{""key"": 7740}"
2022-07-16 03:59,7747,L,R_REPLACED,"{""old_key"": 7740, ""new_key"": 7747}"
2022-07-16 03:59,7747,L,ORDER_CANCEL,"{""key"": 7740, ""reason"": ""R_REPLACED"", ""level"": 19978.8347}"
2022-07-16 04:00,7748,L,ORDER_CREATE,"{""key"": 7747, ""level"": 20831.9477, ""stop"": 20574.7899, ""atr_idx"": 7747, ""atr_end_time"": 1657943999999, ""r_confirm_time"": 1657943999999}"
2022-07-16 04:00,7748,L,SIGNAL,"{""key"": 7747}"
2022-07-16 04:00,7748,L,SKIP_V,"{""key"": 7747}"
2022-07-16 04:00,7748,L,ORDER_CANCEL,"{""key"": 7747, ""reason"": ""SKIP_V"", ""level"": 20831.9477}"
2022-07-16 16:00,7751,L,ORDER_CREATE,"{""key"": 7750, ""level"": 20653.3935, ""stop"": 20417.1742, ""atr_idx"": 7750, ""atr_end_time"": 1657987199999, ""r_confirm_time"": 1657987199999}"
2022-07-16 16:00,7751,L,SIGNAL,"{""key"": 7750}"
2022-07-17 03:59,7753,L,R_REPLACED,"{""old_key"": 7750, ""new_key"": 7753}"
2022-07-17 03:59,7753,L,ORDER_CANCEL,"{""key"": 7750, ""reason"": ""R_REPLACED"", ""level"": 20653.3935}"
2022-07-17 04:00,7754,L,ORDER_CREATE,"{""key"": 7753, ""level"": 21104.3773, ""stop"": 20848.9051, ""atr_idx"": 7753, ""atr_end_time"": 1658030399999, ""r_confirm_time"": 1658030399999}"
2022-07-17 04:00,7754,L,SIGNAL,"{""key"": 7753}"
2022-07-17 14:00,7756,L,FILL,"{""signal_id"": ""L-2022-07-17 03:59-99"", ""expected"": 21104.3773, ""entry"": 21104.3773, ""stop"": 20848.9051, ""key"": 7753}"
2022-07-17 17:59,7757,L,EXIT,"{""exit_kind"": ""stop"", ""px"": 20848.9051, ""frac"": 1.0, ""signal_id"": ""L-2022-07-17 03:59-99""}"
2022-07-21 00:00,7777,L,D_ARM,"{""day"": ""2022-07-20"", ""P0"": 20762.45, ""H1"": 24276.74}"
2022-07-21 04:00,7778,L,ORDER_CREATE,"{""key"": 7777, ""level"": 23186.3906, ""stop"": 22837.4714, ""atr_idx"": 7777, ""atr_end_time"": 1658375999999, ""r_confirm_time"": 1658375999999}"
2022-07-21 04:00,7778,L,SIGNAL,"{""key"": 7777}"
2022-07-21 04:00,7778,L,FILL,"{""signal_id"": ""L-2022-07-21 03:59-100"", ""expected"": 23186.3906, ""entry"": 23186.3906, ""stop"": 22837.4714, ""key"": 7777}"
2022-07-21 04:04,7778,L,EXIT,"{""exit_kind"": ""stop"", ""px"": 22837.4714, ""frac"": 1.0, ""signal_id"": ""L-2022-07-21 03:59-100""}"
2022-07-29 00:00,7825,S,D_ARM,"{""day"": ""2022-07-28"", ""P0"": -23112.63, ""H1"": -21042.53}"
2022-07-29 00:04,7825,S,V,"{""P0"": -23112.63, ""mode"": ""5M""}"
2022-08-22 00:00,7969,S,D_ARM,"{""day"": ""2022-08-21"", ""P0"": -23208.67, ""H1"": -20761.9}"
2022-08-22 04:00,7970,S,ORDER_CREATE,"{""key"": 7969, ""level"": -21611.714, ""stop"": -21865.4, ""atr_idx"": 7969, ""atr_end_time"": 1661140799999, ""r_confirm_time"": 1661140799999}"
2022-08-22 04:00,7970,S,SIGNAL,"{""key"": 7969}"
2022-08-22 15:59,7972,S,R_REPLACED,"{""old_key"": 7969, ""new_key"": 7972}"
2022-08-22 15:59,7972,S,ORDER_CANCEL,"{""key"": 7969, ""reason"": ""R_REPLACED"", ""level"": -21611.714}"
2022-08-22 16:00,7973,S,ORDER_CREATE,"{""key"": 7972, ""level"": -21287.7791, ""stop"": -21558.9233, ""atr_idx"": 7972, ""atr_end_time"": 1661183999999, ""r_confirm_time"": 1661183999999}"
2022-08-22 16:00,7973,S,SIGNAL,"{""key"": 7972}"
2022-08-22 16:00,7973,S,FILL,"{""signal_id"": ""S-2022-08-22 15:59-101"", ""expected"": -21287.7791, ""entry"": -21287.7791, ""stop"": -21558.9233, ""key"": 7972}"
2022-08-22 23:59,7974,S,R_CONFIRM_POS_FROZEN,"{""signal_id"": ""S-2022-08-22 15:59-101""}"
2022-08-23 07:59,7976,S,R_CONFIRM_POS_FROZEN,"{""signal_id"": ""S-2022-08-22 15:59-101""}"
2022-08-23 13:39,7978,S,EXIT,"{""exit_kind"": ""stop"", ""px"": -21558.9233, ""frac"": 1.0, ""signal_id"": ""S-2022-08-22 15:59-101""}"
2022-08-30 00:00,8017,S,D_ARM,"{""day"": ""2022-08-29"", ""P0"": -21886.77, ""H1"": -19520.0}"
2022-08-30 00:00,8017,S,ORDER_CREATE,"{""key"": 8015, ""level"": -20186.8044, ""stop"": -20445.4028, ""atr_idx"": 8016, ""atr_end_time"": 1661817599999, ""r_confirm_time"": 1661803199999}"
2022-08-30 00:00,8017,S,SIGNAL,"{""key"": 8015}"
2022-08-30 00:00,8017,S,FILL,"{""signal_id"": ""S-2022-08-29 19:59-102"", ""expected"": -20186.8044, ""entry"": -20186.8044, ""stop"": -20445.4028, ""key"": 8015}"
2022-08-30 03:59,8017,S,R_CONFIRM_POS_FROZEN,"{""signal_id"": ""S-2022-08-29 19:59-102""}"
2022-08-30 04:29,8018,S,EXIT,"{""exit_kind"": ""stop"", ""px"": -20445.4028, ""frac"": 1.0, ""signal_id"": ""S-2022-08-29 19:59-102""}"
2022-09-09 00:00,8077,S,D_ARM,"{""day"": ""2022-09-08"", ""P0"": -20180.0, ""H1"": -18510.77}"
2022-09-09 04:04,8078,S,V,"{""P0"": -20180.0, ""mode"": ""5M""}"
2022-09-14 00:00,8107,L,D_ARM,"{""day"": ""2022-09-13"", ""P0"": 19291.75, ""H1"": 22799.0}"
2022-09-15 04:00,8114,L,ORDER_CREATE,"{""key"": 8113, ""level"": 19860.0991, ""stop"": 19558.7671, ""atr_idx"": 8113, ""atr_end_time"": 1663214399999, ""r_confirm_time"": 1663214399999}"
2022-09-15 04:00,8114,L,SIGNAL,"{""key"": 8113}"
2022-09-15 14:35,8116,L,SKIP_V,"{""key"": 8113}"
2022-09-15 14:35,8116,L,ORDER_CANCEL,"{""key"": 8113, ""reason"": ""SKIP_V"", ""level"": 19860.0991}"
2022-09-15 20:00,8118,L,ORDER_CREATE,"{""key"": 8117, ""level"": 19720.5049, ""stop"": 19438.509, ""atr_idx"": 8117, ""atr_end_time"": 1663271999999, ""r_confirm_time"": 1663271999999}"
2022-09-15 20:00,8118,L,SIGNAL,"{""key"": 8117}"
2022-09-15 22:35,8118,L,FILL,"{""signal_id"": ""L-2022-09-15 19:59-103"", ""expected"": 19720.5049, ""entry"": 19720.5049, ""stop"": 19438.509, ""key"": 8117}"
2022-09-16 17:09,8123,L,EXIT,"{""exit_kind"": ""stop"", ""px"": 19438.509, ""frac"": 1.0, ""signal_id"": ""L-2022-09-15 19:59-103""}"
2022-09-28 00:00,8191,L,D_ARM,"{""day"": ""2022-09-27"", ""P0"": 18356.39, ""H1"": 20385.86}"
2022-09-28 00:00,8191,L,ORDER_CREATE,"{""key"": 8190, ""level"": 19142.1829, ""stop"": 18759.871, ""atr_idx"": 8190, ""atr_end_time"": 1664323199999, ""r_confirm_time"": 1664323199999}"
2022-09-28 00:00,8191,L,SIGNAL,"{""key"": 8190}"
2022-09-28 00:00,8191,L,FILL,"{""signal_id"": ""L-2022-09-27 23:59-104"", ""expected"": 19142.1829, ""entry"": 19142.1829, ""stop"": 18759.871, ""key"": 8190}"
2022-09-28 02:19,8191,L,EXIT,"{""exit_kind"": ""stop"", ""px"": 18759.871, ""frac"": 1.0, ""signal_id"": ""L-2022-09-27 23:59-104""}"
2022-11-22 00:00,8521,S,D_ARM,"{""day"": ""2022-11-21"", ""P0"": -17190.0, ""H1"": -15476.0}"
2022-11-22 00:00,8521,S,ORDER_CREATE,"{""key"": 8519, ""level"": -16071.7801, ""stop"": -16332.852, ""atr_idx"": 8520, ""atr_end_time"": 1669075199999, ""r_confirm_time"": 1669060799999}"
2022-11-22 00:00,8521,S,SIGNAL,"{""key"": 8519}"
2022-11-22 03:59,8521,S,R_REPLACED,"{""old_key"": 8519, ""new_key"": 8521}"
2022-11-22 03:59,8521,S,ORDER_CANCEL,"{""key"": 8519, ""reason"": ""R_REPLACED"", ""level"": -16071.7801}"
2022-11-22 04:00,8522,S,ORDER_CREATE,"{""key"": 8521, ""level"": -15934.7291, ""stop"": -16187.6076, ""atr_idx"": 8521, ""atr_end_time"": 1669089599999, ""r_confirm_time"": 1669089599999}"
2022-11-22 04:00,8522,S,SIGNAL,"{""key"": 8521}"
2022-11-22 11:59,8523,S,R_REPLACED,"{""old_key"": 8521, ""new_key"": 8523}"
2022-11-22 11:59,8523,S,ORDER_CANCEL,"{""key"": 8521, ""reason"": ""R_REPLACED"", ""level"": -15934.7291}"
2022-11-22 12:00,8524,S,ORDER_CREATE,"{""key"": 8523, ""level"": -15837.2386, ""stop"": -16015.6633, ""atr_idx"": 8523, ""atr_end_time"": 1669118399999, ""r_confirm_time"": 1669118399999}"
2022-11-22 12:00,8524,S,SIGNAL,"{""key"": 8523}"
2022-11-22 12:15,8524,S,FILL,"{""signal_id"": ""S-2022-11-22 11:59-105"", ""expected"": -15837.2386, ""entry"": -15837.2386, ""stop"": -16015.6633, ""key"": 8523}"
2022-11-22 13:14,8524,S,EXIT,"{""exit_kind"": ""stop"", ""px"": -16015.6633, ""frac"": 1.0, ""signal_id"": ""S-2022-11-22 11:59-105""}"
2023-01-12 00:00,8827,L,D_ARM,"{""day"": ""2023-01-11"", ""P0"": 16256.3, ""H1"": 18000.0}"
2023-01-12 00:00,8827,L,ORDER_CREATE,"{""key"": 8825, ""level"": 17428.1677, ""stop"": 17263.6532, ""atr_idx"": 8826, ""atr_end_time"": 1673481599999, ""r_confirm_time"": 1673467199999}"
2023-01-12 00:00,8827,L,SIGNAL,"{""key"": 8825}"
2023-01-12 03:59,8827,L,R_REPLACED,"{""old_key"": 8825, ""new_key"": 8827}"
2023-01-12 03:59,8827,L,ORDER_CANCEL,"{""key"": 8825, ""reason"": ""R_REPLACED"", ""level"": 17428.1677}"
2023-01-12 04:00,8828,L,ORDER_CREATE,"{""key"": 8827, ""level"": 17624.5439, ""stop"": 17268.4587, ""atr_idx"": 8827, ""atr_end_time"": 1673495999999, ""r_confirm_time"": 1673495999999}"
2023-01-12 04:00,8828,L,SIGNAL,"{""key"": 8827}"
2023-01-12 11:59,8829,L,R_REPLACED,"{""old_key"": 8827, ""new_key"": 8829}"
2023-01-12 11:59,8829,L,ORDER_CANCEL,"{""key"": 8827, ""reason"": ""R_REPLACED"", ""level"": 17624.5439}"
2023-01-12 12:00,8830,L,ORDER_CREATE,"{""key"": 8829, ""level"": 18040.0748, ""stop"": 17853.5282, ""atr_idx"": 8829, ""atr_end_time"": 1673524799999, ""r_confirm_time"": 1673524799999}"
2023-01-12 12:00,8830,L,SIGNAL,"{""key"": 8829}"
2023-01-12 13:30,8830,L,FILL,"{""signal_id"": ""L-2023-01-12 11:59-106"", ""expected"": 18040.0748, ""entry"": 18040.0748, ""stop"": 17853.5282, ""key"": 8829}"
2023-01-12 19:59,8831,L,R_CONFIRM_POS_FROZEN,"{""signal_id"": ""L-2023-01-12 11:59-106""}"
2023-01-13 03:59,8833,L,R_CONFIRM_POS_FROZEN,"{""signal_id"": ""L-2023-01-12 11:59-106""}"
2023-01-13 11:59,8835,L,R_CONFIRM_POS_FROZEN,"{""signal_id"": ""L-2023-01-12 11:59-106""}"
2023-01-13 23:59,8838,L,R_CONFIRM_POS_FROZEN,"{""signal_id"": ""L-2023-01-12 11:59-106""}"
2023-01-14 07:59,8840,L,R_CONFIRM_POS_FROZEN,"{""signal_id"": ""L-2023-01-12 11:59-106""}"
2023-01-14 15:59,8842,L,R_CONFIRM_POS_FROZEN,"{""signal_id"": ""L-2023-01-12 11:59-106""}"
2023-01-14 23:59,8844,L,R_CONFIRM_POS_FROZEN,"{""signal_id"": ""L-2023-01-12 11:59-106""}"
2023-01-15 07:59,8846,L,R_CONFIRM_POS_FROZEN,"{""signal_id"": ""L-2023-01-12 11:59-106""}"
2023-01-16 11:59,8853,L,R_CONFIRM_POS_FROZEN,"{""signal_id"": ""L-2023-01-12 11:59-106""}"
2023-01-16 19:59,8855,L,R_CONFIRM_POS_FROZEN,"{""signal_id"": ""L-2023-01-12 11:59-106""}"
2023-01-17 03:59,8857,L,R_CONFIRM_POS_FROZEN,"{""signal_id"": ""L-2023-01-12 11:59-106""}"
2023-01-17 11:59,8859,L,R_CONFIRM_POS_FROZEN,"{""signal_id"": ""L-2023-01-12 11:59-106""}"
2023-01-17 23:59,8862,L,R_CONFIRM_POS_FROZEN,"{""signal_id"": ""L-2023-01-12 11:59-106""}"
2023-01-18 19:59,8867,L,R_CONFIRM_POS_FROZEN,"{""signal_id"": ""L-2023-01-12 11:59-106""}"
2023-01-19 03:59,8869,L,R_CONFIRM_POS_FROZEN,"{""signal_id"": ""L-2023-01-12 11:59-106""}"
2023-01-20 03:59,8875,L,R_CONFIRM_POS_FROZEN,"{""signal_id"": ""L-2023-01-12 11:59-106""}"
2023-01-20 15:59,8878,L,R_CONFIRM_POS_FROZEN,"{""signal_id"": ""L-2023-01-12 11:59-106""}"
2023-01-21 11:59,8883,L,R_CONFIRM_POS_FROZEN,"{""signal_id"": ""L-2023-01-12 11:59-106""}"
2023-01-21 19:59,8885,L,R_CONFIRM_POS_FROZEN,"{""signal_id"": ""L-2023-01-12 11:59-106""}"
2023-01-22 03:59,8887,L,R_CONFIRM_POS_FROZEN,"{""signal_id"": ""L-2023-01-12 11:59-106""}"
2023-01-22 15:59,8890,L,R_CONFIRM_POS_FROZEN,"{""signal_id"": ""L-2023-01-12 11:59-106""}"
2023-01-23 00:00,8893,L,D_ARM,"{""day"": ""2023-01-22"", ""P0"": 20861.28, ""H1"": 23371.8}"
2023-01-23 03:59,8893,L,R_CONFIRM_POS_FROZEN,"{""signal_id"": ""L-2023-01-12 11:59-106""}"
2023-01-23 04:00,8894,L,ORDER_CREATE,"{""key"": 8893, ""level"": 22485.6705, ""stop"": 22225.4929, ""atr_idx"": 8893, ""atr_end_time"": 1674446399999, ""r_confirm_time"": 1674446399999}"
2023-01-23 04:00,8894,L,SIGNAL,"{""key"": 8893}"
2023-01-23 19:59,8897,L,R_REPLACED,"{""old_key"": 8893, ""new_key"": 8897}"
2023-01-23 19:59,8897,L,ORDER_CANCEL,"{""key"": 8893, ""reason"": ""R_REPLACED"", ""level"": 22485.6705}"
2023-01-23 19:59,8897,L,R_CONFIRM_POS_FROZEN,"{""signal_id"": ""L-2023-01-12 11:59-106""}"
2023-01-23 20:00,8898,L,ORDER_CREATE,"{""key"": 8897, ""level"": 22728.4614, ""stop"": 22432.5, ""atr_idx"": 8897, ""atr_end_time"": 1674503999999, ""r_confirm_time"": 1674503999999}"
2023-01-23 20:00,8898,L,SIGNAL,"{""key"": 8897}"
2023-01-24 03:59,8899,L,R_REPLACED,"{""old_key"": 8897, ""new_key"": 8899}"
2023-01-24 03:59,8899,L,ORDER_CANCEL,"{""key"": 8897, ""reason"": ""R_REPLACED"", ""level"": 22728.4614}"
2023-01-24 03:59,8899,L,R_CONFIRM_POS_FROZEN,"{""signal_id"": ""L-2023-01-12 11:59-106""}"
2023-01-24 04:00,8900,L,ORDER_CREATE,"{""key"": 8899, ""level"": 22838.1288, ""stop"": 22586.038, ""atr_idx"": 8899, ""atr_end_time"": 1674532799999, ""r_confirm_time"": 1674532799999}"
2023-01-24 04:00,8900,L,SIGNAL,"{""key"": 8899}"
2023-01-24 19:59,8903,L,R_REPLACED,"{""old_key"": 8899, ""new_key"": 8903}"
2023-01-24 19:59,8903,L,ORDER_CANCEL,"{""key"": 8899, ""reason"": ""R_REPLACED"", ""level"": 22838.1288}"
2023-01-24 19:59,8903,L,R_CONFIRM_POS_FROZEN,"{""signal_id"": ""L-2023-01-12 11:59-106""}"
2023-01-24 20:00,8904,L,ORDER_CREATE,"{""key"": 8903, ""level"": 22866.2415, ""stop"": 22642.867, ""atr_idx"": 8903, ""atr_end_time"": 1674590399999, ""r_confirm_time"": 1674590399999}"
2023-01-24 20:00,8904,L,SIGNAL,"{""key"": 8903}"
2023-01-24 22:29,8904,L,R_INVALID,"{""key"": 8903, ""mode"": ""5M""}"
2023-01-24 22:29,8904,L,ORDER_CANCEL,"{""key"": 8903, ""reason"": ""R_INVALID"", ""level"": 22866.2415}"
2023-01-25 03:59,8905,L,R_CONFIRM_POS_FROZEN,"{""signal_id"": ""L-2023-01-12 11:59-106""}"
2023-01-25 04:00,8906,L,ORDER_CREATE,"{""key"": 8905, ""level"": 22676.4907, ""stop"": 22395.5412, ""atr_idx"": 8905, ""atr_end_time"": 1674619199999, ""r_confirm_time"": 1674619199999}"
2023-01-25 04:00,8906,L,SIGNAL,"{""key"": 8905}"
2023-01-25 11:59,8907,L,R_REPLACED,"{""old_key"": 8905, ""new_key"": 8907}"
2023-01-25 11:59,8907,L,ORDER_CANCEL,"{""key"": 8905, ""reason"": ""R_REPLACED"", ""level"": 22676.4907}"
2023-01-25 11:59,8907,L,R_CONFIRM_POS_FROZEN,"{""signal_id"": ""L-2023-01-12 11:59-106""}"
2023-01-25 12:00,8908,L,ORDER_CREATE,"{""key"": 8907, ""level"": 22478.6262, ""stop"": 22233.1, ""atr_idx"": 8907, ""atr_end_time"": 1674647999999, ""r_confirm_time"": 1674647999999}"
2023-01-25 12:00,8908,L,SIGNAL,"{""key"": 8907}"
2023-01-25 19:59,8909,L,R_REPLACED,"{""old_key"": 8907, ""new_key"": 8909}"
2023-01-25 19:59,8909,L,ORDER_CANCEL,"{""key"": 8907, ""reason"": ""R_REPLACED"", ""level"": 22478.6262}"
2023-01-25 19:59,8909,L,R_CONFIRM_POS_FROZEN,"{""signal_id"": ""L-2023-01-12 11:59-106""}"
2023-01-25 20:00,8910,L,ORDER_CREATE,"{""key"": 8909, ""level"": 22503.8605, ""stop"": 22267.995, ""atr_idx"": 8909, ""atr_end_time"": 1674676799999, ""r_confirm_time"": 1674676799999}"
2023-01-25 20:00,8910,L,SIGNAL,"{""key"": 8909}"
2023-01-26 07:59,8912,L,R_REPLACED,"{""old_key"": 8909, ""new_key"": 8912}"
2023-01-26 07:59,8912,L,ORDER_CANCEL,"{""key"": 8909, ""reason"": ""R_REPLACED"", ""level"": 22503.8605}"
2023-01-26 07:59,8912,L,R_CONFIRM_POS_FROZEN,"{""signal_id"": ""L-2023-01-12 11:59-106""}"
2023-01-26 08:00,8913,L,ORDER_CREATE,"{""key"": 8912, ""level"": 22944.2363, ""stop"": 22681.6802, ""atr_idx"": 8912, ""atr_end_time"": 1674719999999, ""r_confirm_time"": 1674719999999}"
2023-01-26 08:00,8913,L,SIGNAL,"{""key"": 8912}"
2023-01-26 15:59,8914,L,R_REPLACED,"{""old_key"": 8912, ""new_key"": 8914}"
2023-01-26 15:59,8914,L,ORDER_CANCEL,"{""key"": 8912, ""reason"": ""R_REPLACED"", ""level"": 22944.2363}"
2023-01-26 15:59,8914,L,R_CONFIRM_POS_FROZEN,"{""signal_id"": ""L-2023-01-12 11:59-106""}"
2023-01-26 16:00,8915,L,ORDER_CREATE,"{""key"": 8914, ""level"": 23013.2409, ""stop"": 22781.46, ""atr_idx"": 8914, ""atr_end_time"": 1674748799999, ""r_confirm_time"": 1674748799999}"
2023-01-26 16:00,8915,L,SIGNAL,"{""key"": 8914}"
2023-01-27 01:39,8917,L,R_INVALID,"{""key"": 8914, ""mode"": ""5M""}"
2023-01-27 01:39,8917,L,ORDER_CANCEL,"{""key"": 8914, ""reason"": ""R_INVALID"", ""level"": 23013.2409}"
2023-01-27 07:59,8918,L,R_CONFIRM_POS_FROZEN,"{""signal_id"": ""L-2023-01-12 11:59-106""}"
2023-01-27 08:00,8919,L,ORDER_CREATE,"{""key"": 8918, ""level"": 22736.2531, ""stop"": 22467.2754, ""atr_idx"": 8918, ""atr_end_time"": 1674806399999, ""r_confirm_time"": 1674806399999}"
2023-01-27 08:00,8919,L,SIGNAL,"{""key"": 8918}"
2023-01-29 03:59,8929,L,R_REPLACED,"{""old_key"": 8918, ""new_key"": 8929}"
2023-01-29 03:59,8929,L,ORDER_CANCEL,"{""key"": 8918, ""reason"": ""R_REPLACED"", ""level"": 22736.2531}"
2023-01-29 03:59,8929,L,R_CONFIRM_POS_FROZEN,"{""signal_id"": ""L-2023-01-12 11:59-106""}"
2023-01-29 04:00,8930,L,ORDER_CREATE,"{""key"": 8929, ""level"": 23092.3252, ""stop"": 22809.8246, ""atr_idx"": 8929, ""atr_end_time"": 1674964799999, ""r_confirm_time"": 1674964799999}"
2023-01-29 04:00,8930,L,SIGNAL,"{""key"": 8929}"
2023-01-29 11:59,8931,L,R_REPLACED,"{""old_key"": 8929, ""new_key"": 8931}"
2023-01-29 11:59,8931,L,ORDER_CANCEL,"{""key"": 8929, ""reason"": ""R_REPLACED"", ""level"": 23092.3252}"
2023-01-29 11:59,8931,L,R_CONFIRM_POS_FROZEN,"{""signal_id"": ""L-2023-01-12 11:59-106""}"
2023-01-29 12:00,8932,L,ORDER_CREATE,"{""key"": 8931, ""level"": 23187.6782, ""stop"": 22898.8567, ""atr_idx"": 8931, ""atr_end_time"": 1674993599999, ""r_confirm_time"": 1674993599999}"
2023-01-29 12:00,8932,L,SIGNAL,"{""key"": 8931}"
2023-01-29 19:59,8933,L,R_REPLACED,"{""old_key"": 8931, ""new_key"": 8933}"
2023-01-29 19:59,8933,L,ORDER_CANCEL,"{""key"": 8931, ""reason"": ""R_REPLACED"", ""level"": 23187.6782}"
2023-01-29 19:59,8933,L,R_CONFIRM_POS_FROZEN,"{""signal_id"": ""L-2023-01-12 11:59-106""}"
2023-01-29 20:00,8934,L,ORDER_CREATE,"{""key"": 8933, ""level"": 23414.1006, ""stop"": 23084.1791, ""atr_idx"": 8933, ""atr_end_time"": 1675022399999, ""r_confirm_time"": 1675022399999}"
2023-01-29 20:00,8934,L,SIGNAL,"{""key"": 8933}"
2023-01-30 03:59,8935,L,R_REPLACED,"{""old_key"": 8933, ""new_key"": 8935}"
2023-01-30 03:59,8935,L,ORDER_CANCEL,"{""key"": 8933, ""reason"": ""R_REPLACED"", ""level"": 23414.1006}"
2023-01-30 03:59,8935,L,R_CONFIRM_POS_FROZEN,"{""signal_id"": ""L-2023-01-12 11:59-106""}"
2023-01-30 04:00,8936,L,ORDER_CREATE,"{""key"": 8935, ""level"": 23646.2361, ""stop"": 23401.584, ""atr_idx"": 8935, ""atr_end_time"": 1675051199999, ""r_confirm_time"": 1675051199999}"
2023-01-30 04:00,8936,L,SIGNAL,"{""key"": 8935}"
2023-01-30 09:04,8937,L,R_INVALID,"{""key"": 8935, ""mode"": ""5M""}"
2023-01-30 09:04,8937,L,ORDER_CANCEL,"{""key"": 8935, ""reason"": ""R_INVALID"", ""level"": 23646.2361}"
2023-01-30 15:59,8938,L,R_CONFIRM_POS_FROZEN,"{""signal_id"": ""L-2023-01-12 11:59-106""}"
2023-01-30 16:00,8939,L,ORDER_CREATE,"{""key"": 8938, ""level"": 23242.2735, ""stop"": 22947.949, ""atr_idx"": 8938, ""atr_end_time"": 1675094399999, ""r_confirm_time"": 1675094399999}"
2023-01-30 16:00,8939,L,SIGNAL,"{""key"": 8938}"
2023-01-30 19:09,8939,L,R_INVALID,"{""key"": 8938, ""mode"": ""5M""}"
2023-01-30 19:09,8939,L,ORDER_CANCEL,"{""key"": 8938, ""reason"": ""R_INVALID"", ""level"": 23242.2735}"
2023-01-30 23:59,8940,L,R_CONFIRM_POS_FROZEN,"{""signal_id"": ""L-2023-01-12 11:59-106""}"
2023-01-31 00:00,8941,L,ORDER_CREATE,"{""key"": 8940, ""level"": 22842.7699, ""stop"": 22560.0163, ""atr_idx"": 8940, ""atr_end_time"": 1675123199999, ""r_confirm_time"": 1675123199999}"
2023-01-31 00:00,8941,L,SIGNAL,"{""key"": 8940}"
2023-01-31 07:59,8942,L,R_REPLACED,"{""old_key"": 8940, ""new_key"": 8942}"
2023-01-31 07:59,8942,L,ORDER_CANCEL,"{""key"": 8940, ""reason"": ""R_REPLACED"", ""level"": 22842.7699}"
2023-01-31 07:59,8942,L,R_CONFIRM_POS_FROZEN,"{""signal_id"": ""L-2023-01-12 11:59-106""}"
2023-01-31 08:00,8943,L,ORDER_CREATE,"{""key"": 8942, ""level"": 22683.3638, ""stop"": 22432.5, ""atr_idx"": 8942, ""atr_end_time"": 1675151999999, ""r_confirm_time"": 1675151999999}"
2023-01-31 08:00,8943,L,SIGNAL,"{""key"": 8942}"
2023-01-31 23:59,8946,L,R_REPLACED,"{""old_key"": 8942, ""new_key"": 8946}"
2023-01-31 23:59,8946,L,ORDER_CANCEL,"{""key"": 8942, ""reason"": ""R_REPLACED"", ""level"": 22683.3638}"
2023-01-31 23:59,8946,L,R_CONFIRM_POS_FROZEN,"{""signal_id"": ""L-2023-01-12 11:59-106""}"
2023-02-01 00:00,8947,L,ORDER_CREATE,"{""key"": 8946, ""level"": 23030.5767, ""stop"": 22782.457, ""atr_idx"": 8946, ""atr_end_time"": 1675209599999, ""r_confirm_time"": 1675209599999}"
2023-02-01 00:00,8947,L,SIGNAL,"{""key"": 8946}"
2023-02-01 07:59,8948,L,R_REPLACED,"{""old_key"": 8946, ""new_key"": 8948}"
2023-02-01 07:59,8948,L,ORDER_CANCEL,"{""key"": 8946, ""reason"": ""R_REPLACED"", ""level"": 23030.5767}"
2023-02-01 07:59,8948,L,R_CONFIRM_POS_FROZEN,"{""signal_id"": ""L-2023-01-12 11:59-106""}"
2023-02-01 08:00,8949,L,ORDER_CREATE,"{""key"": 8948, ""level"": 22969.0888, ""stop"": 22744.2519, ""atr_idx"": 8948, ""atr_end_time"": 1675238399999, ""r_confirm_time"": 1675238399999}"
2023-02-01 08:00,8949,L,SIGNAL,"{""key"": 8948}"
2023-02-01 19:34,8951,L,R_INVALID,"{""key"": 8948, ""mode"": ""5M""}"
2023-02-01 19:34,8951,L,ORDER_CANCEL,"{""key"": 8948, ""reason"": ""R_INVALID"", ""level"": 22969.0888}"
2023-02-01 23:59,8952,L,R_CONFIRM_POS_FROZEN,"{""signal_id"": ""L-2023-01-12 11:59-106""}"
2023-02-02 00:00,8953,L,ORDER_CREATE,"{""key"": 8952, ""level"": 23077.6293, ""stop"": 22691.9493, ""atr_idx"": 8952, ""atr_end_time"": 1675295999999, ""r_confirm_time"": 1675295999999}"
2023-02-02 00:00,8953,L,SIGNAL,"{""key"": 8952}"
2023-02-02 07:59,8954,L,R_REPLACED,"{""old_key"": 8952, ""new_key"": 8954}"
2023-02-02 07:59,8954,L,ORDER_CANCEL,"{""key"": 8952, ""reason"": ""R_REPLACED"", ""level"": 23077.6293}"
2023-02-02 07:59,8954,L,R_CONFIRM_POS_FROZEN,"{""signal_id"": ""L-2023-01-12 11:59-106""}"
2023-02-02 08:00,8955,L,ORDER_CREATE,"{""key"": 8954, ""level"": 23611.2896, ""stop"": 23250.05, ""atr_idx"": 8954, ""atr_end_time"": 1675324799999, ""r_confirm_time"": 1675324799999}"
2023-02-02 08:00,8955,L,SIGNAL,"{""key"": 8954}"
2023-02-02 19:59,8957,L,R_REPLACED,"{""old_key"": 8954, ""new_key"": 8957}"
2023-02-02 19:59,8957,L,ORDER_CANCEL,"{""key"": 8954, ""reason"": ""R_REPLACED"", ""level"": 23611.2896}"
2023-02-02 19:59,8957,L,R_CONFIRM_POS_FROZEN,"{""signal_id"": ""L-2023-01-12 11:59-106""}"
2023-02-02 20:00,8958,L,ORDER_CREATE,"{""key"": 8957, ""level"": 23742.244, ""stop"": 23454.425, ""atr_idx"": 8957, ""atr_end_time"": 1675367999999, ""r_confirm_time"": 1675367999999}"
2023-02-02 20:00,8958,L,SIGNAL,"{""key"": 8957}"
2023-02-02 21:59,8958,L,R_INVALID,"{""key"": 8957, ""mode"": ""5M""}"
2023-02-02 21:59,8958,L,ORDER_CANCEL,"{""key"": 8957, ""reason"": ""R_INVALID"", ""level"": 23742.244}"
2023-02-03 03:59,8959,L,R_CONFIRM_POS_FROZEN,"{""signal_id"": ""L-2023-01-12 11:59-106""}"
2023-02-03 04:00,8960,L,ORDER_CREATE,"{""key"": 8959, ""level"": 23566.2808, ""stop"": 23293.1802, ""atr_idx"": 8959, ""atr_end_time"": 1675396799999, ""r_confirm_time"": 1675396799999}"
2023-02-03 04:00,8960,L,SIGNAL,"{""key"": 8959}"
2023-02-03 08:14,8961,L,R_INVALID,"{""key"": 8959, ""mode"": ""5M""}"
2023-02-03 08:14,8961,L,ORDER_CANCEL,"{""key"": 8959, ""reason"": ""R_INVALID"", ""level"": 23566.2808}"
2023-02-03 15:59,8962,L,R_CONFIRM_POS_FROZEN,"{""signal_id"": ""L-2023-01-12 11:59-106""}"
2023-02-03 16:00,8963,L,ORDER_CREATE,"{""key"": 8962, ""level"": 23484.228, ""stop"": 23252.3331, ""atr_idx"": 8962, ""atr_end_time"": 1675439999999, ""r_confirm_time"": 1675439999999}"
2023-02-03 16:00,8963,L,SIGNAL,"{""key"": 8962}"
2023-02-03 19:59,8963,L,R_INVALID,"{""key"": 8962, ""mode"": ""5M""}"
2023-02-03 19:59,8963,L,ORDER_CANCEL,"{""key"": 8962, ""reason"": ""R_INVALID"", ""level"": 23484.228}"
2023-02-03 23:59,8964,L,R_CONFIRM_POS_FROZEN,"{""signal_id"": ""L-2023-01-12 11:59-106""}"
2023-02-04 00:00,8965,L,ORDER_CREATE,"{""key"": 8964, ""level"": 23412.4828, ""stop"": 23157.4785, ""atr_idx"": 8964, ""atr_end_time"": 1675468799999, ""r_confirm_time"": 1675468799999}"
2023-02-04 00:00,8965,L,SIGNAL,"{""key"": 8964}"
2023-02-04 15:59,8968,L,R_REPLACED,"{""old_key"": 8964, ""new_key"": 8968}"
2023-02-04 15:59,8968,L,ORDER_CANCEL,"{""key"": 8964, ""reason"": ""R_REPLACED"", ""level"": 23412.4828}"
2023-02-04 15:59,8968,L,R_CONFIRM_POS_FROZEN,"{""signal_id"": ""L-2023-01-12 11:59-106""}"
2023-02-04 16:00,8969,L,ORDER_CREATE,"{""key"": 8968, ""level"": 23364.9309, ""stop"": 23135.0061, ""atr_idx"": 8968, ""atr_end_time"": 1675526399999, ""r_confirm_time"": 1675526399999}"
2023-02-04 16:00,8969,L,SIGNAL,"{""key"": 8968}"
2023-02-05 07:59,8972,L,R_REPLACED,"{""old_key"": 8968, ""new_key"": 8972}"
2023-02-05 07:59,8972,L,ORDER_CANCEL,"{""key"": 8968, ""reason"": ""R_REPLACED"", ""level"": 23364.9309}"
2023-02-05 07:59,8972,L,R_CONFIRM_POS_FROZEN,"{""signal_id"": ""L-2023-01-12 11:59-106""}"
2023-02-05 19:59,8975,L,R_CONFIRM_POS_FROZEN,"{""signal_id"": ""L-2023-01-12 11:59-106""}"
2023-02-05 20:00,8976,L,ORDER_CREATE,"{""key"": 8975, ""level"": 23157.7258, ""stop"": 22931.01, ""atr_idx"": 8975, ""atr_end_time"": 1675627199999, ""r_confirm_time"": 1675627199999}"
2023-02-05 20:00,8976,L,SIGNAL,"{""key"": 8975}"
2023-02-05 20:04,8976,L,R_INVALID,"{""key"": 8975, ""mode"": ""5M""}"
2023-02-05 20:04,8976,L,ORDER_CANCEL,"{""key"": 8975, ""reason"": ""R_INVALID"", ""level"": 23157.7258}"
2023-02-06 03:59,8977,L,R_CONFIRM_POS_FROZEN,"{""signal_id"": ""L-2023-01-12 11:59-106""}"
2023-02-06 04:00,8978,L,ORDER_CREATE,"{""key"": 8977, ""level"": 22894.5313, ""stop"": 22674.771, ""atr_idx"": 8977, ""atr_end_time"": 1675655999999, ""r_confirm_time"": 1675655999999}"
2023-02-06 04:00,8978,L,SIGNAL,"{""key"": 8977}"
2023-02-06 05:29,8978,L,R_INVALID,"{""key"": 8977, ""mode"": ""5M""}"
2023-02-06 05:29,8978,L,ORDER_CANCEL,"{""key"": 8977, ""reason"": ""R_INVALID"", ""level"": 22894.5313}"
2023-02-06 11:59,8979,L,R_CONFIRM_POS_FROZEN,"{""signal_id"": ""L-2023-01-12 11:59-106""}"
2023-02-06 12:00,8980,L,ORDER_CREATE,"{""key"": 8979, ""level"": 22769.8341, ""stop"": 22560.2456, ""atr_idx"": 8979, ""atr_end_time"": 1675684799999, ""r_confirm_time"": 1675684799999}"
2023-02-06 12:00,8980,L,SIGNAL,"{""key"": 8979}"
2023-02-06 23:59,8982,L,R_REPLACED,"{""old_key"": 8979, ""new_key"": 8982}"
2023-02-06 23:59,8982,L,ORDER_CANCEL,"{""key"": 8979, ""reason"": ""R_REPLACED"", ""level"": 22769.8341}"
2023-02-06 23:59,8982,L,R_CONFIRM_POS_FROZEN,"{""signal_id"": ""L-2023-01-12 11:59-106""}"
2023-02-07 00:00,8983,L,ORDER_CREATE,"{""key"": 8982, ""level"": 22911.0622, ""stop"": 22676.775, ""atr_idx"": 8982, ""atr_end_time"": 1675727999999, ""r_confirm_time"": 1675727999999}"
2023-02-07 00:00,8983,L,SIGNAL,"{""key"": 8982}"
2023-02-07 07:59,8984,L,R_REPLACED,"{""old_key"": 8982, ""new_key"": 8984}"
2023-02-07 07:59,8984,L,ORDER_CANCEL,"{""key"": 8982, ""reason"": ""R_REPLACED"", ""level"": 22911.0622}"
2023-02-07 07:59,8984,L,R_CONFIRM_POS_FROZEN,"{""signal_id"": ""L-2023-01-12 11:59-106""}"
2023-02-07 08:00,8985,L,ORDER_CREATE,"{""key"": 8984, ""level"": 22788.4564, ""stop"": 22570.086, ""atr_idx"": 8984, ""atr_end_time"": 1675756799999, ""r_confirm_time"": 1675756799999}"
2023-02-07 08:00,8985,L,SIGNAL,"{""key"": 8984}"
2023-02-07 23:59,8988,L,R_REPLACED,"{""old_key"": 8984, ""new_key"": 8988}"
2023-02-07 23:59,8988,L,ORDER_CANCEL,"{""key"": 8984, ""reason"": ""R_REPLACED"", ""level"": 22788.4564}"
2023-02-07 23:59,8988,L,R_CONFIRM_POS_FROZEN,"{""signal_id"": ""L-2023-01-12 11:59-106""}"
2023-02-08 00:00,8989,L,ORDER_CREATE,"{""key"": 8988, ""level"": 22974.9318, ""stop"": 22700.7428, ""atr_idx"": 8988, ""atr_end_time"": 1675814399999, ""r_confirm_time"": 1675814399999}"
2023-02-08 00:00,8989,L,SIGNAL,"{""key"": 8988}"
2023-02-08 07:59,8990,L,R_REPLACED,"{""old_key"": 8988, ""new_key"": 8990}"
2023-02-08 07:59,8990,L,ORDER_CANCEL,"{""key"": 8988, ""reason"": ""R_REPLACED"", ""level"": 22974.9318}"
2023-02-08 07:59,8990,L,R_CONFIRM_POS_FROZEN,"{""signal_id"": ""L-2023-01-12 11:59-106""}"
2023-02-08 08:00,8991,L,ORDER_CREATE,"{""key"": 8990, ""level"": 23198.2988, ""stop"": 22960.0227, ""atr_idx"": 8990, ""atr_end_time"": 1675843199999, ""r_confirm_time"": 1675843199999}"
2023-02-08 08:00,8991,L,SIGNAL,"{""key"": 8990}"
2023-02-08 14:34,8992,L,R_INVALID,"{""key"": 8990, ""mode"": ""5M""}"
2023-02-08 14:34,8992,L,ORDER_CANCEL,"{""key"": 8990, ""reason"": ""R_INVALID"", ""level"": 23198.2988}"
2023-02-08 19:59,8993,L,R_CONFIRM_POS_FROZEN,"{""signal_id"": ""L-2023-01-12 11:59-106""}"
2023-02-08 20:00,8994,L,ORDER_CREATE,"{""key"": 8993, ""level"": 23006.6624, ""stop"": 22788.429, ""atr_idx"": 8993, ""atr_end_time"": 1675886399999, ""r_confirm_time"": 1675886399999}"
2023-02-08 20:00,8994,L,SIGNAL,"{""key"": 8993}"
2023-02-08 20:04,8994,L,R_INVALID,"{""key"": 8993, ""mode"": ""5M""}"
2023-02-08 20:04,8994,L,ORDER_CANCEL,"{""key"": 8993, ""reason"": ""R_INVALID"", ""level"": 23006.6624}"
2023-02-09 03:59,8995,L,R_CONFIRM_POS_FROZEN,"{""signal_id"": ""L-2023-01-12 11:59-106""}"
2023-02-09 04:00,8996,L,ORDER_CREATE,"{""key"": 8995, ""level"": 22815.6396, ""stop"": 22597.8524, ""atr_idx"": 8995, ""atr_end_time"": 1675915199999, ""r_confirm_time"": 1675915199999}"
2023-02-09 04:00,8996,L,SIGNAL,"{""key"": 8995}"
2023-02-09 04:04,8996,L,R_INVALID,"{""key"": 8995, ""mode"": ""5M""}"
2023-02-09 04:04,8996,L,ORDER_CANCEL,"{""key"": 8995, ""reason"": ""R_INVALID"", ""level"": 22815.6396}"
2023-02-09 11:59,8997,L,R_CONFIRM_POS_FROZEN,"{""signal_id"": ""L-2023-01-12 11:59-106""}"
2023-02-09 12:00,8998,L,ORDER_CREATE,"{""key"": 8997, ""level"": 22519.3103, ""stop"": 22286.6489, ""atr_idx"": 8997, ""atr_end_time"": 1675943999999, ""r_confirm_time"": 1675943999999}"
2023-02-09 12:00,8998,L,SIGNAL,"{""key"": 8997}"
2023-02-09 19:24,8999,L,R_INVALID,"{""key"": 8997, ""mode"": ""5M""}"
2023-02-09 19:24,8999,L,ORDER_CANCEL,"{""key"": 8997, ""reason"": ""R_INVALID"", ""level"": 22519.3103}"
2023-02-09 23:59,9000,L,R_CONFIRM_POS_FROZEN,"{""signal_id"": ""L-2023-01-12 11:59-106""}"
2023-02-10 00:00,9001,L,D_DISARM,"{""day"": ""2023-02-09"", ""P0"": 20861.28, ""H1"": 23371.8}"
2023-02-10 19:59,9005,L,R_CONFIRM_POS_FROZEN,"{""signal_id"": ""L-2023-01-12 11:59-106""}"
2023-02-11 00:00,9007,L,EXIT,"{""exit_kind"": ""dexit"", ""px"": 21625.19, ""frac"": 1.0, ""signal_id"": ""L-2023-01-12 11:59-106""}"
2023-02-16 00:00,9037,L,D_ARM,"{""day"": ""2023-02-15"", ""P0"": 21351.07, ""H1"": 24380.0}"
2023-02-16 00:00,9037,L,ORDER_CREATE,"{""key"": 9035, ""level"": 22454.7561, ""stop"": 22022.8427, ""atr_idx"": 9036, ""atr_end_time"": 1676505599999, ""r_confirm_time"": 1676491199999}"
2023-02-16 00:00,9037,L,SIGNAL,"{""key"": 9035}"
2023-02-16 03:59,9037,L,R_REPLACED,"{""old_key"": 9035, ""new_key"": 9037}"
2023-02-16 03:59,9037,L,ORDER_CANCEL,"{""key"": 9035, ""reason"": ""R_REPLACED"", ""level"": 22454.7561}"
2023-02-16 04:00,9038,L,ORDER_CREATE,"{""key"": 9037, ""level"": 23324.5473, ""stop"": 22676.7949, ""atr_idx"": 9037, ""atr_end_time"": 1676519999999, ""r_confirm_time"": 1676519999999}"
2023-02-16 04:00,9038,L,SIGNAL,"{""key"": 9037}"
2023-02-16 11:59,9039,L,R_REPLACED,"{""old_key"": 9037, ""new_key"": 9039}"
2023-02-16 11:59,9039,L,ORDER_CANCEL,"{""key"": 9037, ""reason"": ""R_REPLACED"", ""level"": 23324.5473}"
2023-02-16 12:00,9040,L,ORDER_CREATE,"{""key"": 9039, ""level"": 24464.5077, ""stop"": 24205.7443, ""atr_idx"": 9039, ""atr_end_time"": 1676548799999, ""r_confirm_time"": 1676548799999}"
2023-02-16 12:00,9040,L,SIGNAL,"{""key"": 9039}"
2023-02-16 12:10,9040,L,FILL,"{""signal_id"": ""L-2023-02-16 11:59-107"", ""expected"": 24464.5077, ""entry"": 24464.5077, ""stop"": 24205.7443, ""key"": 9039}"
2023-02-16 15:44,9040,L,EXIT,"{""exit_kind"": ""tp"", ""px"": 24688.618, ""frac"": 0.25, ""signal_id"": ""L-2023-02-16 11:59-107""}"
2023-02-16 19:59,9041,L,R_CONFIRM_POS_FROZEN,"{""signal_id"": ""L-2023-02-16 11:59-107""}"
2023-02-16 22:34,9042,L,EXIT,"{""exit_kind"": ""stop"", ""px"": 24205.7443, ""frac"": 0.75, ""signal_id"": ""L-2023-02-16 11:59-107""}"
2023-02-18 00:00,9049,L,D_ARM,"{""day"": ""2023-02-17"", ""P0"": 22047.28, ""H1"": 25250.0}"
2023-02-18 00:00,9049,L,ORDER_CREATE,"{""key"": 9046, ""level"": 23632.0428, ""stop"": 23269.3519, ""atr_idx"": 9048, ""atr_end_time"": 1676678399999, ""r_confirm_time"": 1676649599999}"
2023-02-18 00:00,9049,L,SIGNAL,"{""key"": 9046}"
2023-02-18 03:59,9049,L,R_REPLACED,"{""old_key"": 9046, ""new_key"": 9049}"
2023-02-18 03:59,9049,L,ORDER_CANCEL,"{""key"": 9046, ""reason"": ""R_REPLACED"", ""level"": 23632.0428}"
2023-02-18 04:00,9050,L,ORDER_CREATE,"{""key"": 9049, ""level"": 24250.6008, ""stop"": 23845.8971, ""atr_idx"": 9049, ""atr_end_time"": 1676692799999, ""r_confirm_time"": 1676692799999}"
2023-02-18 04:00,9050,L,SIGNAL,"{""key"": 9049}"
2023-02-19 07:59,9056,L,R_REPLACED,"{""old_key"": 9049, ""new_key"": 9056}"
2023-02-19 07:59,9056,L,ORDER_CANCEL,"{""key"": 9049, ""reason"": ""R_REPLACED"", ""level"": 24250.6008}"
2023-02-19 08:00,9057,L,ORDER_CREATE,"{""key"": 9056, ""level"": 24609.0985, ""stop"": 24356.71, ""atr_idx"": 9056, ""atr_end_time"": 1676793599999, ""r_confirm_time"": 1676793599999}"
2023-02-19 08:00,9057,L,SIGNAL,"{""key"": 9056}"
2023-02-19 08:00,9057,L,FILL,"{""signal_id"": ""L-2023-02-19 07:59-108"", ""expected"": 24609.0985, ""entry"": 24609.0985, ""stop"": 24356.71, ""key"": 9056}"
2023-02-19 11:19,9057,L,EXIT,"{""exit_kind"": ""tp"", ""px"": 24688.618, ""frac"": 0.25, ""signal_id"": ""L-2023-02-19 07:59-108""}"
2023-02-19 17:59,9059,L,EXIT,"{""exit_kind"": ""stop"", ""px"": 24356.71, ""frac"": 0.75, ""signal_id"": ""L-2023-02-19 07:59-108""}"
2023-03-12 00:00,9181,S,D_ARM,"{""day"": ""2023-03-11"", ""P0"": -21834.99, ""H1"": -19549.09}"
2023-03-12 22:24,9186,S,V,"{""P0"": -21834.99, ""mode"": ""5M""}"
2023-03-15 00:00,9199,L,D_ARM,"{""day"": ""2023-03-14"", ""P0"": 20270.6, ""H1"": 26386.87}"
2023-03-15 00:00,9199,L,ORDER_CREATE,"{""key"": 9198, ""level"": 24708.6738, ""stop"": 24139.8525, ""atr_idx"": 9198, ""atr_end_time"": 1678838399999, ""r_confirm_time"": 1678838399999}"
2023-03-15 00:00,9199,L,SIGNAL,"{""key"": 9198}"
2023-03-15 00:00,9199,L,SKIP_V,"{""key"": 9198}"
2023-03-15 00:00,9199,L,ORDER_CANCEL,"{""key"": 9198, ""reason"": ""SKIP_V"", ""level"": 24708.6738}"
2023-03-15 08:00,9201,L,ORDER_CREATE,"{""key"": 9200, ""level"": 24308.212, ""stop"": 23904.4907, ""atr_idx"": 9200, ""atr_end_time"": 1678867199999, ""r_confirm_time"": 1678867199999}"
2023-03-15 08:00,9201,L,SIGNAL,"{""key"": 9200}"
2023-03-15 11:20,9201,L,FILL,"{""signal_id"": ""L-2023-03-15 07:59-109"", ""expected"": 24308.212, ""entry"": 24308.212, ""stop"": 23904.4907, ""key"": 9200}"
2023-03-15 11:39,9201,L,EXIT,"{""exit_kind"": ""tp"", ""px"": 24489.0058, ""frac"": 0.25, ""signal_id"": ""L-2023-03-15 07:59-109""}"
2023-03-15 17:04,9203,L,EXIT,"{""exit_kind"": ""stop"", ""px"": 23904.4907, ""frac"": 0.75, ""signal_id"": ""L-2023-03-15 07:59-109""}"
2023-03-18 00:00,9217,L,D_ARM,"{""day"": ""2023-03-17"", ""P0"": 23896.95, ""H1"": 27756.84}"
2023-03-18 00:00,9217,L,ORDER_CREATE,"{""key"": 9215, ""level"": 26236.5298, ""stop"": 25840.2659, ""atr_idx"": 9216, ""atr_end_time"": 1679097599999, ""r_confirm_time"": 1679083199999}"
2023-03-18 00:00,9217,L,SIGNAL,"{""key"": 9215}"
2023-03-18 03:59,9217,L,R_REPLACED,"{""old_key"": 9215, ""new_key"": 9217}"
2023-03-18 03:59,9217,L,ORDER_CANCEL,"{""key"": 9215, ""reason"": ""R_REPLACED"", ""level"": 26236.5298}"
2023-03-18 04:00,9218,L,ORDER_CREATE,"{""key"": 9217, ""level"": 26696.1592, ""stop"": 26185.208, ""atr_idx"": 9217, ""atr_end_time"": 1679111999999, ""r_confirm_time"": 1679111999999}"
2023-03-18 04:00,9218,L,SIGNAL,"{""key"": 9217}"
2023-03-18 16:30,9221,L,FILL,"{""signal_id"": ""L-2023-03-18 03:59-110"", ""expected"": 26696.1592, ""entry"": 26696.1592, ""stop"": 26185.208, ""key"": 9217}"
2023-03-18 23:59,9222,L,R_CONFIRM_POS_FROZEN,"{""signal_id"": ""L-2023-03-18 03:59-110""}"
2023-03-19 15:59,9226,L,R_CONFIRM_POS_FROZEN,"{""signal_id"": ""L-2023-03-18 03:59-110""}"
2023-03-19 23:59,9228,L,R_CONFIRM_POS_FROZEN,"{""signal_id"": ""L-2023-03-18 03:59-110""}"
2023-03-20 00:00,9229,L,D_ARM,"{""day"": ""2023-03-19"", ""P0"": 24890.0, ""H1"": 28390.1}"
2023-03-20 00:00,9229,L,ORDER_CREATE,"{""key"": 9228, ""level"": 27494.4319, ""stop"": 27028.7896, ""atr_idx"": 9228, ""atr_end_time"": 1679270399999, ""r_confirm_time"": 1679270399999}"
2023-03-20 00:00,9229,L,SIGNAL,"{""key"": 9228}"
2023-03-20 07:59,9230,L,R_REPLACED,"{""old_key"": 9228, ""new_key"": 9230}"
2023-03-20 07:59,9230,L,ORDER_CANCEL,"{""key"": 9228, ""reason"": ""R_REPLACED"", ""level"": 27494.4319}"
2023-03-20 07:59,9230,L,R_CONFIRM_POS_FROZEN,"{""signal_id"": ""L-2023-03-18 03:59-110""}"
2023-03-20 08:00,9231,L,ORDER_CREATE,"{""key"": 9230, ""level"": 27476.5261, ""stop"": 27043.0966, ""atr_idx"": 9230, ""atr_end_time"": 1679299199999, ""r_confirm_time"": 1679299199999}"
2023-03-20 08:00,9231,L,SIGNAL,"{""key"": 9230}"
2023-03-20 15:59,9232,L,R_REPLACED,"{""old_key"": 9230, ""new_key"": 9232}"
2023-03-20 15:59,9232,L,ORDER_CANCEL,"{""key"": 9230, ""reason"": ""R_REPLACED"", ""level"": 27476.5261}"
2023-03-20 15:59,9232,L,R_CONFIRM_POS_FROZEN,"{""signal_id"": ""L-2023-03-18 03:59-110""}"
2023-03-20 16:00,9233,L,ORDER_CREATE,"{""key"": 9232, ""level"": 27537.7572, ""stop"": 27059.9359, ""atr_idx"": 9232, ""atr_end_time"": 1679327999999, ""r_confirm_time"": 1679327999999}"
2023-03-20 16:00,9233,L,SIGNAL,"{""key"": 9232}"
2023-03-20 23:59,9234,L,R_REPLACED,"{""old_key"": 9232, ""new_key"": 9234}"
2023-03-20 23:59,9234,L,ORDER_CANCEL,"{""key"": 9232, ""reason"": ""R_REPLACED"", ""level"": 27537.7572}"
2023-03-20 23:59,9234,L,R_CONFIRM_POS_FROZEN,"{""signal_id"": ""L-2023-03-18 03:59-110""}"
2023-03-21 00:00,9235,L,ORDER_CREATE,"{""key"": 9234, ""level"": 27715.4326, ""stop"": 27378.9659, ""atr_idx"": 9234, ""atr_end_time"": 1679356799999, ""r_confirm_time"": 1679356799999}"
2023-03-21 00:00,9235,L,SIGNAL,"{""key"": 9234}"
2023-03-21 07:09,9236,L,R_INVALID,"{""key"": 9234, ""mode"": ""5M""}"
2023-03-21 07:09,9236,L,ORDER_CANCEL,"{""key"": 9234, ""reason"": ""R_INVALID"", ""level"": 27715.4326}"
2023-03-21 11:59,9237,L,R_CONFIRM_POS_FROZEN,"{""signal_id"": ""L-2023-03-18 03:59-110""}"
2023-03-21 12:00,9238,L,ORDER_CREATE,"{""key"": 9237, ""level"": 27591.8684, ""stop"": 27221.1907, ""atr_idx"": 9237, ""atr_end_time"": 1679399999999, ""r_confirm_time"": 1679399999999}"
2023-03-21 12:00,9238,L,SIGNAL,"{""key"": 9237}"
2023-03-21 19:59,9239,L,R_REPLACED,"{""old_key"": 9237, ""new_key"": 9239}"
2023-03-21 19:59,9239,L,ORDER_CANCEL,"{""key"": 9237, ""reason"": ""R_REPLACED"", ""level"": 27591.8684}"
2023-03-21 19:59,9239,L,R_CONFIRM_POS_FROZEN,"{""signal_id"": ""L-2023-03-18 03:59-110""}"
2023-03-21 20:00,9240,L,ORDER_CREATE,"{""key"": 9239, ""level"": 27723.0675, ""stop"": 27311.3394, ""atr_idx"": 9239, ""atr_end_time"": 1679428799999, ""r_confirm_time"": 1679428799999}"
2023-03-21 20:00,9240,L,SIGNAL,"{""key"": 9239}"
2023-03-22 15:59,9244,L,R_REPLACED,"{""old_key"": 9239, ""new_key"": 9244}"
2023-03-22 15:59,9244,L,ORDER_CANCEL,"{""key"": 9239, ""reason"": ""R_REPLACED"", ""level"": 27723.0675}"
2023-03-22 15:59,9244,L,R_CONFIRM_POS_FROZEN,"{""signal_id"": ""L-2023-03-18 03:59-110""}"
2023-03-22 16:00,9245,L,ORDER_CREATE,"{""key"": 9244, ""level"": 28181.5879, ""stop"": 27816.3, ""atr_idx"": 9244, ""atr_end_time"": 1679500799999, ""r_confirm_time"": 1679500799999}"
2023-03-22 16:00,9245,L,SIGNAL,"{""key"": 9244}"
2023-03-22 18:39,9245,L,R_INVALID,"{""key"": 9244, ""mode"": ""5M""}"
2023-03-22 18:39,9245,L,ORDER_CANCEL,"{""key"": 9244, ""reason"": ""R_INVALID"", ""level"": 28181.5879}"
2023-03-22 23:59,9246,L,R_CONFIRM_POS_FROZEN,"{""signal_id"": ""L-2023-03-18 03:59-110""}"
2023-03-23 00:00,9247,L,ORDER_CREATE,"{""key"": 9246, ""level"": 27255.1871, ""stop"": 26570.3192, ""atr_idx"": 9246, ""atr_end_time"": 1679529599999, ""r_confirm_time"": 1679529599999}"
2023-03-23 00:00,9247,L,SIGNAL,"{""key"": 9246}"
2023-03-23 07:59,9248,L,R_REPLACED,"{""old_key"": 9246, ""new_key"": 9248}"
2023-03-23 07:59,9248,L,ORDER_CANCEL,"{""key"": 9246, ""reason"": ""R_REPLACED"", ""level"": 27255.1871}"
2023-03-23 07:59,9248,L,R_CONFIRM_POS_FROZEN,"{""signal_id"": ""L-2023-03-18 03:59-110""}"
2023-03-23 08:00,9249,L,ORDER_CREATE,"{""key"": 9248, ""level"": 26941.5581, ""stop"": 26521.9946, ""atr_idx"": 9248, ""atr_end_time"": 1679558399999, ""r_confirm_time"": 1679558399999}"
2023-03-23 08:00,9249,L,SIGNAL,"{""key"": 9248}"
2023-03-23 23:59,9252,L,R_REPLACED,"{""old_key"": 9248, ""new_key"": 9252}"
2023-03-23 23:59,9252,L,ORDER_CANCEL,"{""key"": 9248, ""reason"": ""R_REPLACED"", ""level"": 26941.5581}"
2023-03-23 23:59,9252,L,R_CONFIRM_POS_FROZEN,"{""signal_id"": ""L-2023-03-18 03:59-110""}"
2023-03-24 00:00,9253,L,ORDER_CREATE,"{""key"": 9252, ""level"": 27682.3052, ""stop"": 27194.0922, ""atr_idx"": 9252, ""atr_end_time"": 1679615999999, ""r_confirm_time"": 1679615999999}"
2023-03-24 00:00,9253,L,SIGNAL,"{""key"": 9252}"
2023-03-24 21:24,9258,L,R_INVALID,"{""key"": 9252, ""mode"": ""5M""}"
2023-03-24 21:24,9258,L,ORDER_CANCEL,"{""key"": 9252, ""reason"": ""R_INVALID"", ""level"": 27682.3052}"
2023-03-25 03:59,9259,L,R_CONFIRM_POS_FROZEN,"{""signal_id"": ""L-2023-03-18 03:59-110""}"
2023-03-25 04:00,9260,L,ORDER_CREATE,"{""key"": 9259, ""level"": 27284.5689, ""stop"": 26919.0, ""atr_idx"": 9259, ""atr_end_time"": 1679716799999, ""r_confirm_time"": 1679716799999}"
2023-03-25 04:00,9260,L,SIGNAL,"{""key"": 9259}"
2023-03-25 23:59,9264,L,R_REPLACED,"{""old_key"": 9259, ""new_key"": 9264}"
2023-03-25 23:59,9264,L,ORDER_CANCEL,"{""key"": 9259, ""reason"": ""R_REPLACED"", ""level"": 27284.5689}"
2023-03-25 23:59,9264,L,R_CONFIRM_POS_FROZEN,"{""signal_id"": ""L-2023-03-18 03:59-110""}"
2023-03-26 00:00,9265,L,ORDER_CREATE,"{""key"": 9264, ""level"": 27376.0741, ""stop"": 27078.0913, ""atr_idx"": 9264, ""atr_end_time"": 1679788799999, ""r_confirm_time"": 1679788799999}"
2023-03-26 00:00,9265,L,SIGNAL,"{""key"": 9264}"
2023-03-26 07:59,9266,L,R_REPLACED,"{""old_key"": 9264, ""new_key"": 9266}"
2023-03-26 07:59,9266,L,ORDER_CANCEL,"{""key"": 9264, ""reason"": ""R_REPLACED"", ""level"": 27376.0741}"
2023-03-26 07:59,9266,L,R_CONFIRM_POS_FROZEN,"{""signal_id"": ""L-2023-03-18 03:59-110""}"
2023-03-26 08:00,9267,L,ORDER_CREATE,"{""key"": 9266, ""level"": 27354.4707, ""stop"": 27074.6217, ""atr_idx"": 9266, ""atr_end_time"": 1679817599999, ""r_confirm_time"": 1679817599999}"
2023-03-26 08:00,9267,L,SIGNAL,"{""key"": 9266}"
2023-03-26 19:59,9269,L,R_REPLACED,"{""old_key"": 9266, ""new_key"": 9269}"
2023-03-26 19:59,9269,L,ORDER_CANCEL,"{""key"": 9266, ""reason"": ""R_REPLACED"", ""level"": 27354.4707}"
2023-03-26 19:59,9269,L,R_CONFIRM_POS_FROZEN,"{""signal_id"": ""L-2023-03-18 03:59-110""}"
2023-03-26 20:00,9270,L,ORDER_CREATE,"{""key"": 9269, ""level"": 27731.5519, ""stop"": 27397.57, ""atr_idx"": 9269, ""atr_end_time"": 1679860799999, ""r_confirm_time"": 1679860799999}"
2023-03-26 20:00,9270,L,SIGNAL,"{""key"": 9269}"
2023-03-27 03:59,9271,L,R_REPLACED,"{""old_key"": 9269, ""new_key"": 9271}"
2023-03-27 03:59,9271,L,ORDER_CANCEL,"{""key"": 9269, ""reason"": ""R_REPLACED"", ""level"": 27731.5519}"
2023-03-27 03:59,9271,L,R_CONFIRM_POS_FROZEN,"{""signal_id"": ""L-2023-03-18 03:59-110""}"
2023-03-27 04:00,9272,L,ORDER_CREATE,"{""key"": 9271, ""level"": 27838.2906, ""stop"": 27552.2745, ""atr_idx"": 9271, ""atr_end_time"": 1679889599999, ""r_confirm_time"": 1679889599999}"
2023-03-27 04:00,9272,L,SIGNAL,"{""key"": 9271}"
2023-03-27 11:59,9273,L,R_REPLACED,"{""old_key"": 9271, ""new_key"": 9273}"
2023-03-27 11:59,9273,L,ORDER_CANCEL,"{""key"": 9271, ""reason"": ""R_REPLACED"", ""level"": 27838.2906}"
2023-03-27 11:59,9273,L,R_CONFIRM_POS_FROZEN,"{""signal_id"": ""L-2023-03-18 03:59-110""}"
2023-03-27 19:59,9275,L,R_CONFIRM_POS_FROZEN,"{""signal_id"": ""L-2023-03-18 03:59-110""}"
2023-03-27 20:00,9276,L,ORDER_CREATE,"{""key"": 9275, ""level"": 26922.6725, ""stop"": 26428.6156, ""atr_idx"": 9275, ""atr_end_time"": 1679947199999, ""r_confirm_time"": 1679947199999}"
2023-03-27 20:00,9276,L,SIGNAL,"{""key"": 9275}"
2023-03-28 00:00,9277,L,D_DISARM,"{""day"": ""2023-03-27"", ""P0"": 24890.0, ""H1"": 28390.1}"
2023-03-28 00:00,9277,L,ORDER_CANCEL,"{""key"": 9275, ""reason"": ""D_DISARMED"", ""level"": 26922.6725}"
2023-03-28 15:59,9280,L,R_CONFIRM_POS_FROZEN,"{""signal_id"": ""L-2023-03-18 03:59-110""}"
2023-03-29 03:59,9283,L,R_CONFIRM_POS_FROZEN,"{""signal_id"": ""L-2023-03-18 03:59-110""}"
2023-03-29 15:59,9286,L,R_CONFIRM_POS_FROZEN,"{""signal_id"": ""L-2023-03-18 03:59-110""}"
2023-03-30 00:00,9289,L,D_ARM,"{""day"": ""2023-03-29"", ""P0"": 26508.14, ""H1"": 28650.0}"
2023-03-30 00:00,9289,L,ORDER_CREATE,"{""key"": 9286, ""level"": 27739.5252, ""stop"": 27267.631, ""atr_idx"": 9288, ""atr_end_time"": 1680134399999, ""r_confirm_time"": 1680105599999}"
2023-03-30 00:00,9289,L,SIGNAL,"{""key"": 9286}"
2023-03-30 03:59,9289,L,R_REPLACED,"{""old_key"": 9286, ""new_key"": 9289}"
2023-03-30 03:59,9289,L,ORDER_CANCEL,"{""key"": 9286, ""reason"": ""R_REPLACED"", ""level"": 27739.5252}"
2023-03-30 03:59,9289,L,R_CONFIRM_POS_FROZEN,"{""signal_id"": ""L-2023-03-18 03:59-110""}"
2023-03-30 04:00,9290,L,ORDER_CREATE,"{""key"": 9289, ""level"": 28468.501, ""stop"": 28051.4125, ""atr_idx"": 9289, ""atr_end_time"": 1680148799999, ""r_confirm_time"": 1680148799999}"
2023-03-30 04:00,9290,L,SIGNAL,"{""key"": 9289}"
2023-03-30 11:59,9291,L,R_REPLACED,"{""old_key"": 9289, ""new_key"": 9291}"
2023-03-30 11:59,9291,L,ORDER_CANCEL,"{""key"": 9289, ""reason"": ""R_REPLACED"", ""level"": 28468.501}"
2023-03-30 11:59,9291,L,R_CONFIRM_POS_FROZEN,"{""signal_id"": ""L-2023-03-18 03:59-110""}"
2023-03-30 12:00,9292,L,ORDER_CREATE,"{""key"": 9291, ""level"": 28336.603, ""stop"": 28005.7898, ""atr_idx"": 9291, ""atr_end_time"": 1680177599999, ""r_confirm_time"": 1680177599999}"
2023-03-30 12:00,9292,L,SIGNAL,"{""key"": 9291}"
2023-03-30 16:19,9293,L,R_INVALID,"{""key"": 9291, ""mode"": ""5M""}"
2023-03-30 16:19,9293,L,ORDER_CANCEL,"{""key"": 9291, ""reason"": ""R_INVALID"", ""level"": 28336.603}"
2023-03-30 19:59,9293,L,R_CONFIRM_POS_FROZEN,"{""signal_id"": ""L-2023-03-18 03:59-110""}"
2023-03-30 20:00,9294,L,ORDER_CREATE,"{""key"": 9293, ""level"": 28377.5582, ""stop"": 28084.9915, ""atr_idx"": 9293, ""atr_end_time"": 1680206399999, ""r_confirm_time"": 1680206399999}"
2023-03-30 20:00,9294,L,SIGNAL,"{""key"": 9293}"
2023-03-30 20:04,9294,L,R_INVALID,"{""key"": 9293, ""mode"": ""5M""}"
2023-03-30 20:04,9294,L,ORDER_CANCEL,"{""key"": 9293, ""reason"": ""R_INVALID"", ""level"": 28377.5582}"
2023-03-31 03:59,9295,L,R_CONFIRM_POS_FROZEN,"{""signal_id"": ""L-2023-03-18 03:59-110""}"
2023-03-31 04:00,9296,L,ORDER_CREATE,"{""key"": 9295, ""level"": 27932.1498, ""stop"": 27602.942, ""atr_idx"": 9295, ""atr_end_time"": 1680235199999, ""r_confirm_time"": 1680235199999}"
2023-03-31 04:00,9296,L,SIGNAL,"{""key"": 9295}"
2023-03-31 07:24,9296,L,R_INVALID,"{""key"": 9295, ""mode"": ""5M""}"
2023-03-31 07:24,9296,L,ORDER_CANCEL,"{""key"": 9295, ""reason"": ""R_INVALID"", ""level"": 27932.1498}"
2023-03-31 11:59,9297,L,R_CONFIRM_POS_FROZEN,"{""signal_id"": ""L-2023-03-18 03:59-110""}"
2023-03-31 12:00,9298,L,ORDER_CREATE,"{""key"": 9297, ""level"": 27761.7515, ""stop"": 27429.1749, ""atr_idx"": 9297, ""atr_end_time"": 1680263999999, ""r_confirm_time"": 1680263999999}"
2023-03-31 12:00,9298,L,SIGNAL,"{""key"": 9297}"
2023-03-31 19:59,9299,L,R_REPLACED,"{""old_key"": 9297, ""new_key"": 9299}"
2023-03-31 19:59,9299,L,ORDER_CANCEL,"{""key"": 9297, ""reason"": ""R_REPLACED"", ""level"": 27761.7515}"
2023-03-31 19:59,9299,L,R_CONFIRM_POS_FROZEN,"{""signal_id"": ""L-2023-03-18 03:59-110""}"
2023-03-31 20:00,9300,L,ORDER_CREATE,"{""key"": 9299, ""level"": 28000.3607, ""stop"": 27604.936, ""atr_idx"": 9299, ""atr_end_time"": 1680292799999, ""r_confirm_time"": 1680292799999}"
2023-03-31 20:00,9300,L,SIGNAL,"{""key"": 9299}"
2023-04-02 03:59,9307,L,R_REPLACED,"{""old_key"": 9299, ""new_key"": 9307}"
2023-04-02 03:59,9307,L,ORDER_CANCEL,"{""key"": 9299, ""reason"": ""R_REPLACED"", ""level"": 28000.3607}"
2023-04-02 03:59,9307,L,R_CONFIRM_POS_FROZEN,"{""signal_id"": ""L-2023-03-18 03:59-110""}"
2023-04-02 04:00,9308,L,ORDER_CREATE,"{""key"": 9307, ""level"": 28389.3717, ""stop"": 28135.6092, ""atr_idx"": 9307, ""atr_end_time"": 1680407999999, ""r_confirm_time"": 1680407999999}"
2023-04-02 04:00,9308,L,SIGNAL,"{""key"": 9307}"
2023-04-02 13:04,9310,L,R_INVALID,"{""key"": 9307, ""mode"": ""5M""}"
2023-04-02 13:04,9310,L,ORDER_CANCEL,"{""key"": 9307, ""reason"": ""R_INVALID"", ""level"": 28389.3717}"
2023-04-02 19:59,9311,L,R_CONFIRM_POS_FROZEN,"{""signal_id"": ""L-2023-03-18 03:59-110""}"
2023-04-02 20:00,9312,L,ORDER_CREATE,"{""key"": 9311, ""level"": 28198.2565, ""stop"": 27953.4772, ""atr_idx"": 9311, ""atr_end_time"": 1680465599999, ""r_confirm_time"": 1680465599999}"
2023-04-02 20:00,9312,L,SIGNAL,"{""key"": 9311}"
2023-04-02 20:04,9312,L,R_INVALID,"{""key"": 9311, ""mode"": ""5M""}"
2023-04-02 20:04,9312,L,ORDER_CANCEL,"{""key"": 9311, ""reason"": ""R_INVALID"", ""level"": 28198.2565}"
2023-04-03 03:59,9313,L,R_CONFIRM_POS_FROZEN,"{""signal_id"": ""L-2023-03-18 03:59-110""}"
2023-04-03 04:00,9314,L,ORDER_CREATE,"{""key"": 9313, ""level"": 28022.118, ""stop"": 27772.8607, ""atr_idx"": 9313, ""atr_end_time"": 1680494399999, ""r_confirm_time"": 1680494399999}"
2023-04-03 04:00,9314,L,SIGNAL,"{""key"": 9313}"
2023-04-03 04:04,9314,L,R_INVALID,"{""key"": 9313, ""mode"": ""5M""}"
2023-04-03 04:04,9314,L,ORDER_CANCEL,"{""key"": 9313, ""reason"": ""R_INVALID"", ""level"": 28022.118}"
2023-04-03 11:59,9315,L,R_CONFIRM_POS_FROZEN,"{""signal_id"": ""L-2023-03-18 03:59-110""}"
2023-04-03 12:00,9316,L,ORDER_CREATE,"{""key"": 9315, ""level"": 27865.4199, ""stop"": 27477.32, ""atr_idx"": 9315, ""atr_end_time"": 1680523199999, ""r_confirm_time"": 1680523199999}"
2023-04-03 12:00,9316,L,SIGNAL,"{""key"": 9315}"
2023-04-03 19:59,9317,L,R_REPLACED,"{""old_key"": 9315, ""new_key"": 9317}"
2023-04-03 19:59,9317,L,ORDER_CANCEL,"{""key"": 9315, ""reason"": ""R_REPLACED"", ""level"": 27865.4199}"
2023-04-03 19:59,9317,L,R_CONFIRM_POS_FROZEN,"{""signal_id"": ""L-2023-03-18 03:59-110""}"
2023-04-03 20:00,9318,L,ORDER_CREATE,"{""key"": 9317, ""level"": 28130.765, ""stop"": 27861.3544, ""atr_idx"": 9317, ""atr_end_time"": 1680551999999, ""r_confirm_time"": 1680551999999}"
2023-04-03 20:00,9318,L,SIGNAL,"{""key"": 9317}"
2023-04-03 20:14,9318,L,R_INVALID,"{""key"": 9317, ""mode"": ""5M""}"
2023-04-03 20:14,9318,L,ORDER_CANCEL,"{""key"": 9317, ""reason"": ""R_INVALID"", ""level"": 28130.765}"
2023-04-04 03:59,9319,L,R_CONFIRM_POS_FROZEN,"{""signal_id"": ""L-2023-03-18 03:59-110""}"
2023-04-04 04:00,9320,L,ORDER_CREATE,"{""key"": 9319, ""level"": 27493.2967, ""stop"": 27118.6393, ""atr_idx"": 9319, ""atr_end_time"": 1680580799999, ""r_confirm_time"": 1680580799999}"
2023-04-04 04:00,9320,L,SIGNAL,"{""key"": 9319}"
2023-04-04 11:59,9321,L,R_REPLACED,"{""old_key"": 9319, ""new_key"": 9321}"
2023-04-04 11:59,9321,L,ORDER_CANCEL,"{""key"": 9319, ""reason"": ""R_REPLACED"", ""level"": 27493.2967}"
2023-04-04 11:59,9321,L,R_CONFIRM_POS_FROZEN,"{""signal_id"": ""L-2023-03-18 03:59-110""}"
2023-04-04 12:00,9322,L,ORDER_CREATE,"{""key"": 9321, ""level"": 27930.8012, ""stop"": 27579.8016, ""atr_idx"": 9321, ""atr_end_time"": 1680609599999, ""r_confirm_time"": 1680609599999}"
2023-04-04 12:00,9322,L,SIGNAL,"{""key"": 9321}"
2023-04-04 19:59,9323,L,R_REPLACED,"{""old_key"": 9321, ""new_key"": 9323}"
2023-04-04 19:59,9323,L,ORDER_CANCEL,"{""key"": 9321, ""reason"": ""R_REPLACED"", ""level"": 27930.8012}"
2023-04-04 19:59,9323,L,R_CONFIRM_POS_FROZEN,"{""signal_id"": ""L-2023-03-18 03:59-110""}"
2023-04-04 20:00,9324,L,ORDER_CREATE,"{""key"": 9323, ""level"": 28125.7256, ""stop"": 27847.4064, ""atr_idx"": 9323, ""atr_end_time"": 1680638399999, ""r_confirm_time"": 1680638399999}"
2023-04-04 20:00,9324,L,SIGNAL,"{""key"": 9323}"
2023-04-05 11:59,9327,L,R_REPLACED,"{""old_key"": 9323, ""new_key"": 9327}"
2023-04-05 11:59,9327,L,ORDER_CANCEL,"{""key"": 9323, ""reason"": ""R_REPLACED"", ""level"": 28125.7256}"
2023-04-05 11:59,9327,L,R_CONFIRM_POS_FROZEN,"{""signal_id"": ""L-2023-03-18 03:59-110""}"
2023-04-05 12:00,9328,L,ORDER_CREATE,"{""key"": 9327, ""level"": 28308.1726, ""stop"": 28015.381, ""atr_idx"": 9327, ""atr_end_time"": 1680695999999, ""r_confirm_time"": 1680695999999}"
2023-04-05 12:00,9328,L,SIGNAL,"{""key"": 9327}"
2023-04-05 14:44,9328,L,R_INVALID,"{""key"": 9327, ""mode"": ""5M""}"
2023-04-05 14:44,9328,L,ORDER_CANCEL,"{""key"": 9327, ""reason"": ""R_INVALID"", ""level"": 28308.1726}"
2023-04-05 19:59,9329,L,R_CONFIRM_POS_FROZEN,"{""signal_id"": ""L-2023-03-18 03:59-110""}"
2023-04-05 20:00,9330,L,ORDER_CREATE,"{""key"": 9329, ""level"": 28154.2501, ""stop"": 27776.42, ""atr_idx"": 9329, ""atr_end_time"": 1680724799999, ""r_confirm_time"": 1680724799999}"
2023-04-05 20:00,9330,L,SIGNAL,"{""key"": 9329}"
2023-04-06 03:59,9331,L,R_REPLACED,"{""old_key"": 9329, ""new_key"": 9331}"
2023-04-06 03:59,9331,L,ORDER_CANCEL,"{""key"": 9329, ""reason"": ""R_REPLACED"", ""level"": 28154.2501}"
2023-04-06 03:59,9331,L,R_CONFIRM_POS_FROZEN,"{""signal_id"": ""L-2023-03-18 03:59-110""}"
2023-04-06 04:00,9332,L,ORDER_CREATE,"{""key"": 9331, ""level"": 28005.6621, ""stop"": 27721.6847, ""atr_idx"": 9331, ""atr_end_time"": 1680753599999, ""r_confirm_time"": 1680753599999}"
2023-04-06 04:00,9332,L,SIGNAL,"{""key"": 9331}"
2023-04-06 10:04,9333,L,R_INVALID,"{""key"": 9331, ""mode"": ""5M""}"
2023-04-06 10:04,9333,L,ORDER_CANCEL,"{""key"": 9331, ""reason"": ""R_INVALID"", ""level"": 28005.6621}"
2023-04-06 15:59,9334,L,R_CONFIRM_POS_FROZEN,"{""signal_id"": ""L-2023-03-18 03:59-110""}"
2023-04-06 16:00,9335,L,ORDER_CREATE,"{""key"": 9334, ""level"": 27905.3976, ""stop"": 27627.867, ""atr_idx"": 9334, ""atr_end_time"": 1680796799999, ""r_confirm_time"": 1680796799999}"
2023-04-06 16:00,9335,L,SIGNAL,"{""key"": 9334}"
2023-04-06 23:59,9336,L,R_REPLACED,"{""old_key"": 9334, ""new_key"": 9336}"
2023-04-06 23:59,9336,L,ORDER_CANCEL,"{""key"": 9334, ""reason"": ""R_REPLACED"", ""level"": 27905.3976}"
2023-04-06 23:59,9336,L,R_CONFIRM_POS_FROZEN,"{""signal_id"": ""L-2023-03-18 03:59-110""}"
2023-04-07 00:00,9337,L,ORDER_CREATE,"{""key"": 9336, ""level"": 27931.6921, ""stop"": 27666.75, ""atr_idx"": 9336, ""atr_end_time"": 1680825599999, ""r_confirm_time"": 1680825599999}"
2023-04-07 00:00,9337,L,SIGNAL,"{""key"": 9336}"
2023-04-07 23:59,9342,L,R_REPLACED,"{""old_key"": 9336, ""new_key"": 9342}"
2023-04-07 23:59,9342,L,ORDER_CANCEL,"{""key"": 9336, ""reason"": ""R_REPLACED"", ""level"": 27931.6921}"
2023-04-07 23:59,9342,L,R_CONFIRM_POS_FROZEN,"{""signal_id"": ""L-2023-03-18 03:59-110""}"
2023-04-08 00:00,9343,L,ORDER_CREATE,"{""key"": 9342, ""level"": 27920.2567, ""stop"": 27683.6392, ""atr_idx"": 9342, ""atr_end_time"": 1680911999999, ""r_confirm_time"": 1680911999999}"
2023-04-08 00:00,9343,L,SIGNAL,"{""key"": 9342}"
2023-04-09 03:59,9349,L,R_REPLACED,"{""old_key"": 9342, ""new_key"": 9349}"
2023-04-09 03:59,9349,L,ORDER_CANCEL,"{""key"": 9342, ""reason"": ""R_REPLACED"", ""level"": 27920.2567}"
2023-04-09 03:59,9349,L,R_CONFIRM_POS_FROZEN,"{""signal_id"": ""L-2023-03-18 03:59-110""}"
2023-04-09 11:59,9351,L,R_CONFIRM_POS_FROZEN,"{""signal_id"": ""L-2023-03-18 03:59-110""}"
2023-04-09 12:00,9352,L,ORDER_CREATE,"{""key"": 9351, ""level"": 27977.7524, ""stop"": 27756.9885, ""atr_idx"": 9351, ""atr_end_time"": 1681041599999, ""r_confirm_time"": 1681041599999}"
2023-04-09 12:00,9352,L,SIGNAL,"{""key"": 9351}"
2023-04-09 14:24,9352,L,R_INVALID,"{""key"": 9351, ""mode"": ""5M""}"
2023-04-09 14:24,9352,L,ORDER_CANCEL,"{""key"": 9351, ""reason"": ""R_INVALID"", ""level"": 27977.7524}"
2023-04-09 19:59,9353,L,R_CONFIRM_POS_FROZEN,"{""signal_id"": ""L-2023-03-18 03:59-110""}"
2023-04-09 20:00,9354,L,ORDER_CREATE,"{""key"": 9353, ""level"": 27989.9186, ""stop"": 27716.6, ""atr_idx"": 9353, ""atr_end_time"": 1681070399999, ""r_confirm_time"": 1681070399999}"
2023-04-09 20:00,9354,L,SIGNAL,"{""key"": 9353}"
2023-04-10 03:59,9355,L,R_REPLACED,"{""old_key"": 9353, ""new_key"": 9355}"
2023-04-10 03:59,9355,L,ORDER_CANCEL,"{""key"": 9353, ""reason"": ""R_REPLACED"", ""level"": 27989.9186}"
2023-04-10 03:59,9355,L,R_CONFIRM_POS_FROZEN,"{""signal_id"": ""L-2023-03-18 03:59-110""}"
2023-04-10 04:00,9356,L,ORDER_CREATE,"{""key"": 9355, ""level"": 28114.9561, ""stop"": 27793.05, ""atr_idx"": 9355, ""atr_end_time"": 1681099199999, ""r_confirm_time"": 1681099199999}"
2023-04-10 04:00,9356,L,SIGNAL,"{""key"": 9355}"
2023-04-10 15:59,9358,L,R_REPLACED,"{""old_key"": 9355, ""new_key"": 9358}"
2023-04-10 15:59,9358,L,ORDER_CANCEL,"{""key"": 9355, ""reason"": ""R_REPLACED"", ""level"": 28114.9561}"
2023-04-10 15:59,9358,L,R_CONFIRM_POS_FROZEN,"{""signal_id"": ""L-2023-03-18 03:59-110""}"
2023-04-10 16:00,9359,L,ORDER_CREATE,"{""key"": 9358, ""level"": 28370.7772, ""stop"": 28112.0202, ""atr_idx"": 9358, ""atr_end_time"": 1681142399999, ""r_confirm_time"": 1681142399999}"
2023-04-10 16:00,9359,L,SIGNAL,"{""key"": 9358}"
2023-04-10 23:59,9360,L,R_REPLACED,"{""old_key"": 9358, ""new_key"": 9360}"
2023-04-10 23:59,9360,L,ORDER_CANCEL,"{""key"": 9358, ""reason"": ""R_REPLACED"", ""level"": 28370.7772}"
2023-04-10 23:59,9360,L,R_CONFIRM_POS_FROZEN,"{""signal_id"": ""L-2023-03-18 03:59-110""}"
2023-04-11 00:00,9361,L,ORDER_CREATE,"{""key"": 9360, ""level"": 28633.2428, ""stop"": 28085.49, ""atr_idx"": 9360, ""atr_end_time"": 1681171199999, ""r_confirm_time"": 1681171199999}"
2023-04-11 00:00,9361,L,SIGNAL,"{""key"": 9360}"
2023-04-11 07:59,9362,L,R_REPLACED,"{""old_key"": 9360, ""new_key"": 9362}"
2023-04-11 07:59,9362,L,ORDER_CANCEL,"{""key"": 9360, ""reason"": ""R_REPLACED"", ""level"": 28633.2428}"
2023-04-11 07:59,9362,L,R_CONFIRM_POS_FROZEN,"{""signal_id"": ""L-2023-03-18 03:59-110""}"
2023-04-11 08:00,9363,L,ORDER_CREATE,"{""key"": 9362, ""level"": 29478.4432, ""stop"": 28981.8927, ""atr_idx"": 9362, ""atr_end_time"": 1681199999999, ""r_confirm_time"": 1681199999999}"
2023-04-11 08:00,9363,L,SIGNAL,"{""key"": 9362}"
2023-04-11 15:59,9364,L,R_REPLACED,"{""old_key"": 9362, ""new_key"": 9364}"
2023-04-11 15:59,9364,L,ORDER_CANCEL,"{""key"": 9362, ""reason"": ""R_REPLACED"", ""level"": 29478.4432}"
2023-04-11 15:59,9364,L,R_CONFIRM_POS_FROZEN,"{""signal_id"": ""L-2023-03-18 03:59-110""}"
2023-04-11 16:00,9365,L,ORDER_CREATE,"{""key"": 9364, ""level"": 30003.0198, ""stop"": 29710.6, ""atr_idx"": 9364, ""atr_end_time"": 1681228799999, ""r_confirm_time"": 1681228799999}"
2023-04-11 16:00,9365,L,SIGNAL,"{""key"": 9364}"
2023-04-12 07:59,9368,L,R_REPLACED,"{""old_key"": 9364, ""new_key"": 9368}"
2023-04-12 07:59,9368,L,ORDER_CANCEL,"{""key"": 9364, ""reason"": ""R_REPLACED"", ""level"": 30003.0198}"
2023-04-12 07:59,9368,L,R_CONFIRM_POS_FROZEN,"{""signal_id"": ""L-2023-03-18 03:59-110""}"
2023-04-12 08:00,9369,L,ORDER_CREATE,"{""key"": 9368, ""level"": 30028.6635, ""stop"": 29722.3845, ""atr_idx"": 9368, ""atr_end_time"": 1681286399999, ""r_confirm_time"": 1681286399999}"
2023-04-12 08:00,9369,L,SIGNAL,"{""key"": 9368}"
2023-04-12 15:14,9370,L,R_INVALID,"{""key"": 9368, ""mode"": ""5M""}"
2023-04-12 15:14,9370,L,ORDER_CANCEL,"{""key"": 9368, ""reason"": ""R_INVALID"", ""level"": 30028.6635}"
2023-04-12 15:59,9370,L,R_CONFIRM_POS_FROZEN,"{""signal_id"": ""L-2023-03-18 03:59-110""}"
2023-04-12 16:00,9371,L,ORDER_CREATE,"{""key"": 9370, ""level"": 30090.0963, ""stop"": 29760.45, ""atr_idx"": 9370, ""atr_end_time"": 1681315199999, ""r_confirm_time"": 1681315199999}"
2023-04-12 16:00,9371,L,SIGNAL,"{""key"": 9370}"
2023-04-12 18:49,9371,L,R_INVALID,"{""key"": 9370, ""mode"": ""5M""}"
2023-04-12 18:49,9371,L,ORDER_CANCEL,"{""key"": 9370, ""reason"": ""R_INVALID"", ""level"": 30090.0963}"
2023-04-13 03:59,9373,L,R_CONFIRM_POS_FROZEN,"{""signal_id"": ""L-2023-03-18 03:59-110""}"
2023-04-13 04:00,9374,L,ORDER_CREATE,"{""key"": 9373, ""level"": 29859.4841, ""stop"": 29548.4878, ""atr_idx"": 9373, ""atr_end_time"": 1681358399999, ""r_confirm_time"": 1681358399999}"
2023-04-13 04:00,9374,L,SIGNAL,"{""key"": 9373}"
2023-04-13 15:59,9376,L,R_REPLACED,"{""old_key"": 9373, ""new_key"": 9376}"
2023-04-13 15:59,9376,L,ORDER_CANCEL,"{""key"": 9373, ""reason"": ""R_REPLACED"", ""level"": 29859.4841}"
2023-04-13 15:59,9376,L,R_CONFIRM_POS_FROZEN,"{""signal_id"": ""L-2023-03-18 03:59-110""}"
2023-04-13 16:00,9377,L,ORDER_CREATE,"{""key"": 9376, ""level"": 30119.4147, ""stop"": 29765.0262, ""atr_idx"": 9376, ""atr_end_time"": 1681401599999, ""r_confirm_time"": 1681401599999}"
2023-04-13 16:00,9377,L,SIGNAL,"{""key"": 9376}"
2023-04-13 23:59,9378,L,R_REPLACED,"{""old_key"": 9376, ""new_key"": 9378}"
2023-04-13 23:59,9378,L,ORDER_CANCEL,"{""key"": 9376, ""reason"": ""R_REPLACED"", ""level"": 30119.4147}"
2023-04-13 23:59,9378,L,R_CONFIRM_POS_FROZEN,"{""signal_id"": ""L-2023-03-18 03:59-110""}"
2023-04-14 00:00,9379,L,ORDER_CREATE,"{""key"": 9378, ""level"": 30319.6244, ""stop"": 30043.7575, ""atr_idx"": 9378, ""atr_end_time"": 1681430399999, ""r_confirm_time"": 1681430399999}"
2023-04-14 00:00,9379,L,SIGNAL,"{""key"": 9378}"
2023-04-14 11:59,9381,L,R_REPLACED,"{""old_key"": 9378, ""new_key"": 9381}"
2023-04-14 11:59,9381,L,ORDER_CANCEL,"{""key"": 9378, ""reason"": ""R_REPLACED"", ""level"": 30319.6244}"
2023-04-14 11:59,9381,L,R_CONFIRM_POS_FROZEN,"{""signal_id"": ""L-2023-03-18 03:59-110""}"
2023-04-14 12:00,9382,L,ORDER_CREATE,"{""key"": 9381, ""level"": 30564.2815, ""stop"": 30219.0999, ""atr_idx"": 9381, ""atr_end_time"": 1681473599999, ""r_confirm_time"": 1681473599999}"
2023-04-14 12:00,9382,L,SIGNAL,"{""key"": 9381}"
2023-04-14 15:29,9382,L,R_INVALID,"{""key"": 9381, ""mode"": ""5M""}"
2023-04-14 15:29,9382,L,ORDER_CANCEL,"{""key"": 9381, ""reason"": ""R_INVALID"", ""level"": 30564.2815}"
2023-04-14 19:59,9383,L,R_CONFIRM_POS_FROZEN,"{""signal_id"": ""L-2023-03-18 03:59-110""}"
2023-04-14 20:00,9384,L,ORDER_CREATE,"{""key"": 9383, ""level"": 30368.5973, ""stop"": 30010.697, ""atr_idx"": 9383, ""atr_end_time"": 1681502399999, ""r_confirm_time"": 1681502399999}"
2023-04-14 20:00,9384,L,SIGNAL,"{""key"": 9383}"
2023-04-15 03:59,9385,L,R_REPLACED,"{""old_key"": 9383, ""new_key"": 9385}"
2023-04-15 03:59,9385,L,ORDER_CANCEL,"{""key"": 9383, ""reason"": ""R_REPLACED"", ""level"": 30368.5973}"
2023-04-15 03:59,9385,L,R_CONFIRM_POS_FROZEN,"{""signal_id"": ""L-2023-03-18 03:59-110""}"
2023-04-15 04:00,9386,L,ORDER_CREATE,"{""key"": 9385, ""level"": 30204.9294, ""stop"": 29876.102, ""atr_idx"": 9385, ""atr_end_time"": 1681531199999, ""r_confirm_time"": 1681531199999}"
2023-04-15 04:00,9386,L,SIGNAL,"{""key"": 9385}"
2023-04-16 07:59,9392,L,R_REPLACED,"{""old_key"": 9385, ""new_key"": 9392}"
2023-04-16 07:59,9392,L,ORDER_CANCEL,"{""key"": 9385, ""reason"": ""R_REPLACED"", ""level"": 30204.9294}"
2023-04-16 07:59,9392,L,R_CONFIRM_POS_FROZEN,"{""signal_id"": ""L-2023-03-18 03:59-110""}"
2023-04-16 08:00,9393,L,ORDER_CREATE,"{""key"": 9392, ""level"": 30276.4962, ""stop"": 30029.64, ""atr_idx"": 9392, ""atr_end_time"": 1681631999999, ""r_confirm_time"": 1681631999999}"
2023-04-16 08:00,9393,L,SIGNAL,"{""key"": 9392}"
2023-04-16 19:59,9395,L,R_REPLACED,"{""old_key"": 9392, ""new_key"": 9395}"
2023-04-16 19:59,9395,L,ORDER_CANCEL,"{""key"": 9392, ""reason"": ""R_REPLACED"", ""level"": 30276.4962}"
2023-04-16 19:59,9395,L,R_CONFIRM_POS_FROZEN,"{""signal_id"": ""L-2023-03-18 03:59-110""}"
2023-04-16 20:00,9396,L,ORDER_CREATE,"{""key"": 9395, ""level"": 30343.1003, ""stop"": 30069.9188, ""atr_idx"": 9395, ""atr_end_time"": 1681675199999, ""r_confirm_time"": 1681675199999}"
2023-04-16 20:00,9396,L,SIGNAL,"{""key"": 9395}"
2023-04-17 00:29,9397,L,R_INVALID,"{""key"": 9395, ""mode"": ""5M""}"
2023-04-17 00:29,9397,L,ORDER_CANCEL,"{""key"": 9395, ""reason"": ""R_INVALID"", ""level"": 30343.1003}"
2023-04-17 03:59,9397,L,R_CONFIRM_POS_FROZEN,"{""signal_id"": ""L-2023-03-18 03:59-110""}"
2023-04-17 04:00,9398,L,ORDER_CREATE,"{""key"": 9397, ""level"": 30333.7002, ""stop"": 30101.424, ""atr_idx"": 9397, ""atr_end_time"": 1681703999999, ""r_confirm_time"": 1681703999999}"
2023-04-17 04:00,9398,L,SIGNAL,"{""key"": 9397}"
2023-04-17 04:04,9398,L,R_INVALID,"{""key"": 9397, ""mode"": ""5M""}"
2023-04-17 04:04,9398,L,ORDER_CANCEL,"{""key"": 9397, ""reason"": ""R_INVALID"", ""level"": 30333.7002}"
2023-04-17 11:59,9399,L,R_CONFIRM_POS_FROZEN,"{""signal_id"": ""L-2023-03-18 03:59-110""}"
2023-04-17 12:00,9400,L,ORDER_CREATE,"{""key"": 9399, ""level"": 29893.044, ""stop"": 29651.4181, ""atr_idx"": 9399, ""atr_end_time"": 1681732799999, ""r_confirm_time"": 1681732799999}"
2023-04-17 12:00,9400,L,SIGNAL,"{""key"": 9399}"
2023-04-17 12:04,9400,L,R_INVALID,"{""key"": 9399, ""mode"": ""5M""}"
2023-04-17 12:04,9400,L,ORDER_CANCEL,"{""key"": 9399, ""reason"": ""R_INVALID"", ""level"": 29893.044}"
2023-04-17 19:59,9401,L,R_CONFIRM_POS_FROZEN,"{""signal_id"": ""L-2023-03-18 03:59-110""}"
2023-04-17 20:00,9402,L,ORDER_CREATE,"{""key"": 9401, ""level"": 29411.8092, ""stop"": 29152.9281, ""atr_idx"": 9401, ""atr_end_time"": 1681761599999, ""r_confirm_time"": 1681761599999}"
2023-04-17 20:00,9402,L,SIGNAL,"{""key"": 9401}"
2023-04-18 01:14,9403,L,R_INVALID,"{""key"": 9401, ""mode"": ""5M""}"
2023-04-18 01:14,9403,L,ORDER_CANCEL,"{""key"": 9401, ""reason"": ""R_INVALID"", ""level"": 29411.8092}"
2023-04-18 07:59,9404,L,R_CONFIRM_POS_FROZEN,"{""signal_id"": ""L-2023-03-18 03:59-110""}"
2023-04-18 08:00,9405,L,ORDER_CREATE,"{""key"": 9404, ""level"": 29351.2383, ""stop"": 29009.4897, ""atr_idx"": 9404, ""atr_end_time"": 1681804799999, ""r_confirm_time"": 1681804799999}"
2023-04-18 08:00,9405,L,SIGNAL,"{""key"": 9404}"
2023-04-18 15:59,9406,L,R_REPLACED,"{""old_key"": 9404, ""new_key"": 9406}"
2023-04-18 15:59,9406,L,ORDER_CANCEL,"{""key"": 9404, ""reason"": ""R_REPLACED"", ""level"": 29351.2383}"
2023-04-18 15:59,9406,L,R_CONFIRM_POS_FROZEN,"{""signal_id"": ""L-2023-03-18 03:59-110""}"
2023-04-18 16:00,9407,L,ORDER_CREATE,"{""key"": 9406, ""level"": 29777.6416, ""stop"": 29354.2323, ""atr_idx"": 9406, ""atr_end_time"": 1681833599999, ""r_confirm_time"": 1681833599999}"
2023-04-18 16:00,9407,L,SIGNAL,"{""key"": 9406}"
2023-04-18 23:59,9408,L,R_REPLACED,"{""old_key"": 9406, ""new_key"": 9408}"
2023-04-18 23:59,9408,L,ORDER_CANCEL,"{""key"": 9406, ""reason"": ""R_REPLACED"", ""level"": 29777.6416}"
2023-04-18 23:59,9408,L,R_CONFIRM_POS_FROZEN,"{""signal_id"": ""L-2023-03-18 03:59-110""}"
2023-04-19 00:00,9409,L,ORDER_CREATE,"{""key"": 9408, ""level"": 30154.817, ""stop"": 29855.7433, ""atr_idx"": 9408, ""atr_end_time"": 1681862399999, ""r_confirm_time"": 1681862399999}"
2023-04-19 00:00,9409,L,SIGNAL,"{""key"": 9408}"
2023-04-19 08:09,9411,L,R_INVALID,"{""key"": 9408, ""mode"": ""5M""}"
2023-04-19 08:09,9411,L,ORDER_CANCEL,"{""key"": 9408, ""reason"": ""R_INVALID"", ""level"": 30154.817}"
2023-04-19 15:59,9412,L,R_CONFIRM_POS_FROZEN,"{""signal_id"": ""L-2023-03-18 03:59-110""}"
2023-04-19 16:00,9413,L,ORDER_CREATE,"{""key"": 9412, ""level"": 29342.1144, ""stop"": 28913.0, ""atr_idx"": 9412, ""atr_end_time"": 1681919999999, ""r_confirm_time"": 1681919999999}"
2023-04-19 16:00,9413,L,SIGNAL,"{""key"": 9412}"
2023-04-19 21:24,9414,L,R_INVALID,"{""key"": 9412, ""mode"": ""5M""}"
2023-04-19 21:24,9414,L,ORDER_CANCEL,"{""key"": 9412, ""reason"": ""R_INVALID"", ""level"": 29342.1144}"
2023-04-20 00:00,9415,L,D_DISARM,"{""day"": ""2023-04-19"", ""P0"": 26508.14, ""H1"": 28650.0}"
2023-04-20 03:59,9415,L,R_CONFIRM_POS_FROZEN,"{""signal_id"": ""L-2023-03-18 03:59-110""}"
2023-04-20 11:59,9417,L,R_CONFIRM_POS_FROZEN,"{""signal_id"": ""L-2023-03-18 03:59-110""}"
2023-04-20 19:59,9419,L,R_CONFIRM_POS_FROZEN,"{""signal_id"": ""L-2023-03-18 03:59-110""}"
2023-04-21 00:00,9421,L,EXIT,"{""exit_kind"": ""dexit"", ""px"": 28243.65, ""frac"": 1.0, ""signal_id"": ""L-2023-03-18 03:59-110""}"
2023-04-27 00:00,9457,L,D_ARM,"{""day"": ""2023-04-26"", ""P0"": 26942.82, ""H1"": 30036.0}"
2023-04-27 04:00,9458,L,ORDER_CREATE,"{""key"": 9457, ""level"": 27848.2328, ""stop"": 27153.295, ""atr_idx"": 9457, ""atr_end_time"": 1682567999999, ""r_confirm_time"": 1682567999999}"
2023-04-27 04:00,9458,L,SIGNAL,"{""key"": 9457}"
2023-04-27 11:59,9459,L,R_REPLACED,"{""old_key"": 9457, ""new_key"": 9459}"
2023-04-27 11:59,9459,L,ORDER_CANCEL,"{""key"": 9457, ""reason"": ""R_REPLACED"", ""level"": 27848.2328}"
2023-04-27 12:00,9460,L,ORDER_CREATE,"{""key"": 9459, ""level"": 28677.0385, ""stop"": 28293.7234, ""atr_idx"": 9459, ""atr_end_time"": 1682596799999, ""r_confirm_time"": 1682596799999}"
2023-04-27 12:00,9460,L,SIGNAL,"{""key"": 9459}"
2023-04-27 12:35,9460,L,FILL,"{""signal_id"": ""L-2023-04-27 11:59-111"", ""expected"": 28677.0385, ""entry"": 28677.0385, ""stop"": 28293.7234, ""key"": 9459}"
2023-04-27 23:59,9462,L,R_CONFIRM_POS_FROZEN,"{""signal_id"": ""L-2023-04-27 11:59-111""}"
2023-04-29 03:59,9469,L,R_CONFIRM_POS_FROZEN,"{""signal_id"": ""L-2023-04-27 11:59-111""}"
2023-04-30 03:59,9475,L,R_CONFIRM_POS_FROZEN,"{""signal_id"": ""L-2023-04-27 11:59-111""}"
2023-04-30 15:59,9478,L,R_CONFIRM_POS_FROZEN,"{""signal_id"": ""L-2023-04-27 11:59-111""}"
2023-04-30 23:59,9480,L,R_CONFIRM_POS_FROZEN,"{""signal_id"": ""L-2023-04-27 11:59-111""}"
2023-05-01 05:44,9482,L,EXIT,"{""exit_kind"": ""stop"", ""px"": 28293.7234, ""frac"": 1.0, ""signal_id"": ""L-2023-04-27 11:59-111""}"
2023-06-06 00:00,9697,S,D_ARM,"{""day"": ""2023-06-05"", ""P0"": -28447.14, ""H1"": -25388.0}"
2023-06-06 00:00,9697,S,ORDER_CREATE,"{""key"": 9696, ""level"": -26400.7814, ""stop"": -26898.0628, ""atr_idx"": 9696, ""atr_end_time"": 1686009599999, ""r_confirm_time"": 1686009599999}"
2023-06-06 00:00,9697,S,SIGNAL,"{""key"": 9696}"
2023-06-06 15:59,9700,S,R_REPLACED,"{""old_key"": 9696, ""new_key"": 9700}"
2023-06-06 15:59,9700,S,ORDER_CANCEL,"{""key"": 9696, ""reason"": ""R_REPLACED"", ""level"": -26400.7814}"
2023-06-06 16:00,9701,S,ORDER_CREATE,"{""key"": 9700, ""level"": -25661.4576, ""stop"": -25935.9953, ""atr_idx"": 9700, ""atr_end_time"": 1686067199999, ""r_confirm_time"": 1686067199999}"
2023-06-06 16:00,9701,S,SIGNAL,"{""key"": 9700}"
2023-06-06 16:00,9701,S,FILL,"{""signal_id"": ""S-2023-06-06 15:59-112"", ""expected"": -25661.4576, ""entry"": -25661.4576, ""stop"": -25935.9953, ""key"": 9700}"
2023-06-06 16:04,9701,S,EXIT,"{""exit_kind"": ""stop"", ""px"": -25935.9953, ""frac"": 1.0, ""signal_id"": ""S-2023-06-06 15:59-112""}"
2023-06-15 00:00,9751,S,D_ARM,"{""day"": ""2023-06-14"", ""P0"": -27391.77, ""H1"": -24820.56}"
2023-06-15 00:00,9751,S,ORDER_CREATE,"{""key"": 9749, ""level"": -25928.9688, ""stop"": -26163.586, ""atr_idx"": 9750, ""atr_end_time"": 1686787199999, ""r_confirm_time"": 1686772799999}"
2023-06-15 00:00,9751,S,SIGNAL,"{""key"": 9749}"
2023-06-15 03:59,9751,S,R_REPLACED,"{""old_key"": 9749, ""new_key"": 9751}"
2023-06-15 03:59,9751,S,ORDER_CANCEL,"{""key"": 9749, ""reason"": ""R_REPLACED"", ""level"": -25928.9688}"
2023-06-15 04:00,9752,S,ORDER_CREATE,"{""key"": 9751, ""level"": -25719.1346, ""stop"": -26176.294, ""atr_idx"": 9751, ""atr_end_time"": 1686801599999, ""r_confirm_time"": 1686801599999}"
2023-06-15 04:00,9752,S,SIGNAL,"{""key"": 9751}"
2023-06-15 11:59,9753,S,R_REPLACED,"{""old_key"": 9751, ""new_key"": 9753}"
2023-06-15 11:59,9753,S,ORDER_CANCEL,"{""key"": 9751, ""reason"": ""R_REPLACED"", ""level"": -25719.1346}"
2023-06-15 12:00,9754,S,ORDER_CREATE,"{""key"": 9753, ""level"": -25035.2495, ""stop"": -25282.1396, ""atr_idx"": 9753, ""atr_end_time"": 1686830399999, ""r_confirm_time"": 1686830399999}"
2023-06-15 12:00,9754,S,SIGNAL,"{""key"": 9753}"
2023-06-15 12:00,9754,S,FILL,"{""signal_id"": ""S-2023-06-15 11:59-113"", ""expected"": -25035.2495, ""entry"": -25035.2495, ""stop"": -25282.1396, ""key"": 9753}"
2023-06-15 18:54,9755,S,EXIT,"{""exit_kind"": ""stop"", ""px"": -25282.1396, ""frac"": 1.0, ""signal_id"": ""S-2023-06-15 11:59-113""}"
2023-06-24 00:00,9805,L,D_ARM,"{""day"": ""2023-06-23"", ""P0"": 28257.99, ""H1"": 31431.94}"
2023-06-24 00:00,9805,L,ORDER_CREATE,"{""key"": 9804, ""level"": 30360.8053, ""stop"": 29821.3368, ""atr_idx"": 9804, ""atr_end_time"": 1687564799999, ""r_confirm_time"": 1687564799999}"
2023-06-24 00:00,9805,L,SIGNAL,"{""key"": 9804}"
2023-06-24 15:30,9808,L,FILL,"{""signal_id"": ""L-2023-06-23 23:59-114"", ""expected"": 30360.8053, ""entry"": 30360.8053, ""stop"": 29821.3368, ""key"": 9804}"
2023-06-24 19:59,9809,L,R_CONFIRM_POS_FROZEN,"{""signal_id"": ""L-2023-06-23 23:59-114""}"
2023-06-25 03:59,9811,L,R_CONFIRM_POS_FROZEN,"{""signal_id"": ""L-2023-06-23 23:59-114""}"
2023-06-26 07:59,9818,L,R_CONFIRM_POS_FROZEN,"{""signal_id"": ""L-2023-06-23 23:59-114""}"
2023-06-26 15:59,9820,L,R_CONFIRM_POS_FROZEN,"{""signal_id"": ""L-2023-06-23 23:59-114""}"
2023-06-26 23:59,9822,L,R_CONFIRM_POS_FROZEN,"{""signal_id"": ""L-2023-06-23 23:59-114""}"
2023-06-27 19:59,9827,L,R_CONFIRM_POS_FROZEN,"{""signal_id"": ""L-2023-06-23 23:59-114""}"
2023-06-28 07:59,9830,L,R_CONFIRM_POS_FROZEN,"{""signal_id"": ""L-2023-06-23 23:59-114""}"
2023-06-28 19:59,9833,L,R_CONFIRM_POS_FROZEN,"{""signal_id"": ""L-2023-06-23 23:59-114""}"
2023-06-29 03:59,9835,L,R_CONFIRM_POS_FROZEN,"{""signal_id"": ""L-2023-06-23 23:59-114""}"
2023-06-29 19:59,9839,L,R_CONFIRM_POS_FROZEN,"{""signal_id"": ""L-2023-06-23 23:59-114""}"
2023-06-30 03:59,9841,L,R_CONFIRM_POS_FROZEN,"{""signal_id"": ""L-2023-06-23 23:59-114""}"
2023-06-30 11:59,9843,L,R_CONFIRM_POS_FROZEN,"{""signal_id"": ""L-2023-06-23 23:59-114""}"
2023-06-30 13:49,9844,L,EXIT,"{""exit_kind"": ""stop"", ""px"": 29821.3368, ""frac"": 1.0, ""signal_id"": ""L-2023-06-23 23:59-114""}"
2023-08-24 00:00,10171,S,D_ARM,"{""day"": ""2023-08-23"", ""P0"": -28783.48, ""H1"": -25300.0}"
2023-08-24 04:00,10172,S,ORDER_CREATE,"{""key"": 10171, ""level"": -26598.3805, ""stop"": -26899.7278, ""atr_idx"": 10171, ""atr_end_time"": 1692849599999, ""r_confirm_time"": 1692849599999}"
2023-08-24 04:00,10172,S,SIGNAL,"{""key"": 10171}"
2023-08-24 15:59,10174,S,R_REPLACED,"{""old_key"": 10171, ""new_key"": 10174}"
2023-08-24 15:59,10174,S,ORDER_CANCEL,"{""key"": 10171, ""reason"": ""R_REPLACED"", ""level"": -26598.3805}"
2023-08-24 16:00,10175,S,ORDER_CREATE,"{""key"": 10174, ""level"": -26359.9847, ""stop"": -26657.6036, ""atr_idx"": 10174, ""atr_end_time"": 1692892799999, ""r_confirm_time"": 1692892799999}"
2023-08-24 16:00,10175,S,SIGNAL,"{""key"": 10174}"
2023-08-24 23:59,10176,S,R_REPLACED,"{""old_key"": 10174, ""new_key"": 10176}"
2023-08-24 23:59,10176,S,ORDER_CANCEL,"{""key"": 10174, ""reason"": ""R_REPLACED"", ""level"": -26359.9847}"
2023-08-25 00:00,10177,S,ORDER_CREATE,"{""key"": 10176, ""level"": -26228.2139, ""stop"": -26523.3521, ""atr_idx"": 10176, ""atr_end_time"": 1692921599999, ""r_confirm_time"": 1692921599999}"
2023-08-25 00:00,10177,S,SIGNAL,"{""key"": 10176}"
2023-08-25 13:30,10180,S,FILL,"{""signal_id"": ""S-2023-08-24 23:59-115"", ""expected"": -26228.2139, ""entry"": -26228.2139, ""stop"": -26523.3521, ""key"": 10176}"
2023-08-25 15:59,10180,S,R_CONFIRM_POS_FROZEN,"{""signal_id"": ""S-2023-08-24 23:59-115""}"
2023-08-25 23:59,10182,S,R_CONFIRM_POS_FROZEN,"{""signal_id"": ""S-2023-08-24 23:59-115""}"
2023-08-27 03:59,10189,S,R_CONFIRM_POS_FROZEN,"{""signal_id"": ""S-2023-08-24 23:59-115""}"
2023-08-27 19:59,10193,S,R_CONFIRM_POS_FROZEN,"{""signal_id"": ""S-2023-08-24 23:59-115""}"
2023-08-28 03:59,10195,S,R_CONFIRM_POS_FROZEN,"{""signal_id"": ""S-2023-08-24 23:59-115""}"
2023-08-28 11:59,10197,S,R_CONFIRM_POS_FROZEN,"{""signal_id"": ""S-2023-08-24 23:59-115""}"
2023-08-28 19:59,10199,S,R_CONFIRM_POS_FROZEN,"{""signal_id"": ""S-2023-08-24 23:59-115""}"
2023-08-29 03:59,10201,S,R_CONFIRM_POS_FROZEN,"{""signal_id"": ""S-2023-08-24 23:59-115""}"
2023-08-29 11:59,10203,S,R_CONFIRM_POS_FROZEN,"{""signal_id"": ""S-2023-08-24 23:59-115""}"
2023-08-29 14:24,10204,S,EXIT,"{""exit_kind"": ""stop"", ""px"": -26523.3521, ""frac"": 1.0, ""signal_id"": ""S-2023-08-24 23:59-115""}"
2023-10-21 00:00,10519,L,D_ARM,"{""day"": ""2023-10-20"", ""P0"": 27112.66, ""H1"": 30207.55}"
2023-10-21 00:00,10519,L,ORDER_CREATE,"{""key"": 10517, ""level"": 29476.9273, ""stop"": 29140.0668, ""atr_idx"": 10518, ""atr_end_time"": 1697846399999, ""r_confirm_time"": 1697831999999}"
2023-10-21 00:00,10519,L,SIGNAL,"{""key"": 10517}"
2023-10-21 02:35,10519,L,FILL,"{""signal_id"": ""L-2023-10-20 19:59-116"", ""expected"": 29476.9273, ""entry"": 29476.9273, ""stop"": 29140.0668, ""key"": 10517}"
2023-10-21 03:59,10519,L,R_CONFIRM_POS_FROZEN,"{""signal_id"": ""L-2023-10-20 19:59-116""}"
2023-10-22 11:59,10527,L,R_CONFIRM_POS_FROZEN,"{""signal_id"": ""L-2023-10-20 19:59-116""}"
2023-10-23 03:59,10531,L,R_CONFIRM_POS_FROZEN,"{""signal_id"": ""L-2023-10-20 19:59-116""}"
2023-10-23 11:59,10533,L,R_CONFIRM_POS_FROZEN,"{""signal_id"": ""L-2023-10-20 19:59-116""}"
2023-10-23 19:59,10535,L,R_CONFIRM_POS_FROZEN,"{""signal_id"": ""L-2023-10-20 19:59-116""}"
2023-10-24 03:59,10537,L,R_CONFIRM_POS_FROZEN,"{""signal_id"": ""L-2023-10-20 19:59-116""}"
2023-10-24 11:59,10539,L,R_CONFIRM_POS_FROZEN,"{""signal_id"": ""L-2023-10-20 19:59-116""}"
2023-10-24 19:59,10541,L,R_CONFIRM_POS_FROZEN,"{""signal_id"": ""L-2023-10-20 19:59-116""}"
2023-10-25 15:59,10546,L,R_CONFIRM_POS_FROZEN,"{""signal_id"": ""L-2023-10-20 19:59-116""}"
2023-10-26 15:59,10552,L,R_CONFIRM_POS_FROZEN,"{""signal_id"": ""L-2023-10-20 19:59-116""}"
2023-10-27 11:59,10557,L,R_CONFIRM_POS_FROZEN,"{""signal_id"": ""L-2023-10-20 19:59-116""}"
2023-10-27 23:59,10560,L,R_CONFIRM_POS_FROZEN,"{""signal_id"": ""L-2023-10-20 19:59-116""}"
2023-10-28 23:59,10566,L,R_CONFIRM_POS_FROZEN,"{""signal_id"": ""L-2023-10-20 19:59-116""}"
2023-10-29 11:59,10569,L,R_CONFIRM_POS_FROZEN,"{""signal_id"": ""L-2023-10-20 19:59-116""}"
2023-10-29 23:59,10572,L,R_CONFIRM_POS_FROZEN,"{""signal_id"": ""L-2023-10-20 19:59-116""}"
2023-10-30 07:59,10574,L,R_CONFIRM_POS_FROZEN,"{""signal_id"": ""L-2023-10-20 19:59-116""}"
2023-10-30 15:59,10576,L,R_CONFIRM_POS_FROZEN,"{""signal_id"": ""L-2023-10-20 19:59-116""}"
2023-10-30 23:59,10578,L,R_CONFIRM_POS_FROZEN,"{""signal_id"": ""L-2023-10-20 19:59-116""}"
2023-10-31 07:59,10580,L,R_CONFIRM_POS_FROZEN,"{""signal_id"": ""L-2023-10-20 19:59-116""}"
2023-10-31 15:59,10582,L,R_CONFIRM_POS_FROZEN,"{""signal_id"": ""L-2023-10-20 19:59-116""}"
2023-10-31 23:59,10584,L,R_CONFIRM_POS_FROZEN,"{""signal_id"": ""L-2023-10-20 19:59-116""}"
2023-11-01 15:59,10588,L,R_CONFIRM_POS_FROZEN,"{""signal_id"": ""L-2023-10-20 19:59-116""}"
2023-11-01 23:59,10590,L,R_CONFIRM_POS_FROZEN,"{""signal_id"": ""L-2023-10-20 19:59-116""}"
2023-11-02 07:59,10592,L,R_CONFIRM_POS_FROZEN,"{""signal_id"": ""L-2023-10-20 19:59-116""}"
2023-11-02 19:59,10595,L,R_CONFIRM_POS_FROZEN,"{""signal_id"": ""L-2023-10-20 19:59-116""}"
2023-11-03 03:59,10597,L,R_CONFIRM_POS_FROZEN,"{""signal_id"": ""L-2023-10-20 19:59-116""}"
2023-11-03 15:59,10600,L,R_CONFIRM_POS_FROZEN,"{""signal_id"": ""L-2023-10-20 19:59-116""}"
2023-11-03 23:59,10602,L,R_CONFIRM_POS_FROZEN,"{""signal_id"": ""L-2023-10-20 19:59-116""}"
2023-11-05 03:59,10609,L,R_CONFIRM_POS_FROZEN,"{""signal_id"": ""L-2023-10-20 19:59-116""}"
2023-11-05 19:59,10613,L,R_CONFIRM_POS_FROZEN,"{""signal_id"": ""L-2023-10-20 19:59-116""}"
2023-11-06 03:59,10615,L,R_CONFIRM_POS_FROZEN,"{""signal_id"": ""L-2023-10-20 19:59-116""}"
2023-11-06 11:59,10617,L,R_CONFIRM_POS_FROZEN,"{""signal_id"": ""L-2023-10-20 19:59-116""}"
2023-11-06 19:59,10619,L,R_CONFIRM_POS_FROZEN,"{""signal_id"": ""L-2023-10-20 19:59-116""}"
2023-11-07 15:59,10624,L,R_CONFIRM_POS_FROZEN,"{""signal_id"": ""L-2023-10-20 19:59-116""}"
2023-11-07 23:59,10626,L,R_CONFIRM_POS_FROZEN,"{""signal_id"": ""L-2023-10-20 19:59-116""}"
2023-11-08 19:59,10631,L,R_CONFIRM_POS_FROZEN,"{""signal_id"": ""L-2023-10-20 19:59-116""}"
2023-11-09 03:59,10633,L,R_CONFIRM_POS_FROZEN,"{""signal_id"": ""L-2023-10-20 19:59-116""}"
2023-11-09 11:59,10635,L,R_CONFIRM_POS_FROZEN,"{""signal_id"": ""L-2023-10-20 19:59-116""}"
2023-11-09 23:59,10638,L,R_CONFIRM_POS_FROZEN,"{""signal_id"": ""L-2023-10-20 19:59-116""}"
2023-11-10 07:59,10640,L,R_CONFIRM_POS_FROZEN,"{""signal_id"": ""L-2023-10-20 19:59-116""}"
2023-11-10 19:59,10643,L,R_CONFIRM_POS_FROZEN,"{""signal_id"": ""L-2023-10-20 19:59-116""}"
2023-11-12 03:59,10651,L,R_CONFIRM_POS_FROZEN,"{""signal_id"": ""L-2023-10-20 19:59-116""}"
2023-11-12 11:59,10653,L,R_CONFIRM_POS_FROZEN,"{""signal_id"": ""L-2023-10-20 19:59-116""}"
2023-11-13 07:59,10658,L,R_CONFIRM_POS_FROZEN,"{""signal_id"": ""L-2023-10-20 19:59-116""}"
2023-11-13 15:59,10660,L,R_CONFIRM_POS_FROZEN,"{""signal_id"": ""L-2023-10-20 19:59-116""}"
2023-11-13 23:59,10662,L,R_CONFIRM_POS_FROZEN,"{""signal_id"": ""L-2023-10-20 19:59-116""}"
2023-11-14 07:59,10664,L,R_CONFIRM_POS_FROZEN,"{""signal_id"": ""L-2023-10-20 19:59-116""}"
2023-11-14 15:59,10666,L,R_CONFIRM_POS_FROZEN,"{""signal_id"": ""L-2023-10-20 19:59-116""}"
2023-11-14 23:59,10668,L,R_CONFIRM_POS_FROZEN,"{""signal_id"": ""L-2023-10-20 19:59-116""}"
2023-11-15 00:00,10669,L,D_ARM,"{""day"": ""2023-11-14"", ""P0"": 29883.6, ""H1"": 37972.24}"
2023-11-15 00:00,10669,L,ORDER_CREATE,"{""key"": 10668, ""level"": 35287.2113, ""stop"": 34695.6, ""atr_idx"": 10668, ""atr_end_time"": 1700006399999, ""r_confirm_time"": 1700006399999}"
2023-11-15 00:00,10669,L,SIGNAL,"{""key"": 10668}"
2023-11-15 11:59,10671,L,R_REPLACED,"{""old_key"": 10668, ""new_key"": 10671}"
2023-11-15 11:59,10671,L,ORDER_CANCEL,"{""key"": 10668, ""reason"": ""R_REPLACED"", ""level"": 35287.2113}"
2023-11-15 11:59,10671,L,R_CONFIRM_POS_FROZEN,"{""signal_id"": ""L-2023-10-20 19:59-116""}"
2023-11-15 12:00,10672,L,ORDER_CREATE,"{""key"": 10671, ""level"": 35571.9449, ""stop"": 35108.7468, ""atr_idx"": 10671, ""atr_end_time"": 1700049599999, ""r_confirm_time"": 1700049599999}"
2023-11-15 12:00,10672,L,SIGNAL,"{""key"": 10671}"
2023-11-15 19:59,10673,L,R_REPLACED,"{""old_key"": 10671, ""new_key"": 10673}"
2023-11-15 19:59,10673,L,ORDER_CANCEL,"{""key"": 10671, ""reason"": ""R_REPLACED"", ""level"": 35571.9449}"
2023-11-15 19:59,10673,L,R_CONFIRM_POS_FROZEN,"{""signal_id"": ""L-2023-10-20 19:59-116""}"
2023-11-15 20:00,10674,L,ORDER_CREATE,"{""key"": 10673, ""level"": 36203.7197, ""stop"": 35470.1494, ""atr_idx"": 10673, ""atr_end_time"": 1700078399999, ""r_confirm_time"": 1700078399999}"
2023-11-15 20:00,10674,L,SIGNAL,"{""key"": 10673}"
2023-11-16 00:00,10675,L,D_DISARM,"{""day"": ""2023-11-15"", ""P0"": 29883.6, ""H1"": 37972.24}"
2023-11-16 00:00,10675,L,ORDER_CANCEL,"{""key"": 10673, ""reason"": ""D_DISARMED"", ""level"": 36203.7197}"
2023-11-16 03:59,10675,L,R_CONFIRM_POS_FROZEN,"{""signal_id"": ""L-2023-10-20 19:59-116""}"
2023-11-16 19:59,10679,L,R_CONFIRM_POS_FROZEN,"{""signal_id"": ""L-2023-10-20 19:59-116""}"
2023-11-17 00:00,10681,L,D_ARM,"{""day"": ""2023-11-16"", ""P0"": 34800.0, ""H1"": 37980.0}"
2023-11-17 03:59,10681,L,R_CONFIRM_POS_FROZEN,"{""signal_id"": ""L-2023-10-20 19:59-116""}"
2023-11-17 04:00,10682,L,ORDER_CREATE,"{""key"": 10681, ""level"": 35884.3218, ""stop"": 35393.5, ""atr_idx"": 10681, ""atr_end_time"": 1700193599999, ""r_confirm_time"": 1700193599999}"
2023-11-17 04:00,10682,L,SIGNAL,"{""key"": 10681}"
2023-11-17 19:59,10685,L,R_REPLACED,"{""old_key"": 10681, ""new_key"": 10685}"
2023-11-17 19:59,10685,L,ORDER_CANCEL,"{""key"": 10681, ""reason"": ""R_REPLACED"", ""level"": 35884.3218}"
2023-11-17 19:59,10685,L,R_CONFIRM_POS_FROZEN,"{""signal_id"": ""L-2023-10-20 19:59-116""}"
2023-11-17 20:00,10686,L,ORDER_CREATE,"{""key"": 10685, ""level"": 36190.9284, ""stop"": 35753.5167, ""atr_idx"": 10685, ""atr_end_time"": 1700251199999, ""r_confirm_time"": 1700251199999}"
2023-11-17 20:00,10686,L,SIGNAL,"{""key"": 10685}"
2023-11-18 03:59,10687,L,R_REPLACED,"{""old_key"": 10685, ""new_key"": 10687}"
2023-11-18 03:59,10687,L,ORDER_CANCEL,"{""key"": 10685, ""reason"": ""R_REPLACED"", ""level"": 36190.9284}"
2023-11-18 03:59,10687,L,R_CONFIRM_POS_FROZEN,"{""signal_id"": ""L-2023-10-20 19:59-116""}"
2023-11-18 04:00,10688,L,ORDER_CREATE,"{""key"": 10687, ""level"": 36209.6772, ""stop"": 35801.4425, ""atr_idx"": 10687, ""atr_end_time"": 1700279999999, ""r_confirm_time"": 1700279999999}"
2023-11-18 04:00,10688,L,SIGNAL,"{""key"": 10687}"
2023-11-18 19:59,10691,L,R_REPLACED,"{""old_key"": 10687, ""new_key"": 10691}"
2023-11-18 19:59,10691,L,ORDER_CANCEL,"{""key"": 10687, ""reason"": ""R_REPLACED"", ""level"": 36209.6772}"
2023-11-18 19:59,10691,L,R_CONFIRM_POS_FROZEN,"{""signal_id"": ""L-2023-10-20 19:59-116""}"
2023-11-18 20:00,10692,L,ORDER_CREATE,"{""key"": 10691, ""level"": 36444.9787, ""stop"": 36070.0443, ""atr_idx"": 10691, ""atr_end_time"": 1700337599999, ""r_confirm_time"": 1700337599999}"
2023-11-18 20:00,10692,L,SIGNAL,"{""key"": 10691}"
2023-11-19 19:59,10697,L,R_REPLACED,"{""old_key"": 10691, ""new_key"": 10697}"
2023-11-19 19:59,10697,L,ORDER_CANCEL,"{""key"": 10691, ""reason"": ""R_REPLACED"", ""level"": 36444.9787}"
2023-11-19 19:59,10697,L,R_CONFIRM_POS_FROZEN,"{""signal_id"": ""L-2023-10-20 19:59-116""}"
2023-11-19 20:00,10698,L,ORDER_CREATE,"{""key"": 10697, ""level"": 36635.7697, ""stop"": 36274.8679, ""atr_idx"": 10697, ""atr_end_time"": 1700423999999, ""r_confirm_time"": 1700423999999}"
2023-11-19 20:00,10698,L,SIGNAL,"{""key"": 10697}"
2023-11-20 03:59,10699,L,R_REPLACED,"{""old_key"": 10697, ""new_key"": 10699}"
2023-11-20 03:59,10699,L,ORDER_CANCEL,"{""key"": 10697, ""reason"": ""R_REPLACED"", ""level"": 36635.7697}"
2023-11-20 03:59,10699,L,R_CONFIRM_POS_FROZEN,"{""signal_id"": ""L-2023-10-20 19:59-116""}"
2023-11-20 04:00,10700,L,ORDER_CREATE,"{""key"": 10699, ""level"": 36854.7215, ""stop"": 36401.5767, ""atr_idx"": 10699, ""atr_end_time"": 1700452799999, ""r_confirm_time"": 1700452799999}"
2023-11-20 04:00,10700,L,SIGNAL,"{""key"": 10699}"
2023-11-20 11:59,10701,L,R_REPLACED,"{""old_key"": 10699, ""new_key"": 10701}"
2023-11-20 11:59,10701,L,ORDER_CANCEL,"{""key"": 10699, ""reason"": ""R_REPLACED"", ""level"": 36854.7215}"
2023-11-20 11:59,10701,L,R_CONFIRM_POS_FROZEN,"{""signal_id"": ""L-2023-10-20 19:59-116""}"
2023-11-20 12:00,10702,L,ORDER_CREATE,"{""key"": 10701, ""level"": 37239.7663, ""stop"": 36927.1851, ""atr_idx"": 10701, ""atr_end_time"": 1700481599999, ""r_confirm_time"": 1700481599999}"
2023-11-20 12:00,10702,L,SIGNAL,"{""key"": 10701}"
2023-11-20 14:14,10702,L,R_INVALID,"{""key"": 10701, ""mode"": ""5M""}"
2023-11-20 14:14,10702,L,ORDER_CANCEL,"{""key"": 10701, ""reason"": ""R_INVALID"", ""level"": 37239.7663}"
2023-11-20 19:59,10703,L,R_CONFIRM_POS_FROZEN,"{""signal_id"": ""L-2023-10-20 19:59-116""}"
2023-11-20 20:00,10704,L,ORDER_CREATE,"{""key"": 10703, ""level"": 37041.0187, ""stop"": 36566.969, ""atr_idx"": 10703, ""atr_end_time"": 1700510399999, ""r_confirm_time"": 1700510399999}"
2023-11-20 20:00,10704,L,SIGNAL,"{""key"": 10703}"
2023-11-21 03:59,10705,L,R_REPLACED,"{""old_key"": 10703, ""new_key"": 10705}"
2023-11-21 03:59,10705,L,ORDER_CANCEL,"{""key"": 10703, ""reason"": ""R_REPLACED"", ""level"": 37041.0187}"
2023-11-21 03:59,10705,L,R_CONFIRM_POS_FROZEN,"{""signal_id"": ""L-2023-10-20 19:59-116""}"
2023-11-21 04:00,10706,L,ORDER_CREATE,"{""key"": 10705, ""level"": 37120.7644, ""stop"": 36701.6936, ""atr_idx"": 10705, ""atr_end_time"": 1700539199999, ""r_confirm_time"": 1700539199999}"
2023-11-21 04:00,10706,L,SIGNAL,"{""key"": 10705}"
2023-11-21 14:39,10708,L,R_INVALID,"{""key"": 10705, ""mode"": ""5M""}"
2023-11-21 14:39,10708,L,ORDER_CANCEL,"{""key"": 10705, ""reason"": ""R_INVALID"", ""level"": 37120.7644}"
2023-11-21 19:59,10709,L,R_CONFIRM_POS_FROZEN,"{""signal_id"": ""L-2023-10-20 19:59-116""}"
2023-11-21 20:00,10710,L,ORDER_CREATE,"{""key"": 10709, ""level"": 36654.635, ""stop"": 36141.25, ""atr_idx"": 10709, ""atr_end_time"": 1700596799999, ""r_confirm_time"": 1700596799999}"
2023-11-21 20:00,10710,L,SIGNAL,"{""key"": 10709}"
2023-11-21 23:09,10710,L,R_INVALID,"{""key"": 10709, ""mode"": ""5M""}"
2023-11-21 23:09,10710,L,ORDER_CANCEL,"{""key"": 10709, ""reason"": ""R_INVALID"", ""level"": 36654.635}"
2023-11-22 03:59,10711,L,R_CONFIRM_POS_FROZEN,"{""signal_id"": ""L-2023-10-20 19:59-116""}"
2023-11-22 04:00,10712,L,ORDER_CREATE,"{""key"": 10711, ""level"": 36181.881, ""stop"": 35627.795, ""atr_idx"": 10711, ""atr_end_time"": 1700625599999, ""r_confirm_time"": 1700625599999}"
2023-11-22 04:00,10712,L,SIGNAL,"{""key"": 10711}"
2023-11-22 11:59,10713,L,R_REPLACED,"{""old_key"": 10711, ""new_key"": 10713}"
2023-11-22 11:59,10713,L,ORDER_CANCEL,"{""key"": 10711, ""reason"": ""R_REPLACED"", ""level"": 36181.881}"
2023-11-22 11:59,10713,L,R_CONFIRM_POS_FROZEN,"{""signal_id"": ""L-2023-10-20 19:59-116""}"
2023-11-22 12:00,10714,L,ORDER_CREATE,"{""key"": 10713, ""level"": 36009.1129, ""stop"": 35525.114, ""atr_idx"": 10713, ""atr_end_time"": 1700654399999, ""r_confirm_time"": 1700654399999}"
2023-11-22 12:00,10714,L,SIGNAL,"{""key"": 10713}"
2023-11-23 03:59,10717,L,R_REPLACED,"{""old_key"": 10713, ""new_key"": 10717}"
2023-11-23 03:59,10717,L,ORDER_CANCEL,"{""key"": 10713, ""reason"": ""R_REPLACED"", ""level"": 36009.1129}"
2023-11-23 03:59,10717,L,R_CONFIRM_POS_FROZEN,"{""signal_id"": ""L-2023-10-20 19:59-116""}"
2023-11-23 04:00,10718,L,ORDER_CREATE,"{""key"": 10717, ""level"": 36834.0423, ""stop"": 36263.4623, ""atr_idx"": 10717, ""atr_end_time"": 1700711999999, ""r_confirm_time"": 1700711999999}"
2023-11-23 04:00,10718,L,SIGNAL,"{""key"": 10717}"
2023-11-23 19:59,10721,L,R_REPLACED,"{""old_key"": 10717, ""new_key"": 10721}"
2023-11-23 19:59,10721,L,ORDER_CANCEL,"{""key"": 10717, ""reason"": ""R_REPLACED"", ""level"": 36834.0423}"
2023-11-23 19:59,10721,L,R_CONFIRM_POS_FROZEN,"{""signal_id"": ""L-2023-10-20 19:59-116""}"
2023-11-23 20:00,10722,L,ORDER_CREATE,"{""key"": 10721, ""level"": 37136.8373, ""stop"": 36759.39, ""atr_idx"": 10721, ""atr_end_time"": 1700769599999, ""r_confirm_time"": 1700769599999}"
2023-11-23 20:00,10722,L,SIGNAL,"{""key"": 10721}"
2023-11-24 03:59,10723,L,R_REPLACED,"{""old_key"": 10721, ""new_key"": 10723}"
2023-11-24 03:59,10723,L,ORDER_CANCEL,"{""key"": 10721, ""reason"": ""R_REPLACED"", ""level"": 37136.8373}"
2023-11-24 03:59,10723,L,R_CONFIRM_POS_FROZEN,"{""signal_id"": ""L-2023-10-20 19:59-116""}"
2023-11-24 04:00,10724,L,ORDER_CREATE,"{""key"": 10723, ""level"": 37164.4664, ""stop"": 36806.249, ""atr_idx"": 10723, ""atr_end_time"": 1700798399999, ""r_confirm_time"": 1700798399999}"
2023-11-24 04:00,10724,L,SIGNAL,"{""key"": 10723}"
2023-11-24 19:59,10727,L,R_REPLACED,"{""old_key"": 10723, ""new_key"": 10727}"
2023-11-24 19:59,10727,L,ORDER_CANCEL,"{""key"": 10723, ""reason"": ""R_REPLACED"", ""level"": 37164.4664}"
2023-11-24 19:59,10727,L,R_CONFIRM_POS_FROZEN,"{""signal_id"": ""L-2023-10-20 19:59-116""}"
2023-11-24 20:00,10728,L,ORDER_CREATE,"{""key"": 10727, ""level"": 37770.5363, ""stop"": 37311.6283, ""atr_idx"": 10727, ""atr_end_time"": 1700855999999, ""r_confirm_time"": 1700855999999}"
2023-11-24 20:00,10728,L,SIGNAL,"{""key"": 10727}"
2023-11-25 15:59,10732,L,R_REPLACED,"{""old_key"": 10727, ""new_key"": 10732}"
2023-11-25 15:59,10732,L,ORDER_CANCEL,"{""key"": 10727, ""reason"": ""R_REPLACED"", ""level"": 37770.5363}"
2023-11-25 15:59,10732,L,R_CONFIRM_POS_FROZEN,"{""signal_id"": ""L-2023-10-20 19:59-116""}"
2023-11-25 16:00,10733,L,ORDER_CREATE,"{""key"": 10732, ""level"": 37756.0635, ""stop"": 37437.669, ""atr_idx"": 10732, ""atr_end_time"": 1700927999999, ""r_confirm_time"": 1700927999999}"
2023-11-25 16:00,10733,L,SIGNAL,"{""key"": 10732}"
2023-11-26 12:24,10738,L,R_INVALID,"{""key"": 10732, ""mode"": ""5M""}"
2023-11-26 12:24,10738,L,ORDER_CANCEL,"{""key"": 10732, ""reason"": ""R_INVALID"", ""level"": 37756.0635}"
2023-11-26 19:59,10739,L,R_CONFIRM_POS_FROZEN,"{""signal_id"": ""L-2023-10-20 19:59-116""}"
2023-11-26 20:00,10740,L,ORDER_CREATE,"{""key"": 10739, ""level"": 37491.7239, ""stop"": 37175.139, ""atr_idx"": 10739, ""atr_end_time"": 1701028799999, ""r_confirm_time"": 1701028799999}"
2023-11-26 20:00,10740,L,SIGNAL,"{""key"": 10739}"
2023-11-27 02:44,10741,L,R_INVALID,"{""key"": 10739, ""mode"": ""5M""}"
2023-11-27 02:44,10741,L,ORDER_CANCEL,"{""key"": 10739, ""reason"": ""R_INVALID"", ""level"": 37491.7239}"
2023-11-27 03:59,10741,L,R_CONFIRM_POS_FROZEN,"{""signal_id"": ""L-2023-10-20 19:59-116""}"
2023-11-27 04:00,10742,L,ORDER_CREATE,"{""key"": 10741, ""level"": 37403.0014, ""stop"": 37038.55, ""atr_idx"": 10741, ""atr_end_time"": 1701057599999, ""r_confirm_time"": 1701057599999}"
2023-11-27 04:00,10742,L,SIGNAL,"{""key"": 10741}"
2023-11-27 07:34,10742,L,R_INVALID,"{""key"": 10741, ""mode"": ""5M""}"
2023-11-27 07:34,10742,L,ORDER_CANCEL,"{""key"": 10741, ""reason"": ""R_INVALID"", ""level"": 37403.0014}"
2023-11-27 11:59,10743,L,R_CONFIRM_POS_FROZEN,"{""signal_id"": ""L-2023-10-20 19:59-116""}"
2023-11-27 12:00,10744,L,ORDER_CREATE,"{""key"": 10743, ""level"": 37260.3868, ""stop"": 36939.847, ""atr_idx"": 10743, ""atr_end_time"": 1701086399999, ""r_confirm_time"": 1701086399999}"
2023-11-27 12:00,10744,L,SIGNAL,"{""key"": 10743}"
2023-11-27 12:04,10744,L,R_INVALID,"{""key"": 10743, ""mode"": ""5M""}"
2023-11-27 12:04,10744,L,ORDER_CANCEL,"{""key"": 10743, ""reason"": ""R_INVALID"", ""level"": 37260.3868}"
2023-11-27 19:59,10745,L,R_CONFIRM_POS_FROZEN,"{""signal_id"": ""L-2023-10-20 19:59-116""}"
2023-11-27 20:00,10746,L,ORDER_CREATE,"{""key"": 10745, ""level"": 36926.5578, ""stop"": 36604.855, ""atr_idx"": 10745, ""atr_end_time"": 1701115199999, ""r_confirm_time"": 1701115199999}"
2023-11-27 20:00,10746,L,SIGNAL,"{""key"": 10745}"
2023-11-28 03:59,10747,L,R_REPLACED,"{""old_key"": 10745, ""new_key"": 10747}"
2023-11-28 03:59,10747,L,ORDER_CANCEL,"{""key"": 10745, ""reason"": ""R_REPLACED"", ""level"": 36926.5578}"
2023-11-28 03:59,10747,L,R_CONFIRM_POS_FROZEN,"{""signal_id"": ""L-2023-10-20 19:59-116""}"
2023-11-28 04:00,10748,L,ORDER_CREATE,"{""key"": 10747, ""level"": 36967.8022, ""stop"": 36596.879, ""atr_idx"": 10747, ""atr_end_time"": 1701143999999, ""r_confirm_time"": 1701143999999}"
2023-11-28 04:00,10748,L,SIGNAL,"{""key"": 10747}"
2023-11-28 11:59,10749,L,R_REPLACED,"{""old_key"": 10747, ""new_key"": 10749}"
2023-11-28 11:59,10749,L,ORDER_CANCEL,"{""key"": 10747, ""reason"": ""R_REPLACED"", ""level"": 36967.8022}"
2023-11-28 11:59,10749,L,R_CONFIRM_POS_FROZEN,"{""signal_id"": ""L-2023-10-20 19:59-116""}"
2023-11-28 12:00,10750,L,ORDER_CREATE,"{""key"": 10749, ""level"": 37072.1859, ""stop"": 36757.8048, ""atr_idx"": 10749, ""atr_end_time"": 1701172799999, ""r_confirm_time"": 1701172799999}"
2023-11-28 12:00,10750,L,SIGNAL,"{""key"": 10749}"
2023-11-28 20:00,10752,L,ORDER_CANCEL,"{""key"": 10749, ""reason"": ""R_CHANGED"", ""level"": 37072.1859}"
2023-11-28 23:59,10752,L,R_CONFIRM_POS_FROZEN,"{""signal_id"": ""L-2023-10-20 19:59-116""}"
2023-11-29 00:00,10753,L,ORDER_CREATE,"{""key"": 10752, ""level"": 37546.3811, ""stop"": 37031.3816, ""atr_idx"": 10752, ""atr_end_time"": 1701215999999, ""r_confirm_time"": 1701215999999}"
2023-11-29 00:00,10753,L,SIGNAL,"{""key"": 10752}"
2023-11-29 07:59,10754,L,R_REPLACED,"{""old_key"": 10752, ""new_key"": 10754}"
2023-11-29 07:59,10754,L,ORDER_CANCEL,"{""key"": 10752, ""reason"": ""R_REPLACED"", ""level"": 37546.3811}"
2023-11-29 07:59,10754,L,R_CONFIRM_POS_FROZEN,"{""signal_id"": ""L-2023-10-20 19:59-116""}"
2023-11-29 08:00,10755,L,ORDER_CREATE,"{""key"": 10754, ""level"": 37917.5785, ""stop"": 37557.9571, ""atr_idx"": 10754, ""atr_end_time"": 1701244799999, ""r_confirm_time"": 1701244799999}"
2023-11-29 08:00,10755,L,SIGNAL,"{""key"": 10754}"
2023-11-29 15:09,10756,L,R_INVALID,"{""key"": 10754, ""mode"": ""5M""}"
2023-11-29 15:09,10756,L,ORDER_CANCEL,"{""key"": 10754, ""reason"": ""R_INVALID"", ""level"": 37917.5785}"
2023-11-29 19:59,10757,L,R_CONFIRM_POS_FROZEN,"{""signal_id"": ""L-2023-10-20 19:59-116""}"
2023-11-29 20:00,10758,L,ORDER_CREATE,"{""key"": 10757, ""level"": 37850.7727, ""stop"": 37457.29, ""atr_idx"": 10757, ""atr_end_time"": 1701287999999, ""r_confirm_time"": 1701287999999}"
2023-11-29 20:00,10758,L,SIGNAL,"{""key"": 10757}"
2023-11-30 03:59,10759,L,R_REPLACED,"{""old_key"": 10757, ""new_key"": 10759}"
2023-11-30 03:59,10759,L,ORDER_CANCEL,"{""key"": 10757, ""reason"": ""R_REPLACED"", ""level"": 37850.7727}"
2023-11-30 03:59,10759,L,R_CONFIRM_POS_FROZEN,"{""signal_id"": ""L-2023-10-20 19:59-116""}"
2023-11-30 04:00,10760,L,ORDER_CREATE,"{""key"": 10759, ""level"": 37805.0797, ""stop"": 37468.1074, ""atr_idx"": 10759, ""atr_end_time"": 1701316799999, ""r_confirm_time"": 1701316799999}"
2023-11-30 04:00,10760,L,SIGNAL,"{""key"": 10759}"
2023-11-30 08:44,10761,L,R_INVALID,"{""key"": 10759, ""mode"": ""5M""}"
2023-11-30 08:44,10761,L,ORDER_CANCEL,"{""key"": 10759, ""reason"": ""R_INVALID"", ""level"": 37805.0797}"
2023-11-30 19:59,10763,L,R_CONFIRM_POS_FROZEN,"{""signal_id"": ""L-2023-10-20 19:59-116""}"
2023-11-30 20:00,10764,L,ORDER_CREATE,"{""key"": 10763, ""level"": 37723.0284, ""stop"": 37387.5, ""atr_idx"": 10763, ""atr_end_time"": 1701374399999, ""r_confirm_time"": 1701374399999}"
2023-11-30 20:00,10764,L,SIGNAL,"{""key"": 10763}"
2023-12-01 07:59,10766,L,R_REPLACED,"{""old_key"": 10763, ""new_key"": 10766}"
2023-12-01 07:59,10766,L,ORDER_CANCEL,"{""key"": 10763, ""reason"": ""R_REPLACED"", ""level"": 37723.0284}"
2023-12-01 07:59,10766,L,R_CONFIRM_POS_FROZEN,"{""signal_id"": ""L-2023-10-20 19:59-116""}"
2023-12-01 08:00,10767,L,ORDER_CREATE,"{""key"": 10766, ""level"": 37840.0486, ""stop"": 37422.395, ""atr_idx"": 10766, ""atr_end_time"": 1701417599999, ""r_confirm_time"": 1701417599999}"
2023-12-01 08:00,10767,L,SIGNAL,"{""key"": 10766}"
2023-12-01 19:59,10769,L,R_REPLACED,"{""old_key"": 10766, ""new_key"": 10769}"
2023-12-01 19:59,10769,L,ORDER_CANCEL,"{""key"": 10766, ""reason"": ""R_REPLACED"", ""level"": 37840.0486}"
2023-12-01 19:59,10769,L,R_CONFIRM_POS_FROZEN,"{""signal_id"": ""L-2023-10-20 19:59-116""}"
2023-12-01 20:00,10770,L,ORDER_CREATE,"{""key"": 10769, ""level"": 38515.2241, ""stop"": 38100.355, ""atr_idx"": 10769, ""atr_end_time"": 1701460799999, ""r_confirm_time"": 1701460799999}"
2023-12-01 20:00,10770,L,SIGNAL,"{""key"": 10769}"
2023-12-02 03:59,10771,L,R_REPLACED,"{""old_key"": 10769, ""new_key"": 10771}"
2023-12-02 03:59,10771,L,ORDER_CANCEL,"{""key"": 10769, ""reason"": ""R_REPLACED"", ""level"": 38515.2241}"
2023-12-02 03:59,10771,L,R_CONFIRM_POS_FROZEN,"{""signal_id"": ""L-2023-10-20 19:59-116""}"
2023-12-02 04:00,10772,L,ORDER_CREATE,"{""key"": 10771, ""level"": 38629.7225, ""stop"": 38279.815, ""atr_idx"": 10771, ""atr_end_time"": 1701489599999, ""r_confirm_time"": 1701489599999}"
2023-12-02 04:00,10772,L,SIGNAL,"{""key"": 10771}"
2023-12-03 03:59,10777,L,R_REPLACED,"{""old_key"": 10771, ""new_key"": 10777}"
2023-12-03 03:59,10777,L,ORDER_CANCEL,"{""key"": 10771, ""reason"": ""R_REPLACED"", ""level"": 38629.7225}"
2023-12-03 03:59,10777,L,R_CONFIRM_POS_FROZEN,"{""signal_id"": ""L-2023-10-20 19:59-116""}"
2023-12-03 04:00,10778,L,ORDER_CREATE,"{""key"": 10777, ""level"": 39059.5012, ""stop"": 38587.3297, ""atr_idx"": 10777, ""atr_end_time"": 1701575999999, ""r_confirm_time"": 1701575999999}"
2023-12-03 04:00,10778,L,SIGNAL,"{""key"": 10777}"
2023-12-03 15:59,10780,L,R_REPLACED,"{""old_key"": 10777, ""new_key"": 10780}"
2023-12-03 15:59,10780,L,ORDER_CANCEL,"{""key"": 10777, ""reason"": ""R_REPLACED"", ""level"": 39059.5012}"
2023-12-03 15:59,10780,L,R_CONFIRM_POS_FROZEN,"{""signal_id"": ""L-2023-10-20 19:59-116""}"
2023-12-03 16:00,10781,L,ORDER_CREATE,"{""key"": 10780, ""level"": 39518.3931, ""stop"": 39157.0354, ""atr_idx"": 10780, ""atr_end_time"": 1701619199999, ""r_confirm_time"": 1701619199999}"
2023-12-03 16:00,10781,L,SIGNAL,"{""key"": 10780}"
2023-12-03 23:59,10782,L,R_REPLACED,"{""old_key"": 10780, ""new_key"": 10782}"
2023-12-03 23:59,10782,L,ORDER_CANCEL,"{""key"": 10780, ""reason"": ""R_REPLACED"", ""level"": 39518.3931}"
2023-12-03 23:59,10782,L,R_CONFIRM_POS_FROZEN,"{""signal_id"": ""L-2023-10-20 19:59-116""}"
2023-12-04 00:00,10783,L,ORDER_CREATE,"{""key"": 10782, ""level"": 39705.1028, ""stop"": 39263.196, ""atr_idx"": 10782, ""atr_end_time"": 1701647999999, ""r_confirm_time"": 1701647999999}"
2023-12-04 00:00,10783,L,SIGNAL,"{""key"": 10782}"
2023-12-04 07:59,10784,L,R_REPLACED,"{""old_key"": 10782, ""new_key"": 10784}"
2023-12-04 07:59,10784,L,ORDER_CANCEL,"{""key"": 10782, ""reason"": ""R_REPLACED"", ""level"": 39705.1028}"
2023-12-04 07:59,10784,L,R_CONFIRM_POS_FROZEN,"{""signal_id"": ""L-2023-10-20 19:59-116""}"
2023-12-04 08:00,10785,L,ORDER_CREATE,"{""key"": 10784, ""level"": 40191.6912, ""stop"": 39434.3211, ""atr_idx"": 10784, ""atr_end_time"": 1701676799999, ""r_confirm_time"": 1701676799999}"
2023-12-04 08:00,10785,L,SIGNAL,"{""key"": 10784}"
2023-12-04 15:59,10786,L,R_REPLACED,"{""old_key"": 10784, ""new_key"": 10786}"
2023-12-04 15:59,10786,L,ORDER_CANCEL,"{""key"": 10784, ""reason"": ""R_REPLACED"", ""level"": 40191.6912}"
2023-12-04 15:59,10786,L,R_CONFIRM_POS_FROZEN,"{""signal_id"": ""L-2023-10-20 19:59-116""}"
2023-12-04 16:00,10787,L,ORDER_CREATE,"{""key"": 10786, ""level"": 41166.4699, ""stop"": 40577.9, ""atr_idx"": 10786, ""atr_end_time"": 1701705599999, ""r_confirm_time"": 1701705599999}"
2023-12-04 16:00,10787,L,SIGNAL,"{""key"": 10786}"
2023-12-04 23:59,10788,L,R_REPLACED,"{""old_key"": 10786, ""new_key"": 10788}"
2023-12-04 23:59,10788,L,ORDER_CANCEL,"{""key"": 10786, ""reason"": ""R_REPLACED"", ""level"": 41166.4699}"
2023-12-04 23:59,10788,L,R_CONFIRM_POS_FROZEN,"{""signal_id"": ""L-2023-10-20 19:59-116""}"
2023-12-05 00:00,10789,L,ORDER_CREATE,"{""key"": 10788, ""level"": 41570.1381, ""stop"": 41021.4354, ""atr_idx"": 10788, ""atr_end_time"": 1701734399999, ""r_confirm_time"": 1701734399999}"
2023-12-05 00:00,10789,L,SIGNAL,"{""key"": 10788}"
2023-12-05 15:59,10792,L,R_REPLACED,"{""old_key"": 10788, ""new_key"": 10792}"
2023-12-05 15:59,10792,L,ORDER_CANCEL,"{""key"": 10788, ""reason"": ""R_REPLACED"", ""level"": 41570.1381}"
2023-12-05 15:59,10792,L,R_CONFIRM_POS_FROZEN,"{""signal_id"": ""L-2023-10-20 19:59-116""}"
2023-12-05 16:00,10793,L,ORDER_CREATE,"{""key"": 10792, ""level"": 41794.5968, ""stop"": 41289.758, ""atr_idx"": 10792, ""atr_end_time"": 1701791999999, ""r_confirm_time"": 1701791999999}"
2023-12-05 16:00,10793,L,SIGNAL,"{""key"": 10792}"
2023-12-05 23:59,10794,L,R_REPLACED,"{""old_key"": 10792, ""new_key"": 10794}"
2023-12-05 23:59,10794,L,ORDER_CANCEL,"{""key"": 10792, ""reason"": ""R_REPLACED"", ""level"": 41794.5968}"
2023-12-05 23:59,10794,L,R_CONFIRM_POS_FROZEN,"{""signal_id"": ""L-2023-10-20 19:59-116""}"
2023-12-06 00:00,10795,L,ORDER_CREATE,"{""key"": 10794, ""level"": 42480.4442, ""stop"": 41568.918, ""atr_idx"": 10794, ""atr_end_time"": 1701820799999, ""r_confirm_time"": 1701820799999}"
2023-12-06 00:00,10795,L,SIGNAL,"{""key"": 10794}"
2023-12-06 11:59,10797,L,R_REPLACED,"{""old_key"": 10794, ""new_key"": 10797}"
2023-12-06 11:59,10797,L,ORDER_CANCEL,"{""key"": 10794, ""reason"": ""R_REPLACED"", ""level"": 42480.4442}"
2023-12-06 11:59,10797,L,R_CONFIRM_POS_FROZEN,"{""signal_id"": ""L-2023-10-20 19:59-116""}"
2023-12-06 12:00,10798,L,ORDER_CREATE,"{""key"": 10797, ""level"": 43739.504, ""stop"": 43265.802, ""atr_idx"": 10797, ""atr_end_time"": 1701863999999, ""r_confirm_time"": 1701863999999}"
2023-12-06 12:00,10798,L,SIGNAL,"{""key"": 10797}"
2023-12-06 19:59,10799,L,R_REPLACED,"{""old_key"": 10797, ""new_key"": 10799}"
2023-12-06 19:59,10799,L,ORDER_CANCEL,"{""key"": 10797, ""reason"": ""R_REPLACED"", ""level"": 43739.504}"
2023-12-06 19:59,10799,L,R_CONFIRM_POS_FROZEN,"{""signal_id"": ""L-2023-10-20 19:59-116""}"
2023-12-06 20:00,10800,L,ORDER_CREATE,"{""key"": 10799, ""level"": 43688.9039, ""stop"": 43205.2742, ""atr_idx"": 10799, ""atr_end_time"": 1701892799999, ""r_confirm_time"": 1701892799999}"
2023-12-06 20:00,10800,L,SIGNAL,"{""key"": 10799}"
2023-12-07 09:19,10803,L,R_INVALID,"{""key"": 10799, ""mode"": ""5M""}"
2023-12-07 09:19,10803,L,ORDER_CANCEL,"{""key"": 10799, ""reason"": ""R_INVALID"", ""level"": 43688.9039}"
2023-12-07 15:59,10804,L,R_CONFIRM_POS_FROZEN,"{""signal_id"": ""L-2023-10-20 19:59-116""}"
2023-12-07 16:00,10805,L,ORDER_CREATE,"{""key"": 10804, ""level"": 43210.8653, ""stop"": 42692.6367, ""atr_idx"": 10804, ""atr_end_time"": 1701964799999, ""r_confirm_time"": 1701964799999}"
2023-12-07 16:00,10805,L,SIGNAL,"{""key"": 10804}"
2023-12-07 23:59,10806,L,R_REPLACED,"{""old_key"": 10804, ""new_key"": 10806}"
2023-12-07 23:59,10806,L,ORDER_CANCEL,"{""key"": 10804, ""reason"": ""R_REPLACED"", ""level"": 43210.8653}"
2023-12-07 23:59,10806,L,R_CONFIRM_POS_FROZEN,"{""signal_id"": ""L-2023-10-20 19:59-116""}"
2023-12-08 00:00,10807,L,ORDER_CREATE,"{""key"": 10806, ""level"": 43273.2929, ""stop"": 42826.135, ""atr_idx"": 10806, ""atr_end_time"": 1701993599999, ""r_confirm_time"": 1701993599999}"
2023-12-08 00:00,10807,L,SIGNAL,"{""key"": 10806}"
2023-12-08 11:59,10809,L,R_REPLACED,"{""old_key"": 10806, ""new_key"": 10809}"
2023-12-08 11:59,10809,L,ORDER_CANCEL,"{""key"": 10806, ""reason"": ""R_REPLACED"", ""level"": 43273.2929}"
2023-12-08 11:59,10809,L,R_CONFIRM_POS_FROZEN,"{""signal_id"": ""L-2023-10-20 19:59-116""}"
2023-12-08 12:00,10810,L,ORDER_CREATE,"{""key"": 10809, ""level"": 43363.021, ""stop"": 42950.7401, ""atr_idx"": 10809, ""atr_end_time"": 1702036799999, ""r_confirm_time"": 1702036799999}"
2023-12-08 12:00,10810,L,SIGNAL,"{""key"": 10809}"
2023-12-08 19:59,10811,L,R_REPLACED,"{""old_key"": 10809, ""new_key"": 10811}"
2023-12-08 19:59,10811,L,ORDER_CANCEL,"{""key"": 10809, ""reason"": ""R_REPLACED"", ""level"": 43363.021}"
2023-12-08 19:59,10811,L,R_CONFIRM_POS_FROZEN,"{""signal_id"": ""L-2023-10-20 19:59-116""}"
2023-12-08 20:00,10812,L,ORDER_CREATE,"{""key"": 10811, ""level"": 43434.9934, ""stop"": 42951.8567, ""atr_idx"": 10811, ""atr_end_time"": 1702065599999, ""r_confirm_time"": 1702065599999}"
2023-12-08 20:00,10812,L,SIGNAL,"{""key"": 10811}"
2023-12-09 23:59,10818,L,R_REPLACED,"{""old_key"": 10811, ""new_key"": 10818}"
2023-12-09 23:59,10818,L,ORDER_CANCEL,"{""key"": 10811, ""reason"": ""R_REPLACED"", ""level"": 43434.9934}"
2023-12-09 23:59,10818,L,R_CONFIRM_POS_FROZEN,"{""signal_id"": ""L-2023-10-20 19:59-116""}"
2023-12-10 00:00,10819,L,ORDER_CREATE,"{""key"": 10818, ""level"": 43962.7868, ""stop"": 43588.84, ""atr_idx"": 10818, ""atr_end_time"": 1702166399999, ""r_confirm_time"": 1702166399999}"
2023-12-10 00:00,10819,L,SIGNAL,"{""key"": 10818}"
2023-12-10 00:04,10819,L,R_INVALID,"{""key"": 10818, ""mode"": ""5M""}"
2023-12-10 00:04,10819,L,ORDER_CANCEL,"{""key"": 10818, ""reason"": ""R_INVALID"", ""level"": 43962.7868}"
2023-12-10 07:59,10820,L,R_CONFIRM_POS_FROZEN,"{""signal_id"": ""L-2023-10-20 19:59-116""}"
2023-12-10 08:00,10821,L,ORDER_CREATE,"{""key"": 10820, ""level"": 43817.4007, ""stop"": 43453.7565, ""atr_idx"": 10820, ""atr_end_time"": 1702195199999, ""r_confirm_time"": 1702195199999}"
2023-12-10 08:00,10821,L,SIGNAL,"{""key"": 10820}"
2023-12-10 15:59,10822,L,R_REPLACED,"{""old_key"": 10820, ""new_key"": 10822}"
2023-12-10 15:59,10822,L,ORDER_CANCEL,"{""key"": 10820, ""reason"": ""R_REPLACED"", ""level"": 43817.4007}"
2023-12-10 15:59,10822,L,R_CONFIRM_POS_FROZEN,"{""signal_id"": ""L-2023-10-20 19:59-116""}"
2023-12-10 16:00,10823,L,ORDER_CREATE,"{""key"": 10822, ""level"": 43840.0551, ""stop"": 43473.0684, ""atr_idx"": 10822, ""atr_end_time"": 1702223999999, ""r_confirm_time"": 1702223999999}"
2023-12-10 16:00,10823,L,SIGNAL,"{""key"": 10822}"
2023-12-10 23:19,10824,L,R_INVALID,"{""key"": 10822, ""mode"": ""5M""}"
2023-12-10 23:19,10824,L,ORDER_CANCEL,"{""key"": 10822, ""reason"": ""R_INVALID"", ""level"": 43840.0551}"
2023-12-11 07:59,10826,L,R_CONFIRM_POS_FROZEN,"{""signal_id"": ""L-2023-10-20 19:59-116""}"
2023-12-11 08:00,10827,L,ORDER_CREATE,"{""key"": 10826, ""level"": 41327.0724, ""stop"": 40278.8, ""atr_idx"": 10826, ""atr_end_time"": 1702281599999, ""r_confirm_time"": 1702281599999}"
2023-12-11 08:00,10827,L,SIGNAL,"{""key"": 10826}"
2023-12-11 15:59,10828,L,R_REPLACED,"{""old_key"": 10826, ""new_key"": 10828}"
2023-12-11 15:59,10828,L,ORDER_CANCEL,"{""key"": 10826, ""reason"": ""R_REPLACED"", ""level"": 41327.0724}"
2023-12-11 15:59,10828,L,R_CONFIRM_POS_FROZEN,"{""signal_id"": ""L-2023-10-20 19:59-116""}"
2023-12-11 16:00,10829,L,ORDER_CREATE,"{""key"": 10828, ""level"": 41948.6893, ""stop"": 41495.14, ""atr_idx"": 10828, ""atr_end_time"": 1702310399999, ""r_confirm_time"": 1702310399999}"
2023-12-11 16:00,10829,L,SIGNAL,"{""key"": 10828}"
2023-12-11 16:14,10829,L,R_INVALID,"{""key"": 10828, ""mode"": ""5M""}"
2023-12-11 16:14,10829,L,ORDER_CANCEL,"{""key"": 10828, ""reason"": ""R_INVALID"", ""level"": 41948.6893}"
2023-12-11 23:59,10830,L,R_CONFIRM_POS_FROZEN,"{""signal_id"": ""L-2023-10-20 19:59-116""}"
2023-12-12 00:00,10831,L,D_DISARM,"{""day"": ""2023-12-11"", ""P0"": 34800.0, ""H1"": 37980.0}"
2023-12-12 07:59,10832,L,R_CONFIRM_POS_FROZEN,"{""signal_id"": ""L-2023-10-20 19:59-116""}"
2023-12-12 19:59,10835,L,R_CONFIRM_POS_FROZEN,"{""signal_id"": ""L-2023-10-20 19:59-116""}"
2023-12-13 00:00,10837,L,D_ARM,"{""day"": ""2023-12-12"", ""P0"": 40222.0, ""H1"": 43804.5}"
2023-12-13 11:59,10839,L,R_CONFIRM_POS_FROZEN,"{""signal_id"": ""L-2023-10-20 19:59-116""}"
2023-12-13 12:00,10840,L,ORDER_CREATE,"{""key"": 10839, ""level"": 40901.7743, ""stop"": 40433.335, ""atr_idx"": 10839, ""atr_end_time"": 1702468799999, ""r_confirm_time"": 1702468799999}"
2023-12-13 12:00,10840,L,SIGNAL,"{""key"": 10839}"
2023-12-13 23:59,10842,L,R_REPLACED,"{""old_key"": 10839, ""new_key"": 10842}"
2023-12-13 23:59,10842,L,ORDER_CANCEL,"{""key"": 10839, ""reason"": ""R_REPLACED"", ""level"": 40901.7743}"
2023-12-13 23:59,10842,L,R_CONFIRM_POS_FROZEN,"{""signal_id"": ""L-2023-10-20 19:59-116""}"
2023-12-14 00:00,10843,L,ORDER_CREATE,"{""key"": 10842, ""level"": 41696.639, ""stop"": 40861.048, ""atr_idx"": 10842, ""atr_end_time"": 1702511999999, ""r_confirm_time"": 1702511999999}"
2023-12-14 00:00,10843,L,SIGNAL,"{""key"": 10842}"
2023-12-14 11:59,10845,L,R_REPLACED,"{""old_key"": 10842, ""new_key"": 10845}"
2023-12-14 11:59,10845,L,ORDER_CANCEL,"{""key"": 10842, ""reason"": ""R_REPLACED"", ""level"": 41696.639}"
2023-12-14 11:59,10845,L,R_CONFIRM_POS_FROZEN,"{""signal_id"": ""L-2023-10-20 19:59-116""}"
2023-12-14 12:00,10846,L,ORDER_CREATE,"{""key"": 10845, ""level"": 42874.3374, ""stop"": 42443.8553, ""atr_idx"": 10845, ""atr_end_time"": 1702555199999, ""r_confirm_time"": 1702555199999}"
2023-12-14 12:00,10846,L,SIGNAL,"{""key"": 10845}"
2023-12-14 13:29,10846,L,R_INVALID,"{""key"": 10845, ""mode"": ""5M""}"
2023-12-14 13:29,10846,L,ORDER_CANCEL,"{""key"": 10845, ""reason"": ""R_INVALID"", ""level"": 42874.3374}"
2023-12-14 19:59,10847,L,R_CONFIRM_POS_FROZEN,"{""signal_id"": ""L-2023-10-20 19:59-116""}"
2023-12-14 20:00,10848,L,ORDER_CREATE,"{""key"": 10847, ""level"": 42002.3502, ""stop"": 41275.8, ""atr_idx"": 10847, ""atr_end_time"": 1702583999999, ""r_confirm_time"": 1702583999999}"
2023-12-14 20:00,10848,L,SIGNAL,"{""key"": 10847}"
2023-12-15 11:59,10851,L,R_REPLACED,"{""old_key"": 10847, ""new_key"": 10851}"
2023-12-15 11:59,10851,L,ORDER_CANCEL,"{""key"": 10847, ""reason"": ""R_REPLACED"", ""level"": 42002.3502}"
2023-12-15 11:59,10851,L,R_CONFIRM_POS_FROZEN,"{""signal_id"": ""L-2023-10-20 19:59-116""}"
2023-12-15 12:00,10852,L,ORDER_CREATE,"{""key"": 10851, ""level"": 42748.7578, ""stop"": 42320.9352, ""atr_idx"": 10851, ""atr_end_time"": 1702641599999, ""r_confirm_time"": 1702641599999}"
2023-12-15 12:00,10852,L,SIGNAL,"{""key"": 10851}"
2023-12-15 13:09,10852,L,R_INVALID,"{""key"": 10851, ""mode"": ""5M""}"
2023-12-15 13:09,10852,L,ORDER_CANCEL,"{""key"": 10851, ""reason"": ""R_INVALID"", ""level"": 42748.7578}"
2023-12-15 19:59,10853,L,R_CONFIRM_POS_FROZEN,"{""signal_id"": ""L-2023-10-20 19:59-116""}"
2023-12-15 20:00,10854,L,ORDER_CREATE,"{""key"": 10853, ""level"": 42056.4045, ""stop"": 41541.002, ""atr_idx"": 10853, ""atr_end_time"": 1702670399999, ""r_confirm_time"": 1702670399999}"
2023-12-15 20:00,10854,L,SIGNAL,"{""key"": 10853}"
2023-12-16 00:39,10855,L,R_INVALID,"{""key"": 10853, ""mode"": ""5M""}"
2023-12-16 00:39,10855,L,ORDER_CANCEL,"{""key"": 10853, ""reason"": ""R_INVALID"", ""level"": 42056.4045}"
2023-12-16 03:59,10855,L,R_CONFIRM_POS_FROZEN,"{""signal_id"": ""L-2023-10-20 19:59-116""}"
2023-12-16 04:00,10856,L,ORDER_CREATE,"{""key"": 10855, ""level"": 41990.4008, ""stop"": 41571.0017, ""atr_idx"": 10855, ""atr_end_time"": 1702699199999, ""r_confirm_time"": 1702699199999}"
2023-12-16 04:00,10856,L,SIGNAL,"{""key"": 10855}"
2023-12-16 11:59,10857,L,R_REPLACED,"{""old_key"": 10855, ""new_key"": 10857}"
2023-12-16 11:59,10857,L,ORDER_CANCEL,"{""key"": 10855, ""reason"": ""R_REPLACED"", ""level"": 41990.4008}"
2023-12-16 11:59,10857,L,R_CONFIRM_POS_FROZEN,"{""signal_id"": ""L-2023-10-20 19:59-116""}"
2023-12-16 12:00,10858,L,ORDER_CREATE,"{""key"": 10857, ""level"": 41907.8762, ""stop"": 41480.185, ""atr_idx"": 10857, ""atr_end_time"": 1702727999999, ""r_confirm_time"": 1702727999999}"
2023-12-16 12:00,10858,L,SIGNAL,"{""key"": 10857}"
2023-12-17 14:39,10864,L,R_INVALID,"{""key"": 10857, ""mode"": ""5M""}"
2023-12-17 14:39,10864,L,ORDER_CANCEL,"{""key"": 10857, ""reason"": ""R_INVALID"", ""level"": 41907.8762}"
2023-12-17 19:59,10865,L,R_CONFIRM_POS_FROZEN,"{""signal_id"": ""L-2023-10-20 19:59-116""}"
2023-12-17 20:00,10866,L,ORDER_CREATE,"{""key"": 10865, ""level"": 41850.8977, ""stop"": 41385.47, ""atr_idx"": 10865, ""atr_end_time"": 1702843199999, ""r_confirm_time"": 1702843199999}"
2023-12-17 20:00,10866,L,SIGNAL,"{""key"": 10865}"
2023-12-17 23:34,10866,L,R_INVALID,"{""key"": 10865, ""mode"": ""5M""}"
2023-12-17 23:34,10866,L,ORDER_CANCEL,"{""key"": 10865, ""reason"": ""R_INVALID"", ""level"": 41850.8977}"
2023-12-18 03:59,10867,L,R_CONFIRM_POS_FROZEN,"{""signal_id"": ""L-2023-10-20 19:59-116""}"
2023-12-18 04:00,10868,L,ORDER_CREATE,"{""key"": 10867, ""level"": 41597.994, ""stop"": 41128.244, ""atr_idx"": 10867, ""atr_end_time"": 1702871999999, ""r_confirm_time"": 1702871999999}"
2023-12-18 04:00,10868,L,SIGNAL,"{""key"": 10867}"
2023-12-18 04:04,10868,L,R_INVALID,"{""key"": 10867, ""mode"": ""5M""}"
2023-12-18 04:04,10868,L,ORDER_CANCEL,"{""key"": 10867, ""reason"": ""R_INVALID"", ""level"": 41597.994}"
2023-12-18 11:59,10869,L,R_CONFIRM_POS_FROZEN,"{""signal_id"": ""L-2023-10-20 19:59-116""}"
2023-12-18 12:00,10870,L,ORDER_CREATE,"{""key"": 10869, ""level"": 41044.4531, ""stop"": 40678.597, ""atr_idx"": 10869, ""atr_end_time"": 1702900799999, ""r_confirm_time"": 1702900799999}"
2023-12-18 12:00,10870,L,SIGNAL,"{""key"": 10869}"
2023-12-18 19:59,10871,L,R_REPLACED,"{""old_key"": 10869, ""new_key"": 10871}"
2023-12-18 19:59,10871,L,ORDER_CANCEL,"{""key"": 10869, ""reason"": ""R_REPLACED"", ""level"": 41044.4531}"
2023-12-18 19:59,10871,L,R_CONFIRM_POS_FROZEN,"{""signal_id"": ""L-2023-10-20 19:59-116""}"
2023-12-18 20:00,10872,L,ORDER_CREATE,"{""key"": 10871, ""level"": 40950.2819, ""stop"": 40421.3012, ""atr_idx"": 10871, ""atr_end_time"": 1702929599999, ""r_confirm_time"": 1702929599999}"
2023-12-18 20:00,10872,L,SIGNAL,"{""key"": 10871}"
2023-12-19 03:59,10873,L,R_REPLACED,"{""old_key"": 10871, ""new_key"": 10873}"
2023-12-19 03:59,10873,L,ORDER_CANCEL,"{""key"": 10871, ""reason"": ""R_REPLACED"", ""level"": 40950.2819}"
2023-12-19 03:59,10873,L,R_CONFIRM_POS_FROZEN,"{""signal_id"": ""L-2023-10-20 19:59-116""}"
2023-12-19 04:00,10874,L,ORDER_CREATE,"{""key"": 10873, ""level"": 41826.5745, ""stop"": 41023.3895, ""atr_idx"": 10873, ""atr_end_time"": 1702958399999, ""r_confirm_time"": 1702958399999}"
2023-12-19 04:00,10874,L,SIGNAL,"{""key"": 10873}"
2023-12-19 11:59,10875,L,R_REPLACED,"{""old_key"": 10873, ""new_key"": 10875}"
2023-12-19 11:59,10875,L,ORDER_CANCEL,"{""key"": 10873, ""reason"": ""R_REPLACED"", ""level"": 41826.5745}"
2023-12-19 11:59,10875,L,R_CONFIRM_POS_FROZEN,"{""signal_id"": ""L-2023-10-20 19:59-116""}"
2023-12-19 12:00,10876,L,ORDER_CREATE,"{""key"": 10875, ""level"": 42861.3372, ""stop"": 42439.9869, ""atr_idx"": 10875, ""atr_end_time"": 1702987199999, ""r_confirm_time"": 1702987199999}"
2023-12-19 12:00,10876,L,SIGNAL,"{""key"": 10875}"
2023-12-19 14:14,10876,L,R_INVALID,"{""key"": 10875, ""mode"": ""5M""}"
2023-12-19 14:14,10876,L,ORDER_CANCEL,"{""key"": 10875, ""reason"": ""R_INVALID"", ""level"": 42861.3372}"
2023-12-19 19:59,10877,L,R_CONFIRM_POS_FROZEN,"{""signal_id"": ""L-2023-10-20 19:59-116""}"
2023-12-19 20:00,10878,L,ORDER_CREATE,"{""key"": 10877, ""level"": 42550.2164, ""stop"": 42105.304, ""atr_idx"": 10877, ""atr_end_time"": 1703015999999, ""r_confirm_time"": 1703015999999}"
2023-12-19 20:00,10878,L,SIGNAL,"{""key"": 10877}"
2023-12-19 20:34,10878,L,R_INVALID,"{""key"": 10877, ""mode"": ""5M""}"
2023-12-19 20:34,10878,L,ORDER_CANCEL,"{""key"": 10877, ""reason"": ""R_INVALID"", ""level"": 42550.2164}"
2023-12-20 03:59,10879,L,R_CONFIRM_POS_FROZEN,"{""signal_id"": ""L-2023-10-20 19:59-116""}"
2023-12-20 04:00,10880,L,ORDER_CREATE,"{""key"": 10879, ""level"": 42106.3879, ""stop"": 41685.6667, ""atr_idx"": 10879, ""atr_end_time"": 1703044799999, ""r_confirm_time"": 1703044799999}"
2023-12-20 04:00,10880,L,SIGNAL,"{""key"": 10879}"
2023-12-20 15:59,10882,L,R_REPLACED,"{""old_key"": 10879, ""new_key"": 10882}"
2023-12-20 15:59,10882,L,ORDER_CANCEL,"{""key"": 10879, ""reason"": ""R_REPLACED"", ""level"": 42106.3879}"
2023-12-20 15:59,10882,L,R_CONFIRM_POS_FROZEN,"{""signal_id"": ""L-2023-10-20 19:59-116""}"
2023-12-20 16:00,10883,L,ORDER_CREATE,"{""key"": 10882, ""level"": 42954.6451, ""stop"": 42249.0216, ""atr_idx"": 10882, ""atr_end_time"": 1703087999999, ""r_confirm_time"": 1703087999999}"
2023-12-20 16:00,10883,L,SIGNAL,"{""key"": 10882}"
2023-12-20 23:59,10884,L,R_REPLACED,"{""old_key"": 10882, ""new_key"": 10884}"
2023-12-20 23:59,10884,L,ORDER_CANCEL,"{""key"": 10882, ""reason"": ""R_REPLACED"", ""level"": 42954.6451}"
2023-12-20 23:59,10884,L,R_CONFIRM_POS_FROZEN,"{""signal_id"": ""L-2023-10-20 19:59-116""}"
2023-12-21 00:00,10885,L,ORDER_CREATE,"{""key"": 10884, ""level"": 43238.9213, ""stop"": 42629.048, ""atr_idx"": 10884, ""atr_end_time"": 1703116799999, ""r_confirm_time"": 1703116799999}"
2023-12-21 00:00,10885,L,SIGNAL,"{""key"": 10884}"
2023-12-21 07:59,10886,L,R_REPLACED,"{""old_key"": 10884, ""new_key"": 10886}"
2023-12-21 07:59,10886,L,ORDER_CANCEL,"{""key"": 10884, ""reason"": ""R_REPLACED"", ""level"": 43238.9213}"
2023-12-21 07:59,10886,L,R_CONFIRM_POS_FROZEN,"{""signal_id"": ""L-2023-10-20 19:59-116""}"
2023-12-21 08:00,10887,L,ORDER_CREATE,"{""key"": 10886, ""level"": 43513.1479, ""stop"": 43100.4795, ""atr_idx"": 10886, ""atr_end_time"": 1703145599999, ""r_confirm_time"": 1703145599999}"
2023-12-21 08:00,10887,L,SIGNAL,"{""key"": 10886}"
2023-12-21 19:59,10889,L,R_REPLACED,"{""old_key"": 10886, ""new_key"": 10889}"
2023-12-21 19:59,10889,L,ORDER_CANCEL,"{""key"": 10886, ""reason"": ""R_REPLACED"", ""level"": 43513.1479}"
2023-12-21 19:59,10889,L,R_CONFIRM_POS_FROZEN,"{""signal_id"": ""L-2023-10-20 19:59-116""}"
2023-12-21 20:00,10890,L,ORDER_CREATE,"{""key"": 10889, ""level"": 43714.2651, ""stop"": 43249.86, ""atr_idx"": 10889, ""atr_end_time"": 1703188799999, ""r_confirm_time"": 1703188799999}"
2023-12-21 20:00,10890,L,SIGNAL,"{""key"": 10889}"
2023-12-22 03:59,10891,L,R_REPLACED,"{""old_key"": 10889, ""new_key"": 10891}"
2023-12-22 03:59,10891,L,ORDER_CANCEL,"{""key"": 10889, ""reason"": ""R_REPLACED"", ""level"": 43714.2651}"
2023-12-22 03:59,10891,L,R_CONFIRM_POS_FROZEN,"{""signal_id"": ""L-2023-10-20 19:59-116""}"
2023-12-22 04:00,10892,L,ORDER_CREATE,"{""key"": 10891, ""level"": 43708.9563, ""stop"": 43240.2888, ""atr_idx"": 10891, ""atr_end_time"": 1703217599999, ""r_confirm_time"": 1703217599999}"
2023-12-22 04:00,10892,L,SIGNAL,"{""key"": 10891}"
2023-12-22 11:59,10893,L,R_REPLACED,"{""old_key"": 10891, ""new_key"": 10893}"
2023-12-22 11:59,10893,L,ORDER_CANCEL,"{""key"": 10891, ""reason"": ""R_REPLACED"", ""level"": 43708.9563}"
2023-12-22 11:59,10893,L,R_CONFIRM_POS_FROZEN,"{""signal_id"": ""L-2023-10-20 19:59-116""}"
2023-12-22 12:00,10894,L,ORDER_CREATE,"{""key"": 10893, ""level"": 43869.5394, ""stop"": 43403.8666, ""atr_idx"": 10893, ""atr_end_time"": 1703246399999, ""r_confirm_time"": 1703246399999}"
2023-12-22 12:00,10894,L,SIGNAL,"{""key"": 10893}"
2023-12-22 12:54,10894,L,R_INVALID,"{""key"": 10893, ""mode"": ""5M""}"
2023-12-22 12:54,10894,L,ORDER_CANCEL,"{""key"": 10893, ""reason"": ""R_INVALID"", ""level"": 43869.5394}"
2023-12-22 23:59,10896,L,R_CONFIRM_POS_FROZEN,"{""signal_id"": ""L-2023-10-20 19:59-116""}"
2023-12-23 00:00,10897,L,ORDER_CREATE,"{""key"": 10896, ""level"": 43693.234, ""stop"": 43282.3024, ""atr_idx"": 10896, ""atr_end_time"": 1703289599999, ""r_confirm_time"": 1703289599999}"
2023-12-23 00:00,10897,L,SIGNAL,"{""key"": 10896}"
2023-12-23 04:09,10898,L,R_INVALID,"{""key"": 10896, ""mode"": ""5M""}"
2023-12-23 04:09,10898,L,ORDER_CANCEL,"{""key"": 10896, ""reason"": ""R_INVALID"", ""level"": 43693.234}"
2023-12-23 07:59,10898,L,R_CONFIRM_POS_FROZEN,"{""signal_id"": ""L-2023-10-20 19:59-116""}"
2023-12-23 08:00,10899,L,ORDER_CREATE,"{""key"": 10898, ""level"": 43712.4576, ""stop"": 43325.632, ""atr_idx"": 10898, ""atr_end_time"": 1703318399999, ""r_confirm_time"": 1703318399999}"
2023-12-23 08:00,10899,L,SIGNAL,"{""key"": 10898}"
2023-12-23 15:59,10900,L,R_REPLACED,"{""old_key"": 10898, ""new_key"": 10900}"
2023-12-23 15:59,10900,L,ORDER_CANCEL,"{""key"": 10898, ""reason"": ""R_REPLACED"", ""level"": 43712.4576}"
2023-12-23 15:59,10900,L,R_CONFIRM_POS_FROZEN,"{""signal_id"": ""L-2023-10-20 19:59-116""}"
2023-12-23 16:00,10901,L,ORDER_CREATE,"{""key"": 10900, ""level"": 43554.6896, ""stop"": 43161.2267, ""atr_idx"": 10900, ""atr_end_time"": 1703347199999, ""r_confirm_time"": 1703347199999}"
2023-12-23 16:00,10901,L,SIGNAL,"{""key"": 10900}"
2023-12-24 11:59,10905,L,R_REPLACED,"{""old_key"": 10900, ""new_key"": 10905}"
2023-12-24 11:59,10905,L,ORDER_CANCEL,"{""key"": 10900, ""reason"": ""R_REPLACED"", ""level"": 43554.6896}"
2023-12-24 11:59,10905,L,R_CONFIRM_POS_FROZEN,"{""signal_id"": ""L-2023-10-20 19:59-116""}"
2023-12-24 12:00,10906,L,ORDER_CREATE,"{""key"": 10905, ""level"": 43660.2089, ""stop"": 43270.797, ""atr_idx"": 10905, ""atr_end_time"": 1703419199999, ""r_confirm_time"": 1703419199999}"
2023-12-24 12:00,10906,L,SIGNAL,"{""key"": 10905}"
2023-12-24 19:59,10907,L,R_REPLACED,"{""old_key"": 10905, ""new_key"": 10907}"
2023-12-24 19:59,10907,L,ORDER_CANCEL,"{""key"": 10905, ""reason"": ""R_REPLACED"", ""level"": 43660.2089}"
2023-12-24 19:59,10907,L,R_CONFIRM_POS_FROZEN,"{""signal_id"": ""L-2023-10-20 19:59-116""}"
2023-12-24 20:00,10908,L,ORDER_CREATE,"{""key"": 10907, ""level"": 43643.8829, ""stop"": 43274.785, ""atr_idx"": 10907, ""atr_end_time"": 1703447999999, ""r_confirm_time"": 1703447999999}"
2023-12-24 20:00,10908,L,SIGNAL,"{""key"": 10907}"
2023-12-24 22:14,10908,L,R_INVALID,"{""key"": 10907, ""mode"": ""5M""}"
2023-12-24 22:14,10908,L,ORDER_CANCEL,"{""key"": 10907, ""reason"": ""R_INVALID"", ""level"": 43643.8829}"
2023-12-25 03:59,10909,L,R_CONFIRM_POS_FROZEN,"{""signal_id"": ""L-2023-10-20 19:59-116""}"
2023-12-25 04:00,10910,L,ORDER_CREATE,"{""key"": 10909, ""level"": 42892.1585, ""stop"": 42372.5, ""atr_idx"": 10909, ""atr_end_time"": 1703476799999, ""r_confirm_time"": 1703476799999}"
2023-12-25 04:00,10910,L,SIGNAL,"{""key"": 10909}"
2023-12-25 11:59,10911,L,R_REPLACED,"{""old_key"": 10909, ""new_key"": 10911}"
2023-12-25 11:59,10911,L,ORDER_CANCEL,"{""key"": 10909, ""reason"": ""R_REPLACED"", ""level"": 42892.1585}"
2023-12-25 11:59,10911,L,R_CONFIRM_POS_FROZEN,"{""signal_id"": ""L-2023-10-20 19:59-116""}"
2023-12-25 12:00,10912,L,ORDER_CREATE,"{""key"": 10911, ""level"": 42994.0957, ""stop"": 42592.2687, ""atr_idx"": 10911, ""atr_end_time"": 1703505599999, ""r_confirm_time"": 1703505599999}"
2023-12-25 12:00,10912,L,SIGNAL,"{""key"": 10911}"
2023-12-25 23:59,10914,L,R_REPLACED,"{""old_key"": 10911, ""new_key"": 10914}"
2023-12-25 23:59,10914,L,ORDER_CANCEL,"{""key"": 10911, ""reason"": ""R_REPLACED"", ""level"": 42994.0957}"
2023-12-25 23:59,10914,L,R_CONFIRM_POS_FROZEN,"{""signal_id"": ""L-2023-10-20 19:59-116""}"
2023-12-26 00:00,10915,L,ORDER_CREATE,"{""key"": 10914, ""level"": 43360.968, ""stop"": 42950.77, ""atr_idx"": 10914, ""atr_end_time"": 1703548799999, ""r_confirm_time"": 1703548799999}"
2023-12-26 00:00,10915,L,SIGNAL,"{""key"": 10914}"
2023-12-26 05:29,10916,L,R_INVALID,"{""key"": 10914, ""mode"": ""5M""}"
2023-12-26 05:29,10916,L,ORDER_CANCEL,"{""key"": 10914, ""reason"": ""R_INVALID"", ""level"": 43360.968}"
2023-12-26 11:59,10917,L,R_CONFIRM_POS_FROZEN,"{""signal_id"": ""L-2023-10-20 19:59-116""}"
2023-12-26 12:00,10918,L,ORDER_CREATE,"{""key"": 10917, ""level"": 42892.5983, ""stop"": 42417.365, ""atr_idx"": 10917, ""atr_end_time"": 1703591999999, ""r_confirm_time"": 1703591999999}"
2023-12-26 12:00,10918,L,SIGNAL,"{""key"": 10917}"
2023-12-26 14:59,10918,L,R_INVALID,"{""key"": 10917, ""mode"": ""5M""}"
2023-12-26 14:59,10918,L,ORDER_CANCEL,"{""key"": 10917, ""reason"": ""R_INVALID"", ""level"": 42892.5983}"
2023-12-26 19:59,10919,L,R_CONFIRM_POS_FROZEN,"{""signal_id"": ""L-2023-10-20 19:59-116""}"
2023-12-26 20:00,10920,L,ORDER_CREATE,"{""key"": 10919, ""level"": 42436.8623, ""stop"": 42023.55, ""atr_idx"": 10919, ""atr_end_time"": 1703620799999, ""r_confirm_time"": 1703620799999}"
2023-12-26 20:00,10920,L,SIGNAL,"{""key"": 10919}"
2023-12-26 20:04,10920,L,R_INVALID,"{""key"": 10919, ""mode"": ""5M""}"
2023-12-26 20:04,10920,L,ORDER_CANCEL,"{""key"": 10919, ""reason"": ""R_INVALID"", ""level"": 42436.8623}"
2023-12-27 03:59,10921,L,R_CONFIRM_POS_FROZEN,"{""signal_id"": ""L-2023-10-20 19:59-116""}"
2023-12-27 04:00,10922,L,ORDER_CREATE,"{""key"": 10921, ""level"": 41988.4009, ""stop"": 41512.6872, ""atr_idx"": 10921, ""atr_end_time"": 1703649599999, ""r_confirm_time"": 1703649599999}"
2023-12-27 04:00,10922,L,SIGNAL,"{""key"": 10921}"
2023-12-27 11:59,10923,L,R_REPLACED,"{""old_key"": 10921, ""new_key"": 10923}"
2023-12-27 11:59,10923,L,ORDER_CANCEL,"{""key"": 10921, ""reason"": ""R_REPLACED"", ""level"": 41988.4009}"
2023-12-27 11:59,10923,L,R_CONFIRM_POS_FROZEN,"{""signal_id"": ""L-2023-10-20 19:59-116""}"
2023-12-27 12:00,10924,L,ORDER_CREATE,"{""key"": 10923, ""level"": 42490.4091, ""stop"": 41972.3939, ""atr_idx"": 10923, ""atr_end_time"": 1703678399999, ""r_confirm_time"": 1703678399999}"
2023-12-27 12:00,10924,L,SIGNAL,"{""key"": 10923}"
2023-12-27 19:59,10925,L,R_REPLACED,"{""old_key"": 10923, ""new_key"": 10925}"
2023-12-27 19:59,10925,L,ORDER_CANCEL,"{""key"": 10923, ""reason"": ""R_REPLACED"", ""level"": 42490.4091}"
2023-12-27 19:59,10925,L,R_CONFIRM_POS_FROZEN,"{""signal_id"": ""L-2023-10-20 19:59-116""}"
2023-12-27 20:00,10926,L,ORDER_CREATE,"{""key"": 10925, ""level"": 42719.9025, ""stop"": 42272.5208, ""atr_idx"": 10925, ""atr_end_time"": 1703707199999, ""r_confirm_time"": 1703707199999}"
2023-12-27 20:00,10926,L,SIGNAL,"{""key"": 10925}"
2023-12-28 07:59,10928,L,R_REPLACED,"{""old_key"": 10925, ""new_key"": 10928}"
2023-12-28 07:59,10928,L,ORDER_CANCEL,"{""key"": 10925, ""reason"": ""R_REPLACED"", ""level"": 42719.9025}"
2023-12-28 07:59,10928,L,R_CONFIRM_POS_FROZEN,"{""signal_id"": ""L-2023-10-20 19:59-116""}"
2023-12-28 08:00,10929,L,ORDER_CREATE,"{""key"": 10928, ""level"": 43408.4903, ""stop"": 42992.0856, ""atr_idx"": 10928, ""atr_end_time"": 1703750399999, ""r_confirm_time"": 1703750399999}"
2023-12-28 08:00,10929,L,SIGNAL,"{""key"": 10928}"
2023-12-28 08:04,10929,L,R_INVALID,"{""key"": 10928, ""mode"": ""5M""}"
2023-12-28 08:04,10929,L,ORDER_CANCEL,"{""key"": 10928, ""reason"": ""R_INVALID"", ""level"": 43408.4903}"
2023-12-28 19:59,10931,L,R_CONFIRM_POS_FROZEN,"{""signal_id"": ""L-2023-10-20 19:59-116""}"
2023-12-28 20:00,10932,L,ORDER_CREATE,"{""key"": 10931, ""level"": 42699.5944, ""stop"": 42273.807, ""atr_idx"": 10931, ""atr_end_time"": 1703793599999, ""r_confirm_time"": 1703793599999}"
2023-12-28 20:00,10932,L,SIGNAL,"{""key"": 10931}"
2023-12-28 20:34,10932,L,R_INVALID,"{""key"": 10931, ""mode"": ""5M""}"
2023-12-28 20:34,10932,L,ORDER_CANCEL,"{""key"": 10931, ""reason"": ""R_INVALID"", ""level"": 42699.5944}"
2023-12-29 03:59,10933,L,R_CONFIRM_POS_FROZEN,"{""signal_id"": ""L-2023-10-20 19:59-116""}"
2023-12-29 04:00,10934,L,ORDER_CREATE,"{""key"": 10933, ""level"": 42500.6481, ""stop"": 42115.0646, ""atr_idx"": 10933, ""atr_end_time"": 1703822399999, ""r_confirm_time"": 1703822399999}"
2023-12-29 04:00,10934,L,SIGNAL,"{""key"": 10933}"
2023-12-29 07:39,10934,L,R_INVALID,"{""key"": 10933, ""mode"": ""5M""}"
2023-12-29 07:39,10934,L,ORDER_CANCEL,"{""key"": 10933, ""reason"": ""R_INVALID"", ""level"": 42500.6481}"
2023-12-29 11:59,10935,L,R_CONFIRM_POS_FROZEN,"{""signal_id"": ""L-2023-10-20 19:59-116""}"
2023-12-29 12:00,10936,L,ORDER_CREATE,"{""key"": 10935, ""level"": 42415.224, ""stop"": 41962.6532, ""atr_idx"": 10935, ""atr_end_time"": 1703851199999, ""r_confirm_time"": 1703851199999}"
2023-12-29 12:00,10936,L,SIGNAL,"{""key"": 10935}"
2023-12-29 16:19,10937,L,R_INVALID,"{""key"": 10935, ""mode"": ""5M""}"
2023-12-29 16:19,10937,L,ORDER_CANCEL,"{""key"": 10935, ""reason"": ""R_INVALID"", ""level"": 42415.224}"
2023-12-29 19:59,10937,L,R_CONFIRM_POS_FROZEN,"{""signal_id"": ""L-2023-10-20 19:59-116""}"
2023-12-29 20:00,10938,L,ORDER_CREATE,"{""key"": 10937, ""level"": 42470.7, ""stop"": 41980.3201, ""atr_idx"": 10937, ""atr_end_time"": 1703879999999, ""r_confirm_time"": 1703879999999}"
2023-12-29 20:00,10938,L,SIGNAL,"{""key"": 10937}"
2023-12-29 20:04,10938,L,R_INVALID,"{""key"": 10937, ""mode"": ""5M""}"
2023-12-29 20:04,10938,L,ORDER_CANCEL,"{""key"": 10937, ""reason"": ""R_INVALID"", ""level"": 42470.7}"
2023-12-30 03:59,10939,L,R_CONFIRM_POS_FROZEN,"{""signal_id"": ""L-2023-10-20 19:59-116""}"
2023-12-30 04:00,10940,L,ORDER_CREATE,"{""key"": 10939, ""level"": 41646.4055, ""stop"": 41176.1, ""atr_idx"": 10939, ""atr_end_time"": 1703908799999, ""r_confirm_time"": 1703908799999}"
2023-12-30 04:00,10940,L,SIGNAL,"{""key"": 10939}"
2023-12-30 15:59,10942,L,R_REPLACED,"{""old_key"": 10939, ""new_key"": 10942}"
2023-12-30 15:59,10942,L,ORDER_CANCEL,"{""key"": 10939, ""reason"": ""R_REPLACED"", ""level"": 41646.4055}"
2023-12-30 15:59,10942,L,R_CONFIRM_POS_FROZEN,"{""signal_id"": ""L-2023-10-20 19:59-116""}"
2023-12-30 16:00,10943,L,ORDER_CREATE,"{""key"": 10942, ""level"": 41860.1942, ""stop"": 41395.7391, ""atr_idx"": 10942, ""atr_end_time"": 1703951999999, ""r_confirm_time"": 1703951999999}"
2023-12-30 16:00,10943,L,SIGNAL,"{""key"": 10942}"
2023-12-31 07:59,10946,L,R_REPLACED,"{""old_key"": 10942, ""new_key"": 10946}"
2023-12-31 07:59,10946,L,ORDER_CANCEL,"{""key"": 10942, ""reason"": ""R_REPLACED"", ""level"": 41860.1942}"
2023-12-31 07:59,10946,L,R_CONFIRM_POS_FROZEN,"{""signal_id"": ""L-2023-10-20 19:59-116""}"
2023-12-31 08:00,10947,L,ORDER_CREATE,"{""key"": 10946, ""level"": 42263.8621, ""stop"": 41839.9425, ""atr_idx"": 10946, ""atr_end_time"": 1704009599999, ""r_confirm_time"": 1704009599999}"
2023-12-31 08:00,10947,L,SIGNAL,"{""key"": 10946}"
2024-01-01 03:59,10951,L,R_REPLACED,"{""old_key"": 10946, ""new_key"": 10951}"
2024-01-01 03:59,10951,L,ORDER_CANCEL,"{""key"": 10946, ""reason"": ""R_REPLACED"", ""level"": 42263.8621}"
2024-01-01 03:59,10951,L,R_CONFIRM_POS_FROZEN,"{""signal_id"": ""L-2023-10-20 19:59-116""}"
2024-01-01 04:00,10952,L,ORDER_CREATE,"{""key"": 10951, ""level"": 42352.3611, ""stop"": 41929.832, ""atr_idx"": 10951, ""atr_end_time"": 1704081599999, ""r_confirm_time"": 1704081599999}"
2024-01-01 04:00,10952,L,SIGNAL,"{""key"": 10951}"
2024-01-01 11:59,10953,L,R_REPLACED,"{""old_key"": 10951, ""new_key"": 10953}"
2024-01-01 11:59,10953,L,ORDER_CANCEL,"{""key"": 10951, ""reason"": ""R_REPLACED"", ""level"": 42352.3611}"
2024-01-01 11:59,10953,L,R_CONFIRM_POS_FROZEN,"{""signal_id"": ""L-2023-10-20 19:59-116""}"
2024-01-01 12:00,10954,L,ORDER_CREATE,"{""key"": 10953, ""level"": 42444.9864, ""stop"": 42054.2277, ""atr_idx"": 10953, ""atr_end_time"": 1704110399999, ""r_confirm_time"": 1704110399999}"
2024-01-01 12:00,10954,L,SIGNAL,"{""key"": 10953}"
2024-01-02 03:59,10957,L,R_REPLACED,"{""old_key"": 10953, ""new_key"": 10957}"
2024-01-02 03:59,10957,L,ORDER_CANCEL,"{""key"": 10953, ""reason"": ""R_REPLACED"", ""level"": 42444.9864}"
2024-01-02 03:59,10957,L,R_CONFIRM_POS_FROZEN,"{""signal_id"": ""L-2023-10-20 19:59-116""}"
2024-01-02 04:00,10958,L,ORDER_CREATE,"{""key"": 10957, ""level"": 43463.6177, ""stop"": 42536.4267, ""atr_idx"": 10957, ""atr_end_time"": 1704167999999, ""r_confirm_time"": 1704167999999}"
2024-01-02 04:00,10958,L,SIGNAL,"{""key"": 10957}"
2024-01-02 11:59,10959,L,R_REPLACED,"{""old_key"": 10957, ""new_key"": 10959}"
2024-01-02 11:59,10959,L,ORDER_CANCEL,"{""key"": 10957, ""reason"": ""R_REPLACED"", ""level"": 43463.6177}"
2024-01-02 11:59,10959,L,R_CONFIRM_POS_FROZEN,"{""signal_id"": ""L-2023-10-20 19:59-116""}"
2024-01-02 12:00,10960,L,ORDER_CREATE,"{""key"": 10959, ""level"": 44690.5952, ""stop"": 44015.895, ""atr_idx"": 10959, ""atr_end_time"": 1704196799999, ""r_confirm_time"": 1704196799999}"
2024-01-02 12:00,10960,L,SIGNAL,"{""key"": 10959}"
2024-01-02 19:59,10961,L,R_REPLACED,"{""old_key"": 10959, ""new_key"": 10961}"
2024-01-02 19:59,10961,L,ORDER_CANCEL,"{""key"": 10959, ""reason"": ""R_REPLACED"", ""level"": 44690.5952}"
2024-01-02 19:59,10961,L,R_CONFIRM_POS_FROZEN,"{""signal_id"": ""L-2023-10-20 19:59-116""}"
2024-01-02 20:00,10962,L,ORDER_CREATE,"{""key"": 10961, ""level"": 45196.6485, ""stop"": 44698.83, ""atr_idx"": 10961, ""atr_end_time"": 1704225599999, ""r_confirm_time"": 1704225599999}"
2024-01-02 20:00,10962,L,SIGNAL,"{""key"": 10961}"
2024-01-02 20:44,10962,L,R_INVALID,"{""key"": 10961, ""mode"": ""5M""}"
2024-01-02 20:44,10962,L,ORDER_CANCEL,"{""key"": 10961, ""reason"": ""R_INVALID"", ""level"": 45196.6485}"
2024-01-03 03:59,10963,L,R_CONFIRM_POS_FROZEN,"{""signal_id"": ""L-2023-10-20 19:59-116""}"
2024-01-03 04:00,10964,L,ORDER_CREATE,"{""key"": 10963, ""level"": 44925.7489, ""stop"": 44466.2, ""atr_idx"": 10963, ""atr_end_time"": 1704254399999, ""r_confirm_time"": 1704254399999}"
2024-01-03 04:00,10964,L,SIGNAL,"{""key"": 10963}"
2024-01-03 11:24,10965,L,R_INVALID,"{""key"": 10963, ""mode"": ""5M""}"
2024-01-03 11:24,10965,L,ORDER_CANCEL,"{""key"": 10963, ""reason"": ""R_INVALID"", ""level"": 44925.7489}"
2024-01-03 15:59,10966,L,R_CONFIRM_POS_FROZEN,"{""signal_id"": ""L-2023-10-20 19:59-116""}"
2024-01-03 16:00,10967,L,ORDER_CREATE,"{""key"": 10966, ""level"": 44103.916, ""stop"": 43369.5, ""atr_idx"": 10966, ""atr_end_time"": 1704297599999, ""r_confirm_time"": 1704297599999}"
2024-01-03 16:00,10967,L,SIGNAL,"{""key"": 10966}"
2024-01-03 16:04,10967,L,R_INVALID,"{""key"": 10966, ""mode"": ""5M""}"
2024-01-03 16:04,10967,L,ORDER_CANCEL,"{""key"": 10966, ""reason"": ""R_INVALID"", ""level"": 44103.916}"
2024-01-03 23:59,10968,L,R_CONFIRM_POS_FROZEN,"{""signal_id"": ""L-2023-10-20 19:59-116""}"
2024-01-04 00:00,10969,L,D_DISARM,"{""day"": ""2024-01-03"", ""P0"": 40222.0, ""H1"": 43804.5}"
2024-01-04 15:59,10972,L,R_CONFIRM_POS_FROZEN,"{""signal_id"": ""L-2023-10-20 19:59-116""}"
2024-01-04 23:59,10974,L,R_CONFIRM_POS_FROZEN,"{""signal_id"": ""L-2023-10-20 19:59-116""}"
2024-01-05 00:00,10975,L,D_ARM,"{""day"": ""2024-01-04"", ""P0"": 40750.0, ""H1"": 45500.0}"
2024-01-05 00:00,10975,L,ORDER_CREATE,"{""key"": 10974, ""level"": 43612.7817, ""stop"": 42967.7688, ""atr_idx"": 10974, ""atr_end_time"": 1704412799999, ""r_confirm_time"": 1704412799999}"
2024-01-05 00:00,10975,L,SIGNAL,"{""key"": 10974}"
2024-01-05 01:49,10975,L,R_INVALID,"{""key"": 10974, ""mode"": ""5M""}"
2024-01-05 01:49,10975,L,ORDER_CANCEL,"{""key"": 10974, ""reason"": ""R_INVALID"", ""level"": 43612.7817}"
2024-01-05 07:59,10976,L,R_CONFIRM_POS_FROZEN,"{""signal_id"": ""L-2023-10-20 19:59-116""}"
2024-01-05 08:00,10977,L,ORDER_CREATE,"{""key"": 10976, ""level"": 43011.4725, ""stop"": 42322.65, ""atr_idx"": 10976, ""atr_end_time"": 1704441599999, ""r_confirm_time"": 1704441599999}"
2024-01-05 08:00,10977,L,SIGNAL,"{""key"": 10976}"
2024-01-05 23:59,10980,L,R_REPLACED,"{""old_key"": 10976, ""new_key"": 10980}"
2024-01-05 23:59,10980,L,ORDER_CANCEL,"{""key"": 10976, ""reason"": ""R_REPLACED"", ""level"": 43011.4725}"
2024-01-05 23:59,10980,L,R_CONFIRM_POS_FROZEN,"{""signal_id"": ""L-2023-10-20 19:59-116""}"
2024-01-06 00:00,10981,L,ORDER_CREATE,"{""key"": 10980, ""level"": 43526.9508, ""stop"": 42970.7, ""atr_idx"": 10980, ""atr_end_time"": 1704499199999, ""r_confirm_time"": 1704499199999}"
2024-01-06 00:00,10981,L,SIGNAL,"{""key"": 10980}"
2024-01-06 23:59,10986,L,R_REPLACED,"{""old_key"": 10980, ""new_key"": 10986}"
2024-01-06 23:59,10986,L,ORDER_CANCEL,"{""key"": 10980, ""reason"": ""R_REPLACED"", ""level"": 43526.9508}"
2024-01-06 23:59,10986,L,R_CONFIRM_POS_FROZEN,"{""signal_id"": ""L-2023-10-20 19:59-116""}"
2024-01-07 00:00,10987,L,ORDER_CREATE,"{""key"": 10986, ""level"": 43705.1343, ""stop"": 43266.8589, ""atr_idx"": 10986, ""atr_end_time"": 1704585599999, ""r_confirm_time"": 1704585599999}"
2024-01-07 00:00,10987,L,SIGNAL,"{""key"": 10986}"
2024-01-07 23:59,10992,L,R_REPLACED,"{""old_key"": 10986, ""new_key"": 10992}"
2024-01-07 23:59,10992,L,ORDER_CANCEL,"{""key"": 10986, ""reason"": ""R_REPLACED"", ""level"": 43705.1343}"
2024-01-07 23:59,10992,L,R_CONFIRM_POS_FROZEN,"{""signal_id"": ""L-2023-10-20 19:59-116""}"
2024-01-08 00:00,10993,L,ORDER_CREATE,"{""key"": 10992, ""level"": 43966.0046, ""stop"": 43568.9, ""atr_idx"": 10992, ""atr_end_time"": 1704671999999, ""r_confirm_time"": 1704671999999}"
2024-01-08 00:00,10993,L,SIGNAL,"{""key"": 10992}"
2024-01-08 00:39,10993,L,R_INVALID,"{""key"": 10992, ""mode"": ""5M""}"
2024-01-08 00:39,10993,L,ORDER_CANCEL,"{""key"": 10992, ""reason"": ""R_INVALID"", ""level"": 43966.0046}"
2024-01-08 07:59,10994,L,R_CONFIRM_POS_FROZEN,"{""signal_id"": ""L-2023-10-20 19:59-116""}"
2024-01-08 08:00,10995,L,ORDER_CREATE,"{""key"": 10994, ""level"": 43580.7159, ""stop"": 43045.475, ""atr_idx"": 10994, ""atr_end_time"": 1704700799999, ""r_confirm_time"": 1704700799999}"
2024-01-08 08:00,10995,L,SIGNAL,"{""key"": 10994}"
2024-01-08 15:59,10996,L,R_REPLACED,"{""old_key"": 10994, ""new_key"": 10996}"
2024-01-08 15:59,10996,L,ORDER_CANCEL,"{""key"": 10994, ""reason"": ""R_REPLACED"", ""level"": 43580.7159}"
2024-01-08 15:59,10996,L,R_CONFIRM_POS_FROZEN,"{""signal_id"": ""L-2023-10-20 19:59-116""}"
2024-01-08 16:00,10997,L,ORDER_CREATE,"{""key"": 10996, ""level"": 44011.3507, ""stop"": 43300.4976, ""atr_idx"": 10996, ""atr_end_time"": 1704729599999, ""r_confirm_time"": 1704729599999}"
2024-01-08 16:00,10997,L,SIGNAL,"{""key"": 10996}"
2024-01-09 03:59,10999,L,R_REPLACED,"{""old_key"": 10996, ""new_key"": 10999}"
2024-01-09 03:59,10999,L,ORDER_CANCEL,"{""key"": 10996, ""reason"": ""R_REPLACED"", ""level"": 44011.3507}"
2024-01-09 03:59,10999,L,R_CONFIRM_POS_FROZEN,"{""signal_id"": ""L-2023-10-20 19:59-116""}"
2024-01-09 04:00,11000,L,ORDER_CREATE,"{""key"": 10999, ""level"": 45169.2641, ""stop"": 44216.95, ""atr_idx"": 10999, ""atr_end_time"": 1704772799999, ""r_confirm_time"": 1704772799999}"
2024-01-09 04:00,11000,L,SIGNAL,"{""key"": 10999}"
2024-01-09 19:59,11003,L,R_REPLACED,"{""old_key"": 10999, ""new_key"": 11003}"
2024-01-09 19:59,11003,L,ORDER_CANCEL,"{""key"": 10999, ""reason"": ""R_REPLACED"", ""level"": 45169.2641}"
2024-01-09 19:59,11003,L,R_CONFIRM_POS_FROZEN,"{""signal_id"": ""L-2023-10-20 19:59-116""}"
2024-01-09 20:00,11004,L,ORDER_CREATE,"{""key"": 11003, ""level"": 45965.3692, ""stop"": 45313.65, ""atr_idx"": 11003, ""atr_end_time"": 1704830399999, ""r_confirm_time"": 1704830399999}"
2024-01-09 20:00,11004,L,SIGNAL,"{""key"": 11003}"
2024-01-09 21:29,11004,L,R_INVALID,"{""key"": 11003, ""mode"": ""5M""}"
2024-01-09 21:29,11004,L,ORDER_CANCEL,"{""key"": 11003, ""reason"": ""R_INVALID"", ""level"": 45965.3692}"
2024-01-10 00:00,11005,L,D_DISARM,"{""day"": ""2024-01-09"", ""P0"": 40750.0, ""H1"": 45500.0}"
2024-01-10 03:59,11005,L,R_CONFIRM_POS_FROZEN,"{""signal_id"": ""L-2023-10-20 19:59-116""}"
2024-01-10 19:59,11009,L,R_CONFIRM_POS_FROZEN,"{""signal_id"": ""L-2023-10-20 19:59-116""}"
2024-01-11 00:00,11011,L,D_ARM,"{""day"": ""2024-01-10"", ""P0"": 43175.0, ""H1"": 47972.0}"
2024-01-11 00:00,11011,L,ORDER_CREATE,"{""key"": 11009, ""level"": 44993.227, ""stop"": 44167.4589, ""atr_idx"": 11010, ""atr_end_time"": 1704931199999, ""r_confirm_time"": 1704916799999}"
2024-01-11 00:00,11011,L,SIGNAL,"{""key"": 11009}"
2024-01-11 03:59,11011,L,R_REPLACED,"{""old_key"": 11009, ""new_key"": 11011}"
2024-01-11 03:59,11011,L,ORDER_CANCEL,"{""key"": 11009, ""reason"": ""R_REPLACED"", ""level"": 44993.227}"
2024-01-11 03:59,11011,L,R_CONFIRM_POS_FROZEN,"{""signal_id"": ""L-2023-10-20 19:59-116""}"
2024-01-11 04:00,11012,L,ORDER_CREATE,"{""key"": 11011, ""level"": 45619.8898, ""stop"": 44665.6, ""atr_idx"": 11011, ""atr_end_time"": 1704945599999, ""r_confirm_time"": 1704945599999}"
2024-01-11 04:00,11012,L,SIGNAL,"{""key"": 11011}"
2024-01-11 11:59,11013,L,R_REPLACED,"{""old_key"": 11011, ""new_key"": 11013}"
2024-01-11 11:59,11013,L,ORDER_CANCEL,"{""key"": 11011, ""reason"": ""R_REPLACED"", ""level"": 45619.8898}"
2024-01-11 11:59,11013,L,R_CONFIRM_POS_FROZEN,"{""signal_id"": ""L-2023-10-20 19:59-116""}"
2024-01-11 12:00,11014,L,ORDER_CREATE,"{""key"": 11013, ""level"": 46117.5673, ""stop"": 45481.2457, ""atr_idx"": 11013, ""atr_end_time"": 1704974399999, ""r_confirm_time"": 1704974399999}"
2024-01-11 12:00,11014,L,SIGNAL,"{""key"": 11013}"
2024-01-11 17:29,11015,L,R_INVALID,"{""key"": 11013, ""mode"": ""5M""}"
2024-01-11 17:29,11015,L,ORDER_CANCEL,"{""key"": 11013, ""reason"": ""R_INVALID"", ""level"": 46117.5673}"
2024-01-11 23:59,11016,L,R_CONFIRM_POS_FROZEN,"{""signal_id"": ""L-2023-10-20 19:59-116""}"
2024-01-12 00:00,11017,L,ORDER_CREATE,"{""key"": 11016, ""level"": 46078.0591, ""stop"": 45469.2418, ""atr_idx"": 11016, ""atr_end_time"": 1705017599999, ""r_confirm_time"": 1705017599999}"
2024-01-12 00:00,11017,L,SIGNAL,"{""key"": 11016}"
2024-01-12 09:29,11019,L,R_INVALID,"{""key"": 11016, ""mode"": ""5M""}"
2024-01-12 09:29,11019,L,ORDER_CANCEL,"{""key"": 11016, ""reason"": ""R_INVALID"", ""level"": 46078.0591}"
2024-01-12 19:59,11021,L,R_CONFIRM_POS_FROZEN,"{""signal_id"": ""L-2023-10-20 19:59-116""}"
2024-01-12 20:00,11022,L,ORDER_CREATE,"{""key"": 11021, ""level"": 44886.7296, ""stop"": 44200.4397, ""atr_idx"": 11021, ""atr_end_time"": 1705089599999, ""r_confirm_time"": 1705089599999}"
2024-01-12 20:00,11022,L,SIGNAL,"{""key"": 11021}"
2024-01-12 20:04,11022,L,R_INVALID,"{""key"": 11021, ""mode"": ""5M""}"
2024-01-12 20:04,11022,L,ORDER_CANCEL,"{""key"": 11021, ""reason"": ""R_INVALID"", ""level"": 44886.7296}"
2024-01-12 22:04,11022,L,V,"{""P0"": 43175.0, ""mode"": ""5M""}"
2024-01-12 22:05,11022,L,EXIT,"{""exit_kind"": ""v"", ""px"": 42536.94, ""frac"": 1.0, ""signal_id"": ""L-2023-10-20 19:59-116""}"
2024-03-02 00:00,11317,L,D_ARM,"{""day"": ""2024-03-01"", ""P0"": 56691.85, ""H1"": 63676.35}"
2024-03-02 00:00,11317,L,ORDER_CREATE,"{""key"": 11314, ""level"": 61261.2497, ""stop"": 60402.3178, ""atr_idx"": 11316, ""atr_end_time"": 1709337599999, ""r_confirm_time"": 1709308799999}"
2024-03-02 00:00,11317,L,SIGNAL,"{""key"": 11314}"
2024-03-03 11:59,11325,L,R_REPLACED,"{""old_key"": 11314, ""new_key"": 11325}"
2024-03-03 11:59,11325,L,ORDER_CANCEL,"{""key"": 11314, ""reason"": ""R_REPLACED"", ""level"": 61261.2497}"
2024-03-03 12:00,11326,L,ORDER_CREATE,"{""key"": 11325, ""level"": 61688.5922, ""stop"": 61136.04, ""atr_idx"": 11325, ""atr_end_time"": 1709467199999, ""r_confirm_time"": 1709467199999}"
2024-03-03 12:00,11326,L,SIGNAL,"{""key"": 11325}"
2024-03-03 23:59,11328,L,R_REPLACED,"{""old_key"": 11325, ""new_key"": 11328}"
2024-03-03 23:59,11328,L,ORDER_CANCEL,"{""key"": 11325, ""reason"": ""R_REPLACED"", ""level"": 61688.5922}"
2024-03-04 00:00,11329,L,ORDER_CREATE,"{""key"": 11328, ""level"": 62340.4985, ""stop"": 61635.6267, ""atr_idx"": 11328, ""atr_end_time"": 1709510399999, ""r_confirm_time"": 1709510399999}"
2024-03-04 00:00,11329,L,SIGNAL,"{""key"": 11328}"
2024-03-04 00:45,11329,L,FILL,"{""signal_id"": ""L-2024-03-03 23:59-117"", ""expected"": 62340.4985, ""entry"": 62340.4985, ""stop"": 61635.6267, ""key"": 11328}"
2024-03-04 07:59,11330,L,R_CONFIRM_POS_FROZEN,"{""signal_id"": ""L-2024-03-03 23:59-117""}"
2024-03-04 14:39,11332,L,EXIT,"{""exit_kind"": ""tp"", ""px"": 65912.3898, ""frac"": 0.25, ""signal_id"": ""L-2024-03-03 23:59-117""}"
2024-03-04 15:59,11332,L,R_CONFIRM_POS_FROZEN,"{""signal_id"": ""L-2024-03-03 23:59-117""}"
2024-03-04 17:29,11333,L,EXIT,"{""exit_kind"": ""tp"", ""px"": 67091.2602, ""frac"": 0.25, ""signal_id"": ""L-2024-03-03 23:59-117""}"
2024-03-04 23:59,11334,L,R_CONFIRM_POS_FROZEN,"{""signal_id"": ""L-2024-03-03 23:59-117""}"
2024-03-05 07:59,11336,L,R_CONFIRM_POS_FROZEN,"{""signal_id"": ""L-2024-03-03 23:59-117""}"
2024-03-05 15:59,11338,L,R_CONFIRM_POS_FROZEN,"{""signal_id"": ""L-2024-03-03 23:59-117""}"
2024-03-05 19:39,11339,L,EXIT,"{""exit_kind"": ""stop"", ""px"": 61635.6267, ""frac"": 0.5, ""signal_id"": ""L-2024-03-03 23:59-117""}"
2024-03-07 00:00,11347,L,D_ARM,"{""day"": ""2024-03-06"", ""P0"": 59005.0, ""H1"": 69000.0}"
2024-03-07 00:00,11347,L,ORDER_CREATE,"{""key"": 11346, ""level"": 65521.7161, ""stop"": 64470.9252, ""atr_idx"": 11346, ""atr_end_time"": 1709769599999, ""r_confirm_time"": 1709769599999}"
2024-03-07 00:00,11347,L,SIGNAL,"{""key"": 11346}"
2024-03-08 00:00,11353,L,D_DISARM,"{""day"": ""2024-03-07"", ""P0"": 59005.0, ""H1"": 69000.0}"
2024-03-08 00:00,11353,L,ORDER_CANCEL,"{""key"": 11346, ""reason"": ""D_DISARMED"", ""level"": 65521.7161}"
2024-03-09 00:00,11359,L,D_ARM,"{""day"": ""2024-03-08"", ""P0"": 62779.14, ""H1"": 69990.0}"
2024-03-09 00:00,11359,L,ORDER_CREATE,"{""key"": 11358, ""level"": 67061.178, ""stop"": 65884.412, ""atr_idx"": 11358, ""atr_end_time"": 1709942399999, ""r_confirm_time"": 1709942399999}"
2024-03-09 00:00,11359,L,SIGNAL,"{""key"": 11358}"
2024-03-10 03:59,11365,L,R_REPLACED,"{""old_key"": 11358, ""new_key"": 11365}"
2024-03-10 03:59,11365,L,ORDER_CANCEL,"{""key"": 11358, ""reason"": ""R_REPLACED"", ""level"": 67061.178}"
2024-03-10 04:00,11366,L,ORDER_CREATE,"{""key"": 11365, ""level"": 68344.387, ""stop"": 67604.1573, ""atr_idx"": 11365, ""atr_end_time"": 1710043199999, ""r_confirm_time"": 1710043199999}"
2024-03-10 04:00,11366,L,SIGNAL,"{""key"": 11365}"
2024-03-10 11:59,11367,L,R_REPLACED,"{""old_key"": 11365, ""new_key"": 11367}"
2024-03-10 11:59,11367,L,ORDER_CANCEL,"{""key"": 11365, ""reason"": ""R_REPLACED"", ""level"": 68344.387}"
2024-03-10 12:00,11368,L,ORDER_CREATE,"{""key"": 11367, ""level"": 68804.0708, ""stop"": 67995.4, ""atr_idx"": 11367, ""atr_end_time"": 1710071999999, ""r_confirm_time"": 1710071999999}"
2024-03-10 12:00,11368,L,SIGNAL,"{""key"": 11367}"
2024-03-10 14:40,11368,L,FILL,"{""signal_id"": ""L-2024-03-10 11:59-118"", ""expected"": 68804.0708, ""entry"": 68804.0708, ""stop"": 67995.4, ""key"": 11367}"
2024-03-10 19:59,11369,L,R_CONFIRM_POS_FROZEN,"{""signal_id"": ""L-2024-03-10 11:59-118""}"
2024-03-11 00:54,11371,L,EXIT,"{""exit_kind"": ""stop"", ""px"": 67995.4, ""frac"": 1.0, ""signal_id"": ""L-2024-03-10 11:59-118""}"
2024-03-17 00:00,11407,L,D_ARM,"{""day"": ""2024-03-16"", ""P0"": 65600.0, ""H1"": 72419.71}"
2024-03-17 00:04,11407,L,V,"{""P0"": 65600.0, ""mode"": ""5M""}"
2024-03-22 00:00,11437,S,D_ARM,"{""day"": ""2024-03-21"", ""P0"": -68124.11, ""H1"": -60775.0}"
2024-03-22 00:00,11437,S,ORDER_CREATE,"{""key"": 11433, ""level"": -67525.572, ""stop"": -68445.1914, ""atr_idx"": 11436, ""atr_end_time"": 1711065599999, ""r_confirm_time"": 1711022399999}"
2024-03-22 00:00,11437,S,SIGNAL,"{""key"": 11433}"
2024-03-22 03:59,11437,S,R_REPLACED,"{""old_key"": 11433, ""new_key"": 11437}"
2024-03-22 03:59,11437,S,ORDER_CANCEL,"{""key"": 11433, ""reason"": ""R_REPLACED"", ""level"": -67525.572}"
2024-03-22 04:00,11438,S,ORDER_CREATE,"{""key"": 11437, ""level"": -66217.5958, ""stop"": -67201.0, ""atr_idx"": 11437, ""atr_end_time"": 1711079999999, ""r_confirm_time"": 1711079999999}"
2024-03-22 04:00,11438,S,SIGNAL,"{""key"": 11437}"
2024-03-22 04:50,11438,S,SKIP_V,"{""key"": 11437}"
2024-03-22 04:50,11438,S,ORDER_CANCEL,"{""key"": 11437, ""reason"": ""SKIP_V"", ""level"": -66217.5958}"
2024-03-22 12:00,11440,S,ORDER_CREATE,"{""key"": 11439, ""level"": -65841.7001, ""stop"": -66849.5689, ""atr_idx"": 11439, ""atr_end_time"": 1711108799999, ""r_confirm_time"": 1711108799999}"
2024-03-22 12:00,11440,S,SIGNAL,"{""key"": 11439}"
2024-03-22 19:59,11441,S,R_REPLACED,"{""old_key"": 11439, ""new_key"": 11441}"
2024-03-22 19:59,11441,S,ORDER_CANCEL,"{""key"": 11439, ""reason"": ""R_REPLACED"", ""level"": -65841.7001}"
2024-03-22 20:00,11442,S,ORDER_CREATE,"{""key"": 11441, ""level"": -65278.8445, ""stop"": -66562.1893, ""atr_idx"": 11441, ""atr_end_time"": 1711137599999, ""r_confirm_time"": 1711137599999}"
2024-03-22 20:00,11442,S,SIGNAL,"{""key"": 11441}"
2024-03-23 00:00,11443,S,D_DISARM,"{""day"": ""2024-03-22"", ""P0"": -68124.11, ""H1"": -60775.0}"
2024-03-23 00:00,11443,S,ORDER_CANCEL,"{""key"": 11441, ""reason"": ""D_DISARMED"", ""level"": -65278.8445}"
2024-04-07 00:00,11533,L,D_ARM,"{""day"": ""2024-04-06"", ""P0"": 64493.07, ""H1"": 69692.0}"
2024-04-07 00:00,11533,L,ORDER_CREATE,"{""key"": 11526, ""level"": 66725.0121, ""stop"": 65754.7023, ""atr_idx"": 11532, ""atr_end_time"": 1712447999999, ""r_confirm_time"": 1712361599999}"
2024-04-07 00:00,11533,L,SIGNAL,"{""key"": 11526}"
2024-04-07 07:59,11534,L,R_REPLACED,"{""old_key"": 11526, ""new_key"": 11534}"
2024-04-07 07:59,11534,L,ORDER_CANCEL,"{""key"": 11526, ""reason"": ""R_REPLACED"", ""level"": 66725.0121}"
2024-04-07 08:00,11535,L,ORDER_CREATE,"{""key"": 11534, ""level"": 68752.3403, ""stop"": 67962.16, ""atr_idx"": 11534, ""atr_end_time"": 1712476799999, ""r_confirm_time"": 1712476799999}"
2024-04-07 08:00,11535,L,SIGNAL,"{""key"": 11534}"
2024-04-07 23:59,11538,L,R_REPLACED,"{""old_key"": 11534, ""new_key"": 11538}"
2024-04-07 23:59,11538,L,ORDER_CANCEL,"{""key"": 11534, ""reason"": ""R_REPLACED"", ""level"": 68752.3403}"
2024-04-08 00:00,11539,L,ORDER_CREATE,"{""key"": 11538, ""level"": 69405.8234, ""stop"": 68643.2207, ""atr_idx"": 11538, ""atr_end_time"": 1712534399999, ""r_confirm_time"": 1712534399999}"
2024-04-08 00:00,11539,L,SIGNAL,"{""key"": 11538}"
2024-04-08 00:00,11539,L,FILL,"{""signal_id"": ""L-2024-04-07 23:59-119"", ""expected"": 69405.8234, ""entry"": 69405.8234, ""stop"": 68643.2207, ""key"": 11538}"
2024-04-08 07:59,11540,L,R_CONFIRM_POS_FROZEN,"{""signal_id"": ""L-2024-04-07 23:59-119""}"
2024-04-08 09:29,11541,L,EXIT,"{""exit_kind"": ""tp"", ""px"": 72280.3234, ""frac"": 0.25, ""signal_id"": ""L-2024-04-07 23:59-119""}"
2024-04-08 15:59,11542,L,R_CONFIRM_POS_FROZEN,"{""signal_id"": ""L-2024-04-07 23:59-119""}"
2024-04-09 11:59,11547,L,R_CONFIRM_POS_FROZEN,"{""signal_id"": ""L-2024-04-07 23:59-119""}"
2024-04-09 14:49,11548,L,EXIT,"{""exit_kind"": ""stop"", ""px"": 68643.2207, ""frac"": 0.75, ""signal_id"": ""L-2024-04-07 23:59-119""}"
2024-04-14 00:00,11575,L,D_ARM,"{""day"": ""2024-04-13"", ""P0"": 65086.86, ""H1"": 71227.46}"
2024-04-14 00:00,11575,L,ORDER_CREATE,"{""key"": 11574, ""level"": 64888.7643, ""stop"": 63558.76, ""atr_idx"": 11574, ""atr_end_time"": 1713052799999, ""r_confirm_time"": 1713052799999}"
2024-04-14 00:00,11575,L,SIGNAL,"{""key"": 11574}"
2024-04-14 00:00,11575,L,FILL,"{""signal_id"": ""L-2024-04-13 23:59-120"", ""expected"": 64888.7643, ""entry"": 64888.7643, ""stop"": 63558.76, ""key"": 11574}"
2024-04-14 00:04,11575,L,V_POS,"{""P0"": 65086.86, ""signal_id"": ""L-2024-04-13 23:59-120""}"
2024-04-14 00:05,11575,L,EXIT,"{""exit_kind"": ""v"", ""px"": 64189.29, ""frac"": 1.0, ""signal_id"": ""L-2024-04-13 23:59-120""}"
2024-04-18 00:00,11599,S,D_ARM,"{""day"": ""2024-04-17"", ""P0"": -66867.07, ""H1"": -59678.16}"
2024-04-18 00:00,11599,S,ORDER_CREATE,"{""key"": 11598, ""level"": -62010.2635, ""stop"": -63163.8046, ""atr_idx"": 11598, ""atr_end_time"": 1713398399999, ""r_confirm_time"": 1713398399999}"
2024-04-18 00:00,11599,S,SIGNAL,"{""key"": 11598}"
2024-04-18 03:05,11599,S,FILL,"{""signal_id"": ""S-2024-04-17 23:59-121"", ""expected"": -62010.2635, ""entry"": -62010.2635, ""stop"": -63163.8046, ""key"": 11598}"
2024-04-18 14:09,11602,S,EXIT,"{""exit_kind"": ""stop"", ""px"": -63163.8046, ""frac"": 1.0, ""signal_id"": ""S-2024-04-17 23:59-121""}"
2024-04-21 00:00,11617,S,D_ARM,"{""day"": ""2024-04-20"", ""P0"": -65450.0, ""H1"": -59600.01}"
2024-04-21 00:00,11617,S,ORDER_CREATE,"{""key"": 11610, ""level"": -64666.3376, ""stop"": -65646.35, ""atr_idx"": 11616, ""atr_end_time"": 1713657599999, ""r_confirm_time"": 1713571199999}"
2024-04-21 00:00,11617,S,SIGNAL,"{""key"": 11610}"
2024-04-21 00:00,11617,S,FILL,"{""signal_id"": ""S-2024-04-19 23:59-122"", ""expected"": -64666.3376, ""entry"": -64666.3376, ""stop"": -65646.35, ""key"": 11610}"
2024-04-21 03:09,11617,S,EXIT,"{""exit_kind"": ""stop"", ""px"": -65646.35, ""frac"": 1.0, ""signal_id"": ""S-2024-04-19 23:59-122""}"
2024-05-04 00:00,11695,S,D_ARM,"{""day"": ""2024-05-03"", ""P0"": -64734.0, ""H1"": -56552.82}"
2024-05-04 04:00,11696,S,ORDER_CREATE,"{""key"": 11695, ""level"": -62823.2392, ""stop"": -63522.999, ""atr_idx"": 11695, ""atr_end_time"": 1714795199999, ""r_confirm_time"": 1714795199999}"
2024-05-04 04:00,11696,S,SIGNAL,"{""key"": 11695}"
2024-05-04 04:00,11696,S,FILL,"{""signal_id"": ""S-2024-05-04 03:59-123"", ""expected"": -62823.2392, ""entry"": -62823.2392, ""stop"": -63522.999, ""key"": 11695}"
2024-05-04 10:44,11697,S,EXIT,"{""exit_kind"": ""stop"", ""px"": -63522.999, ""frac"": 1.0, ""signal_id"": ""S-2024-05-04 03:59-123""}"
2024-05-16 00:00,11767,L,D_ARM,"{""day"": ""2024-05-15"", ""P0"": 60187.12, ""H1"": 66444.16}"
2024-05-16 00:00,11767,L,ORDER_CREATE,"{""key"": 11765, ""level"": 63173.1969, ""stop"": 61737.4304, ""atr_idx"": 11766, ""atr_end_time"": 1715817599999, ""r_confirm_time"": 1715803199999}"
2024-05-16 00:00,11767,L,SIGNAL,"{""key"": 11765}"
2024-05-16 03:59,11767,L,R_REPLACED,"{""old_key"": 11765, ""new_key"": 11767}"
2024-05-16 03:59,11767,L,ORDER_CANCEL,"{""key"": 11765, ""reason"": ""R_REPLACED"", ""level"": 63173.1969}"
2024-05-16 04:00,11768,L,ORDER_CREATE,"{""key"": 11767, ""level"": 65374.7938, ""stop"": 64525.84, ""atr_idx"": 11767, ""atr_end_time"": 1715831999999, ""r_confirm_time"": 1715831999999}"
2024-05-16 04:00,11768,L,SIGNAL,"{""key"": 11767}"
2024-05-16 15:00,11770,L,FILL,"{""signal_id"": ""L-2024-05-16 03:59-124"", ""expected"": 65374.7938, ""entry"": 65374.7938, ""stop"": 64525.84, ""key"": 11767}"
2024-05-16 15:59,11770,L,R_CONFIRM_POS_FROZEN,"{""signal_id"": ""L-2024-05-16 03:59-124""}"
2024-05-16 23:59,11772,L,R_CONFIRM_POS_FROZEN,"{""signal_id"": ""L-2024-05-16 03:59-124""}"
2024-05-17 07:14,11774,L,EXIT,"{""exit_kind"": ""tp"", ""px"": 66275.6805, ""frac"": 0.25, ""signal_id"": ""L-2024-05-16 03:59-124""}"
2024-05-17 14:59,11776,L,EXIT,"{""exit_kind"": ""tp"", ""px"": 66753.8397, ""frac"": 0.25, ""signal_id"": ""L-2024-05-16 03:59-124""}"
2024-05-17 15:59,11776,L,R_CONFIRM_POS_FROZEN,"{""signal_id"": ""L-2024-05-16 03:59-124""}"
2024-05-17 23:59,11778,L,R_CONFIRM_POS_FROZEN,"{""signal_id"": ""L-2024-05-16 03:59-124""}"
2024-05-19 03:59,11785,L,R_CONFIRM_POS_FROZEN,"{""signal_id"": ""L-2024-05-16 03:59-124""}"
2024-05-19 10:34,11787,L,EXIT,"{""exit_kind"": ""tp"", ""px"": 67529.5202, ""frac"": 0.25, ""signal_id"": ""L-2024-05-16 03:59-124""}"
2024-05-19 19:59,11789,L,R_CONFIRM_POS_FROZEN,"{""signal_id"": ""L-2024-05-16 03:59-124""}"
2024-05-20 03:59,11791,L,R_CONFIRM_POS_FROZEN,"{""signal_id"": ""L-2024-05-16 03:59-124""}"
2024-05-20 11:59,11793,L,R_CONFIRM_POS_FROZEN,"{""signal_id"": ""L-2024-05-16 03:59-124""}"
2024-05-20 19:04,11795,L,EXIT,"{""exit_kind"": ""tp"", ""px"": 68783.3598, ""frac"": 0.25, ""signal_id"": ""L-2024-05-16 03:59-124""}"
2024-07-05 00:00,12067,S,D_ARM,"{""day"": ""2024-07-04"", ""P0"": -63861.76, ""H1"": -56771.0}"
2024-07-05 04:00,12068,S,ORDER_CREATE,"{""key"": 12067, ""level"": -57739.4916, ""stop"": -58989.5694, ""atr_idx"": 12067, ""atr_end_time"": 1720151999999, ""r_confirm_time"": 1720151999999}"
2024-07-05 04:00,12068,S,SIGNAL,"{""key"": 12067}"
2024-07-05 11:59,12069,S,R_REPLACED,"{""old_key"": 12067, ""new_key"": 12069}"
2024-07-05 11:59,12069,S,ORDER_CANCEL,"{""key"": 12067, ""reason"": ""R_REPLACED"", ""level"": -57739.4916}"
2024-07-05 12:00,12070,S,ORDER_CREATE,"{""key"": 12069, ""level"": -56418.06, ""stop"": -57718.638, ""atr_idx"": 12069, ""atr_end_time"": 1720180799999, ""r_confirm_time"": 1720180799999}"
2024-07-05 12:00,12070,S,SIGNAL,"{""key"": 12069}"
2024-07-05 15:05,12070,S,FILL,"{""signal_id"": ""S-2024-07-05 11:59-125"", ""expected"": -56418.06, ""entry"": -56418.06, ""stop"": -57718.638, ""key"": 12069}"
2024-07-05 19:59,12071,S,R_CONFIRM_POS_FROZEN,"{""signal_id"": ""S-2024-07-05 11:59-125""}"
2024-07-06 16:29,12077,S,EXIT,"{""exit_kind"": ""stop"", ""px"": -57718.638, ""frac"": 1.0, ""signal_id"": ""S-2024-07-05 11:59-125""}"
2024-08-29 00:00,12397,L,D_ARM,"{""day"": ""2024-08-28"", ""P0"": 58034.01, ""H1"": 63212.0}"
2024-08-29 00:00,12397,L,ORDER_CREATE,"{""key"": 12395, ""level"": 59024.8103, ""stop"": 58267.7408, ""atr_idx"": 12396, ""atr_end_time"": 1724889599999, ""r_confirm_time"": 1724875199999}"
2024-08-29 00:00,12397,L,SIGNAL,"{""key"": 12395}"
2024-08-29 00:00,12397,L,FILL,"{""signal_id"": ""L-2024-08-28 19:59-126"", ""expected"": 59024.8103, ""entry"": 59024.8103, ""stop"": 58267.7408, ""key"": 12395}"
2024-08-29 03:59,12397,L,R_CONFIRM_POS_FROZEN,"{""signal_id"": ""L-2024-08-28 19:59-126""}"
2024-08-29 23:59,12402,L,R_CONFIRM_POS_FROZEN,"{""signal_id"": ""L-2024-08-28 19:59-126""}"
2024-08-30 15:04,12406,L,EXIT,"{""exit_kind"": ""stop"", ""px"": 58267.7408, ""frac"": 1.0, ""signal_id"": ""L-2024-08-28 19:59-126""}"
2024-10-15 00:00,12679,L,D_ARM,"{""day"": ""2024-10-14"", ""P0"": 58946.0, ""H1"": 66500.0}"
2024-10-15 00:00,12679,L,ORDER_CREATE,"{""key"": 12677, ""level"": 64997.7021, ""stop"": 64147.9571, ""atr_idx"": 12678, ""atr_end_time"": 1728950399999, ""r_confirm_time"": 1728935999999}"
2024-10-15 00:00,12679,L,SIGNAL,"{""key"": 12677}"
2024-10-15 03:59,12679,L,R_REPLACED,"{""old_key"": 12677, ""new_key"": 12679}"
2024-10-15 03:59,12679,L,ORDER_CANCEL,"{""key"": 12677, ""reason"": ""R_REPLACED"", ""level"": 64997.7021}"
2024-10-15 04:00,12680,L,ORDER_CREATE,"{""key"": 12679, ""level"": 65901.79, ""stop"": 65262.623, ""atr_idx"": 12679, ""atr_end_time"": 1728964799999, ""r_confirm_time"": 1728964799999}"
2024-10-15 04:00,12680,L,SIGNAL,"{""key"": 12679}"
2024-10-15 04:00,12680,L,FILL,"{""signal_id"": ""L-2024-10-15 03:59-127"", ""expected"": 65901.79, ""entry"": 65901.79, ""stop"": 65262.623, ""key"": 12679}"
2024-10-15 05:34,12680,L,EXIT,"{""exit_kind"": ""stop"", ""px"": 65262.623, ""frac"": 1.0, ""signal_id"": ""L-2024-10-15 03:59-127""}"
2024-11-07 00:00,12817,L,D_ARM,"{""day"": ""2024-11-06"", ""P0"": 66835.0, ""H1"": 76400.0}"
2024-11-07 00:00,12817,L,ORDER_CREATE,"{""key"": 12814, ""level"": 73371.6663, ""stop"": 72438.3411, ""atr_idx"": 12816, ""atr_end_time"": 1730937599999, ""r_confirm_time"": 1730908799999}"
2024-11-07 00:00,12817,L,SIGNAL,"{""key"": 12814}"
2024-11-07 03:59,12817,L,R_REPLACED,"{""old_key"": 12814, ""new_key"": 12817}"
2024-11-07 03:59,12817,L,ORDER_CANCEL,"{""key"": 12814, ""reason"": ""R_REPLACED"", ""level"": 73371.6663}"
2024-11-07 04:00,12818,L,ORDER_CREATE,"{""key"": 12817, ""level"": 74905.043, ""stop"": 73927.55, ""atr_idx"": 12817, ""atr_end_time"": 1730951999999, ""r_confirm_time"": 1730951999999}"
2024-11-07 04:00,12818,L,SIGNAL,"{""key"": 12817}"
2024-11-07 04:05,12818,L,FILL,"{""signal_id"": ""L-2024-11-07 03:59-128"", ""expected"": 74905.043, ""entry"": 74905.043, ""stop"": 73927.55, ""key"": 12817}"
2024-11-07 15:59,12820,L,EXIT,"{""exit_kind"": ""tp"", ""px"": 75966.131, ""frac"": 0.25, ""signal_id"": ""L-2024-11-07 03:59-128""}"
2024-11-07 15:59,12820,L,R_CONFIRM_POS_FROZEN,"{""signal_id"": ""L-2024-11-07 03:59-128""}"
2024-11-08 15:59,12826,L,R_CONFIRM_POS_FROZEN,"{""signal_id"": ""L-2024-11-07 03:59-128""}"
2024-11-09 03:59,12829,L,R_CONFIRM_POS_FROZEN,"{""signal_id"": ""L-2024-11-07 03:59-128""}"
2024-11-09 23:59,12834,L,R_CONFIRM_POS_FROZEN,"{""signal_id"": ""L-2024-11-07 03:59-128""}"
2024-11-10 02:29,12835,L,EXIT,"{""exit_kind"": ""tp"", ""px"": 77415.499, ""frac"": 0.25, ""signal_id"": ""L-2024-11-07 03:59-128""}"
2024-11-10 11:59,12837,L,R_CONFIRM_POS_FROZEN,"{""signal_id"": ""L-2024-11-07 03:59-128""}"
2024-11-10 19:59,12839,L,R_CONFIRM_POS_FROZEN,"{""signal_id"": ""L-2024-11-07 03:59-128""}"
2024-11-11 00:00,12841,L,D_ARM,"{""day"": ""2024-11-10"", ""P0"": 69298.0, ""H1"": 81500.0}"
2024-11-11 03:59,12841,L,R_CONFIRM_POS_FROZEN,"{""signal_id"": ""L-2024-11-07 03:59-128""}"
2024-11-11 04:00,12842,L,ORDER_CREATE,"{""key"": 12841, ""level"": 79507.1028, ""stop"": 78237.7106, ""atr_idx"": 12841, ""atr_end_time"": 1731297599999, ""r_confirm_time"": 1731297599999}"
2024-11-11 04:00,12842,L,SIGNAL,"{""key"": 12841}"
2024-11-11 11:59,12843,L,R_REPLACED,"{""old_key"": 12841, ""new_key"": 12843}"
2024-11-11 11:59,12843,L,ORDER_CANCEL,"{""key"": 12841, ""reason"": ""R_REPLACED"", ""level"": 79507.1028}"
2024-11-11 11:59,12843,L,R_CONFIRM_POS_FROZEN,"{""signal_id"": ""L-2024-11-07 03:59-128""}"
2024-11-11 12:00,12844,L,ORDER_CREATE,"{""key"": 12843, ""level"": 80969.1143, ""stop"": 79975.362, ""atr_idx"": 12843, ""atr_end_time"": 1731326399999, ""r_confirm_time"": 1731326399999}"
2024-11-11 12:00,12844,L,SIGNAL,"{""key"": 12843}"
2024-11-11 23:59,12846,L,R_REPLACED,"{""old_key"": 12843, ""new_key"": 12846}"
2024-11-11 23:59,12846,L,ORDER_CANCEL,"{""key"": 12843, ""reason"": ""R_REPLACED"", ""level"": 80969.1143}"
2024-11-11 23:59,12846,L,R_CONFIRM_POS_FROZEN,"{""signal_id"": ""L-2024-11-07 03:59-128""}"
2024-11-12 00:00,12847,L,ORDER_CREATE,"{""key"": 12846, ""level"": 83614.887, ""stop"": 81215.8094, ""atr_idx"": 12846, ""atr_end_time"": 1731369599999, ""r_confirm_time"": 1731369599999}"
2024-11-12 00:00,12847,L,SIGNAL,"{""key"": 12846}"
2024-11-12 07:59,12848,L,R_REPLACED,"{""old_key"": 12846, ""new_key"": 12848}"
2024-11-12 07:59,12848,L,ORDER_CANCEL,"{""key"": 12846, ""reason"": ""R_REPLACED"", ""level"": 83614.887}"
2024-11-12 07:59,12848,L,R_CONFIRM_POS_FROZEN,"{""signal_id"": ""L-2024-11-07 03:59-128""}"
2024-11-12 08:00,12849,L,ORDER_CREATE,"{""key"": 12848, ""level"": 87230.4767, ""stop"": 85793.844, ""atr_idx"": 12848, ""atr_end_time"": 1731398399999, ""r_confirm_time"": 1731398399999}"
2024-11-12 08:00,12849,L,SIGNAL,"{""key"": 12848}"
2024-11-12 10:49,12849,L,R_INVALID,"{""key"": 12848, ""mode"": ""5M""}"
2024-11-12 10:49,12849,L,ORDER_CANCEL,"{""key"": 12848, ""reason"": ""R_INVALID"", ""level"": 87230.4767}"
2024-11-12 15:59,12850,L,R_CONFIRM_POS_FROZEN,"{""signal_id"": ""L-2024-11-07 03:59-128""}"
2024-11-12 16:00,12851,L,ORDER_CREATE,"{""key"": 12850, ""level"": 86465.3682, ""stop"": 84973.313, ""atr_idx"": 12850, ""atr_end_time"": 1731427199999, ""r_confirm_time"": 1731427199999}"
2024-11-12 16:00,12851,L,SIGNAL,"{""key"": 12850}"
2024-11-12 23:59,12852,L,R_REPLACED,"{""old_key"": 12850, ""new_key"": 12852}"
2024-11-12 23:59,12852,L,ORDER_CANCEL,"{""key"": 12850, ""reason"": ""R_REPLACED"", ""level"": 86465.3682}"
2024-11-12 23:59,12852,L,R_CONFIRM_POS_FROZEN,"{""signal_id"": ""L-2024-11-07 03:59-128""}"
2024-11-13 00:00,12853,L,D_DISARM,"{""day"": ""2024-11-12"", ""P0"": 69298.0, ""H1"": 81500.0}"
2024-11-13 15:59,12856,L,R_CONFIRM_POS_FROZEN,"{""signal_id"": ""L-2024-11-07 03:59-128""}"
2024-11-13 23:59,12858,L,R_CONFIRM_POS_FROZEN,"{""signal_id"": ""L-2024-11-07 03:59-128""}"
2024-11-14 00:00,12859,L,D_ARM,"{""day"": ""2024-11-13"", ""P0"": 80216.01, ""H1"": 93265.64}"
2024-11-14 00:00,12859,L,ORDER_CREATE,"{""key"": 12858, ""level"": 89129.1812, ""stop"": 87239.9825, ""atr_idx"": 12858, ""atr_end_time"": 1731542399999, ""r_confirm_time"": 1731542399999}"
2024-11-14 00:00,12859,L,SIGNAL,"{""key"": 12858}"
2024-11-14 07:59,12860,L,R_REPLACED,"{""old_key"": 12858, ""new_key"": 12860}"
2024-11-14 07:59,12860,L,ORDER_CANCEL,"{""key"": 12858, ""reason"": ""R_REPLACED"", ""level"": 89129.1812}"
2024-11-14 07:59,12860,L,R_CONFIRM_POS_FROZEN,"{""signal_id"": ""L-2024-11-07 03:59-128""}"
2024-11-14 08:00,12861,L,ORDER_CREATE,"{""key"": 12860, ""level"": 88916.38, ""stop"": 87707.0671, ""atr_idx"": 12860, ""atr_end_time"": 1731571199999, ""r_confirm_time"": 1731571199999}"
2024-11-14 08:00,12861,L,SIGNAL,"{""key"": 12860}"
2024-11-14 15:59,12862,L,R_INVALID,"{""key"": 12860, ""mode"": ""5M""}"
2024-11-14 15:59,12862,L,ORDER_CANCEL,"{""key"": 12860, ""reason"": ""R_INVALID"", ""level"": 88916.38}"
2024-11-14 19:59,12863,L,R_CONFIRM_POS_FROZEN,"{""signal_id"": ""L-2024-11-07 03:59-128""}"
2024-11-14 20:00,12864,L,ORDER_CREATE,"{""key"": 12863, ""level"": 89030.5242, ""stop"": 87566.0813, ""atr_idx"": 12863, ""atr_end_time"": 1731614399999, ""r_confirm_time"": 1731614399999}"
2024-11-14 20:00,12864,L,SIGNAL,"{""key"": 12863}"
2024-11-14 20:39,12864,L,R_INVALID,"{""key"": 12863, ""mode"": ""5M""}"
2024-11-14 20:39,12864,L,ORDER_CANCEL,"{""key"": 12863, ""reason"": ""R_INVALID"", ""level"": 89030.5242}"
2024-11-15 03:59,12865,L,R_CONFIRM_POS_FROZEN,"{""signal_id"": ""L-2024-11-07 03:59-128""}"
2024-11-15 04:00,12866,L,ORDER_CREATE,"{""key"": 12865, ""level"": 87590.0005, ""stop"": 86408.2054, ""atr_idx"": 12865, ""atr_end_time"": 1731643199999, ""r_confirm_time"": 1731643199999}"
2024-11-15 04:00,12866,L,SIGNAL,"{""key"": 12865}"
2024-11-15 11:59,12867,L,R_REPLACED,"{""old_key"": 12865, ""new_key"": 12867}"
2024-11-15 11:59,12867,L,ORDER_CANCEL,"{""key"": 12865, ""reason"": ""R_REPLACED"", ""level"": 87590.0005}"
2024-11-15 11:59,12867,L,R_CONFIRM_POS_FROZEN,"{""signal_id"": ""L-2024-11-07 03:59-128""}"
2024-11-15 12:00,12868,L,ORDER_CREATE,"{""key"": 12867, ""level"": 87973.3827, ""stop"": 86812.1599, ""atr_idx"": 12867, ""atr_end_time"": 1731671999999, ""r_confirm_time"": 1731671999999}"
2024-11-15 12:00,12868,L,SIGNAL,"{""key"": 12867}"
2024-11-15 23:59,12870,L,R_REPLACED,"{""old_key"": 12867, ""new_key"": 12870}"
2024-11-15 23:59,12870,L,ORDER_CANCEL,"{""key"": 12867, ""reason"": ""R_REPLACED"", ""level"": 87973.3827}"
2024-11-15 23:59,12870,L,R_CONFIRM_POS_FROZEN,"{""signal_id"": ""L-2024-11-07 03:59-128""}"
2024-11-16 00:00,12871,L,ORDER_CREATE,"{""key"": 12870, ""level"": 88987.1628, ""stop"": 87491.1867, ""atr_idx"": 12870, ""atr_end_time"": 1731715199999, ""r_confirm_time"": 1731715199999}"
2024-11-16 00:00,12871,L,SIGNAL,"{""key"": 12870}"
2024-11-17 07:59,12878,L,R_REPLACED,"{""old_key"": 12870, ""new_key"": 12878}"
2024-11-17 07:59,12878,L,ORDER_CANCEL,"{""key"": 12870, ""reason"": ""R_REPLACED"", ""level"": 88987.1628}"
2024-11-17 07:59,12878,L,R_CONFIRM_POS_FROZEN,"{""signal_id"": ""L-2024-11-07 03:59-128""}"
2024-11-17 08:00,12879,L,ORDER_CREATE,"{""key"": 12878, ""level"": 89992.835, ""stop"": 89095.908, ""atr_idx"": 12878, ""atr_end_time"": 1731830399999, ""r_confirm_time"": 1731830399999}"
2024-11-17 08:00,12879,L,SIGNAL,"{""key"": 12878}"
2024-11-17 21:19,12882,L,R_INVALID,"{""key"": 12878, ""mode"": ""5M""}"
2024-11-17 21:19,12882,L,ORDER_CANCEL,"{""key"": 12878, ""reason"": ""R_INVALID"", ""level"": 89992.835}"
2024-11-18 03:59,12883,L,R_CONFIRM_POS_FROZEN,"{""signal_id"": ""L-2024-11-07 03:59-128""}"
2024-11-18 04:00,12884,L,ORDER_CREATE,"{""key"": 12883, ""level"": 89512.105, ""stop"": 88455.834, ""atr_idx"": 12883, ""atr_end_time"": 1731902399999, ""r_confirm_time"": 1731902399999}"
2024-11-18 04:00,12884,L,SIGNAL,"{""key"": 12883}"
2024-11-18 11:59,12885,L,R_REPLACED,"{""old_key"": 12883, ""new_key"": 12885}"
2024-11-18 11:59,12885,L,ORDER_CANCEL,"{""key"": 12883, ""reason"": ""R_REPLACED"", ""level"": 89512.105}"
2024-11-18 11:59,12885,L,R_CONFIRM_POS_FROZEN,"{""signal_id"": ""L-2024-11-07 03:59-128""}"
2024-11-18 12:00,12886,L,ORDER_CREATE,"{""key"": 12885, ""level"": 90521.6742, ""stop"": 89349.1061, ""atr_idx"": 12885, ""atr_end_time"": 1731931199999, ""r_confirm_time"": 1731931199999}"
2024-11-18 12:00,12886,L,SIGNAL,"{""key"": 12885}"
2024-11-18 13:24,12886,L,R_INVALID,"{""key"": 12885, ""mode"": ""5M""}"
2024-11-18 13:24,12886,L,ORDER_CANCEL,"{""key"": 12885, ""reason"": ""R_INVALID"", ""level"": 90521.6742}"
2024-11-18 19:59,12887,L,R_CONFIRM_POS_FROZEN,"{""signal_id"": ""L-2024-11-07 03:59-128""}"
2024-11-18 20:00,12888,L,ORDER_CREATE,"{""key"": 12887, ""level"": 90406.544, ""stop"": 89108.7693, ""atr_idx"": 12887, ""atr_end_time"": 1731959999999, ""r_confirm_time"": 1731959999999}"
2024-11-18 20:00,12888,L,SIGNAL,"{""key"": 12887}"
2024-11-19 03:59,12889,L,R_REPLACED,"{""old_key"": 12887, ""new_key"": 12889}"
2024-11-19 03:59,12889,L,ORDER_CANCEL,"{""key"": 12887, ""reason"": ""R_REPLACED"", ""level"": 90406.544}"
2024-11-19 03:59,12889,L,R_CONFIRM_POS_FROZEN,"{""signal_id"": ""L-2024-11-07 03:59-128""}"
2024-11-19 04:00,12890,L,ORDER_CREATE,"{""key"": 12889, ""level"": 90484.0124, ""stop"": 89398.657, ""atr_idx"": 12889, ""atr_end_time"": 1731988799999, ""r_confirm_time"": 1731988799999}"
2024-11-19 04:00,12890,L,SIGNAL,"{""key"": 12889}"
2024-11-19 11:59,12891,L,R_REPLACED,"{""old_key"": 12889, ""new_key"": 12891}"
2024-11-19 11:59,12891,L,ORDER_CANCEL,"{""key"": 12889, ""reason"": ""R_REPLACED"", ""level"": 90484.0124}"
2024-11-19 11:59,12891,L,R_CONFIRM_POS_FROZEN,"{""signal_id"": ""L-2024-11-07 03:59-128""}"
2024-11-19 12:00,12892,L,ORDER_CREATE,"{""key"": 12891, ""level"": 91016.9822, ""stop"": 90085.929, ""atr_idx"": 12891, ""atr_end_time"": 1732017599999, ""r_confirm_time"": 1732017599999}"
2024-11-19 12:00,12892,L,SIGNAL,"{""key"": 12891}"
2024-11-19 20:00,12894,L,ORDER_CANCEL,"{""key"": 12891, ""reason"": ""R_CHANGED"", ""level"": 91016.9822}"
2024-11-19 23:59,12894,L,R_CONFIRM_POS_FROZEN,"{""signal_id"": ""L-2024-11-07 03:59-128""}"
2024-11-20 00:00,12895,L,ORDER_CREATE,"{""key"": 12894, ""level"": 91942.2132, ""stop"": 90702.8726, ""atr_idx"": 12894, ""atr_end_time"": 1732060799999, ""r_confirm_time"": 1732060799999}"
2024-11-20 00:00,12895,L,SIGNAL,"{""key"": 12894}"
2024-11-20 11:59,12897,L,R_REPLACED,"{""old_key"": 12894, ""new_key"": 12897}"
2024-11-20 11:59,12897,L,ORDER_CANCEL,"{""key"": 12894, ""reason"": ""R_REPLACED"", ""level"": 91942.2132}"
2024-11-20 11:59,12897,L,R_CONFIRM_POS_FROZEN,"{""signal_id"": ""L-2024-11-07 03:59-128""}"
2024-11-20 12:00,12898,L,ORDER_CREATE,"{""key"": 12897, ""level"": 92150.2191, ""stop"": 91046.04, ""atr_idx"": 12897, ""atr_end_time"": 1732103999999, ""r_confirm_time"": 1732103999999}"
2024-11-20 12:00,12898,L,SIGNAL,"{""key"": 12897}"
2024-11-20 23:59,12900,L,R_REPLACED,"{""old_key"": 12897, ""new_key"": 12900}"
2024-11-20 23:59,12900,L,ORDER_CANCEL,"{""key"": 12897, ""reason"": ""R_REPLACED"", ""level"": 92150.2191}"
2024-11-20 23:59,12900,L,R_CONFIRM_POS_FROZEN,"{""signal_id"": ""L-2024-11-07 03:59-128""}"
2024-11-21 00:00,12901,L,ORDER_CREATE,"{""key"": 12900, ""level"": 93818.3903, ""stop"": 92858.586, ""atr_idx"": 12900, ""atr_end_time"": 1732147199999, ""r_confirm_time"": 1732147199999}"
2024-11-21 00:00,12901,L,SIGNAL,"{""key"": 12900}"
2024-11-21 11:59,12903,L,R_REPLACED,"{""old_key"": 12900, ""new_key"": 12903}"
2024-11-21 11:59,12903,L,ORDER_CANCEL,"{""key"": 12900, ""reason"": ""R_REPLACED"", ""level"": 93818.3903}"
2024-11-21 11:59,12903,L,R_CONFIRM_POS_FROZEN,"{""signal_id"": ""L-2024-11-07 03:59-128""}"
2024-11-21 12:00,12904,L,ORDER_CREATE,"{""key"": 12903, ""level"": 95350.5831, ""stop"": 93757.88, ""atr_idx"": 12903, ""atr_end_time"": 1732190399999, ""r_confirm_time"": 1732190399999}"
2024-11-21 12:00,12904,L,SIGNAL,"{""key"": 12903}"
2024-11-21 19:59,12905,L,R_REPLACED,"{""old_key"": 12903, ""new_key"": 12905}"
2024-11-21 19:59,12905,L,ORDER_CANCEL,"{""key"": 12903, ""reason"": ""R_REPLACED"", ""level"": 95350.5831}"
2024-11-21 19:59,12905,L,R_CONFIRM_POS_FROZEN,"{""signal_id"": ""L-2024-11-07 03:59-128""}"
2024-11-21 20:00,12906,L,ORDER_CREATE,"{""key"": 12905, ""level"": 96688.7667, ""stop"": 95313.2, ""atr_idx"": 12905, ""atr_end_time"": 1732219199999, ""r_confirm_time"": 1732219199999}"
2024-11-21 20:00,12906,L,SIGNAL,"{""key"": 12905}"
2024-11-22 03:59,12907,L,R_REPLACED,"{""old_key"": 12905, ""new_key"": 12907}"
2024-11-22 03:59,12907,L,ORDER_CANCEL,"{""key"": 12905, ""reason"": ""R_REPLACED"", ""level"": 96688.7667}"
2024-11-22 03:59,12907,L,R_CONFIRM_POS_FROZEN,"{""signal_id"": ""L-2024-11-07 03:59-128""}"
2024-11-22 04:00,12908,L,ORDER_CREATE,"{""key"": 12907, ""level"": 97281.1594, ""stop"": 95987.8599, ""atr_idx"": 12907, ""atr_end_time"": 1732247999999, ""r_confirm_time"": 1732247999999}"
2024-11-22 04:00,12908,L,SIGNAL,"{""key"": 12907}"
2024-11-22 19:59,12911,L,R_REPLACED,"{""old_key"": 12907, ""new_key"": 12911}"
2024-11-22 19:59,12911,L,ORDER_CANCEL,"{""key"": 12907, ""reason"": ""R_REPLACED"", ""level"": 97281.1594}"
2024-11-22 19:59,12911,L,R_CONFIRM_POS_FROZEN,"{""signal_id"": ""L-2024-11-07 03:59-128""}"
2024-11-22 20:00,12912,L,ORDER_CREATE,"{""key"": 12911, ""level"": 97997.1746, ""stop"": 96830.7437, ""atr_idx"": 12911, ""atr_end_time"": 1732305599999, ""r_confirm_time"": 1732305599999}"
2024-11-22 20:00,12912,L,SIGNAL,"{""key"": 12911}"
2024-11-23 23:59,12918,L,R_REPLACED,"{""old_key"": 12911, ""new_key"": 12918}"
2024-11-23 23:59,12918,L,ORDER_CANCEL,"{""key"": 12911, ""reason"": ""R_REPLACED"", ""level"": 97997.1746}"
2024-11-23 23:59,12918,L,R_CONFIRM_POS_FROZEN,"{""signal_id"": ""L-2024-11-07 03:59-128""}"
2024-11-24 07:59,12920,L,R_CONFIRM_POS_FROZEN,"{""signal_id"": ""L-2024-11-07 03:59-128""}"
2024-11-24 08:00,12921,L,ORDER_CREATE,"{""key"": 12920, ""level"": 97765.427, ""stop"": 96844.592, ""atr_idx"": 12920, ""atr_end_time"": 1732435199999, ""r_confirm_time"": 1732435199999}"
2024-11-24 08:00,12921,L,SIGNAL,"{""key"": 12920}"
2024-11-24 12:29,12922,L,R_INVALID,"{""key"": 12920, ""mode"": ""5M""}"
2024-11-24 12:29,12922,L,ORDER_CANCEL,"{""key"": 12920, ""reason"": ""R_INVALID"", ""level"": 97765.427}"
2024-11-24 15:59,12922,L,R_CONFIRM_POS_FROZEN,"{""signal_id"": ""L-2024-11-07 03:59-128""}"
2024-11-24 23:59,12924,L,R_CONFIRM_POS_FROZEN,"{""signal_id"": ""L-2024-11-07 03:59-128""}"
2024-11-25 00:00,12925,L,ORDER_CREATE,"{""key"": 12924, ""level"": 96645.6265, ""stop"": 95447.5657, ""atr_idx"": 12924, ""atr_end_time"": 1732492799999, ""r_confirm_time"": 1732492799999}"
2024-11-25 00:00,12925,L,SIGNAL,"{""key"": 12924}"
2024-11-25 07:59,12926,L,R_REPLACED,"{""old_key"": 12924, ""new_key"": 12926}"
2024-11-25 07:59,12926,L,ORDER_CANCEL,"{""key"": 12924, ""reason"": ""R_REPLACED"", ""level"": 96645.6265}"
2024-11-25 07:59,12926,L,R_CONFIRM_POS_FROZEN,"{""signal_id"": ""L-2024-11-07 03:59-128""}"
2024-11-25 08:00,12927,L,ORDER_CREATE,"{""key"": 12926, ""level"": 97000.4396, ""stop"": 95906.8836, ""atr_idx"": 12926, ""atr_end_time"": 1732521599999, ""r_confirm_time"": 1732521599999}"
2024-11-25 08:00,12927,L,SIGNAL,"{""key"": 12926}"
2024-11-25 14:49,12928,L,R_INVALID,"{""key"": 12926, ""mode"": ""5M""}"
2024-11-25 14:49,12928,L,ORDER_CANCEL,"{""key"": 12926, ""reason"": ""R_INVALID"", ""level"": 97000.4396}"
2024-11-25 19:59,12929,L,R_CONFIRM_POS_FROZEN,"{""signal_id"": ""L-2024-11-07 03:59-128""}"
2024-11-25 20:00,12930,L,ORDER_CREATE,"{""key"": 12929, ""level"": 95705.2438, ""stop"": 94241.425, ""atr_idx"": 12929, ""atr_end_time"": 1732564799999, ""r_confirm_time"": 1732564799999}"
2024-11-25 20:00,12930,L,SIGNAL,"{""key"": 12929}"
2024-11-25 20:04,12930,L,R_INVALID,"{""key"": 12929, ""mode"": ""5M""}"
2024-11-25 20:04,12930,L,ORDER_CANCEL,"{""key"": 12929, ""reason"": ""R_INVALID"", ""level"": 95705.2438}"
2024-11-26 03:59,12931,L,R_CONFIRM_POS_FROZEN,"{""signal_id"": ""L-2024-11-07 03:59-128""}"
2024-11-26 04:00,12932,L,ORDER_CREATE,"{""key"": 12931, ""level"": 93517.0572, ""stop"": 92322.3894, ""atr_idx"": 12931, ""atr_end_time"": 1732593599999, ""r_confirm_time"": 1732593599999}"
2024-11-26 04:00,12932,L,SIGNAL,"{""key"": 12931}"
2024-11-26 08:24,12933,L,R_INVALID,"{""key"": 12931, ""mode"": ""5M""}"
2024-11-26 08:24,12933,L,ORDER_CANCEL,"{""key"": 12931, ""reason"": ""R_INVALID"", ""level"": 93517.0572}"
2024-11-26 11:59,12933,L,R_CONFIRM_POS_FROZEN,"{""signal_id"": ""L-2024-11-07 03:59-128""}"
2024-11-26 12:00,12934,L,ORDER_CREATE,"{""key"": 12933, ""level"": 93537.6044, ""stop"": 92449.7163, ""atr_idx"": 12933, ""atr_end_time"": 1732622399999, ""r_confirm_time"": 1732622399999}"
2024-11-26 12:00,12934,L,SIGNAL,"{""key"": 12933}"
2024-11-26 12:04,12934,L,R_INVALID,"{""key"": 12933, ""mode"": ""5M""}"
2024-11-26 12:04,12934,L,ORDER_CANCEL,"{""key"": 12933, ""reason"": ""R_INVALID"", ""level"": 93537.6044}"
2024-11-26 19:59,12935,L,R_CONFIRM_POS_FROZEN,"{""signal_id"": ""L-2024-11-07 03:59-128""}"
2024-11-26 20:00,12936,L,ORDER_CREATE,"{""key"": 12935, ""level"": 92502.9015, ""stop"": 91192.1204, ""atr_idx"": 12935, ""atr_end_time"": 1732651199999, ""r_confirm_time"": 1732651199999}"
2024-11-26 20:00,12936,L,SIGNAL,"{""key"": 12935}"
2024-11-26 20:09,12936,L,R_INVALID,"{""key"": 12935, ""mode"": ""5M""}"
2024-11-26 20:09,12936,L,ORDER_CANCEL,"{""key"": 12935, ""reason"": ""R_INVALID"", ""level"": 92502.9015}"
2024-11-27 00:00,12937,L,D_DISARM,"{""day"": ""2024-11-26"", ""P0"": 80216.01, ""H1"": 93265.64}"
2024-11-27 03:59,12937,L,R_CONFIRM_POS_FROZEN,"{""signal_id"": ""L-2024-11-07 03:59-128""}"
2024-11-27 23:59,12942,L,R_CONFIRM_POS_FROZEN,"{""signal_id"": ""L-2024-11-07 03:59-128""}"
2024-11-28 07:59,12944,L,R_CONFIRM_POS_FROZEN,"{""signal_id"": ""L-2024-11-07 03:59-128""}"
2024-11-28 19:59,12947,L,R_CONFIRM_POS_FROZEN,"{""signal_id"": ""L-2024-11-07 03:59-128""}"
2024-11-29 03:59,12949,L,R_CONFIRM_POS_FROZEN,"{""signal_id"": ""L-2024-11-07 03:59-128""}"
2024-11-29 11:59,12951,L,R_CONFIRM_POS_FROZEN,"{""signal_id"": ""L-2024-11-07 03:59-128""}"
2024-11-29 19:59,12953,L,R_CONFIRM_POS_FROZEN,"{""signal_id"": ""L-2024-11-07 03:59-128""}"
2024-11-30 00:00,12955,L,D_ARM,"{""day"": ""2024-11-29"", ""P0"": 90791.1, ""H1"": 98619.99}"
2024-11-30 00:00,12955,L,ORDER_CREATE,"{""key"": 12953, ""level"": 96613.9165, ""stop"": 95329.152, ""atr_idx"": 12954, ""atr_end_time"": 1732924799999, ""r_confirm_time"": 1732910399999}"
2024-11-30 00:00,12955,L,SIGNAL,"{""key"": 12953}"
2024-12-01 11:59,12963,L,R_REPLACED,"{""old_key"": 12953, ""new_key"": 12963}"
2024-12-01 11:59,12963,L,ORDER_CANCEL,"{""key"": 12953, ""reason"": ""R_REPLACED"", ""level"": 96613.9165}"
2024-12-01 11:59,12963,L,R_CONFIRM_POS_FROZEN,"{""signal_id"": ""L-2024-11-07 03:59-128""}"
2024-12-01 12:00,12964,L,ORDER_CREATE,"{""key"": 12963, ""level"": 96332.5109, ""stop"": 95406.7984, ""atr_idx"": 12963, ""atr_end_time"": 1733054399999, ""r_confirm_time"": 1733054399999}"
2024-12-01 12:00,12964,L,SIGNAL,"{""key"": 12963}"
2024-12-02 07:59,12968,L,R_REPLACED,"{""old_key"": 12963, ""new_key"": 12968}"
2024-12-02 07:59,12968,L,ORDER_CANCEL,"{""key"": 12963, ""reason"": ""R_REPLACED"", ""level"": 96332.5109}"
2024-12-02 07:59,12968,L,R_CONFIRM_POS_FROZEN,"{""signal_id"": ""L-2024-11-07 03:59-128""}"
2024-12-02 08:00,12969,L,ORDER_CREATE,"{""key"": 12968, ""level"": 97060.3902, ""stop"": 96060.95, ""atr_idx"": 12968, ""atr_end_time"": 1733126399999, ""r_confirm_time"": 1733126399999}"
2024-12-02 08:00,12969,L,SIGNAL,"{""key"": 12968}"
2024-12-02 08:04,12969,L,R_INVALID,"{""key"": 12968, ""mode"": ""5M""}"
2024-12-02 08:04,12969,L,ORDER_CANCEL,"{""key"": 12968, ""reason"": ""R_INVALID"", ""level"": 97060.3902}"
2024-12-02 15:59,12970,L,R_CONFIRM_POS_FROZEN,"{""signal_id"": ""L-2024-11-07 03:59-128""}"
2024-12-02 16:00,12971,L,ORDER_CREATE,"{""key"": 12970, ""level"": 95671.6354, ""stop"": 94535.9488, ""atr_idx"": 12970, ""atr_end_time"": 1733155199999, ""r_confirm_time"": 1733155199999}"
2024-12-02 16:00,12971,L,SIGNAL,"{""key"": 12970}"
2024-12-02 17:59,12971,L,R_INVALID,"{""key"": 12970, ""mode"": ""5M""}"
2024-12-02 17:59,12971,L,ORDER_CANCEL,"{""key"": 12970, ""reason"": ""R_INVALID"", ""level"": 95671.6354}"
2024-12-02 23:59,12972,L,R_CONFIRM_POS_FROZEN,"{""signal_id"": ""L-2024-11-07 03:59-128""}"
2024-12-03 00:00,12973,L,ORDER_CREATE,"{""key"": 12972, ""level"": 95379.2407, ""stop"": 94111.815, ""atr_idx"": 12972, ""atr_end_time"": 1733183999999, ""r_confirm_time"": 1733183999999}"
2024-12-03 00:00,12973,L,SIGNAL,"{""key"": 12972}"
2024-12-03 13:39,12976,L,R_INVALID,"{""key"": 12972, ""mode"": ""5M""}"
2024-12-03 13:39,12976,L,ORDER_CANCEL,"{""key"": 12972, ""reason"": ""R_INVALID"", ""level"": 95379.2407}"
2024-12-03 15:59,12976,L,R_CONFIRM_POS_FROZEN,"{""signal_id"": ""L-2024-11-07 03:59-128""}"
2024-12-03 16:00,12977,L,ORDER_CREATE,"{""key"": 12976, ""level"": 95270.8279, ""stop"": 94311.5939, ""atr_idx"": 12976, ""atr_end_time"": 1733241599999, ""r_confirm_time"": 1733241599999}"
2024-12-03 16:00,12977,L,SIGNAL,"{""key"": 12976}"
2024-12-03 23:59,12978,L,R_REPLACED,"{""old_key"": 12976, ""new_key"": 12978}"
2024-12-03 23:59,12978,L,ORDER_CANCEL,"{""key"": 12976, ""reason"": ""R_REPLACED"", ""level"": 95270.8279}"
2024-12-03 23:59,12978,L,R_CONFIRM_POS_FROZEN,"{""signal_id"": ""L-2024-11-07 03:59-128""}"
2024-12-04 00:00,12979,L,ORDER_CREATE,"{""key"": 12978, ""level"": 94472.409, ""stop"": 93297.4355, ""atr_idx"": 12978, ""atr_end_time"": 1733270399999, ""r_confirm_time"": 1733270399999}"
2024-12-04 00:00,12979,L,SIGNAL,"{""key"": 12978}"
2024-12-04 19:59,12983,L,R_REPLACED,"{""old_key"": 12978, ""new_key"": 12983}"
2024-12-04 19:59,12983,L,ORDER_CANCEL,"{""key"": 12978, ""reason"": ""R_REPLACED"", ""level"": 94472.409}"
2024-12-04 19:59,12983,L,R_CONFIRM_POS_FROZEN,"{""signal_id"": ""L-2024-11-07 03:59-128""}"
2024-12-04 20:00,12984,L,ORDER_CREATE,"{""key"": 12983, ""level"": 96083.3836, ""stop"": 95066.3528, ""atr_idx"": 12983, ""atr_end_time"": 1733342399999, ""r_confirm_time"": 1733342399999}"
2024-12-04 20:00,12984,L,SIGNAL,"{""key"": 12983}"
2024-12-05 03:59,12985,L,R_REPLACED,"{""old_key"": 12983, ""new_key"": 12985}"
2024-12-05 03:59,12985,L,ORDER_CANCEL,"{""key"": 12983, ""reason"": ""R_REPLACED"", ""level"": 96083.3836}"
2024-12-05 03:59,12985,L,R_CONFIRM_POS_FROZEN,"{""signal_id"": ""L-2024-11-07 03:59-128""}"
2024-12-05 04:00,12986,L,ORDER_CREATE,"{""key"": 12985, ""level"": 97120.3597, ""stop"": 94304.0665, ""atr_idx"": 12985, ""atr_end_time"": 1733371199999, ""r_confirm_time"": 1733371199999}"
2024-12-05 04:00,12986,L,SIGNAL,"{""key"": 12985}"
2024-12-05 15:59,12988,L,R_REPLACED,"{""old_key"": 12985, ""new_key"": 12988}"
2024-12-05 15:59,12988,L,ORDER_CANCEL,"{""key"": 12985, ""reason"": ""R_REPLACED"", ""level"": 97120.3597}"
2024-12-05 15:59,12988,L,R_CONFIRM_POS_FROZEN,"{""signal_id"": ""L-2024-11-07 03:59-128""}"
2024-12-05 16:00,12989,L,ORDER_CREATE,"{""key"": 12988, ""level"": 99522.5867, ""stop"": 97595.2233, ""atr_idx"": 12988, ""atr_end_time"": 1733414399999, ""r_confirm_time"": 1733414399999}"
2024-12-05 16:00,12989,L,SIGNAL,"{""key"": 12988}"
2024-12-05 20:34,12990,L,R_INVALID,"{""key"": 12988, ""mode"": ""5M""}"
2024-12-05 20:34,12990,L,ORDER_CANCEL,"{""key"": 12988, ""reason"": ""R_INVALID"", ""level"": 99522.5867}"
2024-12-05 22:29,12990,L,V,"{""P0"": 90791.1, ""mode"": ""5M""}"
2024-12-05 22:30,12990,L,EXIT,"{""exit_kind"": ""v"", ""px"": 94112.33, ""frac"": 0.5, ""signal_id"": ""L-2024-11-07 03:59-128""}"
2024-12-31 00:00,13141,S,D_ARM,"{""day"": ""2024-12-30"", ""P0"": -99963.7, ""H1"": -91530.45}"
2024-12-31 00:00,13141,S,ORDER_CREATE,"{""key"": 13140, ""level"": -93721.4344, ""stop"": -94968.1423, ""atr_idx"": 13140, ""atr_end_time"": 1735603199999, ""r_confirm_time"": 1735603199999}"
2024-12-31 00:00,13141,S,SIGNAL,"{""key"": 13140}"
2024-12-31 07:59,13142,S,R_REPLACED,"{""old_key"": 13140, ""new_key"": 13142}"
2024-12-31 07:59,13142,S,ORDER_CANCEL,"{""key"": 13140, ""reason"": ""R_REPLACED"", ""level"": -93721.4344}"
2024-12-31 08:00,13143,S,ORDER_CREATE,"{""key"": 13142, ""level"": -94035.7222, ""stop"": -95309.5735, ""atr_idx"": 13142, ""atr_end_time"": 1735631999999, ""r_confirm_time"": 1735631999999}"
2024-12-31 08:00,13143,S,SIGNAL,"{""key"": 13142}"
2024-12-31 08:25,13143,S,SKIP_V,"{""key"": 13142}"
2024-12-31 08:25,13143,S,ORDER_CANCEL,"{""key"": 13142, ""reason"": ""SKIP_V"", ""level"": -94035.7222}"
2024-12-31 16:00,13145,S,ORDER_CREATE,"{""key"": 13144, ""level"": -94010.6825, ""stop"": -95025.905, ""atr_idx"": 13144, ""atr_end_time"": 1735660799999, ""r_confirm_time"": 1735660799999}"
2024-12-31 16:00,13145,S,SIGNAL,"{""key"": 13144}"
2024-12-31 16:00,13145,S,FILL,"{""signal_id"": ""S-2024-12-31 15:59-129"", ""expected"": -94010.6825, ""entry"": -94010.6825, ""stop"": -95025.905, ""key"": 13144}"
2024-12-31 16:04,13145,S,EXIT,"{""exit_kind"": ""stop"", ""px"": -95025.905, ""frac"": 1.0, ""signal_id"": ""S-2024-12-31 15:59-129""}"
2025-02-01 00:00,13333,L,D_ARM,"{""day"": ""2025-01-31"", ""P0"": 97777.77, ""H1"": 106457.44}"
2025-02-01 00:00,13333,L,ORDER_CREATE,"{""key"": 13332, ""level"": 103245.5767, ""stop"": 101815.634, ""atr_idx"": 13332, ""atr_end_time"": 1738367999999, ""r_confirm_time"": 1738367999999}"
2025-02-01 00:00,13333,L,SIGNAL,"{""key"": 13332}"
2025-02-01 00:00,13333,L,FILL,"{""signal_id"": ""L-2025-01-31 23:59-130"", ""expected"": 103245.5767, ""entry"": 103245.5767, ""stop"": 101815.634, ""key"": 13332}"
2025-02-01 09:04,13335,L,EXIT,"{""exit_kind"": ""stop"", ""px"": 101815.634, ""frac"": 1.0, ""signal_id"": ""L-2025-01-31 23:59-130""}"
2025-02-13 00:00,13405,S,D_ARM,"{""day"": ""2025-02-12"", ""P0"": -102500.01, ""H1"": -94088.23}"
2025-02-13 00:00,13405,S,ORDER_CREATE,"{""key"": 13404, ""level"": -96799.9172, ""stop"": -97993.1, ""atr_idx"": 13404, ""atr_end_time"": 1739404799999, ""r_confirm_time"": 1739404799999}"
2025-02-13 00:00,13405,S,SIGNAL,"{""key"": 13404}"
2025-02-13 00:00,13405,S,FILL,"{""signal_id"": ""S-2025-02-12 23:59-131"", ""expected"": -96799.9172, ""entry"": -96799.9172, ""stop"": -97993.1, ""key"": 13404}"
2025-02-13 01:49,13405,S,EXIT,"{""exit_kind"": ""stop"", ""px"": -97993.1, ""frac"": 1.0, ""signal_id"": ""S-2025-02-12 23:59-131""}"
2025-03-01 00:00,13501,S,D_ARM,"{""day"": ""2025-02-28"", ""P0"": -89414.15, ""H1"": -78258.52}"
2025-03-01 16:00,13505,S,ORDER_CREATE,"{""key"": 13504, ""level"": -85775.1284, ""stop"": -86817.674, ""atr_idx"": 13504, ""atr_end_time"": 1740844799999, ""r_confirm_time"": 1740844799999}"
2025-03-01 16:00,13505,S,SIGNAL,"{""key"": 13504}"
2025-03-01 21:45,13506,S,FILL,"{""signal_id"": ""S-2025-03-01 15:59-132"", ""expected"": -85775.1284, ""entry"": -85775.1284, ""stop"": -86817.674, ""key"": 13504}"
2025-03-02 15:29,13510,S,EXIT,"{""exit_kind"": ""stop"", ""px"": -86817.674, ""frac"": 1.0, ""signal_id"": ""S-2025-03-01 15:59-132""}"
2025-03-06 00:00,13531,S,D_ARM,"{""day"": ""2025-03-05"", ""P0"": -94416.46, ""H1"": -81500.0}"
2025-03-06 00:00,13531,S,ORDER_CREATE,"{""key"": 13530, ""level"": -89876.5974, ""stop"": -91206.6215, ""atr_idx"": 13530, ""atr_end_time"": 1741219199999, ""r_confirm_time"": 1741219199999}"
2025-03-06 00:00,13531,S,SIGNAL,"{""key"": 13530}"
2025-03-06 00:00,13531,S,FILL,"{""signal_id"": ""S-2025-03-05 23:59-133"", ""expected"": -89876.5974, ""entry"": -89876.5974, ""stop"": -91206.6215, ""key"": 13530}"
2025-03-06 01:49,13531,S,EXIT,"{""exit_kind"": ""stop"", ""px"": -91206.6215, ""frac"": 1.0, ""signal_id"": ""S-2025-03-05 23:59-133""}"
2025-03-12 00:00,13567,S,D_ARM,"{""day"": ""2025-03-11"", ""P0"": -86500.0, ""H1"": -76606.0}"
2025-03-12 00:00,13567,S,ORDER_CREATE,"{""key"": 13566, ""level"": -82658.9212, ""stop"": -83868.2522, ""atr_idx"": 13566, ""atr_end_time"": 1741737599999, ""r_confirm_time"": 1741737599999}"
2025-03-12 00:00,13567,S,SIGNAL,"{""key"": 13566}"
2025-03-12 00:00,13567,S,FILL,"{""signal_id"": ""S-2025-03-11 23:59-134"", ""expected"": -82658.9212, ""entry"": -82658.9212, ""stop"": -83868.2522, ""key"": 13566}"
2025-03-12 07:59,13568,S,R_CONFIRM_POS_FROZEN,"{""signal_id"": ""S-2025-03-11 23:59-134""}"
2025-03-12 12:34,13570,S,EXIT,"{""exit_kind"": ""stop"", ""px"": -83868.2522, ""frac"": 1.0, ""signal_id"": ""S-2025-03-11 23:59-134""}"
2025-04-03 00:00,13699,L,D_ARM,"{""day"": ""2025-04-02"", ""P0"": 81278.52, ""H1"": 88500.0}"
2025-04-03 00:00,13699,L,ORDER_CREATE,"{""key"": 13698, ""level"": 85671.7416, ""stop"": 84209.3019, ""atr_idx"": 13698, ""atr_end_time"": 1743638399999, ""r_confirm_time"": 1743638399999}"
2025-04-03 00:00,13699,L,SIGNAL,"{""key"": 13698}"
2025-04-03 00:00,13699,L,FILL,"{""signal_id"": ""L-2025-04-02 23:59-135"", ""expected"": 85671.7416, ""entry"": 85671.7416, ""stop"": 84209.3019, ""key"": 13698}"
2025-04-03 00:04,13699,L,EXIT,"{""exit_kind"": ""stop"", ""px"": 84209.3019, ""frac"": 1.0, ""signal_id"": ""L-2025-04-02 23:59-135""}"
2025-04-09 00:00,13735,S,D_ARM,"{""day"": ""2025-04-08"", ""P0"": -83817.63, ""H1"": -74508.0}"
2025-04-09 00:00,13735,S,ORDER_CREATE,"{""key"": 13732, ""level"": -79991.78, ""stop"": -81110.594, ""atr_idx"": 13734, ""atr_end_time"": 1744156799999, ""r_confirm_time"": 1744127999999}"
2025-04-09 00:00,13735,S,SIGNAL,"{""key"": 13732}"
2025-04-09 11:59,13737,S,R_REPLACED,"{""old_key"": 13732, ""new_key"": 13737}"
2025-04-09 11:59,13737,S,ORDER_CANCEL,"{""key"": 13732, ""reason"": ""R_REPLACED"", ""level"": -79991.78}"
2025-04-09 12:00,13738,S,ORDER_CREATE,"{""key"": 13737, ""level"": -77044.3566, ""stop"": -78213.2379, ""atr_idx"": 13737, ""atr_end_time"": 1744199999999, ""r_confirm_time"": 1744199999999}"
2025-04-09 12:00,13738,S,SIGNAL,"{""key"": 13737}"
2025-04-09 12:55,13738,S,FILL,"{""signal_id"": ""S-2025-04-09 11:59-136"", ""expected"": -77044.3566, ""entry"": -77044.3566, ""stop"": -78213.2379, ""key"": 13737}"
2025-04-09 14:04,13738,S,EXIT,"{""exit_kind"": ""stop"", ""px"": -78213.2379, ""frac"": 1.0, ""signal_id"": ""S-2025-04-09 11:59-136""}"
2025-04-12 00:00,13753,L,D_ARM,"{""day"": ""2025-04-11"", ""P0"": 74620.0, ""H1"": 84300.0}"
2025-04-12 00:00,13753,L,ORDER_CREATE,"{""key"": 13751, ""level"": 81838.4776, ""stop"": 80540.0827, ""atr_idx"": 13752, ""atr_end_time"": 1744415999999, ""r_confirm_time"": 1744401599999}"
2025-04-12 00:00,13753,L,SIGNAL,"{""key"": 13751}"
2025-04-12 03:59,13753,L,R_REPLACED,"{""old_key"": 13751, ""new_key"": 13753}"
2025-04-12 03:59,13753,L,ORDER_CANCEL,"{""key"": 13751, ""reason"": ""R_REPLACED"", ""level"": 81838.4776}"
2025-04-12 04:00,13754,L,ORDER_CREATE,"{""key"": 13753, ""level"": 82801.9841, ""stop"": 81769.0348, ""atr_idx"": 13753, ""atr_end_time"": 1744430399999, ""r_confirm_time"": 1744430399999}"
2025-04-12 04:00,13754,L,SIGNAL,"{""key"": 13753}"
2025-04-12 15:59,13756,L,R_REPLACED,"{""old_key"": 13753, ""new_key"": 13756}"
2025-04-12 15:59,13756,L,ORDER_CANCEL,"{""key"": 13753, ""reason"": ""R_REPLACED"", ""level"": 82801.9841}"
2025-04-12 16:00,13757,L,ORDER_CREATE,"{""key"": 13756, ""level"": 83659.1249, ""stop"": 82544.5712, ""atr_idx"": 13756, ""atr_end_time"": 1744473599999, ""r_confirm_time"": 1744473599999}"
2025-04-12 16:00,13757,L,SIGNAL,"{""key"": 13756}"
2025-04-12 23:59,13758,L,R_REPLACED,"{""old_key"": 13756, ""new_key"": 13758}"
2025-04-12 23:59,13758,L,ORDER_CANCEL,"{""key"": 13756, ""reason"": ""R_REPLACED"", ""level"": 83659.1249}"
2025-04-13 00:00,13759,L,ORDER_CREATE,"{""key"": 13758, ""level"": 84300.5795, ""stop"": 83224.5152, ""atr_idx"": 13758, ""atr_end_time"": 1744502399999, ""r_confirm_time"": 1744502399999}"
2025-04-13 00:00,13759,L,SIGNAL,"{""key"": 13758}"
2025-04-13 08:05,13761,L,FILL,"{""signal_id"": ""L-2025-04-12 23:59-137"", ""expected"": 84300.5795, ""entry"": 84300.5795, ""stop"": 83224.5152, ""key"": 13758}"
2025-04-13 19:44,13763,L,EXIT,"{""exit_kind"": ""stop"", ""px"": 83224.5152, ""frac"": 1.0, ""signal_id"": ""L-2025-04-12 23:59-137""}"
2025-06-10 00:00,14107,L,D_ARM,"{""day"": ""2025-06-09"", ""P0"": 100372.26, ""H1"": 110530.17}"
2025-06-10 00:00,14107,L,ORDER_CREATE,"{""key"": 14105, ""level"": 106569.6287, ""stop"": 105157.1493, ""atr_idx"": 14106, ""atr_end_time"": 1749513599999, ""r_confirm_time"": 1749499199999}"
2025-06-10 00:00,14107,L,SIGNAL,"{""key"": 14105}"
2025-06-10 03:59,14107,L,R_REPLACED,"{""old_key"": 14105, ""new_key"": 14107}"
2025-06-10 03:59,14107,L,ORDER_CANCEL,"{""key"": 14105, ""reason"": ""R_REPLACED"", ""level"": 106569.6287}"
2025-06-10 04:00,14108,L,ORDER_CREATE,"{""key"": 14107, ""level"": 108643.9122, ""stop"": 107313.0023, ""atr_idx"": 14107, ""atr_end_time"": 1749527999999, ""r_confirm_time"": 1749527999999}"
2025-06-10 04:00,14108,L,SIGNAL,"{""key"": 14107}"
2025-06-10 14:30,14110,L,FILL,"{""signal_id"": ""L-2025-06-10 03:59-138"", ""expected"": 108643.9122, ""entry"": 108643.9122, ""stop"": 107313.0023, ""key"": 14107}"
2025-06-10 16:04,14111,L,EXIT,"{""exit_kind"": ""tp"", ""px"": 109248.0306, ""frac"": 0.25, ""signal_id"": ""L-2025-06-10 03:59-138""}"
2025-06-10 19:59,14111,L,R_CONFIRM_POS_FROZEN,"{""signal_id"": ""L-2025-06-10 03:59-138""}"
2025-06-11 03:59,14113,L,R_CONFIRM_POS_FROZEN,"{""signal_id"": ""L-2025-06-10 03:59-138""}"
2025-06-11 19:59,14117,L,R_CONFIRM_POS_FROZEN,"{""signal_id"": ""L-2025-06-10 03:59-138""}"
2025-06-12 03:59,14119,L,R_CONFIRM_POS_FROZEN,"{""signal_id"": ""L-2025-06-10 03:59-138""}"
2025-06-12 10:19,14121,L,EXIT,"{""exit_kind"": ""stop"", ""px"": 107313.0023, ""frac"": 0.75, ""signal_id"": ""L-2025-06-10 03:59-138""}"
2025-08-12 00:00,14485,L,D_ARM,"{""day"": ""2025-08-11"", ""P0"": 111920.0, ""H1"": 122335.16}"
2025-08-12 16:00,14489,L,ORDER_CREATE,"{""key"": 14488, ""level"": 118856.3466, ""stop"": 117695.9597, ""atr_idx"": 14488, ""atr_end_time"": 1755014399999, ""r_confirm_time"": 1755014399999}"
2025-08-12 16:00,14489,L,SIGNAL,"{""key"": 14488}"
2025-08-12 23:59,14490,L,R_REPLACED,"{""old_key"": 14488, ""new_key"": 14490}"
2025-08-12 23:59,14490,L,ORDER_CANCEL,"{""key"": 14488, ""reason"": ""R_REPLACED"", ""level"": 118856.3466}"
2025-08-13 00:00,14491,L,ORDER_CREATE,"{""key"": 14490, ""level"": 119122.6044, ""stop"": 117930.145, ""atr_idx"": 14490, ""atr_end_time"": 1755043199999, ""r_confirm_time"": 1755043199999}"
2025-08-13 00:00,14491,L,SIGNAL,"{""key"": 14490}"
2025-08-13 02:15,14491,L,FILL,"{""signal_id"": ""L-2025-08-12 23:59-139"", ""expected"": 119122.6044, ""entry"": 119122.6044, ""stop"": 117930.145, ""key"": 14490}"
2025-08-13 10:14,14493,L,EXIT,"{""exit_kind"": ""tp"", ""px"": 120283.6321, ""frac"": 0.25, ""signal_id"": ""L-2025-08-12 23:59-139""}"
2025-08-13 11:59,14493,L,R_CONFIRM_POS_FROZEN,"{""signal_id"": ""L-2025-08-12 23:59-139""}"
2025-08-13 13:49,14494,L,EXIT,"{""exit_kind"": ""tp"", ""px"": 120883.132, ""frac"": 0.25, ""signal_id"": ""L-2025-08-12 23:59-139""}"
2025-08-13 13:54,14494,L,EXIT,"{""exit_kind"": ""tp"", ""px"": 121855.654, ""frac"": 0.25, ""signal_id"": ""L-2025-08-12 23:59-139""}"
2025-08-13 19:59,14495,L,R_CONFIRM_POS_FROZEN,"{""signal_id"": ""L-2025-08-12 23:59-139""}"
2025-08-13 22:44,14496,L,EXIT,"{""exit_kind"": ""tp"", ""px"": 123427.676, ""frac"": 0.25, ""signal_id"": ""L-2025-08-12 23:59-139""}"
2025-10-31 00:00,14965,S,D_ARM,"{""day"": ""2025-10-30"", ""P0"": -116400.0, ""H1"": -106304.34}"
2025-10-31 00:00,14965,S,ORDER_CREATE,"{""key"": 14964, ""level"": -108631.2883, ""stop"": -110107.2638, ""atr_idx"": 14964, ""atr_end_time"": 1761868799999, ""r_confirm_time"": 1761868799999}"
2025-10-31 00:00,14965,S,SIGNAL,"{""key"": 14964}"
2025-10-31 00:10,14965,S,FILL,"{""signal_id"": ""S-2025-10-30 23:59-140"", ""expected"": -108631.2883, ""entry"": -108631.2883, ""stop"": -110107.2638, ""key"": 14964}"
2025-10-31 04:44,14966,S,EXIT,"{""exit_kind"": ""stop"", ""px"": -110107.2638, ""frac"": 1.0, ""signal_id"": ""S-2025-10-30 23:59-140""}"
2025-11-14 00:00,15049,S,D_ARM,"{""day"": ""2025-11-13"", ""P0"": -107500.0, ""H1"": -98000.4}"
2025-11-14 00:00,15049,S,ORDER_CREATE,"{""key"": 15048, ""level"": -101883.1713, ""stop"": -103794.2815, ""atr_idx"": 15048, ""atr_end_time"": 1763078399999, ""r_confirm_time"": 1763078399999}"
2025-11-14 00:00,15049,S,SIGNAL,"{""key"": 15048}"
2025-11-14 07:59,15050,S,R_REPLACED,"{""old_key"": 15048, ""new_key"": 15050}"
2025-11-14 07:59,15050,S,ORDER_CANCEL,"{""key"": 15048, ""reason"": ""R_REPLACED"", ""level"": -101883.1713}"
2025-11-14 08:00,15051,S,ORDER_CREATE,"{""key"": 15050, ""level"": -99125.0957, ""stop"": -100802.8139, ""atr_idx"": 15050, ""atr_end_time"": 1763107199999, ""r_confirm_time"": 1763107199999}"
2025-11-14 08:00,15051,S,SIGNAL,"{""key"": 15050}"
2025-11-14 15:59,15052,S,R_REPLACED,"{""old_key"": 15050, ""new_key"": 15052}"
2025-11-14 15:59,15052,S,ORDER_CANCEL,"{""key"": 15050, ""reason"": ""R_REPLACED"", ""level"": -99125.0957}"
2025-11-14 16:00,15053,S,ORDER_CREATE,"{""key"": 15052, ""level"": -97794.4423, ""stop"": -99476.1157, ""atr_idx"": 15052, ""atr_end_time"": 1763135999999, ""r_confirm_time"": 1763135999999}"
2025-11-14 16:00,15053,S,SIGNAL,"{""key"": 15052}"
2025-11-14 23:59,15054,S,R_REPLACED,"{""old_key"": 15052, ""new_key"": 15054}"
2025-11-14 23:59,15054,S,ORDER_CANCEL,"{""key"": 15052, ""reason"": ""R_REPLACED"", ""level"": -97794.4423}"
2025-11-15 00:00,15055,S,ORDER_CREATE,"{""key"": 15054, ""level"": -96319.1992, ""stop"": -97703.3433, ""atr_idx"": 15054, ""atr_end_time"": 1763164799999, ""r_confirm_time"": 1763164799999}"
2025-11-15 00:00,15055,S,SIGNAL,"{""key"": 15054}"
2025-11-15 02:55,15055,S,FILL,"{""signal_id"": ""S-2025-11-14 23:59-141"", ""expected"": -96319.1992, ""entry"": -96319.1992, ""stop"": -97703.3433, ""key"": 15054}"
2025-11-15 07:59,15056,S,R_CONFIRM_POS_FROZEN,"{""signal_id"": ""S-2025-11-14 23:59-141""}"
2025-11-16 03:59,15061,S,R_CONFIRM_POS_FROZEN,"{""signal_id"": ""S-2025-11-14 23:59-141""}"
2025-11-16 15:59,15064,S,EXIT,"{""exit_kind"": ""tp"", ""px"": -94434.6055, ""frac"": 0.25, ""signal_id"": ""S-2025-11-14 23:59-141""}"
2025-11-16 15:59,15064,S,R_CONFIRM_POS_FROZEN,"{""signal_id"": ""S-2025-11-14 23:59-141""}"
2025-11-16 23:59,15066,S,R_CONFIRM_POS_FROZEN,"{""signal_id"": ""S-2025-11-14 23:59-141""}"
2025-11-17 07:59,15068,S,R_CONFIRM_POS_FROZEN,"{""signal_id"": ""S-2025-11-14 23:59-141""}"
2025-11-17 15:59,15070,S,R_CONFIRM_POS_FROZEN,"{""signal_id"": ""S-2025-11-14 23:59-141""}"
2025-11-17 19:49,15071,S,EXIT,"{""exit_kind"": ""tp"", ""px"": -91648.4745, ""frac"": 0.25, ""signal_id"": ""S-2025-11-14 23:59-141""}"
2025-11-17 23:59,15072,S,R_CONFIRM_POS_FROZEN,"{""signal_id"": ""S-2025-11-14 23:59-141""}"
2025-11-18 11:59,15075,S,R_CONFIRM_POS_FROZEN,"{""signal_id"": ""S-2025-11-14 23:59-141""}"
2025-11-18 19:59,15077,S,R_CONFIRM_POS_FROZEN,"{""signal_id"": ""S-2025-11-14 23:59-141""}"
2025-11-19 03:59,15079,S,R_CONFIRM_POS_FROZEN,"{""signal_id"": ""S-2025-11-14 23:59-141""}"
2025-11-19 15:59,15082,S,R_CONFIRM_POS_FROZEN,"{""signal_id"": ""S-2025-11-14 23:59-141""}"
2025-11-19 23:59,15084,S,R_CONFIRM_POS_FROZEN,"{""signal_id"": ""S-2025-11-14 23:59-141""}"
2025-11-20 11:59,15087,S,R_CONFIRM_POS_FROZEN,"{""signal_id"": ""S-2025-11-14 23:59-141""}"
2025-11-20 23:59,15090,S,R_CONFIRM_POS_FROZEN,"{""signal_id"": ""S-2025-11-14 23:59-141""}"
2025-11-21 07:59,15092,S,R_CONFIRM_POS_FROZEN,"{""signal_id"": ""S-2025-11-14 23:59-141""}"
2025-11-21 15:59,15094,S,R_CONFIRM_POS_FROZEN,"{""signal_id"": ""S-2025-11-14 23:59-141""}"
2025-11-21 23:59,15096,S,R_CONFIRM_POS_FROZEN,"{""signal_id"": ""S-2025-11-14 23:59-141""}"
2025-11-23 00:00,15103,S,D_ARM,"{""day"": ""2025-11-22"", ""P0"": -93160.0, ""H1"": -80600.0}"
2025-11-23 03:59,15103,S,R_CONFIRM_POS_FROZEN,"{""signal_id"": ""S-2025-11-14 23:59-141""}"
2025-11-23 04:00,15104,S,ORDER_CREATE,"{""key"": 15103, ""level"": -84864.321, ""stop"": -85876.86, ""atr_idx"": 15103, ""atr_end_time"": 1763870399999, ""r_confirm_time"": 1763870399999}"
2025-11-23 04:00,15104,S,SIGNAL,"{""key"": 15103}"
2025-11-23 04:04,15104,S,R_INVALID,"{""key"": 15103, ""mode"": ""5M""}"
2025-11-23 04:04,15104,S,ORDER_CANCEL,"{""key"": 15103, ""reason"": ""R_INVALID"", ""level"": -84864.321}"
2025-11-24 00:00,15109,S,D_DISARM,"{""day"": ""2025-11-23"", ""P0"": -93160.0, ""H1"": -80600.0}"
2025-11-24 03:59,15109,S,R_CONFIRM_POS_FROZEN,"{""signal_id"": ""S-2025-11-14 23:59-141""}"
2025-11-24 11:59,15111,S,R_CONFIRM_POS_FROZEN,"{""signal_id"": ""S-2025-11-14 23:59-141""}"
2025-11-24 19:59,15113,S,R_CONFIRM_POS_FROZEN,"{""signal_id"": ""S-2025-11-14 23:59-141""}"
2025-11-25 00:00,15115,S,EXIT,"{""exit_kind"": ""dexit"", ""px"": -88300.01, ""frac"": 0.5, ""signal_id"": ""S-2025-11-14 23:59-141""}"
2025-12-03 00:00,15163,L,D_ARM,"{""day"": ""2025-12-02"", ""P0"": 83822.76, ""H1"": 92307.65}"
2025-12-03 00:00,15163,L,ORDER_CREATE,"{""key"": 15162, ""level"": 88542.4593, ""stop"": 86771.6518, ""atr_idx"": 15162, ""atr_end_time"": 1764719999999, ""r_confirm_time"": 1764719999999}"
2025-12-03 00:00,15163,L,SIGNAL,"{""key"": 15162}"
2025-12-03 11:59,15165,L,R_REPLACED,"{""old_key"": 15162, ""new_key"": 15165}"
2025-12-03 11:59,15165,L,ORDER_CANCEL,"{""key"": 15162, ""reason"": ""R_REPLACED"", ""level"": 88542.4593}"
2025-12-03 12:00,15166,L,ORDER_CREATE,"{""key"": 15165, ""level"": 91965.8329, ""stop"": 90717.2593, ""atr_idx"": 15165, ""atr_end_time"": 1764763199999, ""r_confirm_time"": 1764763199999}"
2025-12-03 12:00,15166,L,SIGNAL,"{""key"": 15165}"
2025-12-03 14:00,15166,L,FILL,"{""signal_id"": ""L-2025-12-03 11:59-142"", ""expected"": 91965.8329, ""entry"": 91965.8329, ""stop"": 90717.2593, ""key"": 15165}"
2025-12-03 19:59,15167,L,R_CONFIRM_POS_FROZEN,"{""signal_id"": ""L-2025-12-03 11:59-142""}"
2025-12-04 03:59,15169,L,R_CONFIRM_POS_FROZEN,"{""signal_id"": ""L-2025-12-03 11:59-142""}"
2025-12-04 23:59,15174,L,R_CONFIRM_POS_FROZEN,"{""signal_id"": ""L-2025-12-03 11:59-142""}"
2025-12-05 13:29,15178,L,EXIT,"{""exit_kind"": ""stop"", ""px"": 90717.2593, ""frac"": 1.0, ""signal_id"": ""L-2025-12-03 11:59-142""}"
2026-01-08 00:00,15379,L,D_ARM,"{""day"": ""2026-01-07"", ""P0"": 84450.01, ""H1"": 94789.08}"
2026-01-08 12:00,15382,L,ORDER_CREATE,"{""key"": 15381, ""level"": 90276.754, ""stop"": 89372.9145, ""atr_idx"": 15381, ""atr_end_time"": 1767873599999, ""r_confirm_time"": 1767873599999}"
2026-01-08 12:00,15382,L,SIGNAL,"{""key"": 15381}"
2026-01-08 12:00,15382,L,FILL,"{""signal_id"": ""L-2026-01-08 11:59-143"", ""expected"": 90276.754, ""entry"": 90276.754, ""stop"": 89372.9145, ""key"": 15381}"
2026-01-08 14:49,15382,L,EXIT,"{""exit_kind"": ""stop"", ""px"": 89372.9145, ""frac"": 1.0, ""signal_id"": ""L-2026-01-08 11:59-143""}"
2026-02-03 00:00,15535,S,D_ARM,"{""day"": ""2026-02-02"", ""P0"": -84270.02, ""H1"": -74604.0}"
2026-02-03 04:00,15536,S,ORDER_CREATE,"{""key"": 15535, ""level"": -78699.4814, ""stop"": -79598.08, ""atr_idx"": 15535, ""atr_end_time"": 1770091199999, ""r_confirm_time"": 1770091199999}"
2026-02-03 04:00,15536,S,SIGNAL,"{""key"": 15535}"
2026-02-03 04:00,15536,S,FILL,"{""signal_id"": ""S-2026-02-03 03:59-144"", ""expected"": -78699.4814, ""entry"": -78699.4814, ""stop"": -79598.08, ""key"": 15535}"
2026-02-03 15:59,15538,S,R_CONFIRM_POS_FROZEN,"{""signal_id"": ""S-2026-02-03 03:59-144""}"
2026-02-03 18:49,15539,S,EXIT,"{""exit_kind"": ""tp"", ""px"": -73524.6, ""frac"": 0.25, ""signal_id"": ""S-2026-02-03 03:59-144""}"
2026-02-04 03:59,15541,S,R_CONFIRM_POS_FROZEN,"{""signal_id"": ""S-2026-02-03 03:59-144""}"
2026-02-04 15:59,15544,S,R_CONFIRM_POS_FROZEN,"{""signal_id"": ""S-2026-02-03 03:59-144""}"
2026-02-04 17:44,15545,S,EXIT,"{""exit_kind"": ""tp"", ""px"": -72183.6, ""frac"": 0.25, ""signal_id"": ""S-2026-02-03 03:59-144""}"
2026-02-04 23:59,15546,S,R_CONFIRM_POS_FROZEN,"{""signal_id"": ""S-2026-02-03 03:59-144""}"
2026-02-05 07:59,15548,S,R_CONFIRM_POS_FROZEN,"{""signal_id"": ""S-2026-02-03 03:59-144""}"
2026-02-05 11:29,15549,S,EXIT,"{""exit_kind"": ""tp"", ""px"": -70008.2, ""frac"": 0.25, ""signal_id"": ""S-2026-02-03 03:59-144""}"
2026-02-05 17:24,15551,S,EXIT,"{""exit_kind"": ""tp"", ""px"": -66491.8, ""frac"": 0.25, ""signal_id"": ""S-2026-02-03 03:59-144""}"
2026-02-06 00:00,15553,S,D_ARM,"{""day"": ""2026-02-05"", ""P0"": -79186.81, ""H1"": -62345.0}"
2026-02-06 00:00,15553,S,ORDER_CREATE,"{""key"": 15552, ""level"": -68653.0796, ""stop"": -71084.6561, ""atr_idx"": 15552, ""atr_end_time"": 1770335999999, ""r_confirm_time"": 1770335999999}"
2026-02-06 00:00,15553,S,SIGNAL,"{""key"": 15552}"
2026-02-06 07:59,15554,S,R_REPLACED,"{""old_key"": 15552, ""new_key"": 15554}"
2026-02-06 07:59,15554,S,ORDER_CANCEL,"{""key"": 15552, ""reason"": ""R_REPLACED"", ""level"": -68653.0796}"
2026-02-06 08:00,15555,S,ORDER_CREATE,"{""key"": 15554, ""level"": -64397.8651, ""stop"": -66208.03, ""atr_idx"": 15554, ""atr_end_time"": 1770364799999, ""r_confirm_time"": 1770364799999}"
2026-02-06 08:00,15555,S,SIGNAL,"{""key"": 15554}"
2026-02-06 08:00,15555,S,FILL,"{""signal_id"": ""S-2026-02-06 07:59-145"", ""expected"": -64397.8651, ""entry"": -64397.8651, ""stop"": -66208.03, ""key"": 15554}"
2026-02-06 10:24,15555,S,EXIT,"{""exit_kind"": ""stop"", ""px"": -66208.03, ""frac"": 1.0, ""signal_id"": ""S-2026-02-06 07:59-145""}"
2026-02-08 00:00,15565,S,D_ARM,"{""day"": ""2026-02-07"", ""P0"": -73341.18, ""H1"": -60000.0}"
2026-02-08 00:00,15565,S,ORDER_CREATE,"{""key"": 15562, ""level"": -70508.5167, ""stop"": -71905.1402, ""atr_idx"": 15564, ""atr_end_time"": 1770508799999, ""r_confirm_time"": 1770479999999}"
2026-02-08 00:00,15565,S,SIGNAL,"{""key"": 15562}"
2026-02-08 08:30,15567,S,FILL,"{""signal_id"": ""S-2026-02-07 15:59-146"", ""expected"": -70508.5167, ""entry"": -70508.5167, ""stop"": -71905.1402, ""key"": 15562}"
2026-02-08 10:24,15567,S,EXIT,"{""exit_kind"": ""tp"", ""px"": -70008.2, ""frac"": 0.25, ""signal_id"": ""S-2026-02-07 15:59-146""}"
2026-02-08 23:09,15570,S,EXIT,"{""exit_kind"": ""stop"", ""px"": -71905.1402, ""frac"": 0.75, ""signal_id"": ""S-2026-02-07 15:59-146""}"
2026-02-24 00:00,15661,S,D_ARM,"{""day"": ""2026-02-23"", ""P0"": -70983.0, ""H1"": -63888.79}"
2026-02-24 00:00,15661,S,ORDER_CREATE,"{""key"": 15659, ""level"": -65799.9019, ""stop"": -66799.8, ""atr_idx"": 15660, ""atr_end_time"": 1771891199999, ""r_confirm_time"": 1771876799999}"
2026-02-24 00:00,15661,S,SIGNAL,"{""key"": 15659}"
2026-02-24 03:59,15661,S,R_REPLACED,"{""old_key"": 15659, ""new_key"": 15661}"
2026-02-24 03:59,15661,S,ORDER_CANCEL,"{""key"": 15659, ""reason"": ""R_REPLACED"", ""level"": -65799.9019}"
2026-02-24 04:00,15662,S,ORDER_CREATE,"{""key"": 15661, ""level"": -64966.7875, ""stop"": -65921.4528, ""atr_idx"": 15661, ""atr_end_time"": 1771905599999, ""r_confirm_time"": 1771905599999}"
2026-02-24 04:00,15662,S,SIGNAL,"{""key"": 15661}"
2026-02-24 11:59,15663,S,R_REPLACED,"{""old_key"": 15661, ""new_key"": 15663}"
2026-02-24 11:59,15663,S,ORDER_CANCEL,"{""key"": 15661, ""reason"": ""R_REPLACED"", ""level"": -64966.7875}"
2026-02-24 12:00,15664,S,ORDER_CREATE,"{""key"": 15663, ""level"": -64284.3923, ""stop"": -65221.8302, ""atr_idx"": 15663, ""atr_end_time"": 1771934399999, ""r_confirm_time"": 1771934399999}"
2026-02-24 12:00,15664,S,SIGNAL,"{""key"": 15663}"
2026-02-24 16:00,15665,S,FILL,"{""signal_id"": ""S-2026-02-24 11:59-147"", ""expected"": -64284.3923, ""entry"": -64284.3923, ""stop"": -65221.8302, ""key"": 15663}"
2026-02-24 16:29,15665,S,EXIT,"{""exit_kind"": ""tp"", ""px"": -63914.8011, ""frac"": 0.25, ""signal_id"": ""S-2026-02-24 11:59-147""}"
2026-02-24 19:59,15665,S,R_CONFIRM_POS_FROZEN,"{""signal_id"": ""S-2026-02-24 11:59-147""}"
2026-02-25 01:14,15667,S,EXIT,"{""exit_kind"": ""stop"", ""px"": -65221.8302, ""frac"": 0.75, ""signal_id"": ""S-2026-02-24 11:59-147""}"
2026-03-07 00:00,15727,L,D_ARM,"{""day"": ""2026-03-06"", ""P0"": 67400.0, ""H1"": 73558.15}"
2026-03-07 19:19,15731,L,V,"{""P0"": 67400.0, ""mode"": ""5M""}"
2026-06-25 00:00,16387,S,D_ARM,"{""day"": ""2026-06-24"", ""P0"": -67292.15, ""H1"": -59102.7}"
2026-06-25 00:00,16387,S,ORDER_CREATE,"{""key"": 16386, ""level"": -61873.5827, ""stop"": -63162.1196, ""atr_idx"": 16386, ""atr_end_time"": 1782345599999, ""r_confirm_time"": 1782345599999}"
2026-06-25 00:00,16387,S,SIGNAL,"{""key"": 16386}"
2026-06-25 07:15,16388,S,SKIP_V,"{""key"": 16386}"
2026-06-25 07:15,16388,S,ORDER_CANCEL,"{""key"": 16386, ""reason"": ""SKIP_V"", ""level"": -61873.5827}"
2026-06-25 12:00,16390,S,ORDER_CREATE,"{""key"": 16389, ""level"": -61501.127, ""stop"": -62148.2872, ""atr_idx"": 16389, ""atr_end_time"": 1782388799999, ""r_confirm_time"": 1782388799999}"
2026-06-25 12:00,16390,S,SIGNAL,"{""key"": 16389}"
2026-06-25 12:30,16390,S,FILL,"{""signal_id"": ""S-2026-06-25 11:59-148"", ""expected"": -61501.127, ""entry"": -61501.127, ""stop"": -62148.2872, ""key"": 16389}"
2026-06-25 13:34,16390,S,EXIT,"{""exit_kind"": ""tp"", ""px"": -61087.3311, ""frac"": 0.25, ""signal_id"": ""S-2026-06-25 11:59-148""}"
2026-06-25 13:44,16390,S,EXIT,"{""exit_kind"": ""tp"", ""px"": -60354.3994, ""frac"": 0.25, ""signal_id"": ""S-2026-06-25 11:59-148""}"
2026-06-25 13:54,16390,S,EXIT,"{""exit_kind"": ""tp"", ""px"": -59169.6606, ""frac"": 0.25, ""signal_id"": ""S-2026-06-25 11:59-148""}"
2026-06-25 23:59,16392,S,R_CONFIRM_POS_FROZEN,"{""signal_id"": ""S-2026-06-25 11:59-148""}"
2026-06-26 11:59,16395,S,R_CONFIRM_POS_FROZEN,"{""signal_id"": ""S-2026-06-25 11:59-148""}"
2026-06-27 23:59,16404,S,R_CONFIRM_POS_FROZEN,"{""signal_id"": ""S-2026-06-25 11:59-148""}"
2026-06-28 19:59,16409,S,R_CONFIRM_POS_FROZEN,"{""signal_id"": ""S-2026-06-25 11:59-148""}"
2026-06-29 03:59,16411,S,R_CONFIRM_POS_FROZEN,"{""signal_id"": ""S-2026-06-25 11:59-148""}"
2026-06-29 11:59,16413,S,R_CONFIRM_POS_FROZEN,"{""signal_id"": ""S-2026-06-25 11:59-148""}"
2026-06-29 19:59,16415,S,R_CONFIRM_POS_FROZEN,"{""signal_id"": ""S-2026-06-25 11:59-148""}"
2026-06-30 03:59,16417,S,R_CONFIRM_POS_FROZEN,"{""signal_id"": ""S-2026-06-25 11:59-148""}"
2026-06-30 23:59,16422,S,R_CONFIRM_POS_FROZEN,"{""signal_id"": ""S-2026-06-25 11:59-148""}"
2026-07-01 07:59,16424,S,R_CONFIRM_POS_FROZEN,"{""signal_id"": ""S-2026-06-25 11:59-148""}"
2026-07-01 15:59,16426,S,R_CONFIRM_POS_FROZEN,"{""signal_id"": ""S-2026-06-25 11:59-148""}"
2026-07-02 03:59,16429,S,R_CONFIRM_POS_FROZEN,"{""signal_id"": ""S-2026-06-25 11:59-148""}"
2026-07-02 11:59,16431,S,R_CONFIRM_POS_FROZEN,"{""signal_id"": ""S-2026-06-25 11:59-148""}"
2026-07-02 14:14,16432,S,EXIT,"{""exit_kind"": ""stop"", ""px"": -62148.2872, ""frac"": 0.25, ""signal_id"": ""S-2026-06-25 11:59-148""}"
2026-08-22 00:00,16735,L,D_ARM,"{""day"": ""2026-08-21"", ""P0"": 64166.0, ""H1"": 79500.0}"
2026-08-22 00:00,16735,L,ORDER_CREATE,"{""key"": 16734, ""level"": 77062.136, ""stop"": 76007.0527, ""atr_idx"": 16734, ""atr_end_time"": 1787356799999, ""r_confirm_time"": 1787356799999}"
2026-08-22 00:00,16735,L,SIGNAL,"{""key"": 16734}"
2026-08-22 05:10,16736,L,FILL,"{""signal_id"": ""L-2026-08-21 23:59-149"", ""expected"": 77062.136, ""entry"": 77062.136, ""stop"": 76007.0527, ""key"": 16734}"
2026-08-22 07:59,16736,L,R_CONFIRM_POS_FROZEN,"{""signal_id"": ""L-2026-08-21 23:59-149""}"
2026-08-23 05:14,16742,L,EXIT,"{""exit_kind"": ""stop"", ""px"": 76007.0527, ""frac"": 1.0, ""signal_id"": ""L-2026-08-21 23:59-149""}"
2026-08-25 00:00,16753,L,D_ARM,"{""day"": ""2026-08-24"", ""P0"": 73027.02, ""H1"": 80000.0}"
2026-08-25 00:00,16753,L,ORDER_CREATE,"{""key"": 16751, ""level"": 77816.9847, ""stop"": 76607.486, ""atr_idx"": 16752, ""atr_end_time"": 1787615999999, ""r_confirm_time"": 1787601599999}"
2026-08-25 00:00,16753,L,SIGNAL,"{""key"": 16751}"
2026-08-25 03:59,16753,L,R_REPLACED,"{""old_key"": 16751, ""new_key"": 16753}"
2026-08-25 03:59,16753,L,ORDER_CANCEL,"{""key"": 16751, ""reason"": ""R_REPLACED"", ""level"": 77816.9847}"
2026-08-25 04:00,16754,L,ORDER_CREATE,"{""key"": 16753, ""level"": 79367.7474, ""stop"": 78233.2042, ""atr_idx"": 16753, ""atr_end_time"": 1787630399999, ""r_confirm_time"": 1787630399999}"
2026-08-25 04:00,16754,L,SIGNAL,"{""key"": 16753}"
2026-08-25 09:50,16755,L,FILL,"{""signal_id"": ""L-2026-08-25 03:59-150"", ""expected"": 79367.7474, ""entry"": 79367.7474, ""stop"": 78233.2042, ""key"": 16753}"
2026-08-25 11:59,16755,L,R_CONFIRM_POS_FROZEN,"{""signal_id"": ""L-2026-08-25 03:59-150""}"
2026-08-25 13:54,16756,L,EXIT,"{""exit_kind"": ""stop"", ""px"": 78233.2042, ""frac"": 1.0, ""signal_id"": ""L-2026-08-25 03:59-150""}"
