time,bar_t,side,event,detail
2019-12-15 00:00,584,S,ORDER_CREATE,"{""key"": 582, ""level"": -7171.2764, ""stop"": -7271.75, ""atr_idx"": 583, ""atr_end_time"": 1576367999999, ""r_confirm_time"": 1576353599999}"
2019-12-15 00:00,584,S,SIGNAL,"{""key"": 582}"
2019-12-15 03:59,584,S,R_REPLACED,"{""old_key"": 582, ""new_key"": 584}"
2019-12-15 03:59,584,S,ORDER_CANCEL,"{""key"": 582, ""reason"": ""R_REPLACED"", ""level"": -7171.2764}"
2019-12-15 04:00,585,S,ORDER_CREATE,"{""key"": 584, ""level"": -7054.008, ""stop"": -7118.291, ""atr_idx"": 584, ""atr_end_time"": 1576382399999, ""r_confirm_time"": 1576382399999}"
2019-12-15 04:00,585,S,SIGNAL,"{""key"": 584}"
2019-12-15 04:00,585,S,FILL,"{""signal_id"": ""S-2019-12-15 03:59-1"", ""expected"": -7054.008, ""entry"": -7054.008, ""stop"": -7118.291, ""key"": 584}"
2019-12-15 07:09,585,S,EXIT,"{""exit_kind"": ""stop"", ""px"": -7118.291, ""frac"": 1.0, ""signal_id"": ""S-2019-12-15 03:59-1""}"
2019-12-20 00:00,614,S,D_ARM,"{""day"": ""2019-12-19"", ""P0"": -7440.0, ""H1"": -6435.0}"
2019-12-20 00:00,614,S,ORDER_CREATE,"{""key"": 610, ""level"": -7354.6874, ""stop"": -7502.43, ""atr_idx"": 613, ""atr_end_time"": 1576799999999, ""r_confirm_time"": 1576756799999}"
2019-12-20 00:00,614,S,SIGNAL,"{""key"": 610}"
2019-12-20 23:59,619,S,R_REPLACED,"{""old_key"": 610, ""new_key"": 619}"
2019-12-20 23:59,619,S,ORDER_CANCEL,"{""key"": 610, ""reason"": ""R_REPLACED"", ""level"": -7354.6874}"
2019-12-21 00:00,620,S,ORDER_CREATE,"{""key"": 619, ""level"": -7172.5856, ""stop"": -7251.69, ""atr_idx"": 619, ""atr_end_time"": 1576886399999, ""r_confirm_time"": 1576886399999}"
2019-12-21 00:00,620,S,SIGNAL,"{""key"": 619}"
2019-12-21 00:00,620,S,FILL,"{""signal_id"": ""S-2019-12-20 23:59-2"", ""expected"": -7172.5856, ""entry"": -7172.5856, ""stop"": -7251.69, ""key"": 619}"
2019-12-21 11:59,622,S,R_CONFIRM_POS_FROZEN,"{""signal_id"": ""S-2019-12-20 23:59-2""}"
2019-12-22 03:59,626,S,R_CONFIRM_POS_FROZEN,"{""signal_id"": ""S-2019-12-20 23:59-2""}"
2019-12-22 11:59,628,S,R_CONFIRM_POS_FROZEN,"{""signal_id"": ""S-2019-12-20 23:59-2""}"
2019-12-22 16:09,630,S,EXIT,"{""exit_kind"": ""stop"", ""px"": -7251.69, ""frac"": 1.0, ""signal_id"": ""S-2019-12-20 23:59-2""}"
2020-01-07 00:00,722,L,D_ARM,"{""day"": ""2020-01-06"", ""P0"": 6871.04, ""H1"": 7795.34}"
2020-01-07 00:00,722,L,ORDER_CREATE,"{""key"": 721, ""level"": 7581.5674, ""stop"": 7459.2948, ""atr_idx"": 721, ""atr_end_time"": 1578355199999, ""r_confirm_time"": 1578355199999}"
2020-01-07 00:00,722,L,SIGNAL,"{""key"": 721}"
2020-01-07 07:59,723,L,R_REPLACED,"{""old_key"": 721, ""new_key"": 723}"
2020-01-07 07:59,723,L,ORDER_CANCEL,"{""key"": 721, ""reason"": ""R_REPLACED"", ""level"": 7581.5674}"
2020-01-07 08:00,724,L,ORDER_CREATE,"{""key"": 723, ""level"": 7669.671, ""stop"": 7510.401, ""atr_idx"": 723, ""atr_end_time"": 1578383999999, ""r_confirm_time"": 1578383999999}"
2020-01-07 08:00,724,L,SIGNAL,"{""key"": 723}"
2020-01-07 15:59,725,L,R_REPLACED,"{""old_key"": 723, ""new_key"": 725}"
2020-01-07 15:59,725,L,ORDER_CANCEL,"{""key"": 723, ""reason"": ""R_REPLACED"", ""level"": 7669.671}"
2020-01-07 16:00,726,L,ORDER_CREATE,"{""key"": 725, ""level"": 7883.4652, ""stop"": 7802.7015, ""atr_idx"": 725, ""atr_end_time"": 1578412799999, ""r_confirm_time"": 1578412799999}"
2020-01-07 16:00,726,L,SIGNAL,"{""key"": 725}"
2020-01-07 16:00,726,L,FILL,"{""signal_id"": ""L-2020-01-07 15:59-3"", ""expected"": 7883.4652, ""entry"": 7883.4652, ""stop"": 7802.7015, ""key"": 725}"
2020-01-07 16:04,726,L,EXIT,"{""exit_kind"": ""stop"", ""px"": 7802.7015, ""frac"": 1.0, ""signal_id"": ""L-2020-01-07 15:59-3""}"
2020-01-12 00:00,752,L,D_ARM,"{""day"": ""2020-01-11"", ""P0"": 7672.0, ""H1"": 8286.34}"
2020-01-12 04:00,753,L,ORDER_CREATE,"{""key"": 752, ""level"": 8096.1293, ""stop"": 7979.8584, ""atr_idx"": 752, ""atr_end_time"": 1578801599999, ""r_confirm_time"": 1578801599999}"
2020-01-12 04:00,753,L,SIGNAL,"{""key"": 752}"
2020-01-12 04:00,753,L,FILL,"{""signal_id"": ""L-2020-01-12 03:59-4"", ""expected"": 8096.1293, ""entry"": 8096.1293, ""stop"": 7979.8584, ""key"": 752}"
2020-01-12 11:59,754,L,R_CONFIRM_POS_FROZEN,"{""signal_id"": ""L-2020-01-12 03:59-4""}"
2020-01-13 23:59,763,L,R_CONFIRM_POS_FROZEN,"{""signal_id"": ""L-2020-01-12 03:59-4""}"
2020-01-14 01:04,764,L,EXIT,"{""exit_kind"": ""tp"", ""px"": 8328.671, ""frac"": 0.5, ""signal_id"": ""L-2020-01-12 03:59-4""}"
2020-01-14 11:59,766,L,R_CONFIRM_POS_FROZEN,"{""signal_id"": ""L-2020-01-12 03:59-4""}"
2020-01-14 19:59,768,L,R_CONFIRM_POS_FROZEN,"{""signal_id"": ""L-2020-01-12 03:59-4""}"
2020-01-15 03:59,770,L,R_CONFIRM_POS_FROZEN,"{""signal_id"": ""L-2020-01-12 03:59-4""}"
2020-01-15 11:59,772,L,R_CONFIRM_POS_FROZEN,"{""signal_id"": ""L-2020-01-12 03:59-4""}"
2020-01-15 19:59,774,L,R_CONFIRM_POS_FROZEN,"{""signal_id"": ""L-2020-01-12 03:59-4""}"
2020-01-16 03:59,776,L,R_CONFIRM_POS_FROZEN,"{""signal_id"": ""L-2020-01-12 03:59-4""}"
2020-01-16 15:59,779,L,R_CONFIRM_POS_FROZEN,"{""signal_id"": ""L-2020-01-12 03:59-4""}"
2020-01-17 00:00,782,L,D_ARM,"{""day"": ""2020-01-16"", ""P0"": 8105.54, ""H1"": 8916.48}"
2020-01-17 00:00,782,L,ORDER_CREATE,"{""key"": 779, ""level"": 8668.7933, ""stop"": 8570.4613, ""atr_idx"": 781, ""atr_end_time"": 1579219199999, ""r_confirm_time"": 1579190399999}"
2020-01-17 00:00,782,L,SIGNAL,"{""key"": 779}"
2020-01-17 15:59,785,L,R_REPLACED,"{""old_key"": 779, ""new_key"": 785}"
2020-01-17 15:59,785,L,ORDER_CANCEL,"{""key"": 779, ""reason"": ""R_REPLACED"", ""level"": 8668.7933}"
2020-01-17 15:59,785,L,R_CONFIRM_POS_FROZEN,"{""signal_id"": ""L-2020-01-12 03:59-4""}"
2020-01-17 16:00,786,L,ORDER_CREATE,"{""key"": 785, ""level"": 8856.153, ""stop"": 8738.705, ""atr_idx"": 785, ""atr_end_time"": 1579276799999, ""r_confirm_time"": 1579276799999}"
2020-01-17 16:00,786,L,SIGNAL,"{""key"": 785}"
2020-01-17 23:59,787,L,R_REPLACED,"{""old_key"": 785, ""new_key"": 787}"
2020-01-17 23:59,787,L,ORDER_CANCEL,"{""key"": 785, ""reason"": ""R_REPLACED"", ""level"": 8856.153}"
2020-01-17 23:59,787,L,R_CONFIRM_POS_FROZEN,"{""signal_id"": ""L-2020-01-12 03:59-4""}"
2020-01-18 00:00,788,L,ORDER_CREATE,"{""key"": 787, ""level"": 8854.6726, ""stop"": 8758.645, ""atr_idx"": 787, ""atr_end_time"": 1579305599999, ""r_confirm_time"": 1579305599999}"
2020-01-18 00:00,788,L,SIGNAL,"{""key"": 787}"
2020-01-18 15:59,791,L,R_REPLACED,"{""old_key"": 787, ""new_key"": 791}"
2020-01-18 15:59,791,L,ORDER_CANCEL,"{""key"": 787, ""reason"": ""R_REPLACED"", ""level"": 8854.6726}"
2020-01-18 15:59,791,L,R_CONFIRM_POS_FROZEN,"{""signal_id"": ""L-2020-01-12 03:59-4""}"
2020-01-18 16:00,792,L,ORDER_CREATE,"{""key"": 791, ""level"": 8878.4276, ""stop"": 8789.552, ""atr_idx"": 791, ""atr_end_time"": 1579363199999, ""r_confirm_time"": 1579363199999}"
2020-01-18 16:00,792,L,SIGNAL,"{""key"": 791}"
2020-01-19 11:04,796,L,R_INVALID,"{""key"": 791, ""mode"": ""5M""}"
2020-01-19 11:04,796,L,ORDER_CANCEL,"{""key"": 791, ""reason"": ""R_INVALID"", ""level"": 8878.4276}"
2020-01-19 11:59,796,L,R_CONFIRM_POS_FROZEN,"{""signal_id"": ""L-2020-01-12 03:59-4""}"
2020-01-19 12:00,797,L,ORDER_CREATE,"{""key"": 796, ""level"": 8990.5033, ""stop"": 8872.1834, ""atr_idx"": 796, ""atr_end_time"": 1579435199999, ""r_confirm_time"": 1579435199999}"
2020-01-19 12:00,797,L,SIGNAL,"{""key"": 796}"
2020-01-19 12:04,797,L,R_INVALID,"{""key"": 796, ""mode"": ""5M""}"
2020-01-19 12:04,797,L,ORDER_CANCEL,"{""key"": 796, ""reason"": ""R_INVALID"", ""level"": 8990.5033}"
2020-01-19 19:59,798,L,R_CONFIRM_POS_FROZEN,"{""signal_id"": ""L-2020-01-12 03:59-4""}"
2020-01-19 20:00,799,L,ORDER_CREATE,"{""key"": 798, ""level"": 8577.814, ""stop"": 8479.485, ""atr_idx"": 798, ""atr_end_time"": 1579463999999, ""r_confirm_time"": 1579463999999}"
2020-01-19 20:00,799,L,SIGNAL,"{""key"": 798}"
2020-01-19 22:19,799,L,R_INVALID,"{""key"": 798, ""mode"": ""5M""}"
2020-01-19 22:19,799,L,ORDER_CANCEL,"{""key"": 798, ""reason"": ""R_INVALID"", ""level"": 8577.814}"
2020-01-20 03:59,800,L,R_CONFIRM_POS_FROZEN,"{""signal_id"": ""L-2020-01-12 03:59-4""}"
2020-01-20 04:00,801,L,ORDER_CREATE,"{""key"": 800, ""level"": 8541.984, ""stop"": 8415.5873, ""atr_idx"": 800, ""atr_end_time"": 1579492799999, ""r_confirm_time"": 1579492799999}"
2020-01-20 04:00,801,L,SIGNAL,"{""key"": 800}"
2020-01-20 19:59,804,L,R_REPLACED,"{""old_key"": 800, ""new_key"": 804}"
2020-01-20 19:59,804,L,ORDER_CANCEL,"{""key"": 800, ""reason"": ""R_REPLACED"", ""level"": 8541.984}"
2020-01-20 19:59,804,L,R_CONFIRM_POS_FROZEN,"{""signal_id"": ""L-2020-01-12 03:59-4""}"
2020-01-20 20:00,805,L,ORDER_CREATE,"{""key"": 804, ""level"": 8595.3321, ""stop"": 8500.4818, ""atr_idx"": 804, ""atr_end_time"": 1579550399999, ""r_confirm_time"": 1579550399999}"
2020-01-20 20:00,805,L,SIGNAL,"{""key"": 804}"
2020-01-21 19:44,810,L,R_INVALID,"{""key"": 804, ""mode"": ""5M""}"
2020-01-21 19:44,810,L,ORDER_CANCEL,"{""key"": 804, ""reason"": ""R_INVALID"", ""level"": 8595.3321}"
2020-01-21 23:59,811,L,R_CONFIRM_POS_FROZEN,"{""signal_id"": ""L-2020-01-12 03:59-4""}"
2020-01-22 00:00,812,L,ORDER_CREATE,"{""key"": 811, ""level"": 8554.7816, ""stop"": 8423.2542, ""atr_idx"": 811, ""atr_end_time"": 1579651199999, ""r_confirm_time"": 1579651199999}"
2020-01-22 00:00,812,L,SIGNAL,"{""key"": 811}"
2020-01-22 07:59,813,L,R_REPLACED,"{""old_key"": 811, ""new_key"": 813}"
2020-01-22 07:59,813,L,ORDER_CANCEL,"{""key"": 811, ""reason"": ""R_REPLACED"", ""level"": 8554.7816}"
2020-01-22 07:59,813,L,R_CONFIRM_POS_FROZEN,"{""signal_id"": ""L-2020-01-12 03:59-4""}"
2020-01-22 08:00,814,L,ORDER_CREATE,"{""key"": 813, ""level"": 8627.3005, ""stop"": 8508.398, ""atr_idx"": 813, ""atr_end_time"": 1579679999999, ""r_confirm_time"": 1579679999999}"
2020-01-22 08:00,814,L,SIGNAL,"{""key"": 813}"
2020-01-22 15:59,815,L,R_REPLACED,"{""old_key"": 813, ""new_key"": 815}"
2020-01-22 15:59,815,L,ORDER_CANCEL,"{""key"": 813, ""reason"": ""R_REPLACED"", ""level"": 8627.3005}"
2020-01-22 15:59,815,L,R_CONFIRM_POS_FROZEN,"{""signal_id"": ""L-2020-01-12 03:59-4""}"
2020-01-22 16:00,816,L,ORDER_CREATE,"{""key"": 815, ""level"": 8673.3991, ""stop"": 8590.2417, ""atr_idx"": 815, ""atr_end_time"": 1579708799999, ""r_confirm_time"": 1579708799999}"
2020-01-22 16:00,816,L,SIGNAL,"{""key"": 815}"
2020-01-22 16:39,816,L,R_INVALID,"{""key"": 815, ""mode"": ""5M""}"
2020-01-22 16:39,816,L,ORDER_CANCEL,"{""key"": 815, ""reason"": ""R_INVALID"", ""level"": 8673.3991}"
2020-01-22 23:59,817,L,R_CONFIRM_POS_FROZEN,"{""signal_id"": ""L-2020-01-12 03:59-4""}"
2020-01-23 00:00,818,L,ORDER_CREATE,"{""key"": 817, ""level"": 8643.5016, ""stop"": 8560.0925, ""atr_idx"": 817, ""atr_end_time"": 1579737599999, ""r_confirm_time"": 1579737599999}"
2020-01-23 00:00,818,L,SIGNAL,"{""key"": 817}"
2020-01-23 02:09,818,L,R_INVALID,"{""key"": 817, ""mode"": ""5M""}"
2020-01-23 02:09,818,L,ORDER_CANCEL,"{""key"": 817, ""reason"": ""R_INVALID"", ""level"": 8643.5016}"
2020-01-23 07:59,819,L,R_CONFIRM_POS_FROZEN,"{""signal_id"": ""L-2020-01-12 03:59-4""}"
2020-01-23 08:00,820,L,ORDER_CREATE,"{""key"": 819, ""level"": 8625.0618, ""stop"": 8544.29, ""atr_idx"": 819, ""atr_end_time"": 1579766399999, ""r_confirm_time"": 1579766399999}"
2020-01-23 08:00,820,L,SIGNAL,"{""key"": 819}"
2020-01-23 08:04,820,L,R_INVALID,"{""key"": 819, ""mode"": ""5M""}"
2020-01-23 08:04,820,L,ORDER_CANCEL,"{""key"": 819, ""reason"": ""R_INVALID"", ""level"": 8625.0618}"
2020-01-23 15:59,821,L,R_CONFIRM_POS_FROZEN,"{""signal_id"": ""L-2020-01-12 03:59-4""}"
2020-01-23 16:00,822,L,ORDER_CREATE,"{""key"": 821, ""level"": 8482.0455, ""stop"": 8379.466, ""atr_idx"": 821, ""atr_end_time"": 1579795199999, ""r_confirm_time"": 1579795199999}"
2020-01-23 16:00,822,L,SIGNAL,"{""key"": 821}"
2020-01-23 16:04,822,L,R_INVALID,"{""key"": 821, ""mode"": ""5M""}"
2020-01-23 16:04,822,L,ORDER_CANCEL,"{""key"": 821, ""reason"": ""R_INVALID"", ""level"": 8482.0455}"
2020-01-24 00:00,824,L,D_DISARM,"{""day"": ""2020-01-23"", ""P0"": 8105.54, ""H1"": 8916.48}"
2020-01-24 03:59,824,L,R_CONFIRM_POS_FROZEN,"{""signal_id"": ""L-2020-01-12 03:59-4""}"
2020-01-24 11:59,826,L,R_CONFIRM_POS_FROZEN,"{""signal_id"": ""L-2020-01-12 03:59-4""}"
2020-01-24 19:59,828,L,R_CONFIRM_POS_FROZEN,"{""signal_id"": ""L-2020-01-12 03:59-4""}"
2020-01-25 07:59,831,L,R_CONFIRM_POS_FROZEN,"{""signal_id"": ""L-2020-01-12 03:59-4""}"
2020-01-25 23:59,835,L,R_CONFIRM_POS_FROZEN,"{""signal_id"": ""L-2020-01-12 03:59-4""}"
2020-01-26 11:59,838,L,R_CONFIRM_POS_FROZEN,"{""signal_id"": ""L-2020-01-12 03:59-4""}"
2020-01-26 19:59,840,L,R_CONFIRM_POS_FROZEN,"{""signal_id"": ""L-2020-01-12 03:59-4""}"
2020-01-27 03:59,842,L,R_CONFIRM_POS_FROZEN,"{""signal_id"": ""L-2020-01-12 03:59-4""}"
2020-01-27 11:59,844,L,R_CONFIRM_POS_FROZEN,"{""signal_id"": ""L-2020-01-12 03:59-4""}"
2020-01-27 19:59,846,L,R_CONFIRM_POS_FROZEN,"{""signal_id"": ""L-2020-01-12 03:59-4""}"
2020-01-28 00:00,848,L,D_ARM,"{""day"": ""2020-01-27"", ""P0"": 8238.0, ""H1"": 9000.0}"
2020-01-28 00:00,848,L,ORDER_CREATE,"{""key"": 846, ""level"": 8691.1468, ""stop"": 8539.305, ""atr_idx"": 847, ""atr_end_time"": 1580169599999, ""r_confirm_time"": 1580155199999}"
2020-01-28 00:00,848,L,SIGNAL,"{""key"": 846}"
2020-01-28 03:59,848,L,R_REPLACED,"{""old_key"": 846, ""new_key"": 848}"
2020-01-28 03:59,848,L,ORDER_CANCEL,"{""key"": 846, ""reason"": ""R_REPLACED"", ""level"": 8691.1468}"
2020-01-28 03:59,848,L,R_CONFIRM_POS_FROZEN,"{""signal_id"": ""L-2020-01-12 03:59-4""}"
2020-01-28 04:00,849,L,ORDER_CREATE,"{""key"": 848, ""level"": 8878.7812, ""stop"": 8725.744, ""atr_idx"": 848, ""atr_end_time"": 1580183999999, ""r_confirm_time"": 1580183999999}"
2020-01-28 04:00,849,L,SIGNAL,"{""key"": 848}"
2020-01-28 11:59,850,L,R_REPLACED,"{""old_key"": 848, ""new_key"": 850}"
2020-01-28 11:59,850,L,ORDER_CANCEL,"{""key"": 848, ""reason"": ""R_REPLACED"", ""level"": 8878.7812}"
2020-01-28 11:59,850,L,R_CONFIRM_POS_FROZEN,"{""signal_id"": ""L-2020-01-12 03:59-4""}"
2020-01-28 12:00,851,L,ORDER_CREATE,"{""key"": 850, ""level"": 8996.0908, ""stop"": 8886.8692, ""atr_idx"": 850, ""atr_end_time"": 1580212799999, ""r_confirm_time"": 1580212799999}"
2020-01-28 12:00,851,L,SIGNAL,"{""key"": 850}"
2020-01-28 17:34,852,L,R_INVALID,"{""key"": 850, ""mode"": ""5M""}"
2020-01-28 17:34,852,L,ORDER_CANCEL,"{""key"": 850, ""reason"": ""R_INVALID"", ""level"": 8996.0908}"
2020-01-28 19:59,852,L,R_CONFIRM_POS_FROZEN,"{""signal_id"": ""L-2020-01-12 03:59-4""}"
2020-01-28 20:00,853,L,ORDER_CREATE,"{""key"": 852, ""level"": 9039.7225, ""stop"": 8925.5528, ""atr_idx"": 852, ""atr_end_time"": 1580241599999, ""r_confirm_time"": 1580241599999}"
2020-01-28 20:00,853,L,SIGNAL,"{""key"": 852}"
2020-01-29 03:59,854,L,R_REPLACED,"{""old_key"": 852, ""new_key"": 854}"
2020-01-29 03:59,854,L,ORDER_CANCEL,"{""key"": 852, ""reason"": ""R_REPLACED"", ""level"": 9039.7225}"
2020-01-29 03:59,854,L,R_CONFIRM_POS_FROZEN,"{""signal_id"": ""L-2020-01-12 03:59-4""}"
2020-01-29 04:00,855,L,ORDER_CREATE,"{""key"": 854, ""level"": 9060.7209, ""stop"": 8878.285, ""atr_idx"": 854, ""atr_end_time"": 1580270399999, ""r_confirm_time"": 1580270399999}"
2020-01-29 04:00,855,L,SIGNAL,"{""key"": 854}"
2020-01-29 15:59,857,L,R_REPLACED,"{""old_key"": 854, ""new_key"": 857}"
2020-01-29 15:59,857,L,ORDER_CANCEL,"{""key"": 854, ""reason"": ""R_REPLACED"", ""level"": 9060.7209}"
2020-01-29 15:59,857,L,R_CONFIRM_POS_FROZEN,"{""signal_id"": ""L-2020-01-12 03:59-4""}"
2020-01-29 16:00,858,L,ORDER_CREATE,"{""key"": 857, ""level"": 9318.7246, ""stop"": 9214.274, ""atr_idx"": 857, ""atr_end_time"": 1580313599999, ""r_confirm_time"": 1580313599999}"
2020-01-29 16:00,858,L,SIGNAL,"{""key"": 857}"
2020-01-29 23:59,859,L,R_REPLACED,"{""old_key"": 857, ""new_key"": 859}"
2020-01-29 23:59,859,L,ORDER_CANCEL,"{""key"": 857, ""reason"": ""R_REPLACED"", ""level"": 9318.7246}"
2020-01-29 23:59,859,L,R_CONFIRM_POS_FROZEN,"{""signal_id"": ""L-2020-01-12 03:59-4""}"
2020-01-30 00:00,860,L,ORDER_CREATE,"{""key"": 859, ""level"": 9337.7505, ""stop"": 9235.4802, ""atr_idx"": 859, ""atr_end_time"": 1580342399999, ""r_confirm_time"": 1580342399999}"
2020-01-30 00:00,860,L,SIGNAL,"{""key"": 859}"
2020-01-30 00:24,860,L,R_INVALID,"{""key"": 859, ""mode"": ""5M""}"
2020-01-30 00:24,860,L,ORDER_CANCEL,"{""key"": 859, ""reason"": ""R_INVALID"", ""level"": 9337.7505}"
2020-01-30 07:59,861,L,R_CONFIRM_POS_FROZEN,"{""signal_id"": ""L-2020-01-12 03:59-4""}"
2020-01-30 08:00,862,L,ORDER_CREATE,"{""key"": 861, ""level"": 9284.3466, ""stop"": 9182.7887, ""atr_idx"": 861, ""atr_end_time"": 1580371199999, ""r_confirm_time"": 1580371199999}"
2020-01-30 08:00,862,L,SIGNAL,"{""key"": 861}"
2020-01-30 23:59,865,L,R_REPLACED,"{""old_key"": 861, ""new_key"": 865}"
2020-01-30 23:59,865,L,ORDER_CANCEL,"{""key"": 861, ""reason"": ""R_REPLACED"", ""level"": 9284.3466}"
2020-01-30 23:59,865,L,R_CONFIRM_POS_FROZEN,"{""signal_id"": ""L-2020-01-12 03:59-4""}"
2020-01-31 00:00,866,L,ORDER_CREATE,"{""key"": 865, ""level"": 9339.6712, ""stop"": 9195.331, ""atr_idx"": 865, ""atr_end_time"": 1580428799999, ""r_confirm_time"": 1580428799999}"
2020-01-31 00:00,866,L,SIGNAL,"{""key"": 865}"
2020-01-31 13:19,869,L,R_INVALID,"{""key"": 865, ""mode"": ""5M""}"
2020-01-31 13:19,869,L,ORDER_CANCEL,"{""key"": 865, ""reason"": ""R_INVALID"", ""level"": 9339.6712}"
2020-01-31 19:59,870,L,R_CONFIRM_POS_FROZEN,"{""signal_id"": ""L-2020-01-12 03:59-4""}"
2020-01-31 20:00,871,L,ORDER_CREATE,"{""key"": 870, ""level"": 9285.0078, ""stop"": 9192.34, ""atr_idx"": 870, ""atr_end_time"": 1580500799999, ""r_confirm_time"": 1580500799999}"
2020-01-31 20:00,871,L,SIGNAL,"{""key"": 870}"
2020-02-02 03:59,878,L,R_REPLACED,"{""old_key"": 870, ""new_key"": 878}"
2020-02-02 03:59,878,L,ORDER_CANCEL,"{""key"": 870, ""reason"": ""R_REPLACED"", ""level"": 9285.0078}"
2020-02-02 03:59,878,L,R_CONFIRM_POS_FROZEN,"{""signal_id"": ""L-2020-01-12 03:59-4""}"
2020-02-02 04:00,879,L,ORDER_CREATE,"{""key"": 878, ""level"": 9363.2698, ""stop"": 9278.082, ""atr_idx"": 878, ""atr_end_time"": 1580615999999, ""r_confirm_time"": 1580615999999}"
2020-02-02 04:00,879,L,SIGNAL,"{""key"": 878}"
2020-02-02 04:04,879,L,R_INVALID,"{""key"": 878, ""mode"": ""5M""}"
2020-02-02 04:04,879,L,ORDER_CANCEL,"{""key"": 878, ""reason"": ""R_INVALID"", ""level"": 9363.2698}"
2020-02-02 11:59,880,L,R_CONFIRM_POS_FROZEN,"{""signal_id"": ""L-2020-01-12 03:59-4""}"
2020-02-02 12:00,881,L,ORDER_CREATE,"{""key"": 880, ""level"": 9258.4977, ""stop"": 9132.53, ""atr_idx"": 880, ""atr_end_time"": 1580644799999, ""r_confirm_time"": 1580644799999}"
2020-02-02 12:00,881,L,SIGNAL,"{""key"": 880}"
2020-02-03 03:59,884,L,R_REPLACED,"{""old_key"": 880, ""new_key"": 884}"
2020-02-03 03:59,884,L,ORDER_CANCEL,"{""key"": 880, ""reason"": ""R_REPLACED"", ""level"": 9258.4977}"
2020-02-03 03:59,884,L,R_CONFIRM_POS_FROZEN,"{""signal_id"": ""L-2020-01-12 03:59-4""}"
2020-02-03 04:00,885,L,ORDER_CREATE,"{""key"": 884, ""level"": 9429.3394, ""stop"": 9297.025, ""atr_idx"": 884, ""atr_end_time"": 1580702399999, ""r_confirm_time"": 1580702399999}"
2020-02-03 04:00,885,L,SIGNAL,"{""key"": 884}"
2020-02-03 10:19,886,L,R_INVALID,"{""key"": 884, ""mode"": ""5M""}"
2020-02-03 10:19,886,L,ORDER_CANCEL,"{""key"": 884, ""reason"": ""R_INVALID"", ""level"": 9429.3394}"
2020-02-03 11:59,886,L,R_CONFIRM_POS_FROZEN,"{""signal_id"": ""L-2020-01-12 03:59-4""}"
2020-02-03 12:00,887,L,ORDER_CREATE,"{""key"": 886, ""level"": 9351.6269, ""stop"": 9262.13, ""atr_idx"": 886, ""atr_end_time"": 1580731199999, ""r_confirm_time"": 1580731199999}"
2020-02-03 12:00,887,L,SIGNAL,"{""key"": 886}"
2020-02-03 15:59,887,L,R_INVALID,"{""key"": 886, ""mode"": ""5M""}"
2020-02-03 15:59,887,L,ORDER_CANCEL,"{""key"": 886, ""reason"": ""R_INVALID"", ""level"": 9351.6269}"
2020-02-04 15:59,893,L,R_CONFIRM_POS_FROZEN,"{""signal_id"": ""L-2020-01-12 03:59-4""}"
2020-02-04 16:00,894,L,ORDER_CREATE,"{""key"": 893, ""level"": 9186.5532, ""stop"": 9086.658, ""atr_idx"": 893, ""atr_end_time"": 1580831999999, ""r_confirm_time"": 1580831999999}"
2020-02-04 16:00,894,L,SIGNAL,"{""key"": 893}"
2020-02-04 23:59,895,L,R_REPLACED,"{""old_key"": 893, ""new_key"": 895}"
2020-02-04 23:59,895,L,ORDER_CANCEL,"{""key"": 893, ""reason"": ""R_REPLACED"", ""level"": 9186.5532}"
2020-02-04 23:59,895,L,R_CONFIRM_POS_FROZEN,"{""signal_id"": ""L-2020-01-12 03:59-4""}"
2020-02-05 00:00,896,L,ORDER_CREATE,"{""key"": 895, ""level"": 9164.9641, ""stop"": 9077.685, ""atr_idx"": 895, ""atr_end_time"": 1580860799999, ""r_confirm_time"": 1580860799999}"
2020-02-05 00:00,896,L,SIGNAL,"{""key"": 895}"
2020-02-05 19:59,900,L,R_REPLACED,"{""old_key"": 895, ""new_key"": 900}"
2020-02-05 19:59,900,L,ORDER_CANCEL,"{""key"": 895, ""reason"": ""R_REPLACED"", ""level"": 9164.9641}"
2020-02-05 19:59,900,L,R_CONFIRM_POS_FROZEN,"{""signal_id"": ""L-2020-01-12 03:59-4""}"
2020-02-05 20:00,901,L,ORDER_CREATE,"{""key"": 900, ""level"": 9398.0663, ""stop"": 9209.6878, ""atr_idx"": 900, ""atr_end_time"": 1580932799999, ""r_confirm_time"": 1580932799999}"
2020-02-05 20:00,901,L,SIGNAL,"{""key"": 900}"
2020-02-06 03:59,902,L,R_REPLACED,"{""old_key"": 900, ""new_key"": 902}"
2020-02-06 03:59,902,L,ORDER_CANCEL,"{""key"": 900, ""reason"": ""R_REPLACED"", ""level"": 9398.0663}"
2020-02-06 03:59,902,L,R_CONFIRM_POS_FROZEN,"{""signal_id"": ""L-2020-01-12 03:59-4""}"
2020-02-06 04:00,903,L,ORDER_CREATE,"{""key"": 902, ""level"": 9573.2348, ""stop"": 9456.4054, ""atr_idx"": 902, ""atr_end_time"": 1580961599999, ""r_confirm_time"": 1580961599999}"
2020-02-06 04:00,903,L,SIGNAL,"{""key"": 902}"
2020-02-06 11:59,904,L,R_REPLACED,"{""old_key"": 902, ""new_key"": 904}"
2020-02-06 11:59,904,L,ORDER_CANCEL,"{""key"": 902, ""reason"": ""R_REPLACED"", ""level"": 9573.2348}"
2020-02-06 11:59,904,L,R_CONFIRM_POS_FROZEN,"{""signal_id"": ""L-2020-01-12 03:59-4""}"
2020-02-06 12:00,905,L,ORDER_CREATE,"{""key"": 904, ""level"": 9617.7163, ""stop"": 9521.35, ""atr_idx"": 904, ""atr_end_time"": 1580990399999, ""r_confirm_time"": 1580990399999}"
2020-02-06 12:00,905,L,SIGNAL,"{""key"": 904}"
2020-02-06 23:59,907,L,R_REPLACED,"{""old_key"": 904, ""new_key"": 907}"
2020-02-06 23:59,907,L,ORDER_CANCEL,"{""key"": 904, ""reason"": ""R_REPLACED"", ""level"": 9617.7163}"
2020-02-06 23:59,907,L,R_CONFIRM_POS_FROZEN,"{""signal_id"": ""L-2020-01-12 03:59-4""}"
2020-02-07 00:00,908,L,ORDER_CREATE,"{""key"": 907, ""level"": 9726.8212, ""stop"": 9622.047, ""atr_idx"": 907, ""atr_end_time"": 1581033599999, ""r_confirm_time"": 1581033599999}"
2020-02-07 00:00,908,L,SIGNAL,"{""key"": 907}"
2020-02-07 07:59,909,L,R_REPLACED,"{""old_key"": 907, ""new_key"": 909}"
2020-02-07 07:59,909,L,ORDER_CANCEL,"{""key"": 907, ""reason"": ""R_REPLACED"", ""level"": 9726.8212}"
2020-02-07 07:59,909,L,R_CONFIRM_POS_FROZEN,"{""signal_id"": ""L-2020-01-12 03:59-4""}"
2020-02-07 08:00,910,L,ORDER_CREATE,"{""key"": 909, ""level"": 9739.5822, ""stop"": 9633.014, ""atr_idx"": 909, ""atr_end_time"": 1581062399999, ""r_confirm_time"": 1581062399999}"
2020-02-07 08:00,910,L,SIGNAL,"{""key"": 909}"
2020-02-08 07:59,915,L,R_REPLACED,"{""old_key"": 909, ""new_key"": 915}"
2020-02-08 07:59,915,L,ORDER_CANCEL,"{""key"": 909, ""reason"": ""R_REPLACED"", ""level"": 9739.5822}"
2020-02-08 07:59,915,L,R_CONFIRM_POS_FROZEN,"{""signal_id"": ""L-2020-01-12 03:59-4""}"
2020-02-08 08:00,916,L,ORDER_CREATE,"{""key"": 915, ""level"": 9746.698, ""stop"": 9651.5084, ""atr_idx"": 915, ""atr_end_time"": 1581148799999, ""r_confirm_time"": 1581148799999}"
2020-02-08 08:00,916,L,SIGNAL,"{""key"": 915}"
2020-02-08 15:59,917,L,R_REPLACED,"{""old_key"": 915, ""new_key"": 917}"
2020-02-08 15:59,917,L,ORDER_CANCEL,"{""key"": 915, ""reason"": ""R_REPLACED"", ""level"": 9746.698}"
2020-02-08 15:59,917,L,R_CONFIRM_POS_FROZEN,"{""signal_id"": ""L-2020-01-12 03:59-4""}"
2020-02-08 16:00,918,L,ORDER_CREATE,"{""key"": 917, ""level"": 9782.9405, ""stop"": 9682.4353, ""atr_idx"": 917, ""atr_end_time"": 1581177599999, ""r_confirm_time"": 1581177599999}"
2020-02-08 16:00,918,L,SIGNAL,"{""key"": 917}"
2020-02-08 23:59,919,L,R_REPLACED,"{""old_key"": 917, ""new_key"": 919}"
2020-02-08 23:59,919,L,ORDER_CANCEL,"{""key"": 917, ""reason"": ""R_REPLACED"", ""level"": 9782.9405}"
2020-02-08 23:59,919,L,R_CONFIRM_POS_FROZEN,"{""signal_id"": ""L-2020-01-12 03:59-4""}"
2020-02-09 00:00,920,L,ORDER_CREATE,"{""key"": 919, ""level"": 9839.5062, ""stop"": 9735.705, ""atr_idx"": 919, ""atr_end_time"": 1581206399999, ""r_confirm_time"": 1581206399999}"
2020-02-09 00:00,920,L,SIGNAL,"{""key"": 919}"
2020-02-09 07:59,921,L,R_REPLACED,"{""old_key"": 919, ""new_key"": 921}"
2020-02-09 07:59,921,L,ORDER_CANCEL,"{""key"": 919, ""reason"": ""R_REPLACED"", ""level"": 9839.5062}"
2020-02-09 07:59,921,L,R_CONFIRM_POS_FROZEN,"{""signal_id"": ""L-2020-01-12 03:59-4""}"
2020-02-09 08:00,922,L,ORDER_CREATE,"{""key"": 921, ""level"": 9949.5414, ""stop"": 9808.5458, ""atr_idx"": 921, ""atr_end_time"": 1581235199999, ""r_confirm_time"": 1581235199999}"
2020-02-09 08:00,922,L,SIGNAL,"{""key"": 921}"
2020-02-09 19:59,924,L,R_REPLACED,"{""old_key"": 921, ""new_key"": 924}"
2020-02-09 19:59,924,L,ORDER_CANCEL,"{""key"": 921, ""reason"": ""R_REPLACED"", ""level"": 9949.5414}"
2020-02-09 19:59,924,L,R_CONFIRM_POS_FROZEN,"{""signal_id"": ""L-2020-01-12 03:59-4""}"
2020-02-09 20:00,925,L,ORDER_CREATE,"{""key"": 924, ""level"": 10088.1519, ""stop"": 9995.922, ""atr_idx"": 924, ""atr_end_time"": 1581278399999, ""r_confirm_time"": 1581278399999}"
2020-02-09 20:00,925,L,SIGNAL,"{""key"": 924}"
2020-02-10 05:59,927,L,R_INVALID,"{""key"": 924, ""mode"": ""5M""}"
2020-02-10 05:59,927,L,ORDER_CANCEL,"{""key"": 924, ""reason"": ""R_INVALID"", ""level"": 10088.1519}"
2020-02-10 11:59,928,L,R_CONFIRM_POS_FROZEN,"{""signal_id"": ""L-2020-01-12 03:59-4""}"
2020-02-10 12:00,929,L,ORDER_CREATE,"{""key"": 928, ""level"": 9868.0155, ""stop"": 9720.75, ""atr_idx"": 928, ""atr_end_time"": 1581335999999, ""r_confirm_time"": 1581335999999}"
2020-02-10 12:00,929,L,SIGNAL,"{""key"": 928}"
2020-02-10 19:59,930,L,R_REPLACED,"{""old_key"": 928, ""new_key"": 930}"
2020-02-10 19:59,930,L,ORDER_CANCEL,"{""key"": 928, ""reason"": ""R_REPLACED"", ""level"": 9868.0155}"
2020-02-10 19:59,930,L,R_CONFIRM_POS_FROZEN,"{""signal_id"": ""L-2020-01-12 03:59-4""}"
2020-02-10 20:00,931,L,ORDER_CREATE,"{""key"": 930, ""level"": 9838.6345, ""stop"": 9741.9961, ""atr_idx"": 930, ""atr_end_time"": 1581364799999, ""r_confirm_time"": 1581364799999}"
2020-02-10 20:00,931,L,SIGNAL,"{""key"": 930}"
2020-02-11 01:14,932,L,R_INVALID,"{""key"": 930, ""mode"": ""5M""}"
2020-02-11 01:14,932,L,ORDER_CANCEL,"{""key"": 930, ""reason"": ""R_INVALID"", ""level"": 9838.6345}"
2020-02-11 07:59,933,L,R_CONFIRM_POS_FROZEN,"{""signal_id"": ""L-2020-01-12 03:59-4""}"
2020-02-11 08:00,934,L,ORDER_CREATE,"{""key"": 933, ""level"": 9795.7571, ""stop"": 9703.801, ""atr_idx"": 933, ""atr_end_time"": 1581407999999, ""r_confirm_time"": 1581407999999}"
2020-02-11 08:00,934,L,SIGNAL,"{""key"": 933}"
2020-02-11 15:59,935,L,R_REPLACED,"{""old_key"": 933, ""new_key"": 935}"
2020-02-11 15:59,935,L,ORDER_CANCEL,"{""key"": 933, ""reason"": ""R_REPLACED"", ""level"": 9795.7571}"
2020-02-11 15:59,935,L,R_CONFIRM_POS_FROZEN,"{""signal_id"": ""L-2020-01-12 03:59-4""}"
2020-02-11 16:00,936,L,ORDER_CREATE,"{""key"": 935, ""level"": 9879.4207, ""stop"": 9700.1719, ""atr_idx"": 935, ""atr_end_time"": 1581436799999, ""r_confirm_time"": 1581436799999}"
2020-02-11 16:00,936,L,SIGNAL,"{""key"": 935}"
2020-02-11 23:59,937,L,R_REPLACED,"{""old_key"": 935, ""new_key"": 937}"
2020-02-11 23:59,937,L,ORDER_CANCEL,"{""key"": 935, ""reason"": ""R_REPLACED"", ""level"": 9879.4207}"
2020-02-11 23:59,937,L,R_CONFIRM_POS_FROZEN,"{""signal_id"": ""L-2020-01-12 03:59-4""}"
2020-02-12 00:00,938,L,ORDER_CREATE,"{""key"": 937, ""level"": 9973.6905, ""stop"": 9770.4804, ""atr_idx"": 937, ""atr_end_time"": 1581465599999, ""r_confirm_time"": 1581465599999}"
2020-02-12 00:00,938,L,SIGNAL,"{""key"": 937}"
2020-02-12 07:59,939,L,R_REPLACED,"{""old_key"": 937, ""new_key"": 939}"
2020-02-12 07:59,939,L,ORDER_CANCEL,"{""key"": 937, ""reason"": ""R_REPLACED"", ""level"": 9973.6905}"
2020-02-12 07:59,939,L,R_CONFIRM_POS_FROZEN,"{""signal_id"": ""L-2020-01-12 03:59-4""}"
2020-02-12 08:00,940,L,ORDER_CREATE,"{""key"": 939, ""level"": 10298.2145, ""stop"": 10171.1447, ""atr_idx"": 939, ""atr_end_time"": 1581494399999, ""r_confirm_time"": 1581494399999}"
2020-02-12 08:00,940,L,SIGNAL,"{""key"": 939}"
2020-02-12 15:59,941,L,R_REPLACED,"{""old_key"": 939, ""new_key"": 941}"
2020-02-12 15:59,941,L,ORDER_CANCEL,"{""key"": 939, ""reason"": ""R_REPLACED"", ""level"": 10298.2145}"
2020-02-12 15:59,941,L,R_CONFIRM_POS_FROZEN,"{""signal_id"": ""L-2020-01-12 03:59-4""}"
2020-02-12 16:00,942,L,ORDER_CREATE,"{""key"": 941, ""level"": 10313.9185, ""stop"": 10204.8134, ""atr_idx"": 941, ""atr_end_time"": 1581523199999, ""r_confirm_time"": 1581523199999}"
2020-02-12 16:00,942,L,SIGNAL,"{""key"": 941}"
2020-02-12 23:59,943,L,R_REPLACED,"{""old_key"": 941, ""new_key"": 943}"
2020-02-12 23:59,943,L,ORDER_CANCEL,"{""key"": 941, ""reason"": ""R_REPLACED"", ""level"": 10313.9185}"
2020-02-12 23:59,943,L,R_CONFIRM_POS_FROZEN,"{""signal_id"": ""L-2020-01-12 03:59-4""}"
2020-02-13 00:00,944,L,ORDER_CREATE,"{""key"": 943, ""level"": 10331.2179, ""stop"": 10228.8611, ""atr_idx"": 943, ""atr_end_time"": 1581551999999, ""r_confirm_time"": 1581551999999}"
2020-02-13 00:00,944,L,SIGNAL,"{""key"": 943}"
2020-02-13 08:14,946,L,R_INVALID,"{""key"": 943, ""mode"": ""5M""}"
2020-02-13 08:14,946,L,ORDER_CANCEL,"{""key"": 943, ""reason"": ""R_INVALID"", ""level"": 10331.2179}"
2020-02-13 15:59,947,L,R_CONFIRM_POS_FROZEN,"{""signal_id"": ""L-2020-01-12 03:59-4""}"
2020-02-13 16:00,948,L,ORDER_CREATE,"{""key"": 947, ""level"": 10235.2178, ""stop"": 10070.697, ""atr_idx"": 947, ""atr_end_time"": 1581609599999, ""r_confirm_time"": 1581609599999}"
2020-02-13 16:00,948,L,SIGNAL,"{""key"": 947}"
2020-02-13 23:59,949,L,R_REPLACED,"{""old_key"": 947, ""new_key"": 949}"
2020-02-13 23:59,949,L,ORDER_CANCEL,"{""key"": 947, ""reason"": ""R_REPLACED"", ""level"": 10235.2178}"
2020-02-13 23:59,949,L,R_CONFIRM_POS_FROZEN,"{""signal_id"": ""L-2020-01-12 03:59-4""}"
2020-02-14 00:00,950,L,ORDER_CREATE,"{""key"": 949, ""level"": 10193.8649, ""stop"": 10090.6968, ""atr_idx"": 949, ""atr_end_time"": 1581638399999, ""r_confirm_time"": 1581638399999}"
2020-02-14 00:00,950,L,SIGNAL,"{""key"": 949}"
2020-02-14 11:59,952,L,R_REPLACED,"{""old_key"": 949, ""new_key"": 952}"
2020-02-14 11:59,952,L,ORDER_CANCEL,"{""key"": 949, ""reason"": ""R_REPLACED"", ""level"": 10193.8649}"
2020-02-14 11:59,952,L,R_CONFIRM_POS_FROZEN,"{""signal_id"": ""L-2020-01-12 03:59-4""}"
2020-02-14 12:00,953,L,ORDER_CREATE,"{""key"": 952, ""level"": 10197.9169, ""stop"": 10092.9999, ""atr_idx"": 952, ""atr_end_time"": 1581681599999, ""r_confirm_time"": 1581681599999}"
2020-02-14 12:00,953,L,SIGNAL,"{""key"": 952}"
2020-02-14 19:59,954,L,R_REPLACED,"{""old_key"": 952, ""new_key"": 954}"
2020-02-14 19:59,954,L,ORDER_CANCEL,"{""key"": 952, ""reason"": ""R_REPLACED"", ""level"": 10197.9169}"
2020-02-14 19:59,954,L,R_CONFIRM_POS_FROZEN,"{""signal_id"": ""L-2020-01-12 03:59-4""}"
2020-02-14 20:00,955,L,ORDER_CREATE,"{""key"": 954, ""level"": 10217.8712, ""stop"": 10094.635, ""atr_idx"": 954, ""atr_end_time"": 1581710399999, ""r_confirm_time"": 1581710399999}"
2020-02-14 20:00,955,L,SIGNAL,"{""key"": 954}"
2020-02-15 15:54,959,L,R_INVALID,"{""key"": 954, ""mode"": ""5M""}"
2020-02-15 15:54,959,L,ORDER_CANCEL,"{""key"": 954, ""reason"": ""R_INVALID"", ""level"": 10217.8712}"
2020-02-15 19:59,960,L,R_CONFIRM_POS_FROZEN,"{""signal_id"": ""L-2020-01-12 03:59-4""}"
2020-02-15 20:00,961,L,ORDER_CREATE,"{""key"": 960, ""level"": 9904.3373, ""stop"": 9723.0431, ""atr_idx"": 960, ""atr_end_time"": 1581796799999, ""r_confirm_time"": 1581796799999}"
2020-02-15 20:00,961,L,SIGNAL,"{""key"": 960}"
2020-02-16 03:59,962,L,R_REPLACED,"{""old_key"": 960, ""new_key"": 962}"
2020-02-16 03:59,962,L,ORDER_CANCEL,"{""key"": 960, ""reason"": ""R_REPLACED"", ""level"": 9904.3373}"
2020-02-16 03:59,962,L,R_CONFIRM_POS_FROZEN,"{""signal_id"": ""L-2020-01-12 03:59-4""}"
2020-02-16 04:00,963,L,ORDER_CREATE,"{""key"": 962, ""level"": 9907.227, ""stop"": 9791.6467, ""atr_idx"": 962, ""atr_end_time"": 1581825599999, ""r_confirm_time"": 1581825599999}"
2020-02-16 04:00,963,L,SIGNAL,"{""key"": 962}"
2020-02-16 11:59,964,L,R_REPLACED,"{""old_key"": 962, ""new_key"": 964}"
2020-02-16 11:59,964,L,ORDER_CANCEL,"{""key"": 962, ""reason"": ""R_REPLACED"", ""level"": 9907.227}"
2020-02-16 11:59,964,L,R_CONFIRM_POS_FROZEN,"{""signal_id"": ""L-2020-01-12 03:59-4""}"
2020-02-16 12:00,965,L,ORDER_CREATE,"{""key"": 964, ""level"": 9936.5065, ""stop"": 9835.405, ""atr_idx"": 964, ""atr_end_time"": 1581854399999, ""r_confirm_time"": 1581854399999}"
2020-02-16 12:00,965,L,SIGNAL,"{""key"": 964}"
2020-02-16 15:29,965,L,R_INVALID,"{""key"": 964, ""mode"": ""5M""}"
2020-02-16 15:29,965,L,ORDER_CANCEL,"{""key"": 964, ""reason"": ""R_INVALID"", ""level"": 9936.5065}"
2020-02-16 23:59,967,L,R_CONFIRM_POS_FROZEN,"{""signal_id"": ""L-2020-01-12 03:59-4""}"
2020-02-17 00:00,968,L,D_DISARM,"{""day"": ""2020-02-16"", ""P0"": 8238.0, ""H1"": 9000.0}"
2020-02-17 07:59,969,L,R_CONFIRM_POS_FROZEN,"{""signal_id"": ""L-2020-01-12 03:59-4""}"
2020-02-17 15:59,971,L,R_CONFIRM_POS_FROZEN,"{""signal_id"": ""L-2020-01-12 03:59-4""}"
2020-02-17 23:59,973,L,R_CONFIRM_POS_FROZEN,"{""signal_id"": ""L-2020-01-12 03:59-4""}"
2020-02-18 15:59,977,L,R_CONFIRM_POS_FROZEN,"{""signal_id"": ""L-2020-01-12 03:59-4""}"
2020-02-18 23:59,979,L,R_CONFIRM_POS_FROZEN,"{""signal_id"": ""L-2020-01-12 03:59-4""}"
2020-02-19 00:00,980,L,D_ARM,"{""day"": ""2020-02-18"", ""P0"": 9452.67, ""H1"": 10250.0}"
2020-02-19 00:00,980,L,ORDER_CREATE,"{""key"": 979, ""level"": 9785.8618, ""stop"": 9569.206, ""atr_idx"": 979, ""atr_end_time"": 1582070399999, ""r_confirm_time"": 1582070399999}"
2020-02-19 00:00,980,L,SIGNAL,"{""key"": 979}"
2020-02-19 11:59,982,L,R_REPLACED,"{""old_key"": 979, ""new_key"": 982}"
2020-02-19 11:59,982,L,ORDER_CANCEL,"{""key"": 979, ""reason"": ""R_REPLACED"", ""level"": 9785.8618}"
2020-02-19 11:59,982,L,R_CONFIRM_POS_FROZEN,"{""signal_id"": ""L-2020-01-12 03:59-4""}"
2020-02-19 12:00,983,L,ORDER_CREATE,"{""key"": 982, ""level"": 10112.5735, ""stop"": 10007.1482, ""atr_idx"": 982, ""atr_end_time"": 1582113599999, ""r_confirm_time"": 1582113599999}"
2020-02-19 12:00,983,L,SIGNAL,"{""key"": 982}"
2020-02-19 19:59,984,L,R_REPLACED,"{""old_key"": 982, ""new_key"": 984}"
2020-02-19 19:59,984,L,ORDER_CANCEL,"{""key"": 982, ""reason"": ""R_REPLACED"", ""level"": 10112.5735}"
2020-02-19 19:59,984,L,R_CONFIRM_POS_FROZEN,"{""signal_id"": ""L-2020-01-12 03:59-4""}"
2020-02-19 20:00,985,L,ORDER_CREATE,"{""key"": 984, ""level"": 10117.6834, ""stop"": 9996.0018, ""atr_idx"": 984, ""atr_end_time"": 1582142399999, ""r_confirm_time"": 1582142399999}"
2020-02-19 20:00,985,L,SIGNAL,"{""key"": 984}"
2020-02-19 21:34,985,L,R_INVALID,"{""key"": 984, ""mode"": ""5M""}"
2020-02-19 21:34,985,L,ORDER_CANCEL,"{""key"": 984, ""reason"": ""R_INVALID"", ""level"": 10117.6834}"
2020-02-19 21:49,985,L,V,"{""P0"": 9452.67, ""mode"": ""5M""}"
2020-02-19 21:50,985,L,EXIT,"{""exit_kind"": ""v"", ""px"": 9455.59, ""frac"": 0.5, ""signal_id"": ""L-2020-01-12 03:59-4""}"
2020-02-29 00:00,1040,S,D_ARM,"{""day"": ""2020-02-28"", ""P0"": -9377.44, ""H1"": -8445.0}"
2020-02-29 04:00,1041,S,ORDER_CREATE,"{""key"": 1040, ""level"": -8727.8186, ""stop"": -8835.4771, ""atr_idx"": 1040, ""atr_end_time"": 1582948799999, ""r_confirm_time"": 1582948799999}"
2020-02-29 04:00,1041,S,SIGNAL,"{""key"": 1040}"
2020-02-29 04:00,1041,S,SKIP_V,"{""key"": 1040}"
2020-02-29 04:00,1041,S,ORDER_CANCEL,"{""key"": 1040, ""reason"": ""SKIP_V"", ""level"": -8727.8186}"
2020-02-29 12:00,1043,S,ORDER_CREATE,"{""key"": 1042, ""level"": -8729.4709, ""stop"": -8826.2295, ""atr_idx"": 1042, ""atr_end_time"": 1582977599999, ""r_confirm_time"": 1582977599999}"
2020-02-29 12:00,1043,S,SIGNAL,"{""key"": 1042}"
2020-03-01 12:00,1049,S,FILL,"{""signal_id"": ""S-2020-02-29 11:59-5"", ""expected"": -8729.4709, ""entry"": -8729.4709, ""stop"": -8826.2295, ""key"": 1042}"
2020-03-01 16:34,1050,S,EXIT,"{""exit_kind"": ""tp"", ""px"": -8535.9537, ""frac"": 0.5, ""signal_id"": ""S-2020-02-29 11:59-5""}"
2020-03-01 19:59,1050,S,R_CONFIRM_POS_FROZEN,"{""signal_id"": ""S-2020-02-29 11:59-5""}"
2020-03-02 07:59,1053,S,R_CONFIRM_POS_FROZEN,"{""signal_id"": ""S-2020-02-29 11:59-5""}"
2020-03-02 09:44,1054,S,EXIT,"{""exit_kind"": ""stop"", ""px"": -8712.012, ""frac"": 0.5, ""signal_id"": ""S-2020-02-29 11:59-5""}"
2020-03-09 00:00,1094,S,D_ARM,"{""day"": ""2020-03-08"", ""P0"": -9188.0, ""H1"": -8000.0}"
2020-03-09 00:00,1094,S,ORDER_CREATE,"{""key"": 1093, ""level"": -8551.5843, ""stop"": -8782.6291, ""atr_idx"": 1093, ""atr_end_time"": 1583711999999, ""r_confirm_time"": 1583711999999}"
2020-03-09 00:00,1094,S,SIGNAL,"{""key"": 1093}"
2020-03-09 07:59,1095,S,R_REPLACED,"{""old_key"": 1093, ""new_key"": 1095}"
2020-03-09 07:59,1095,S,ORDER_CANCEL,"{""key"": 1093, ""reason"": ""R_REPLACED"", ""level"": -8551.5843}"
2020-03-09 08:00,1096,S,ORDER_CREATE,"{""key"": 1095, ""level"": -8131.9469, ""stop"": -8330.7074, ""atr_idx"": 1095, ""atr_end_time"": 1583740799999, ""r_confirm_time"": 1583740799999}"
2020-03-09 08:00,1096,S,SIGNAL,"{""key"": 1095}"
2020-03-09 15:59,1097,S,R_REPLACED,"{""old_key"": 1095, ""new_key"": 1097}"
2020-03-09 15:59,1097,S,ORDER_CANCEL,"{""key"": 1095, ""reason"": ""R_REPLACED"", ""level"": -8131.9469}"
2020-03-09 16:00,1098,S,ORDER_CREATE,"{""key"": 1097, ""level"": -7944.1425, ""stop"": -8095.0726, ""atr_idx"": 1097, ""atr_end_time"": 1583769599999, ""r_confirm_time"": 1583769599999}"
2020-03-09 16:00,1098,S,SIGNAL,"{""key"": 1097}"
2020-03-09 23:59,1099,S,R_REPLACED,"{""old_key"": 1097, ""new_key"": 1099}"
2020-03-09 23:59,1099,S,ORDER_CANCEL,"{""key"": 1097, ""reason"": ""R_REPLACED"", ""level"": -7944.1425}"
2020-03-10 00:00,1100,S,D_DISARM,"{""day"": ""2020-03-09"", ""P0"": -9188.0, ""H1"": -8000.0}"
2020-03-11 00:00,1106,S,D_ARM,"{""day"": ""2020-03-10"", ""P0"": -8886.76, ""H1"": -7632.01}"
2020-03-11 00:00,1106,S,ORDER_CREATE,"{""key"": 1105, ""level"": -8032.2396, ""stop"": -8180.7789, ""atr_idx"": 1105, ""atr_end_time"": 1583884799999, ""r_confirm_time"": 1583884799999}"
2020-03-11 00:00,1106,S,SIGNAL,"{""key"": 1105}"
2020-03-11 07:59,1107,S,R_REPLACED,"{""old_key"": 1105, ""new_key"": 1107}"
2020-03-11 07:59,1107,S,ORDER_CANCEL,"{""key"": 1105, ""reason"": ""R_REPLACED"", ""level"": -8032.2396}"
2020-03-11 08:00,1108,S,ORDER_CREATE,"{""key"": 1107, ""level"": -7964.5427, ""stop"": -8065.5342, ""atr_idx"": 1107, ""atr_end_time"": 1583913599999, ""r_confirm_time"": 1583913599999}"
2020-03-11 08:00,1108,S,SIGNAL,"{""key"": 1107}"
2020-03-11 22:35,1111,S,FILL,"{""signal_id"": ""S-2020-03-11 07:59-6"", ""expected"": -7964.5427, ""entry"": -7964.5427, ""stop"": -8065.5342, ""key"": 1107}"
2020-03-12 01:54,1112,S,EXIT,"{""exit_kind"": ""tp"", ""px"": -7762.5597, ""frac"": 0.5, ""signal_id"": ""S-2020-03-11 07:59-6""}"
2020-03-12 01:54,1112,S,EXIT,"{""exit_kind"": ""tp"", ""px"": -7826.552, ""frac"": 0.125, ""signal_id"": ""S-2020-03-11 07:59-6""}"
2020-03-12 01:59,1112,S,EXIT,"{""exit_kind"": ""tp"", ""px"": -7719.632, ""frac"": 0.125, ""signal_id"": ""S-2020-03-11 07:59-6""}"
2020-03-12 03:59,1112,S,R_CONFIRM_POS_FROZEN,"{""signal_id"": ""S-2020-03-11 07:59-6""}"
2020-03-12 06:29,1113,S,EXIT,"{""exit_kind"": ""tp"", ""px"": -7546.184, ""frac"": 0.125, ""signal_id"": ""S-2020-03-11 07:59-6""}"
2020-03-12 10:19,1114,S,EXIT,"{""exit_kind"": ""tp"", ""px"": -7265.816, ""frac"": 0.125, ""signal_id"": ""S-2020-03-11 07:59-6""}"
2020-03-15 00:00,1130,S,D_ARM,"{""day"": ""2020-03-14"", ""P0"": -7966.17, ""H1"": -3782.13}"
2020-03-15 00:00,1130,S,ORDER_CREATE,"{""key"": 1122, ""level"": -5663.259, ""stop"": -5988.913, ""atr_idx"": 1129, ""atr_end_time"": 1584230399999, ""r_confirm_time"": 1584129599999}"
2020-03-15 00:00,1130,S,SIGNAL,"{""key"": 1122}"
2020-03-15 07:59,1131,S,R_REPLACED,"{""old_key"": 1122, ""new_key"": 1131}"
2020-03-15 07:59,1131,S,ORDER_CANCEL,"{""key"": 1122, ""reason"": ""R_REPLACED"", ""level"": -5663.259}"
2020-03-15 08:00,1132,S,ORDER_CREATE,"{""key"": 1131, ""level"": -5519.8074, ""stop"": -5706.8293, ""atr_idx"": 1131, ""atr_end_time"": 1584259199999, ""r_confirm_time"": 1584259199999}"
2020-03-15 08:00,1132,S,SIGNAL,"{""key"": 1131}"
2020-03-15 12:15,1133,S,FILL,"{""signal_id"": ""S-2020-03-15 07:59-7"", ""expected"": -5519.8074, ""entry"": -5519.8074, ""stop"": -5706.8293, ""key"": 1131}"
2020-03-15 21:54,1135,S,EXIT,"{""exit_kind"": ""stop"", ""px"": -5706.8293, ""frac"": 1.0, ""signal_id"": ""S-2020-03-15 07:59-7""}"
2020-03-20 00:00,1160,L,D_ARM,"{""day"": ""2020-03-19"", ""P0"": 4921.45, ""H1"": 6400.0}"
2020-03-20 00:00,1160,L,ORDER_CREATE,"{""key"": 1158, ""level"": 5616.146, ""stop"": 5348.905, ""atr_idx"": 1159, ""atr_end_time"": 1584662399999, ""r_confirm_time"": 1584647999999}"
2020-03-20 00:00,1160,L,SIGNAL,"{""key"": 1158}"
2020-03-20 03:59,1160,L,R_REPLACED,"{""old_key"": 1158, ""new_key"": 1160}"
2020-03-20 03:59,1160,L,ORDER_CANCEL,"{""key"": 1158, ""reason"": ""R_REPLACED"", ""level"": 5616.146}"
2020-03-20 04:00,1161,L,ORDER_CREATE,"{""key"": 1160, ""level"": 5944.099, ""stop"": 5762.66, ""atr_idx"": 1160, ""atr_end_time"": 1584676799999, ""r_confirm_time"": 1584676799999}"
2020-03-20 04:00,1161,L,SIGNAL,"{""key"": 1160}"
2020-03-20 11:59,1162,L,R_REPLACED,"{""old_key"": 1160, ""new_key"": 1162}"
2020-03-20 11:59,1162,L,ORDER_CANCEL,"{""key"": 1160, ""reason"": ""R_REPLACED"", ""level"": 5944.099}"
2020-03-20 12:00,1163,L,ORDER_CREATE,"{""key"": 1162, ""level"": 6275.787, ""stop"": 6036.835, ""atr_idx"": 1162, ""atr_end_time"": 1584705599999, ""r_confirm_time"": 1584705599999}"
2020-03-20 12:00,1163,L,SIGNAL,"{""key"": 1162}"
2020-03-20 18:25,1164,L,FILL,"{""signal_id"": ""L-2020-03-20 11:59-8"", ""expected"": 6275.787, ""entry"": 6275.787, ""stop"": 6036.835, ""key"": 1162}"
2020-03-20 19:59,1164,L,R_CONFIRM_POS_FROZEN,"{""signal_id"": ""L-2020-03-20 11:59-8""}"
2020-03-20 20:09,1165,L,EXIT,"{""exit_kind"": ""stop"", ""px"": 6036.835, ""frac"": 1.0, ""signal_id"": ""L-2020-03-20 11:59-8""}"
2020-03-22 00:00,1172,L,D_ARM,"{""day"": ""2020-03-21"", ""P0"": 5252.53, ""H1"": 6900.0}"
2020-03-22 00:00,1172,L,ORDER_CREATE,"{""key"": 1169, ""level"": 5969.9692, ""stop"": 5836.448, ""atr_idx"": 1171, ""atr_end_time"": 1584835199999, ""r_confirm_time"": 1584806399999}"
2020-03-22 00:00,1172,L,SIGNAL,"{""key"": 1169}"
2020-03-22 07:59,1173,L,R_REPLACED,"{""old_key"": 1169, ""new_key"": 1173}"
2020-03-22 07:59,1173,L,ORDER_CANCEL,"{""key"": 1169, ""reason"": ""R_REPLACED"", ""level"": 5969.9692}"
2020-03-22 08:00,1174,L,ORDER_CREATE,"{""key"": 1173, ""level"": 6170.7469, ""stop"": 6054.8009, ""atr_idx"": 1173, ""atr_end_time"": 1584863999999, ""r_confirm_time"": 1584863999999}"
2020-03-22 08:00,1174,L,SIGNAL,"{""key"": 1173}"
2020-03-22 10:35,1174,L,FILL,"{""signal_id"": ""L-2020-03-22 07:59-9"", ""expected"": 6170.7469, ""entry"": 6170.7469, ""stop"": 6054.8009, ""key"": 1173}"
2020-03-22 12:04,1175,L,EXIT,"{""exit_kind"": ""stop"", ""px"": 6054.8009, ""frac"": 1.0, ""signal_id"": ""L-2020-03-22 07:59-9""}"
2020-03-25 00:00,1190,S,D_ARM,"{""day"": ""2020-03-24"", ""P0"": -6600.0, ""H1"": -5688.0}"
2020-03-25 00:00,1190,S,ORDER_CREATE,"{""key"": 1187, ""level"": -6729.3114, ""stop"": -6860.52, ""atr_idx"": 1189, ""atr_end_time"": 1585094399999, ""r_confirm_time"": 1585065599999}"
2020-03-25 00:00,1190,S,SIGNAL,"{""key"": 1187}"
2020-03-25 00:00,1190,S,FILL,"{""signal_id"": ""S-2020-03-24 15:59-10"", ""expected"": -6729.3114, ""entry"": -6729.3114, ""stop"": -6860.52, ""key"": 1187}"
2020-03-25 00:04,1190,S,V_POS,"{""P0"": -6600.0, ""signal_id"": ""S-2020-03-24 15:59-10""}"
2020-03-25 00:05,1190,S,EXIT,"{""exit_kind"": ""v"", ""px"": -6686.78, ""frac"": 1.0, ""signal_id"": ""S-2020-03-24 15:59-10""}"
2020-03-30 00:00,1220,S,D_ARM,"{""day"": ""2020-03-29"", ""P0"": -6842.59, ""H1"": -5866.56}"
2020-03-30 00:00,1220,S,ORDER_CREATE,"{""key"": 1215, ""level"": -6228.5421, ""stop"": -6308.87, ""atr_idx"": 1219, ""atr_end_time"": 1585526399999, ""r_confirm_time"": 1585468799999}"
2020-03-30 00:00,1220,S,SIGNAL,"{""key"": 1215}"
2020-03-30 03:59,1220,S,R_REPLACED,"{""old_key"": 1215, ""new_key"": 1220}"
2020-03-30 03:59,1220,S,ORDER_CANCEL,"{""key"": 1215, ""reason"": ""R_REPLACED"", ""level"": -6228.5421}"
2020-03-30 04:00,1221,S,ORDER_CREATE,"{""key"": 1220, ""level"": -6070.8646, ""stop"": -6181.489, ""atr_idx"": 1220, ""atr_end_time"": 1585540799999, ""r_confirm_time"": 1585540799999}"
2020-03-30 04:00,1221,S,SIGNAL,"{""key"": 1220}"
2020-03-30 05:00,1221,S,FILL,"{""signal_id"": ""S-2020-03-30 03:59-11"", ""expected"": -6070.8646, ""entry"": -6070.8646, ""stop"": -6181.489, ""key"": 1220}"
2020-03-30 05:04,1221,S,EXIT,"{""exit_kind"": ""stop"", ""px"": -6181.489, ""frac"": 1.0, ""signal_id"": ""S-2020-03-30 03:59-11""}"
2020-04-01 00:00,1232,S,D_ARM,"{""day"": ""2020-03-31"", ""P0"": -6599.0, ""H1"": -5857.76}"
2020-04-01 00:00,1232,S,ORDER_CREATE,"{""key"": 1226, ""level"": -6528.4521, ""stop"": -6625.9684, ""atr_idx"": 1231, ""atr_end_time"": 1585699199999, ""r_confirm_time"": 1585627199999}"
2020-04-01 00:00,1232,S,SIGNAL,"{""key"": 1226}"
2020-04-01 03:59,1232,S,R_REPLACED,"{""old_key"": 1226, ""new_key"": 1232}"
2020-04-01 03:59,1232,S,ORDER_CANCEL,"{""key"": 1226, ""reason"": ""R_REPLACED"", ""level"": -6528.4521}"
2020-04-01 04:00,1233,S,ORDER_CREATE,"{""key"": 1232, ""level"": -6417.8007, ""stop"": -6517.494, ""atr_idx"": 1232, ""atr_end_time"": 1585713599999, ""r_confirm_time"": 1585713599999}"
2020-04-01 04:00,1233,S,SIGNAL,"{""key"": 1232}"
2020-04-01 11:59,1234,S,R_REPLACED,"{""old_key"": 1232, ""new_key"": 1234}"
2020-04-01 11:59,1234,S,ORDER_CANCEL,"{""key"": 1232, ""reason"": ""R_REPLACED"", ""level"": -6417.8007}"
2020-04-01 12:00,1235,S,ORDER_CREATE,"{""key"": 1234, ""level"": -6364.159, ""stop"": -6442.0885, ""atr_idx"": 1234, ""atr_end_time"": 1585742399999, ""r_confirm_time"": 1585742399999}"
2020-04-01 12:00,1235,S,SIGNAL,"{""key"": 1234}"
2020-04-01 20:45,1237,S,FILL,"{""signal_id"": ""S-2020-04-01 11:59-12"", ""expected"": -6364.159, ""entry"": -6364.159, ""stop"": -6442.0885, ""key"": 1234}"
2020-04-01 22:24,1237,S,EXIT,"{""exit_kind"": ""stop"", ""px"": -6442.0885, ""frac"": 1.0, ""signal_id"": ""S-2020-04-01 11:59-12""}"
2020-04-07 00:00,1268,L,D_ARM,"{""day"": ""2020-04-06"", ""P0"": 6551.0, ""H1"": 7355.14}"
2020-04-07 00:00,1268,L,ORDER_CREATE,"{""key"": 1265, ""level"": 6936.1166, ""stop"": 6819.3803, ""atr_idx"": 1267, ""atr_end_time"": 1586217599999, ""r_confirm_time"": 1586188799999}"
2020-04-07 00:00,1268,L,SIGNAL,"{""key"": 1265}"
2020-04-07 03:59,1268,L,R_REPLACED,"{""old_key"": 1265, ""new_key"": 1268}"
2020-04-07 03:59,1268,L,ORDER_CANCEL,"{""key"": 1265, ""reason"": ""R_REPLACED"", ""level"": 6936.1166}"
2020-04-07 04:00,1269,L,ORDER_CREATE,"{""key"": 1268, ""level"": 7181.159, ""stop"": 7048.79, ""atr_idx"": 1268, ""atr_end_time"": 1586231999999, ""r_confirm_time"": 1586231999999}"
2020-04-07 04:00,1269,L,SIGNAL,"{""key"": 1268}"
2020-04-07 11:59,1270,L,R_REPLACED,"{""old_key"": 1268, ""new_key"": 1270}"
2020-04-07 11:59,1270,L,ORDER_CANCEL,"{""key"": 1268, ""reason"": ""R_REPLACED"", ""level"": 7181.159}"
2020-04-07 12:00,1271,L,ORDER_CREATE,"{""key"": 1270, ""level"": 7294.6485, ""stop"": 7199.8355, ""atr_idx"": 1270, ""atr_end_time"": 1586260799999, ""r_confirm_time"": 1586260799999}"
2020-04-07 12:00,1271,L,SIGNAL,"{""key"": 1270}"
2020-04-07 12:30,1271,L,FILL,"{""signal_id"": ""L-2020-04-07 11:59-13"", ""expected"": 7294.6485, ""entry"": 7294.6485, ""stop"": 7199.8355, ""key"": 1270}"
2020-04-07 19:59,1272,L,R_CONFIRM_POS_FROZEN,"{""signal_id"": ""L-2020-04-07 11:59-13""}"
2020-04-07 20:04,1273,L,EXIT,"{""exit_kind"": ""stop"", ""px"": 7199.8355, ""frac"": 1.0, ""signal_id"": ""L-2020-04-07 11:59-13""}"
2020-04-09 00:00,1280,L,D_ARM,"{""day"": ""2020-04-08"", ""P0"": 6765.0, ""H1"": 7459.69}"
2020-04-09 00:00,1280,L,ORDER_CREATE,"{""key"": 1279, ""level"": 7260.4442, ""stop"": 7170.424, ""atr_idx"": 1279, ""atr_end_time"": 1586390399999, ""r_confirm_time"": 1586390399999}"
2020-04-09 00:00,1280,L,SIGNAL,"{""key"": 1279}"
2020-04-09 03:30,1280,L,FILL,"{""signal_id"": ""L-2020-04-08 23:59-14"", ""expected"": 7260.4442, ""entry"": 7260.4442, ""stop"": 7170.424, ""key"": 1279}"
2020-04-09 11:59,1282,L,EXIT,"{""exit_kind"": ""stop"", ""px"": 7170.424, ""frac"": 1.0, ""signal_id"": ""L-2020-04-08 23:59-14""}"
2020-04-14 00:00,1310,S,D_ARM,"{""day"": ""2020-04-13"", ""P0"": -7295.75, ""H1"": -6575.0}"
2020-04-14 12:00,1313,S,ORDER_CREATE,"{""key"": 1312, ""level"": -6856.8478, ""stop"": -6937.2996, ""atr_idx"": 1312, ""atr_end_time"": 1586865599999, ""r_confirm_time"": 1586865599999}"
2020-04-14 12:00,1313,S,SIGNAL,"{""key"": 1312}"
2020-04-14 13:05,1313,S,FILL,"{""signal_id"": ""S-2020-04-14 11:59-15"", ""expected"": -6856.8478, ""entry"": -6856.8478, ""stop"": -6937.2996, ""key"": 1312}"
2020-04-14 14:09,1313,S,EXIT,"{""exit_kind"": ""stop"", ""px"": -6937.2996, ""frac"": 1.0, ""signal_id"": ""S-2020-04-14 11:59-15""}"
2020-04-18 00:00,1334,S,D_ARM,"{""day"": ""2020-04-17"", ""P0"": -7190.0, ""H1"": -6468.27}"
2020-04-18 00:00,1334,S,ORDER_CREATE,"{""key"": 1328, ""level"": -7115.063, ""stop"": -7212.4928, ""atr_idx"": 1333, ""atr_end_time"": 1587167999999, ""r_confirm_time"": 1587095999999}"
2020-04-18 00:00,1334,S,SIGNAL,"{""key"": 1328}"
2020-04-18 05:25,1335,S,FILL,"{""signal_id"": ""S-2020-04-17 03:59-16"", ""expected"": -7115.063, ""entry"": -7115.063, ""stop"": -7212.4928, ""key"": 1328}"
2020-04-18 13:49,1337,S,EXIT,"{""exit_kind"": ""stop"", ""px"": -7212.4928, ""frac"": 1.0, ""signal_id"": ""S-2020-04-17 03:59-16""}"
2020-04-26 00:00,1382,L,D_ARM,"{""day"": ""2020-04-25"", ""P0"": 7020.0, ""H1"": 7705.0}"
2020-04-26 00:00,1382,L,ORDER_CREATE,"{""key"": 1374, ""level"": 7447.571, ""stop"": 7365.836, ""atr_idx"": 1381, ""atr_end_time"": 1587859199999, ""r_confirm_time"": 1587758399999}"
2020-04-26 00:00,1382,L,SIGNAL,"{""key"": 1374}"
2020-04-26 03:59,1382,L,R_REPLACED,"{""old_key"": 1374, ""new_key"": 1382}"
2020-04-26 03:59,1382,L,ORDER_CANCEL,"{""key"": 1374, ""reason"": ""R_REPLACED"", ""level"": 7447.571}"
2020-04-26 04:00,1383,L,ORDER_CREATE,"{""key"": 1382, ""level"": 7516.9085, ""stop"": 7445.8951, ""atr_idx"": 1382, ""atr_end_time"": 1587873599999, ""r_confirm_time"": 1587873599999}"
2020-04-26 04:00,1383,L,SIGNAL,"{""key"": 1382}"
2020-04-26 15:10,1385,L,FILL,"{""signal_id"": ""L-2020-04-26 03:59-17"", ""expected"": 7516.9085, ""entry"": 7516.9085, ""stop"": 7445.8951, ""key"": 1382}"
2020-04-26 19:59,1386,L,R_CONFIRM_POS_FROZEN,"{""signal_id"": ""L-2020-04-26 03:59-17""}"
2020-04-26 23:29,1387,L,EXIT,"{""exit_kind"": ""tp"", ""px"": 7658.9352, ""frac"": 0.5, ""signal_id"": ""L-2020-04-26 03:59-17""}"
2020-04-26 23:29,1387,L,EXIT,"{""exit_kind"": ""tp"", ""px"": 7608.1574, ""frac"": 0.125, ""signal_id"": ""L-2020-04-26 03:59-17""}"
2020-04-27 03:59,1388,L,R_CONFIRM_POS_FROZEN,"{""signal_id"": ""L-2020-04-26 03:59-17""}"
2020-04-27 23:59,1393,L,R_CONFIRM_POS_FROZEN,"{""signal_id"": ""L-2020-04-26 03:59-17""}"
2020-04-28 07:59,1395,L,R_CONFIRM_POS_FROZEN,"{""signal_id"": ""L-2020-04-26 03:59-17""}"
2020-04-28 23:59,1399,L,R_CONFIRM_POS_FROZEN,"{""signal_id"": ""L-2020-04-26 03:59-17""}"
2020-04-29 02:09,1400,L,EXIT,"{""exit_kind"": ""tp"", ""px"": 7802.8126, ""frac"": 0.125, ""signal_id"": ""L-2020-04-26 03:59-17""}"
2020-04-29 11:59,1402,L,R_CONFIRM_POS_FROZEN,"{""signal_id"": ""L-2020-04-26 03:59-17""}"
2020-04-29 19:59,1404,L,R_CONFIRM_POS_FROZEN,"{""signal_id"": ""L-2020-04-26 03:59-17""}"
2020-04-30 03:59,1406,L,R_CONFIRM_POS_FROZEN,"{""signal_id"": ""L-2020-04-26 03:59-17""}"
2020-04-30 11:59,1408,L,R_CONFIRM_POS_FROZEN,"{""signal_id"": ""L-2020-04-26 03:59-17""}"
2020-04-30 19:59,1410,L,R_CONFIRM_POS_FROZEN,"{""signal_id"": ""L-2020-04-26 03:59-17""}"
2020-05-01 03:59,1412,L,R_CONFIRM_POS_FROZEN,"{""signal_id"": ""L-2020-04-26 03:59-17""}"
2020-05-02 00:00,1418,L,D_ARM,"{""day"": ""2020-05-01"", ""P0"": 7710.05, ""H1"": 9460.0}"
2020-05-02 00:00,1418,L,ORDER_CREATE,"{""key"": 1412, ""level"": 8542.6592, ""stop"": 8374.8, ""atr_idx"": 1417, ""atr_end_time"": 1588377599999, ""r_confirm_time"": 1588305599999}"
2020-05-02 00:00,1418,L,SIGNAL,"{""key"": 1412}"
2020-05-02 15:59,1421,L,R_REPLACED,"{""old_key"": 1412, ""new_key"": 1421}"
2020-05-02 15:59,1421,L,ORDER_CANCEL,"{""key"": 1412, ""reason"": ""R_REPLACED"", ""level"": 8542.6592}"
2020-05-02 15:59,1421,L,R_CONFIRM_POS_FROZEN,"{""signal_id"": ""L-2020-04-26 03:59-17""}"
2020-05-02 16:00,1422,L,ORDER_CREATE,"{""key"": 1421, ""level"": 8757.3358, ""stop"": 8630.032, ""atr_idx"": 1421, ""atr_end_time"": 1588435199999, ""r_confirm_time"": 1588435199999}"
2020-05-02 16:00,1422,L,SIGNAL,"{""key"": 1421}"
2020-05-03 00:00,1424,L,D_DISARM,"{""day"": ""2020-05-02"", ""P0"": 7710.05, ""H1"": 9460.0}"
2020-05-03 00:00,1424,L,ORDER_CANCEL,"{""key"": 1421, ""reason"": ""D_DISARMED"", ""level"": 8757.3358}"
2020-05-03 03:59,1424,L,R_CONFIRM_POS_FROZEN,"{""signal_id"": ""L-2020-04-26 03:59-17""}"
2020-05-03 11:59,1426,L,R_CONFIRM_POS_FROZEN,"{""signal_id"": ""L-2020-04-26 03:59-17""}"
2020-05-03 19:59,1428,L,R_CONFIRM_POS_FROZEN,"{""signal_id"": ""L-2020-04-26 03:59-17""}"
2020-05-04 07:59,1431,L,R_CONFIRM_POS_FROZEN,"{""signal_id"": ""L-2020-04-26 03:59-17""}"
2020-05-04 15:59,1433,L,R_CONFIRM_POS_FROZEN,"{""signal_id"": ""L-2020-04-26 03:59-17""}"
2020-05-04 23:59,1435,L,R_CONFIRM_POS_FROZEN,"{""signal_id"": ""L-2020-04-26 03:59-17""}"
2020-05-05 15:59,1439,L,R_CONFIRM_POS_FROZEN,"{""signal_id"": ""L-2020-04-26 03:59-17""}"
2020-05-05 23:59,1441,L,R_CONFIRM_POS_FROZEN,"{""signal_id"": ""L-2020-04-26 03:59-17""}"
2020-05-06 19:59,1446,L,R_CONFIRM_POS_FROZEN,"{""signal_id"": ""L-2020-04-26 03:59-17""}"
2020-05-07 03:59,1448,L,R_CONFIRM_POS_FROZEN,"{""signal_id"": ""L-2020-04-26 03:59-17""}"
2020-05-07 11:59,1450,L,R_CONFIRM_POS_FROZEN,"{""signal_id"": ""L-2020-04-26 03:59-17""}"
2020-05-07 23:59,1453,L,R_CONFIRM_POS_FROZEN,"{""signal_id"": ""L-2020-04-26 03:59-17""}"
2020-05-08 07:59,1455,L,R_CONFIRM_POS_FROZEN,"{""signal_id"": ""L-2020-04-26 03:59-17""}"
2020-05-08 15:59,1457,L,R_CONFIRM_POS_FROZEN,"{""signal_id"": ""L-2020-04-26 03:59-17""}"
2020-05-09 03:59,1460,L,R_CONFIRM_POS_FROZEN,"{""signal_id"": ""L-2020-04-26 03:59-17""}"
2020-05-09 11:59,1462,L,R_CONFIRM_POS_FROZEN,"{""signal_id"": ""L-2020-04-26 03:59-17""}"
2020-05-09 19:59,1464,L,R_CONFIRM_POS_FROZEN,"{""signal_id"": ""L-2020-04-26 03:59-17""}"
2020-05-10 00:00,1466,L,D_ARM,"{""day"": ""2020-05-09"", ""P0"": 9021.0, ""H1"": 10035.96}"
2020-05-10 00:00,1466,L,ORDER_CREATE,"{""key"": 1464, ""level"": 9622.3047, ""stop"": 9499.6453, ""atr_idx"": 1465, ""atr_end_time"": 1589068799999, ""r_confirm_time"": 1589054399999}"
2020-05-10 00:00,1466,L,SIGNAL,"{""key"": 1464}"
2020-05-10 00:04,1466,L,R_INVALID,"{""key"": 1464, ""mode"": ""5M""}"
2020-05-10 00:04,1466,L,ORDER_CANCEL,"{""key"": 1464, ""reason"": ""R_INVALID"", ""level"": 9622.3047}"
2020-05-10 00:19,1466,L,V,"{""P0"": 9021.0, ""mode"": ""5M""}"
2020-05-10 00:20,1466,L,EXIT,"{""exit_kind"": ""v"", ""px"": 8635.63, ""frac"": 0.25, ""signal_id"": ""L-2020-04-26 03:59-17""}"
2020-05-23 00:00,1544,L,D_ARM,"{""day"": ""2020-05-22"", ""P0"": 8815.0, ""H1"": 9578.47}"
2020-05-23 00:00,1544,L,ORDER_CREATE,"{""key"": 1540, ""level"": 9010.8747, ""stop"": 8893.24, ""atr_idx"": 1543, ""atr_end_time"": 1590191999999, ""r_confirm_time"": 1590148799999}"
2020-05-23 00:00,1544,L,SIGNAL,"{""key"": 1540}"
2020-05-23 23:59,1549,L,R_REPLACED,"{""old_key"": 1540, ""new_key"": 1549}"
2020-05-23 23:59,1549,L,ORDER_CANCEL,"{""key"": 1540, ""reason"": ""R_REPLACED"", ""level"": 9010.8747}"
2020-05-24 00:00,1550,L,ORDER_CREATE,"{""key"": 1549, ""level"": 9143.9994, ""stop"": 9049.6693, ""atr_idx"": 1549, ""atr_end_time"": 1590278399999, ""r_confirm_time"": 1590278399999}"
2020-05-24 00:00,1550,L,SIGNAL,"{""key"": 1549}"
2020-05-24 00:05,1550,L,FILL,"{""signal_id"": ""L-2020-05-23 23:59-18"", ""expected"": 9143.9994, ""entry"": 9143.9994, ""stop"": 9049.6693, ""key"": 1549}"
2020-05-24 07:59,1551,L,R_CONFIRM_POS_FROZEN,"{""signal_id"": ""L-2020-05-23 23:59-18""}"
2020-05-24 13:54,1553,L,EXIT,"{""exit_kind"": ""stop"", ""px"": 9049.6693, ""frac"": 1.0, ""signal_id"": ""L-2020-05-23 23:59-18""}"
2020-06-04 00:00,1616,L,D_ARM,"{""day"": ""2020-06-03"", ""P0"": 9266.0, ""H1"": 10228.99}"
2020-06-04 00:00,1616,L,ORDER_CREATE,"{""key"": 1613, ""level"": 9472.4164, ""stop"": 9354.183, ""atr_idx"": 1615, ""atr_end_time"": 1591228799999, ""r_confirm_time"": 1591199999999}"
2020-06-04 00:00,1616,L,SIGNAL,"{""key"": 1613}"
2020-06-04 11:30,1618,L,FILL,"{""signal_id"": ""L-2020-06-03 15:59-19"", ""expected"": 9472.4164, ""entry"": 9472.4164, ""stop"": 9354.183, ""key"": 1613}"
2020-06-04 13:24,1619,L,EXIT,"{""exit_kind"": ""tp"", ""px"": 9708.8831, ""frac"": 0.5, ""signal_id"": ""L-2020-06-03 15:59-19""}"
2020-06-04 15:59,1619,L,R_CONFIRM_POS_FROZEN,"{""signal_id"": ""L-2020-06-03 15:59-19""}"
2020-06-04 23:59,1621,L,R_CONFIRM_POS_FROZEN,"{""signal_id"": ""L-2020-06-03 15:59-19""}"
2020-06-05 15:59,1625,L,R_CONFIRM_POS_FROZEN,"{""signal_id"": ""L-2020-06-03 15:59-19""}"
2020-06-06 11:59,1630,L,R_CONFIRM_POS_FROZEN,"{""signal_id"": ""L-2020-06-03 15:59-19""}"
2020-06-06 23:59,1633,L,R_CONFIRM_POS_FROZEN,"{""signal_id"": ""L-2020-06-03 15:59-19""}"
2020-06-07 12:29,1637,L,EXIT,"{""exit_kind"": ""stop"", ""px"": 9491.3612, ""frac"": 0.5, ""signal_id"": ""L-2020-06-03 15:59-19""}"
2020-06-16 00:00,1688,S,D_ARM,"{""day"": ""2020-06-15"", ""P0"": -9964.0, ""H1"": -8910.45}"
2020-06-16 00:00,1688,S,ORDER_CREATE,"{""key"": 1687, ""level"": -9380.0927, ""stop"": -9478.35, ""atr_idx"": 1687, ""atr_end_time"": 1592265599999, ""r_confirm_time"": 1592265599999}"
2020-06-16 00:00,1688,S,SIGNAL,"{""key"": 1687}"
2020-06-16 00:00,1688,S,SKIP_V,"{""key"": 1687}"
2020-06-16 00:00,1688,S,ORDER_CANCEL,"{""key"": 1687, ""reason"": ""SKIP_V"", ""level"": -9380.0927}"
2020-06-16 08:00,1690,S,ORDER_CREATE,"{""key"": 1689, ""level"": -9513.2743, ""stop"": -9623.785, ""atr_idx"": 1689, ""atr_end_time"": 1592294399999, ""r_confirm_time"": 1592294399999}"
2020-06-16 08:00,1690,S,SIGNAL,"{""key"": 1689}"
2020-06-16 09:05,1690,S,FILL,"{""signal_id"": ""S-2020-06-16 07:59-20"", ""expected"": -9513.2743, ""entry"": -9513.2743, ""stop"": -9623.785, ""key"": 1689}"
2020-06-16 15:59,1691,S,R_CONFIRM_POS_FROZEN,"{""signal_id"": ""S-2020-06-16 07:59-20""}"
2020-06-16 23:59,1693,S,R_CONFIRM_POS_FROZEN,"{""signal_id"": ""S-2020-06-16 07:59-20""}"
2020-06-17 19:59,1698,S,EXIT,"{""exit_kind"": ""tp"", ""px"": -9292.2529, ""frac"": 0.5, ""signal_id"": ""S-2020-06-16 07:59-20""}"
2020-06-17 19:59,1698,S,R_CONFIRM_POS_FROZEN,"{""signal_id"": ""S-2020-06-16 07:59-20""}"
2020-06-18 03:59,1700,S,R_CONFIRM_POS_FROZEN,"{""signal_id"": ""S-2020-06-16 07:59-20""}"
2020-06-18 19:59,1704,S,R_CONFIRM_POS_FROZEN,"{""signal_id"": ""S-2020-06-16 07:59-20""}"
2020-06-19 07:59,1707,S,R_CONFIRM_POS_FROZEN,"{""signal_id"": ""S-2020-06-16 07:59-20""}"
2020-06-19 15:59,1709,S,R_CONFIRM_POS_FROZEN,"{""signal_id"": ""S-2020-06-16 07:59-20""}"
2020-06-19 23:59,1711,S,R_CONFIRM_POS_FROZEN,"{""signal_id"": ""S-2020-06-16 07:59-20""}"
2020-06-20 11:59,1714,S,R_CONFIRM_POS_FROZEN,"{""signal_id"": ""S-2020-06-16 07:59-20""}"
2020-06-20 19:59,1716,S,R_CONFIRM_POS_FROZEN,"{""signal_id"": ""S-2020-06-16 07:59-20""}"
2020-06-21 03:59,1718,S,R_CONFIRM_POS_FROZEN,"{""signal_id"": ""S-2020-06-16 07:59-20""}"
2020-06-21 15:59,1721,S,R_CONFIRM_POS_FROZEN,"{""signal_id"": ""S-2020-06-16 07:59-20""}"
2020-06-22 07:59,1725,S,R_CONFIRM_POS_FROZEN,"{""signal_id"": ""S-2020-06-16 07:59-20""}"
2020-06-22 12:49,1727,S,EXIT,"{""exit_kind"": ""stop"", ""px"": -9494.2478, ""frac"": 0.5, ""signal_id"": ""S-2020-06-16 07:59-20""}"
2020-06-28 00:00,1760,S,D_ARM,"{""day"": ""2020-06-27"", ""P0"": -9780.0, ""H1"": -8833.0}"
2020-06-28 00:00,1760,S,ORDER_CREATE,"{""key"": 1758, ""level"": -9096.1041, ""stop"": -9245.985, ""atr_idx"": 1759, ""atr_end_time"": 1593302399999, ""r_confirm_time"": 1593287999999}"
2020-06-28 00:00,1760,S,SIGNAL,"{""key"": 1758}"
2020-06-28 03:59,1760,S,R_REPLACED,"{""old_key"": 1758, ""new_key"": 1760}"
2020-06-28 03:59,1760,S,ORDER_CANCEL,"{""key"": 1758, ""reason"": ""R_REPLACED"", ""level"": -9096.1041}"
2020-06-28 04:00,1761,S,ORDER_CREATE,"{""key"": 1760, ""level"": -9058.8607, ""stop"": -9174.441, ""atr_idx"": 1760, ""atr_end_time"": 1593316799999, ""r_confirm_time"": 1593316799999}"
2020-06-28 04:00,1761,S,SIGNAL,"{""key"": 1760}"
2020-06-28 08:45,1762,S,FILL,"{""signal_id"": ""S-2020-06-28 03:59-21"", ""expected"": -9058.8607, ""entry"": -9058.8607, ""stop"": -9174.441, ""key"": 1760}"
2020-06-28 16:14,1764,S,EXIT,"{""exit_kind"": ""stop"", ""px"": -9174.441, ""frac"": 1.0, ""signal_id"": ""S-2020-06-28 03:59-21""}"
2020-08-03 00:00,1976,L,D_ARM,"{""day"": ""2020-08-02"", ""P0"": 9917.21, ""H1"": 12123.46}"
2020-08-03 00:00,1976,L,ORDER_CREATE,"{""key"": 1975, ""level"": 11038.7213, ""stop"": 10882.6737, ""atr_idx"": 1975, ""atr_end_time"": 1596412799999, ""r_confirm_time"": 1596412799999}"
2020-08-03 00:00,1976,L,SIGNAL,"{""key"": 1975}"
2020-08-03 00:00,1976,L,FILL,"{""signal_id"": ""L-2020-08-02 23:59-22"", ""expected"": 11038.7213, ""entry"": 11038.7213, ""stop"": 10882.6737, ""key"": 1975}"
2020-08-03 14:34,1979,L,EXIT,"{""exit_kind"": ""tp"", ""px"": 11350.8163, ""frac"": 0.5, ""signal_id"": ""L-2020-08-02 23:59-22""}"
2020-08-03 15:59,1979,L,R_CONFIRM_POS_FROZEN,"{""signal_id"": ""L-2020-08-02 23:59-22""}"
2020-08-04 13:19,1985,L,EXIT,"{""exit_kind"": ""stop"", ""px"": 11060.7987, ""frac"": 0.5, ""signal_id"": ""L-2020-08-02 23:59-22""}"
2020-09-02 00:00,2156,L,D_ARM,"{""day"": ""2020-09-01"", ""P0"": 11117.64, ""H1"": 12050.85}"
2020-09-02 00:00,2156,L,ORDER_CREATE,"{""key"": 2154, ""level"": 11906.3929, ""stop"": 11776.564, ""atr_idx"": 2155, ""atr_end_time"": 1599004799999, ""r_confirm_time"": 1598990399999}"
2020-09-02 00:00,2156,L,SIGNAL,"{""key"": 2154}"
2020-09-02 00:30,2156,L,FILL,"{""signal_id"": ""L-2020-09-01 19:59-23"", ""expected"": 11906.3929, ""entry"": 11906.3929, ""stop"": 11776.564, ""key"": 2154}"
2020-09-02 03:59,2156,L,R_CONFIRM_POS_FROZEN,"{""signal_id"": ""L-2020-09-01 19:59-23""}"
2020-09-02 06:39,2157,L,EXIT,"{""exit_kind"": ""stop"", ""px"": 11776.564, ""frac"": 1.0, ""signal_id"": ""L-2020-09-01 19:59-23""}"
2020-09-06 00:00,2180,S,D_ARM,"{""day"": ""2020-09-05"", ""P0"": -11462.6, ""H1"": -9825.0}"
2020-09-06 00:00,2180,S,ORDER_CREATE,"{""key"": 2176, ""level"": -10483.9179, ""stop"": -10667.6773, ""atr_idx"": 2179, ""atr_end_time"": 1599350399999, ""r_confirm_time"": 1599307199999}"
2020-09-06 00:00,2180,S,SIGNAL,"{""key"": 2176}"
2020-09-06 03:59,2180,S,R_REPLACED,"{""old_key"": 2176, ""new_key"": 2180}"
2020-09-06 03:59,2180,S,ORDER_CANCEL,"{""key"": 2176, ""reason"": ""R_REPLACED"", ""level"": -10483.9179}"
2020-09-06 04:00,2181,S,ORDER_CREATE,"{""key"": 2180, ""level"": -10173.6396, ""stop"": -10333.0966, ""atr_idx"": 2180, ""atr_end_time"": 1599364799999, ""r_confirm_time"": 1599364799999}"
2020-09-06 04:00,2181,S,SIGNAL,"{""key"": 2180}"
2020-09-06 04:00,2181,S,FILL,"{""signal_id"": ""S-2020-09-06 03:59-24"", ""expected"": -10173.6396, ""entry"": -10173.6396, ""stop"": -10333.0966, ""key"": 2180}"
2020-09-06 21:44,2185,S,EXIT,"{""exit_kind"": ""stop"", ""px"": -10333.0966, ""frac"": 1.0, ""signal_id"": ""S-2020-09-06 03:59-24""}"
2020-09-29 00:00,2318,L,D_ARM,"{""day"": ""2020-09-28"", ""P0"": 10136.82, ""H1"": 10950.0}"
2020-09-29 04:00,2319,L,ORDER_CREATE,"{""key"": 2318, ""level"": 10720.7245, ""stop"": 10595.3084, ""atr_idx"": 2318, ""atr_end_time"": 1601351999999, ""r_confirm_time"": 1601351999999}"
2020-09-29 04:00,2319,L,SIGNAL,"{""key"": 2318}"
2020-09-29 04:00,2319,L,FILL,"{""signal_id"": ""L-2020-09-29 03:59-25"", ""expected"": 10720.7245, ""entry"": 10720.7245, ""stop"": 10595.3084, ""key"": 2318}"
2020-09-29 11:59,2320,L,R_CONFIRM_POS_FROZEN,"{""signal_id"": ""L-2020-09-29 03:59-25""}"
2020-09-29 23:59,2323,L,R_CONFIRM_POS_FROZEN,"{""signal_id"": ""L-2020-09-29 03:59-25""}"
2020-09-30 15:59,2327,L,R_CONFIRM_POS_FROZEN,"{""signal_id"": ""L-2020-09-29 03:59-25""}"
2020-09-30 23:59,2329,L,R_CONFIRM_POS_FROZEN,"{""signal_id"": ""L-2020-09-29 03:59-25""}"
2020-10-01 07:59,2331,L,R_CONFIRM_POS_FROZEN,"{""signal_id"": ""L-2020-09-29 03:59-25""}"
2020-10-01 16:19,2334,L,EXIT,"{""exit_kind"": ""stop"", ""px"": 10595.3084, ""frac"": 1.0, ""signal_id"": ""L-2020-09-29 03:59-25""}"
2020-10-27 00:00,2486,L,D_ARM,"{""day"": ""2020-10-26"", ""P0"": 11886.95, ""H1"": 13350.0}"
2020-10-27 00:00,2486,L,ORDER_CREATE,"{""key"": 2485, ""level"": 12852.0397, ""stop"": 12690.813, ""atr_idx"": 2485, ""atr_end_time"": 1603756799999, ""r_confirm_time"": 1603756799999}"
2020-10-27 00:00,2486,L,SIGNAL,"{""key"": 2485}"
2020-10-27 19:59,2490,L,R_REPLACED,"{""old_key"": 2485, ""new_key"": 2490}"
2020-10-27 19:59,2490,L,ORDER_CANCEL,"{""key"": 2485, ""reason"": ""R_REPLACED"", ""level"": 12852.0397}"
2020-10-27 20:00,2491,L,ORDER_CREATE,"{""key"": 2490, ""level"": 13276.4601, ""stop"": 13040.8198, ""atr_idx"": 2490, ""atr_end_time"": 1603828799999, ""r_confirm_time"": 1603828799999}"
2020-10-27 20:00,2491,L,SIGNAL,"{""key"": 2490}"
2020-10-28 03:59,2492,L,R_REPLACED,"{""old_key"": 2490, ""new_key"": 2492}"
2020-10-28 03:59,2492,L,ORDER_CANCEL,"{""key"": 2490, ""reason"": ""R_REPLACED"", ""level"": 13276.4601}"
2020-10-28 04:00,2493,L,ORDER_CREATE,"{""key"": 2492, ""level"": 13636.1876, ""stop"": 13472.2018, ""atr_idx"": 2492, ""atr_end_time"": 1603857599999, ""r_confirm_time"": 1603857599999}"
2020-10-28 04:00,2493,L,SIGNAL,"{""key"": 2492}"
2020-10-28 07:10,2493,L,FILL,"{""signal_id"": ""L-2020-10-28 03:59-26"", ""expected"": 13636.1876, ""entry"": 13636.1876, ""stop"": 13472.2018, ""key"": 2492}"
2020-10-28 11:09,2494,L,EXIT,"{""exit_kind"": ""stop"", ""px"": 13472.2018, ""frac"": 1.0, ""signal_id"": ""L-2020-10-28 03:59-26""}"
2020-11-08 00:00,2558,L,D_ARM,"{""day"": ""2020-11-07"", ""P0"": 14093.56, ""H1"": 15960.0}"
2020-11-08 00:00,2558,L,ORDER_CREATE,"{""key"": 2557, ""level"": 14803.7914, ""stop"": 14511.335, ""atr_idx"": 2557, ""atr_end_time"": 1604793599999, ""r_confirm_time"": 1604793599999}"
2020-11-08 00:00,2558,L,SIGNAL,"{""key"": 2557}"
2020-11-08 00:00,2558,L,FILL,"{""signal_id"": ""L-2020-11-07 23:59-27"", ""expected"": 14803.7914, ""entry"": 14803.7914, ""stop"": 14511.335, ""key"": 2557}"
2020-11-08 07:59,2559,L,R_CONFIRM_POS_FROZEN,"{""signal_id"": ""L-2020-11-07 23:59-27""}"
2020-11-08 15:04,2561,L,EXIT,"{""exit_kind"": ""tp"", ""px"": 15388.7043, ""frac"": 0.5, ""signal_id"": ""L-2020-11-07 23:59-27""}"
2020-11-08 15:04,2561,L,EXIT,"{""exit_kind"": ""tp"", ""px"": 14925.03, ""frac"": 0.125, ""signal_id"": ""L-2020-11-07 23:59-27""}"
2020-11-09 07:59,2565,L,R_CONFIRM_POS_FROZEN,"{""signal_id"": ""L-2020-11-07 23:59-27""}"
2020-11-09 15:59,2567,L,R_CONFIRM_POS_FROZEN,"{""signal_id"": ""L-2020-11-07 23:59-27""}"
2020-11-09 16:14,2568,L,EXIT,"{""exit_kind"": ""stop"", ""px"": 14833.399, ""frac"": 0.375, ""signal_id"": ""L-2020-11-07 23:59-27""}"
2020-11-28 00:00,2678,L,D_ARM,"{""day"": ""2020-11-27"", ""P0"": 16188.0, ""H1"": 18915.03}"
2020-11-28 00:00,2678,L,ORDER_CREATE,"{""key"": 2677, ""level"": 16662.9302, ""stop"": 16395.4955, ""atr_idx"": 2677, ""atr_end_time"": 1606521599999, ""r_confirm_time"": 1606521599999}"
2020-11-28 00:00,2678,L,SIGNAL,"{""key"": 2677}"
2020-11-29 00:00,2684,L,D_DISARM,"{""day"": ""2020-11-28"", ""P0"": 16188.0, ""H1"": 18915.03}"
2020-11-29 00:00,2684,L,ORDER_CANCEL,"{""key"": 2677, ""reason"": ""D_DISARMED"", ""level"": 16662.9302}"
2020-12-03 00:00,2708,L,D_ARM,"{""day"": ""2020-12-02"", ""P0"": 18001.12, ""H1"": 19888.0}"
2020-12-03 00:00,2708,L,ORDER_CREATE,"{""key"": 2705, ""level"": 18629.6609, ""stop"": 18274.5913, ""atr_idx"": 2707, ""atr_end_time"": 1606953599999, ""r_confirm_time"": 1606924799999}"
2020-12-03 00:00,2708,L,SIGNAL,"{""key"": 2705}"
2020-12-03 07:59,2709,L,R_REPLACED,"{""old_key"": 2705, ""new_key"": 2709}"
2020-12-03 07:59,2709,L,ORDER_CANCEL,"{""key"": 2705, ""reason"": ""R_REPLACED"", ""level"": 18629.6609}"
2020-12-03 08:00,2710,L,ORDER_CREATE,"{""key"": 2709, ""level"": 18927.8933, ""stop"": 18678.1868, ""atr_idx"": 2709, ""atr_end_time"": 1606982399999, ""r_confirm_time"": 1606982399999}"
2020-12-03 08:00,2710,L,SIGNAL,"{""key"": 2709}"
2020-12-04 07:59,2715,L,R_REPLACED,"{""old_key"": 2709, ""new_key"": 2715}"
2020-12-04 07:59,2715,L,ORDER_CANCEL,"{""key"": 2709, ""reason"": ""R_REPLACED"", ""level"": 18927.8933}"
2020-12-04 08:00,2716,L,ORDER_CREATE,"{""key"": 2715, ""level"": 19272.2736, ""stop"": 19057.655, ""atr_idx"": 2715, ""atr_end_time"": 1607068799999, ""r_confirm_time"": 1607068799999}"
2020-12-04 08:00,2716,L,SIGNAL,"{""key"": 2715}"
2020-12-04 10:05,2716,L,FILL,"{""signal_id"": ""L-2020-12-04 07:59-28"", ""expected"": 19272.2736, ""entry"": 19272.2736, ""stop"": 19057.655, ""key"": 2715}"
2020-12-04 10:14,2716,L,EXIT,"{""exit_kind"": ""stop"", ""px"": 19057.655, ""frac"": 1.0, ""signal_id"": ""L-2020-12-04 07:59-28""}"
2020-12-22 00:00,2822,L,D_ARM,"{""day"": ""2020-12-21"", ""P0"": 19278.6, ""H1"": 24295.0}"
2020-12-22 00:00,2822,L,ORDER_CREATE,"{""key"": 2821, ""level"": 22319.5183, ""stop"": 21854.24, ""atr_idx"": 2821, ""atr_end_time"": 1608595199999, ""r_confirm_time"": 1608595199999}"
2020-12-22 00:00,2822,L,SIGNAL,"{""key"": 2821}"
2020-12-22 15:59,2825,L,R_REPLACED,"{""old_key"": 2821, ""new_key"": 2825}"
2020-12-22 15:59,2825,L,ORDER_CANCEL,"{""key"": 2821, ""reason"": ""R_REPLACED"", ""level"": 22319.5183}"
2020-12-22 16:00,2826,L,ORDER_CREATE,"{""key"": 2825, ""level"": 22757.8574, ""stop"": 22319.839, ""atr_idx"": 2825, ""atr_end_time"": 1608652799999, ""r_confirm_time"": 1608652799999}"
2020-12-22 16:00,2826,L,SIGNAL,"{""key"": 2825}"
2020-12-23 00:00,2828,L,D_DISARM,"{""day"": ""2020-12-22"", ""P0"": 19278.6, ""H1"": 24295.0}"
2020-12-23 00:00,2828,L,ORDER_CANCEL,"{""key"": 2825, ""reason"": ""D_DISARMED"", ""level"": 22757.8574}"
2020-12-29 00:00,2864,L,D_ARM,"{""day"": ""2020-12-28"", ""P0"": 24500.0, ""H1"": 28422.0}"
2020-12-29 00:00,2864,L,ORDER_CREATE,"{""key"": 2859, ""level"": 26292.0803, ""stop"": 25772.45, ""atr_idx"": 2863, ""atr_end_time"": 1609199999999, ""r_confirm_time"": 1609142399999}"
2020-12-29 00:00,2864,L,SIGNAL,"{""key"": 2859}"
2020-12-29 04:05,2865,L,FILL,"{""signal_id"": ""L-2020-12-28 07:59-29"", ""expected"": 26292.0803, ""entry"": 26292.0803, ""stop"": 25772.45, ""key"": 2859}"
2020-12-29 11:59,2866,L,R_CONFIRM_POS_FROZEN,"{""signal_id"": ""L-2020-12-28 07:59-29""}"
2020-12-29 23:39,2869,L,EXIT,"{""exit_kind"": ""tp"", ""px"": 27331.341, ""frac"": 0.5, ""signal_id"": ""L-2020-12-28 07:59-29""}"
2020-12-29 23:59,2869,L,R_CONFIRM_POS_FROZEN,"{""signal_id"": ""L-2020-12-28 07:59-29""}"
2020-12-30 11:59,2872,L,R_CONFIRM_POS_FROZEN,"{""signal_id"": ""L-2020-12-28 07:59-29""}"
2020-12-30 19:59,2874,L,R_CONFIRM_POS_FROZEN,"{""signal_id"": ""L-2020-12-28 07:59-29""}"
2020-12-31 00:00,2876,L,D_ARM,"{""day"": ""2020-12-30"", ""P0"": 25880.0, ""H1"": 28996.0}"
2020-12-31 00:00,2876,L,ORDER_CREATE,"{""key"": 2874, ""level"": 27850.6732, ""stop"": 27318.797, ""atr_idx"": 2875, ""atr_end_time"": 1609372799999, ""r_confirm_time"": 1609358399999}"
2020-12-31 00:00,2876,L,SIGNAL,"{""key"": 2874}"
2020-12-31 03:59,2876,L,R_REPLACED,"{""old_key"": 2874, ""new_key"": 2876}"
2020-12-31 03:59,2876,L,ORDER_CANCEL,"{""key"": 2874, ""reason"": ""R_REPLACED"", ""level"": 27850.6732}"
2020-12-31 03:59,2876,L,R_CONFIRM_POS_FROZEN,"{""signal_id"": ""L-2020-12-28 07:59-29""}"
2020-12-31 04:00,2877,L,ORDER_CREATE,"{""key"": 2876, ""level"": 28349.5457, ""stop"": 27837.5062, ""atr_idx"": 2876, ""atr_end_time"": 1609387199999, ""r_confirm_time"": 1609387199999}"
2020-12-31 04:00,2877,L,SIGNAL,"{""key"": 2876}"
2020-12-31 11:59,2878,L,R_REPLACED,"{""old_key"": 2876, ""new_key"": 2878}"
2020-12-31 11:59,2878,L,ORDER_CANCEL,"{""key"": 2876, ""reason"": ""R_REPLACED"", ""level"": 28349.5457}"
2020-12-31 11:59,2878,L,R_CONFIRM_POS_FROZEN,"{""signal_id"": ""L-2020-12-28 07:59-29""}"
2020-12-31 12:00,2879,L,ORDER_CREATE,"{""key"": 2878, ""level"": 28461.7404, ""stop"": 27987.3752, ""atr_idx"": 2878, ""atr_end_time"": 1609415999999, ""r_confirm_time"": 1609415999999}"
2020-12-31 12:00,2879,L,SIGNAL,"{""key"": 2878}"
2020-12-31 13:14,2879,L,R_INVALID,"{""key"": 2878, ""mode"": ""5M""}"
2020-12-31 13:14,2879,L,ORDER_CANCEL,"{""key"": 2878, ""reason"": ""R_INVALID"", ""level"": 28461.7404}"
2020-12-31 19:59,2880,L,R_CONFIRM_POS_FROZEN,"{""signal_id"": ""L-2020-12-28 07:59-29""}"
2020-12-31 20:00,2881,L,ORDER_CREATE,"{""key"": 2880, ""level"": 28213.0111, ""stop"": 27764.456, ""atr_idx"": 2880, ""atr_end_time"": 1609444799999, ""r_confirm_time"": 1609444799999}"
2020-12-31 20:00,2881,L,SIGNAL,"{""key"": 2880}"
2021-01-01 01:14,2882,L,EXIT,"{""exit_kind"": ""tp"", ""px"": 29386.622, ""frac"": 0.125, ""signal_id"": ""L-2020-12-28 07:59-29""}"
2021-01-01 15:59,2885,L,R_REPLACED,"{""old_key"": 2880, ""new_key"": 2885}"
2021-01-01 15:59,2885,L,ORDER_CANCEL,"{""key"": 2880, ""reason"": ""R_REPLACED"", ""level"": 28213.0111}"
2021-01-01 15:59,2885,L,R_CONFIRM_POS_FROZEN,"{""signal_id"": ""L-2020-12-28 07:59-29""}"
2021-01-01 16:00,2886,L,ORDER_CREATE,"{""key"": 2885, ""level"": 29020.0347, ""stop"": 28619.882, ""atr_idx"": 2885, ""atr_end_time"": 1609516799999, ""r_confirm_time"": 1609516799999}"
2021-01-01 16:00,2886,L,SIGNAL,"{""key"": 2885}"
2021-01-01 18:49,2886,L,R_INVALID,"{""key"": 2885, ""mode"": ""5M""}"
2021-01-01 18:49,2886,L,ORDER_CANCEL,"{""key"": 2885, ""reason"": ""R_INVALID"", ""level"": 29020.0347}"
2021-01-01 23:59,2887,L,R_CONFIRM_POS_FROZEN,"{""signal_id"": ""L-2020-12-28 07:59-29""}"
2021-01-02 00:00,2888,L,ORDER_CREATE,"{""key"": 2887, ""level"": 28893.1314, ""stop"": 28541.2386, ""atr_idx"": 2887, ""atr_end_time"": 1609545599999, ""r_confirm_time"": 1609545599999}"
2021-01-02 00:00,2888,L,SIGNAL,"{""key"": 2887}"
2021-01-02 12:19,2891,L,EXIT,"{""exit_kind"": ""tp"", ""px"": 29981.252, ""frac"": 0.125, ""signal_id"": ""L-2020-12-28 07:59-29""}"
2021-01-02 12:49,2891,L,EXIT,"{""exit_kind"": ""tp"", ""px"": 30945.874, ""frac"": 0.125, ""signal_id"": ""L-2020-12-28 07:59-29""}"
2021-01-02 15:59,2891,L,R_REPLACED,"{""old_key"": 2887, ""new_key"": 2891}"
2021-01-02 15:59,2891,L,ORDER_CANCEL,"{""key"": 2887, ""reason"": ""R_REPLACED"", ""level"": 28893.1314}"
2021-01-02 15:59,2891,L,R_CONFIRM_POS_FROZEN,"{""signal_id"": ""L-2020-12-28 07:59-29""}"
2021-01-02 16:00,2892,L,ORDER_CREATE,"{""key"": 2891, ""level"": 29943.314, ""stop"": 29142.31, ""atr_idx"": 2891, ""atr_end_time"": 1609603199999, ""r_confirm_time"": 1609603199999}"
2021-01-02 16:00,2892,L,SIGNAL,"{""key"": 2891}"
2021-01-02 16:34,2892,L,EXIT,"{""exit_kind"": ""tp"", ""px"": 32505.126, ""frac"": 0.125, ""signal_id"": ""L-2020-12-28 07:59-29""}"
2021-01-02 23:59,2893,L,R_REPLACED,"{""old_key"": 2891, ""new_key"": 2893}"
2021-01-02 23:59,2893,L,ORDER_CANCEL,"{""key"": 2891, ""reason"": ""R_REPLACED"", ""level"": 29943.314}"
2021-01-03 00:00,2894,L,ORDER_CREATE,"{""key"": 2893, ""level"": 30729.5885, ""stop"": 29670.401, ""atr_idx"": 2893, ""atr_end_time"": 1609631999999, ""r_confirm_time"": 1609631999999}"
2021-01-03 00:00,2894,L,SIGNAL,"{""key"": 2893}"
2021-01-03 07:59,2895,L,R_REPLACED,"{""old_key"": 2893, ""new_key"": 2895}"
2021-01-03 07:59,2895,L,ORDER_CANCEL,"{""key"": 2893, ""reason"": ""R_REPLACED"", ""level"": 30729.5885}"
2021-01-03 08:00,2896,L,ORDER_CREATE,"{""key"": 2895, ""level"": 31638.4344, ""stop"": 30436.416, ""atr_idx"": 2895, ""atr_end_time"": 1609660799999, ""r_confirm_time"": 1609660799999}"
2021-01-03 08:00,2896,L,SIGNAL,"{""key"": 2895}"
2021-01-03 15:59,2897,L,R_REPLACED,"{""old_key"": 2895, ""new_key"": 2897}"
2021-01-03 15:59,2897,L,ORDER_CANCEL,"{""key"": 2895, ""reason"": ""R_REPLACED"", ""level"": 31638.4344}"
2021-01-03 16:00,2898,L,ORDER_CREATE,"{""key"": 2897, ""level"": 33107.1976, ""stop"": 32374.584, ""atr_idx"": 2897, ""atr_end_time"": 1609689599999, ""r_confirm_time"": 1609689599999}"
2021-01-03 16:00,2898,L,SIGNAL,"{""key"": 2897}"
2021-01-03 16:45,2898,L,FILL,"{""signal_id"": ""L-2021-01-03 15:59-30"", ""expected"": 33107.1976, ""entry"": 33107.1976, ""stop"": 32374.584, ""key"": 2897}"
2021-01-03 23:59,2899,L,R_CONFIRM_POS_FROZEN,"{""signal_id"": ""L-2021-01-03 15:59-30""}"
2021-01-04 07:24,2901,L,EXIT,"{""exit_kind"": ""stop"", ""px"": 32374.584, ""frac"": 1.0, ""signal_id"": ""L-2021-01-03 15:59-30""}"
2021-01-05 00:00,2906,L,D_ARM,"{""day"": ""2021-01-04"", ""P0"": 28946.53, ""H1"": 34778.11}"
2021-01-05 00:00,2906,L,ORDER_CREATE,"{""key"": 2904, ""level"": 28922.5505, ""stop"": 27716.6, ""atr_idx"": 2905, ""atr_end_time"": 1609804799999, ""r_confirm_time"": 1609790399999}"
2021-01-05 00:00,2906,L,SIGNAL,"{""key"": 2904}"
2021-01-05 11:59,2908,L,R_REPLACED,"{""old_key"": 2904, ""new_key"": 2908}"
2021-01-05 11:59,2908,L,ORDER_CANCEL,"{""key"": 2904, ""reason"": ""R_REPLACED"", ""level"": 28922.5505}"
2021-01-05 12:00,2909,L,ORDER_CREATE,"{""key"": 2908, ""level"": 30451.2806, ""stop"": 29810.3, ""atr_idx"": 2908, ""atr_end_time"": 1609847999999, ""r_confirm_time"": 1609847999999}"
2021-01-05 12:00,2909,L,SIGNAL,"{""key"": 2908}"
2021-01-06 00:00,2912,L,D_DISARM,"{""day"": ""2021-01-05"", ""P0"": 28946.53, ""H1"": 34778.11}"
2021-01-06 00:00,2912,L,ORDER_CANCEL,"{""key"": 2908, ""reason"": ""D_DISARMED"", ""level"": 30451.2806}"
2021-01-09 00:00,2930,L,D_ARM,"{""day"": ""2021-01-08"", ""P0"": 33288.0, ""H1"": 41950.0}"
2021-01-09 00:00,2930,L,ORDER_CREATE,"{""key"": 2928, ""level"": 39282.7809, ""stop"": 38136.1174, ""atr_idx"": 2929, ""atr_end_time"": 1610150399999, ""r_confirm_time"": 1610135999999}"
2021-01-09 00:00,2930,L,SIGNAL,"{""key"": 2928}"
2021-01-09 03:59,2930,L,R_REPLACED,"{""old_key"": 2928, ""new_key"": 2930}"
2021-01-09 03:59,2930,L,ORDER_CANCEL,"{""key"": 2928, ""reason"": ""R_REPLACED"", ""level"": 39282.7809}"
2021-01-09 04:00,2931,L,ORDER_CREATE,"{""key"": 2930, ""level"": 39336.9173, ""stop"": 38539.035, ""atr_idx"": 2930, ""atr_end_time"": 1610164799999, ""r_confirm_time"": 1610164799999}"
2021-01-09 04:00,2931,L,SIGNAL,"{""key"": 2930}"
2021-01-09 05:55,2931,L,FILL,"{""signal_id"": ""L-2021-01-09 03:59-31"", ""expected"": 39336.9173, ""entry"": 39336.9173, ""stop"": 38539.035, ""key"": 2930}"
2021-01-09 11:24,2932,L,EXIT,"{""exit_kind"": ""tp"", ""px"": 40932.6818, ""frac"": 0.5, ""signal_id"": ""L-2021-01-09 03:59-31""}"
2021-01-09 11:24,2932,L,EXIT,"{""exit_kind"": ""tp"", ""px"": 40277.142, ""frac"": 0.125, ""signal_id"": ""L-2021-01-09 03:59-31""}"
2021-01-09 11:59,2932,L,R_CONFIRM_POS_FROZEN,"{""signal_id"": ""L-2021-01-09 03:59-31""}"
2021-01-10 11:24,2938,L,EXIT,"{""exit_kind"": ""stop"", ""px"": 39415.5911, ""frac"": 0.375, ""signal_id"": ""L-2021-01-09 03:59-31""}"
2021-01-12 00:00,2948,S,D_ARM,"{""day"": ""2021-01-11"", ""P0"": -41380.0, ""H1"": -30420.0}"
2021-01-12 00:00,2948,S,ORDER_CREATE,"{""key"": 2946, ""level"": -34890.3344, ""stop"": -36509.19, ""atr_idx"": 2947, ""atr_end_time"": 1610409599999, ""r_confirm_time"": 1610395199999}"
2021-01-12 00:00,2948,S,SIGNAL,"{""key"": 2946}"
2021-01-12 00:00,2948,S,FILL,"{""signal_id"": ""S-2021-01-11 19:59-32"", ""expected"": -34890.3344, ""entry"": -34890.3344, ""stop"": -36509.19, ""key"": 2946}"
2021-01-12 03:59,2948,S,R_CONFIRM_POS_FROZEN,"{""signal_id"": ""S-2021-01-11 19:59-32""}"
2021-01-12 07:44,2949,S,EXIT,"{""exit_kind"": ""stop"", ""px"": -36509.19, ""frac"": 1.0, ""signal_id"": ""S-2021-01-11 19:59-32""}"
2021-01-15 00:00,2966,L,D_ARM,"{""day"": ""2021-01-14"", ""P0"": 32380.0, ""H1"": 40100.0}"
2021-01-15 00:00,2966,L,ORDER_CREATE,"{""key"": 2965, ""level"": 38418.1416, ""stop"": 37646.72, ""atr_idx"": 2965, ""atr_end_time"": 1610668799999, ""r_confirm_time"": 1610668799999}"
2021-01-15 00:00,2966,L,SIGNAL,"{""key"": 2965}"
2021-01-15 04:15,2967,L,FILL,"{""signal_id"": ""L-2021-01-14 23:59-33"", ""expected"": 38418.1416, ""entry"": 38418.1416, ""stop"": 37646.72, ""key"": 2965}"
2021-01-15 06:09,2967,L,EXIT,"{""exit_kind"": ""stop"", ""px"": 37646.72, ""frac"": 1.0, ""signal_id"": ""L-2021-01-14 23:59-33""}"
2021-01-18 00:00,2984,S,D_ARM,"{""day"": ""2021-01-17"", ""P0"": -39747.76, ""H1"": -33850.0}"
2021-01-18 04:00,2985,S,ORDER_CREATE,"{""key"": 2984, ""level"": -36311.3103, ""stop"": -37008.694, ""atr_idx"": 2984, ""atr_end_time"": 1610942399999, ""r_confirm_time"": 1610942399999}"
2021-01-18 04:00,2985,S,SIGNAL,"{""key"": 2984}"
2021-01-18 08:15,2986,S,FILL,"{""signal_id"": ""S-2021-01-18 03:59-34"", ""expected"": -36311.3103, ""entry"": -36311.3103, ""stop"": -37008.694, ""key"": 2984}"
2021-01-18 11:59,2986,S,R_CONFIRM_POS_FROZEN,"{""signal_id"": ""S-2021-01-18 03:59-34""}"
2021-01-18 12:09,2987,S,EXIT,"{""exit_kind"": ""stop"", ""px"": -37008.694, ""frac"": 1.0, ""signal_id"": ""S-2021-01-18 03:59-34""}"
2021-01-21 00:00,3002,S,D_ARM,"{""day"": ""2021-01-20"", ""P0"": -37850.0, ""H1"": -33400.0}"
2021-01-21 00:00,3002,S,ORDER_CREATE,"{""key"": 3000, ""level"": -35269.5211, ""stop"": -36092.955, ""atr_idx"": 3001, ""atr_end_time"": 1611187199999, ""r_confirm_time"": 1611172799999}"
2021-01-21 00:00,3002,S,SIGNAL,"{""key"": 3000}"
2021-01-21 00:00,3002,S,FILL,"{""signal_id"": ""S-2021-01-20 19:59-35"", ""expected"": -35269.5211, ""entry"": -35269.5211, ""stop"": -36092.955, ""key"": 3000}"
2021-01-21 03:59,3002,S,R_CONFIRM_POS_FROZEN,"{""signal_id"": ""S-2021-01-20 19:59-35""}"
2021-01-21 08:54,3004,S,EXIT,"{""exit_kind"": ""tp"", ""px"": -33622.6532, ""frac"": 0.5, ""signal_id"": ""S-2021-01-20 19:59-35""}"
2021-01-21 11:59,3004,S,R_CONFIRM_POS_FROZEN,"{""signal_id"": ""S-2021-01-20 19:59-35""}"
2021-01-21 19:59,3006,S,R_CONFIRM_POS_FROZEN,"{""signal_id"": ""S-2021-01-20 19:59-35""}"
2021-01-22 01:19,3008,S,EXIT,"{""exit_kind"": ""tp"", ""px"": -29006.72, ""frac"": 0.125, ""signal_id"": ""S-2021-01-20 19:59-35""}"
2021-01-22 03:59,3008,S,R_CONFIRM_POS_FROZEN,"{""signal_id"": ""S-2021-01-20 19:59-35""}"
2021-01-22 23:59,3013,S,R_CONFIRM_POS_FROZEN,"{""signal_id"": ""S-2021-01-20 19:59-35""}"
2021-01-23 00:00,3014,S,D_ARM,"{""day"": ""2021-01-22"", ""P0"": -36415.31, ""H1"": -28850.0}"
2021-01-23 00:00,3014,S,ORDER_CREATE,"{""key"": 3013, ""level"": -33169.8236, ""stop"": -33775.353, ""atr_idx"": 3013, ""atr_end_time"": 1611359999999, ""r_confirm_time"": 1611359999999}"
2021-01-23 00:00,3014,S,SIGNAL,"{""key"": 3013}"
2021-01-23 07:59,3015,S,R_REPLACED,"{""old_key"": 3013, ""new_key"": 3015}"
2021-01-23 07:59,3015,S,ORDER_CANCEL,"{""key"": 3013, ""reason"": ""R_REPLACED"", ""level"": -33169.8236}"
2021-01-23 07:59,3015,S,R_CONFIRM_POS_FROZEN,"{""signal_id"": ""S-2021-01-20 19:59-35""}"
2021-01-23 08:00,3016,S,ORDER_CREATE,"{""key"": 3015, ""level"": -33313.0433, ""stop"": -33933.0146, ""atr_idx"": 3015, ""atr_end_time"": 1611388799999, ""r_confirm_time"": 1611388799999}"
2021-01-23 08:00,3016,S,SIGNAL,"{""key"": 3015}"
2021-01-24 00:00,3020,S,D_DISARM,"{""day"": ""2021-01-23"", ""P0"": -36415.31, ""H1"": -28850.0}"
2021-01-24 00:00,3020,S,ORDER_CANCEL,"{""key"": 3015, ""reason"": ""D_DISARMED"", ""level"": -33313.0433}"
2021-01-24 15:59,3023,S,R_CONFIRM_POS_FROZEN,"{""signal_id"": ""S-2021-01-20 19:59-35""}"
2021-01-24 23:59,3025,S,R_CONFIRM_POS_FROZEN,"{""signal_id"": ""S-2021-01-20 19:59-35""}"
2021-01-25 07:59,3027,S,R_CONFIRM_POS_FROZEN,"{""signal_id"": ""S-2021-01-20 19:59-35""}"
2021-01-25 15:59,3029,S,R_CONFIRM_POS_FROZEN,"{""signal_id"": ""S-2021-01-20 19:59-35""}"
2021-01-25 23:59,3031,S,R_CONFIRM_POS_FROZEN,"{""signal_id"": ""S-2021-01-20 19:59-35""}"
2021-01-26 00:00,3032,L,D_ARM,"{""day"": ""2021-01-25"", ""P0"": 30900.0, ""H1"": 34875.0}"
2021-01-26 04:00,3033,L,ORDER_CREATE,"{""key"": 3032, ""level"": 32391.02, ""stop"": 31825.7056, ""atr_idx"": 3032, ""atr_end_time"": 1611633599999, ""r_confirm_time"": 1611633599999}"
2021-01-26 04:00,3033,L,SIGNAL,"{""key"": 3032}"
2021-01-26 04:04,3033,L,R_INVALID,"{""key"": 3032, ""mode"": ""5M""}"
2021-01-26 04:04,3033,L,ORDER_CANCEL,"{""key"": 3032, ""reason"": ""R_INVALID"", ""level"": 32391.02}"
2021-01-26 07:59,3033,S,R_CONFIRM_POS_FROZEN,"{""signal_id"": ""S-2021-01-20 19:59-35""}"
2021-01-26 12:00,3035,L,ORDER_CREATE,"{""key"": 3034, ""level"": 31534.5134, ""stop"": 31019.2423, ""atr_idx"": 3034, ""atr_end_time"": 1611662399999, ""r_confirm_time"": 1611662399999}"
2021-01-26 12:00,3035,L,SIGNAL,"{""key"": 3034}"
2021-01-26 14:44,3035,L,R_INVALID,"{""key"": 3034, ""mode"": ""5M""}"
2021-01-26 14:44,3035,L,ORDER_CANCEL,"{""key"": 3034, ""reason"": ""R_INVALID"", ""level"": 31534.5134}"
2021-01-26 14:49,3035,L,V,"{""P0"": 30900.0, ""mode"": ""5M""}"
2021-01-26 15:59,3035,S,R_CONFIRM_POS_FROZEN,"{""signal_id"": ""S-2021-01-20 19:59-35""}"
2021-01-27 03:59,3038,S,R_CONFIRM_POS_FROZEN,"{""signal_id"": ""S-2021-01-20 19:59-35""}"
2021-01-27 23:59,3043,S,R_CONFIRM_POS_FROZEN,"{""signal_id"": ""S-2021-01-20 19:59-35""}"
2021-01-28 07:59,3045,S,R_CONFIRM_POS_FROZEN,"{""signal_id"": ""S-2021-01-20 19:59-35""}"
2021-01-29 03:59,3050,S,R_CONFIRM_POS_FROZEN,"{""signal_id"": ""S-2021-01-20 19:59-35""}"
2021-01-29 08:54,3052,S,EXIT,"{""exit_kind"": ""stop"", ""px"": -35198.982, ""frac"": 0.375, ""signal_id"": ""S-2021-01-20 19:59-35""}"
2021-01-30 00:00,3056,S,D_ARM,"{""day"": ""2021-01-29"", ""P0"": -33783.98, ""H1"": -29842.1}"
2021-01-30 00:00,3056,S,ORDER_CREATE,"{""key"": 3054, ""level"": -37320.4581, ""stop"": -38757.0233, ""atr_idx"": 3055, ""atr_end_time"": 1611964799999, ""r_confirm_time"": 1611950399999}"
2021-01-30 00:00,3056,S,SIGNAL,"{""key"": 3054}"
2021-01-30 00:04,3056,S,V,"{""P0"": -33783.98, ""mode"": ""5M""}"
2021-01-30 00:04,3056,S,ORDER_CANCEL,"{""key"": 3054, ""reason"": ""V"", ""level"": -37320.4581}"
2021-02-09 00:00,3116,L,D_ARM,"{""day"": ""2021-02-08"", ""P0"": 37351.0, ""H1"": 46794.45}"
2021-02-09 00:00,3116,L,ORDER_CREATE,"{""key"": 3115, ""level"": 41168.2592, ""stop"": 39043.0783, ""atr_idx"": 3115, ""atr_end_time"": 1612828799999, ""r_confirm_time"": 1612828799999}"
2021-02-09 00:00,3116,L,SIGNAL,"{""key"": 3115}"
2021-02-09 07:59,3117,L,R_REPLACED,"{""old_key"": 3115, ""new_key"": 3117}"
2021-02-09 07:59,3117,L,ORDER_CANCEL,"{""key"": 3115, ""reason"": ""R_REPLACED"", ""level"": 41168.2592}"
2021-02-09 08:00,3118,L,ORDER_CREATE,"{""key"": 3117, ""level"": 44367.1603, ""stop"": 42860.033, ""atr_idx"": 3117, ""atr_end_time"": 1612857599999, ""r_confirm_time"": 1612857599999}"
2021-02-09 08:00,3118,L,SIGNAL,"{""key"": 3117}"
2021-02-09 15:59,3119,L,R_REPLACED,"{""old_key"": 3117, ""new_key"": 3119}"
2021-02-09 15:59,3119,L,ORDER_CANCEL,"{""key"": 3117, ""reason"": ""R_REPLACED"", ""level"": 44367.1603}"
2021-02-09 16:00,3120,L,ORDER_CREATE,"{""key"": 3119, ""level"": 46420.384, ""stop"": 45562.9, ""atr_idx"": 3119, ""atr_end_time"": 1612886399999, ""r_confirm_time"": 1612886399999}"
2021-02-09 16:00,3120,L,SIGNAL,"{""key"": 3119}"
2021-02-09 16:10,3120,L,SKIP_V,"{""key"": 3119}"
2021-02-09 16:10,3120,L,ORDER_CANCEL,"{""key"": 3119, ""reason"": ""SKIP_V"", ""level"": 46420.384}"
2021-02-10 00:00,3122,L,D_DISARM,"{""day"": ""2021-02-09"", ""P0"": 37351.0, ""H1"": 46794.45}"
2021-02-11 00:00,3128,L,D_ARM,"{""day"": ""2021-02-10"", ""P0"": 37988.89, ""H1"": 48142.19}"
2021-02-11 00:00,3128,L,ORDER_CREATE,"{""key"": 3126, ""level"": 44591.5387, ""stop"": 43638.69, ""atr_idx"": 3127, ""atr_end_time"": 1613001599999, ""r_confirm_time"": 1612987199999}"
2021-02-11 00:00,3128,L,SIGNAL,"{""key"": 3126}"
2021-02-11 00:10,3128,L,FILL,"{""signal_id"": ""L-2021-02-10 19:59-36"", ""expected"": 44591.5387, ""entry"": 44591.5387, ""stop"": 43638.69, ""key"": 3126}"
2021-02-11 03:59,3128,L,R_CONFIRM_POS_FROZEN,"{""signal_id"": ""L-2021-02-10 19:59-36""}"
2021-02-11 11:54,3130,L,EXIT,"{""exit_kind"": ""tp"", ""px"": 46497.2361, ""frac"": 0.5, ""signal_id"": ""L-2021-02-10 19:59-36""}"
2021-02-11 11:54,3130,L,EXIT,"{""exit_kind"": ""tp"", ""px"": 46306.9883, ""frac"": 0.125, ""signal_id"": ""L-2021-02-10 19:59-36""}"
2021-02-11 11:59,3130,L,R_CONFIRM_POS_FROZEN,"{""signal_id"": ""L-2021-02-10 19:59-36""}"
2021-02-11 19:59,3132,L,R_CONFIRM_POS_FROZEN,"{""signal_id"": ""L-2021-02-10 19:59-36""}"
2021-02-12 03:59,3134,L,R_CONFIRM_POS_FROZEN,"{""signal_id"": ""L-2021-02-10 19:59-36""}"
2021-02-12 19:59,3138,L,R_CONFIRM_POS_FROZEN,"{""signal_id"": ""L-2021-02-10 19:59-36""}"
2021-02-13 00:00,3140,L,D_ARM,"{""day"": ""2021-02-12"", ""P0"": 43727.0, ""H1"": 48985.8}"
2021-02-13 00:00,3140,L,ORDER_CREATE,"{""key"": 3138, ""level"": 46768.7586, ""stop"": 45982.637, ""atr_idx"": 3139, ""atr_end_time"": 1613174399999, ""r_confirm_time"": 1613159999999}"
2021-02-13 00:00,3140,L,SIGNAL,"{""key"": 3138}"
2021-02-14 03:59,3146,L,R_REPLACED,"{""old_key"": 3138, ""new_key"": 3146}"
2021-02-14 03:59,3146,L,ORDER_CANCEL,"{""key"": 3138, ""reason"": ""R_REPLACED"", ""level"": 46768.7586}"
2021-02-14 03:59,3146,L,R_CONFIRM_POS_FROZEN,"{""signal_id"": ""L-2021-02-10 19:59-36""}"
2021-02-14 04:00,3147,L,ORDER_CREATE,"{""key"": 3146, ""level"": 46757.0223, ""stop"": 46113.3437, ""atr_idx"": 3146, ""atr_end_time"": 1613275199999, ""r_confirm_time"": 1613275199999}"
2021-02-14 04:00,3147,L,SIGNAL,"{""key"": 3146}"
2021-02-14 15:59,3149,L,R_REPLACED,"{""old_key"": 3146, ""new_key"": 3149}"
2021-02-14 15:59,3149,L,ORDER_CANCEL,"{""key"": 3146, ""reason"": ""R_REPLACED"", ""level"": 46757.0223}"
2021-02-14 15:59,3149,L,R_CONFIRM_POS_FROZEN,"{""signal_id"": ""L-2021-02-10 19:59-36""}"
2021-02-14 16:00,3150,L,ORDER_CREATE,"{""key"": 3149, ""level"": 48060.8097, ""stop"": 47170.2634, ""atr_idx"": 3149, ""atr_end_time"": 1613318399999, ""r_confirm_time"": 1613318399999}"
2021-02-14 16:00,3150,L,SIGNAL,"{""key"": 3149}"
2021-02-14 23:59,3151,L,R_REPLACED,"{""old_key"": 3149, ""new_key"": 3151}"
2021-02-14 23:59,3151,L,ORDER_CANCEL,"{""key"": 3149, ""reason"": ""R_REPLACED"", ""level"": 48060.8097}"
2021-02-14 23:59,3151,L,R_CONFIRM_POS_FROZEN,"{""signal_id"": ""L-2021-02-10 19:59-36""}"
2021-02-15 00:00,3152,L,ORDER_CREATE,"{""key"": 3151, ""level"": 48628.6496, ""stop"": 48055.4, ""atr_idx"": 3151, ""atr_end_time"": 1613347199999, ""r_confirm_time"": 1613347199999}"
2021-02-15 00:00,3152,L,SIGNAL,"{""key"": 3151}"
2021-02-15 01:34,3152,L,R_INVALID,"{""key"": 3151, ""mode"": ""5M""}"
2021-02-15 01:34,3152,L,ORDER_CANCEL,"{""key"": 3151, ""reason"": ""R_INVALID"", ""level"": 48628.6496}"
2021-02-15 07:59,3153,L,R_CONFIRM_POS_FROZEN,"{""signal_id"": ""L-2021-02-10 19:59-36""}"
2021-02-15 08:00,3154,L,ORDER_CREATE,"{""key"": 3153, ""level"": 46373.0996, ""stop"": 45213.1624, ""atr_idx"": 3153, ""atr_end_time"": 1613375999999, ""r_confirm_time"": 1613375999999}"
2021-02-15 08:00,3154,L,SIGNAL,"{""key"": 3153}"
2021-02-15 15:59,3155,L,R_REPLACED,"{""old_key"": 3153, ""new_key"": 3155}"
2021-02-15 15:59,3155,L,ORDER_CANCEL,"{""key"": 3153, ""reason"": ""R_REPLACED"", ""level"": 46373.0996}"
2021-02-15 15:59,3155,L,R_CONFIRM_POS_FROZEN,"{""signal_id"": ""L-2021-02-10 19:59-36""}"
2021-02-15 16:00,3156,L,ORDER_CREATE,"{""key"": 3155, ""level"": 46952.5243, ""stop"": 46210.95, ""atr_idx"": 3155, ""atr_end_time"": 1613404799999, ""r_confirm_time"": 1613404799999}"
2021-02-15 16:00,3156,L,SIGNAL,"{""key"": 3155}"
2021-02-16 00:00,3158,L,D_DISARM,"{""day"": ""2021-02-15"", ""P0"": 43727.0, ""H1"": 48985.8}"
2021-02-16 00:00,3158,L,ORDER_CANCEL,"{""key"": 3155, ""reason"": ""D_DISARMED"", ""level"": 46952.5243}"
2021-02-16 07:59,3159,L,R_CONFIRM_POS_FROZEN,"{""signal_id"": ""L-2021-02-10 19:59-36""}"
2021-02-16 15:59,3161,L,R_CONFIRM_POS_FROZEN,"{""signal_id"": ""L-2021-02-10 19:59-36""}"
2021-02-16 23:59,3163,L,R_CONFIRM_POS_FROZEN,"{""signal_id"": ""L-2021-02-10 19:59-36""}"
2021-02-17 00:00,3164,L,D_ARM,"{""day"": ""2021-02-16"", ""P0"": 45570.79, ""H1"": 50689.18}"
2021-02-17 00:00,3164,L,ORDER_CREATE,"{""key"": 3163, ""level"": 48302.3048, ""stop"": 47636.66, ""atr_idx"": 3163, ""atr_end_time"": 1613519999999, ""r_confirm_time"": 1613519999999}"
2021-02-17 00:00,3164,L,SIGNAL,"{""key"": 3163}"
2021-02-17 08:00,3166,L,ORDER_CANCEL,"{""key"": 3163, ""reason"": ""R_CHANGED"", ""level"": 48302.3048}"
2021-02-17 12:00,3167,L,ORDER_CREATE,"{""key"": 3163, ""level"": 48302.3048, ""stop"": 47636.66, ""atr_idx"": 3166, ""atr_end_time"": 1613563199999, ""r_confirm_time"": 1613519999999}"
2021-02-17 15:59,3167,L,R_REPLACED,"{""old_key"": 3163, ""new_key"": 3167}"
2021-02-17 15:59,3167,L,ORDER_CANCEL,"{""key"": 3163, ""reason"": ""R_REPLACED"", ""level"": 48302.3048}"
2021-02-17 15:59,3167,L,R_CONFIRM_POS_FROZEN,"{""signal_id"": ""L-2021-02-10 19:59-36""}"
2021-02-17 16:00,3168,L,ORDER_CREATE,"{""key"": 3167, ""level"": 49937.7497, ""stop"": 49017.505, ""atr_idx"": 3167, ""atr_end_time"": 1613577599999, ""r_confirm_time"": 1613577599999}"
2021-02-17 16:00,3168,L,SIGNAL,"{""key"": 3167}"
2021-02-18 03:59,3170,L,R_REPLACED,"{""old_key"": 3167, ""new_key"": 3170}"
2021-02-18 03:59,3170,L,ORDER_CANCEL,"{""key"": 3167, ""reason"": ""R_REPLACED"", ""level"": 49937.7497}"
2021-02-18 03:59,3170,L,R_CONFIRM_POS_FROZEN,"{""signal_id"": ""L-2021-02-10 19:59-36""}"
2021-02-18 04:00,3171,L,ORDER_CREATE,"{""key"": 3170, ""level"": 51464.1306, ""stop"": 50697.45, ""atr_idx"": 3170, ""atr_end_time"": 1613620799999, ""r_confirm_time"": 1613620799999}"
2021-02-18 04:00,3171,L,SIGNAL,"{""key"": 3170}"
2021-02-18 19:59,3174,L,R_REPLACED,"{""old_key"": 3170, ""new_key"": 3174}"
2021-02-18 19:59,3174,L,ORDER_CANCEL,"{""key"": 3170, ""reason"": ""R_REPLACED"", ""level"": 51464.1306}"
2021-02-18 19:59,3174,L,R_CONFIRM_POS_FROZEN,"{""signal_id"": ""L-2021-02-10 19:59-36""}"
2021-02-18 20:00,3175,L,ORDER_CREATE,"{""key"": 3174, ""level"": 51441.9379, ""stop"": 50795.156, ""atr_idx"": 3174, ""atr_end_time"": 1613678399999, ""r_confirm_time"": 1613678399999}"
2021-02-18 20:00,3175,L,SIGNAL,"{""key"": 3174}"
2021-02-19 02:09,3176,L,R_INVALID,"{""key"": 3174, ""mode"": ""5M""}"
2021-02-19 02:09,3176,L,ORDER_CANCEL,"{""key"": 3174, ""reason"": ""R_INVALID"", ""level"": 51441.9379}"
2021-02-19 07:59,3177,L,R_CONFIRM_POS_FROZEN,"{""signal_id"": ""L-2021-02-10 19:59-36""}"
2021-02-19 08:00,3178,L,ORDER_CREATE,"{""key"": 3177, ""level"": 51244.8882, ""stop"": 50647.6, ""atr_idx"": 3177, ""atr_end_time"": 1613721599999, ""r_confirm_time"": 1613721599999}"
2021-02-19 08:00,3178,L,SIGNAL,"{""key"": 3177}"
2021-02-19 19:59,3180,L,R_REPLACED,"{""old_key"": 3177, ""new_key"": 3180}"
2021-02-19 19:59,3180,L,ORDER_CANCEL,"{""key"": 3177, ""reason"": ""R_REPLACED"", ""level"": 51244.8882}"
2021-02-19 19:59,3180,L,R_CONFIRM_POS_FROZEN,"{""signal_id"": ""L-2021-02-10 19:59-36""}"
2021-02-19 20:00,3181,L,ORDER_CREATE,"{""key"": 3180, ""level"": 52954.6473, ""stop"": 51652.6857, ""atr_idx"": 3180, ""atr_end_time"": 1613764799999, ""r_confirm_time"": 1613764799999}"
2021-02-19 20:00,3181,L,SIGNAL,"{""key"": 3180}"
2021-02-20 03:59,3182,L,R_REPLACED,"{""old_key"": 3180, ""new_key"": 3182}"
2021-02-20 03:59,3182,L,ORDER_CANCEL,"{""key"": 3180, ""reason"": ""R_REPLACED"", ""level"": 52954.6473}"
2021-02-20 03:59,3182,L,R_CONFIRM_POS_FROZEN,"{""signal_id"": ""L-2021-02-10 19:59-36""}"
2021-02-20 04:00,3183,L,ORDER_CREATE,"{""key"": 3182, ""level"": 54570.1599, ""stop"": 53516.9859, ""atr_idx"": 3182, ""atr_end_time"": 1613793599999, ""r_confirm_time"": 1613793599999}"
2021-02-20 04:00,3183,L,SIGNAL,"{""key"": 3182}"
2021-02-20 15:59,3185,L,R_REPLACED,"{""old_key"": 3182, ""new_key"": 3185}"
2021-02-20 15:59,3185,L,ORDER_CANCEL,"{""key"": 3182, ""reason"": ""R_REPLACED"", ""level"": 54570.1599}"
2021-02-20 15:59,3185,L,R_CONFIRM_POS_FROZEN,"{""signal_id"": ""L-2021-02-10 19:59-36""}"
2021-02-20 16:00,3186,L,ORDER_CREATE,"{""key"": 3185, ""level"": 55890.6728, ""stop"": 54947.9302, ""atr_idx"": 3185, ""atr_end_time"": 1613836799999, ""r_confirm_time"": 1613836799999}"
2021-02-20 16:00,3186,L,SIGNAL,"{""key"": 3185}"
2021-02-20 22:44,3187,L,R_INVALID,"{""key"": 3185, ""mode"": ""5M""}"
2021-02-20 22:44,3187,L,ORDER_CANCEL,"{""key"": 3185, ""reason"": ""R_INVALID"", ""level"": 55890.6728}"
2021-02-20 23:59,3187,L,R_CONFIRM_POS_FROZEN,"{""signal_id"": ""L-2021-02-10 19:59-36""}"
2021-02-21 00:00,3188,L,D_DISARM,"{""day"": ""2021-02-20"", ""P0"": 45570.79, ""H1"": 50689.18}"
2021-02-21 07:59,3189,L,R_CONFIRM_POS_FROZEN,"{""signal_id"": ""L-2021-02-10 19:59-36""}"
2021-02-21 19:59,3192,L,R_CONFIRM_POS_FROZEN,"{""signal_id"": ""L-2021-02-10 19:59-36""}"
2021-02-22 07:59,3195,L,R_CONFIRM_POS_FROZEN,"{""signal_id"": ""L-2021-02-10 19:59-36""}"
2021-02-22 15:59,3197,L,R_CONFIRM_POS_FROZEN,"{""signal_id"": ""L-2021-02-10 19:59-36""}"
2021-02-23 00:00,3200,L,D_ARM,"{""day"": ""2021-02-22"", ""P0"": 50710.2, ""H1"": 58352.8}"
2021-02-23 03:59,3200,L,R_CONFIRM_POS_FROZEN,"{""signal_id"": ""L-2021-02-10 19:59-36""}"
2021-02-23 04:00,3201,L,ORDER_CREATE,"{""key"": 3200, ""level"": 49616.1166, ""stop"": 47608.1657, ""atr_idx"": 3200, ""atr_end_time"": 1614052799999, ""r_confirm_time"": 1614052799999}"
2021-02-23 04:00,3201,L,SIGNAL,"{""key"": 3200}"
2021-02-23 04:39,3201,L,V,"{""P0"": 50710.2, ""mode"": ""5M""}"
2021-02-23 04:39,3201,L,ORDER_CANCEL,"{""key"": 3200, ""reason"": ""V"", ""level"": 49616.1166}"
2021-02-23 04:40,3201,L,EXIT,"{""exit_kind"": ""v"", ""px"": 50857.91, ""frac"": 0.375, ""signal_id"": ""L-2021-02-10 19:59-36""}"
2021-02-28 00:00,3230,S,D_ARM,"{""day"": ""2021-02-27"", ""P0"": -52041.73, ""H1"": -44106.78}"
2021-02-28 00:00,3230,S,ORDER_CREATE,"{""key"": 3226, ""level"": -47808.0266, ""stop"": -48621.4782, ""atr_idx"": 3229, ""atr_end_time"": 1614470399999, ""r_confirm_time"": 1614427199999}"
2021-02-28 00:00,3230,S,SIGNAL,"{""key"": 3226}"
2021-02-28 07:59,3231,S,R_REPLACED,"{""old_key"": 3226, ""new_key"": 3231}"
2021-02-28 07:59,3231,S,ORDER_CANCEL,"{""key"": 3226, ""reason"": ""R_REPLACED"", ""level"": -47808.0266}"
2021-02-28 08:00,3232,S,ORDER_CREATE,"{""key"": 3231, ""level"": -46566.9587, ""stop"": -47758.7377, ""atr_idx"": 3231, ""atr_end_time"": 1614499199999, ""r_confirm_time"": 1614499199999}"
2021-02-28 08:00,3232,S,SIGNAL,"{""key"": 3231}"
2021-02-28 23:59,3235,S,R_REPLACED,"{""old_key"": 3231, ""new_key"": 3235}"
2021-02-28 23:59,3235,S,ORDER_CANCEL,"{""key"": 3231, ""reason"": ""R_REPLACED"", ""level"": -46566.9587}"
2021-03-01 00:00,3236,S,D_DISARM,"{""day"": ""2021-02-28"", ""P0"": -52041.73, ""H1"": -44106.78}"
2021-03-02 00:00,3242,S,D_ARM,"{""day"": ""2021-03-01"", ""P0"": -48394.0, ""H1"": -43000.0}"
2021-03-02 00:04,3242,S,V,"{""P0"": -48394.0, ""mode"": ""5M""}"
2021-03-06 00:00,3266,L,D_ARM,"{""day"": ""2021-03-05"", ""P0"": 47500.0, ""H1"": 51773.88}"
2021-03-06 00:00,3266,L,ORDER_CREATE,"{""key"": 3265, ""level"": 47656.3576, ""stop"": 46768.8214, ""atr_idx"": 3265, ""atr_end_time"": 1614988799999, ""r_confirm_time"": 1614988799999}"
2021-03-06 00:00,3266,L,SIGNAL,"{""key"": 3265}"
2021-03-06 12:10,3269,L,SKIP_V,"{""key"": 3265}"
2021-03-06 12:10,3269,L,ORDER_CANCEL,"{""key"": 3265, ""reason"": ""SKIP_V"", ""level"": 47656.3576}"
2021-03-06 12:59,3269,L,V,"{""P0"": 47500.0, ""mode"": ""5M""}"
2021-03-16 00:00,3326,L,D_ARM,"{""day"": ""2021-03-15"", ""P0"": 56078.23, ""H1"": 61724.79}"
2021-03-16 00:00,3326,L,ORDER_CREATE,"{""key"": 3325, ""level"": 55695.8197, ""stop"": 54912.766, ""atr_idx"": 3325, ""atr_end_time"": 1615852799999, ""r_confirm_time"": 1615852799999}"
2021-03-16 00:00,3326,L,SIGNAL,"{""key"": 3325}"
2021-03-16 00:00,3326,L,FILL,"{""signal_id"": ""L-2021-03-15 23:59-37"", ""expected"": 55695.8197, ""entry"": 55695.8197, ""stop"": 54912.766, ""key"": 3325}"
2021-03-16 00:04,3326,L,V_POS,"{""P0"": 56078.23, ""signal_id"": ""L-2021-03-15 23:59-37""}"
2021-03-16 00:05,3326,L,EXIT,"{""exit_kind"": ""v"", ""px"": 55860.23, ""frac"": 1.0, ""signal_id"": ""L-2021-03-15 23:59-37""}"
2021-03-20 00:00,3350,L,D_ARM,"{""day"": ""2021-03-19"", ""P0"": 54123.69, ""H1"": 60129.97}"
2021-03-20 00:00,3350,L,ORDER_CREATE,"{""key"": 3345, ""level"": 57003.6497, ""stop"": 56132.3662, ""atr_idx"": 3349, ""atr_end_time"": 1616198399999, ""r_confirm_time"": 1616140799999}"
2021-03-20 00:00,3350,L,SIGNAL,"{""key"": 3345}"
2021-03-20 11:59,3352,L,R_REPLACED,"{""old_key"": 3345, ""new_key"": 3352}"
2021-03-20 11:59,3352,L,ORDER_CANCEL,"{""key"": 3345, ""reason"": ""R_REPLACED"", ""level"": 57003.6497}"
2021-03-20 12:00,3353,L,ORDER_CREATE,"{""key"": 3352, ""level"": 58411.6981, ""stop"": 57707.357, ""atr_idx"": 3352, ""atr_end_time"": 1616241599999, ""r_confirm_time"": 1616241599999}"
2021-03-20 12:00,3353,L,SIGNAL,"{""key"": 3352}"
2021-03-20 20:20,3355,L,FILL,"{""signal_id"": ""L-2021-03-20 11:59-38"", ""expected"": 58411.6981, ""entry"": 58411.6981, ""stop"": 57707.357, ""key"": 3352}"
2021-03-21 02:34,3356,L,EXIT,"{""exit_kind"": ""stop"", ""px"": 57707.357, ""frac"": 1.0, ""signal_id"": ""L-2021-03-20 11:59-38""}"
2021-03-25 00:00,3380,S,D_ARM,"{""day"": ""2021-03-24"", ""P0"": -58430.73, ""H1"": -51700.0}"
2021-03-25 00:00,3380,S,ORDER_CREATE,"{""key"": 3378, ""level"": -56471.8462, ""stop"": -57406.4944, ""atr_idx"": 3379, ""atr_end_time"": 1616630399999, ""r_confirm_time"": 1616615999999}"
2021-03-25 00:00,3380,S,SIGNAL,"{""key"": 3378}"
2021-03-25 03:59,3380,S,R_REPLACED,"{""old_key"": 3378, ""new_key"": 3380}"
2021-03-25 03:59,3380,S,ORDER_CANCEL,"{""key"": 3378, ""reason"": ""R_REPLACED"", ""level"": -56471.8462}"
2021-03-25 04:00,3381,S,ORDER_CREATE,"{""key"": 3380, ""level"": -55131.5315, ""stop"": -56639.8613, ""atr_idx"": 3380, ""atr_end_time"": 1616644799999, ""r_confirm_time"": 1616644799999}"
2021-03-25 04:00,3381,S,SIGNAL,"{""key"": 3380}"
2021-03-25 15:59,3383,S,R_REPLACED,"{""old_key"": 3380, ""new_key"": 3383}"
2021-03-25 15:59,3383,S,ORDER_CANCEL,"{""key"": 3380, ""reason"": ""R_REPLACED"", ""level"": -55131.5315}"
2021-03-25 16:00,3384,S,ORDER_CREATE,"{""key"": 3383, ""level"": -52435.8827, ""stop"": -53414.9656, ""atr_idx"": 3383, ""atr_end_time"": 1616687999999, ""r_confirm_time"": 1616687999999}"
2021-03-25 16:00,3384,S,SIGNAL,"{""key"": 3383}"
2021-03-25 18:40,3384,S,SKIP_V,"{""key"": 3383}"
2021-03-25 18:40,3384,S,ORDER_CANCEL,"{""key"": 3383, ""reason"": ""SKIP_V"", ""level"": -52435.8827}"
2021-03-26 00:00,3386,S,D_DISARM,"{""day"": ""2021-03-25"", ""P0"": -58430.73, ""H1"": -51700.0}"
2021-03-27 00:00,3392,S,D_ARM,"{""day"": ""2021-03-26"", ""P0"": -57200.0, ""H1"": -50427.56}"
2021-03-27 16:00,3396,S,ORDER_CREATE,"{""key"": 3395, ""level"": -55023.1102, ""stop"": -55722.2167, ""atr_idx"": 3395, ""atr_end_time"": 1616860799999, ""r_confirm_time"": 1616860799999}"
2021-03-27 16:00,3396,S,SIGNAL,"{""key"": 3395}"
2021-03-27 16:00,3396,S,FILL,"{""signal_id"": ""S-2021-03-27 15:59-39"", ""expected"": -55023.1102, ""entry"": -55023.1102, ""stop"": -55722.2167, ""key"": 3395}"
2021-03-27 16:14,3396,S,EXIT,"{""exit_kind"": ""stop"", ""px"": -55722.2167, ""frac"": 1.0, ""signal_id"": ""S-2021-03-27 15:59-39""}"
2021-04-20 00:00,3536,L,D_ARM,"{""day"": ""2021-04-19"", ""P0"": 50931.3, ""H1"": 60499.0}"
2021-04-20 00:00,3536,L,ORDER_CREATE,"{""key"": 3534, ""level"": 55075.1976, ""stop"": 54037.4, ""atr_idx"": 3535, ""atr_end_time"": 1618876799999, ""r_confirm_time"": 1618862399999}"
2021-04-20 00:00,3536,L,SIGNAL,"{""key"": 3534}"
2021-04-20 00:20,3536,L,FILL,"{""signal_id"": ""L-2021-04-19 19:59-40"", ""expected"": 55075.1976, ""entry"": 55075.1976, ""stop"": 54037.4, ""key"": 3534}"
2021-04-20 02:24,3536,L,EXIT,"{""exit_kind"": ""stop"", ""px"": 54037.4, ""frac"": 1.0, ""signal_id"": ""L-2021-04-19 19:59-40""}"
2021-04-25 00:00,3566,S,D_ARM,"{""day"": ""2021-04-24"", ""P0"": -55521.48, ""H1"": -47500.0}"
2021-04-25 00:00,3566,S,ORDER_CREATE,"{""key"": 3562, ""level"": -50515.6416, ""stop"": -51432.3756, ""atr_idx"": 3565, ""atr_end_time"": 1619308799999, ""r_confirm_time"": 1619265599999}"
2021-04-25 00:00,3566,S,SIGNAL,"{""key"": 3562}"
2021-04-25 07:59,3567,S,R_REPLACED,"{""old_key"": 3562, ""new_key"": 3567}"
2021-04-25 07:59,3567,S,ORDER_CANCEL,"{""key"": 3562, ""reason"": ""R_REPLACED"", ""level"": -50515.6416}"
2021-04-25 08:00,3568,S,ORDER_CREATE,"{""key"": 3567, ""level"": -50438.7605, ""stop"": -51200.0307, ""atr_idx"": 3567, ""atr_end_time"": 1619337599999, ""r_confirm_time"": 1619337599999}"
2021-04-25 08:00,3568,S,SIGNAL,"{""key"": 3567}"
2021-04-25 14:40,3569,S,FILL,"{""signal_id"": ""S-2021-04-25 07:59-41"", ""expected"": -50438.7605, ""entry"": -50438.7605, ""stop"": -51200.0307, ""key"": 3567}"
2021-04-25 19:59,3570,S,R_CONFIRM_POS_FROZEN,"{""signal_id"": ""S-2021-04-25 07:59-41""}"
2021-04-25 20:49,3571,S,EXIT,"{""exit_kind"": ""tp"", ""px"": -48916.2201, ""frac"": 0.5, ""signal_id"": ""S-2021-04-25 07:59-41""}"
2021-04-25 20:49,3571,S,EXIT,"{""exit_kind"": ""tp"", ""px"": -48898.5858, ""frac"": 0.125, ""signal_id"": ""S-2021-04-25 07:59-41""}"
2021-04-25 21:34,3571,S,EXIT,"{""exit_kind"": ""tp"", ""px"": -47645.5428, ""frac"": 0.125, ""signal_id"": ""S-2021-04-25 07:59-41""}"
2021-04-26 00:34,3572,S,EXIT,"{""exit_kind"": ""stop"", ""px"": -50337.883, ""frac"": 0.25, ""signal_id"": ""S-2021-04-25 07:59-41""}"
2021-04-30 00:00,3596,L,D_ARM,"{""day"": ""2021-04-29"", ""P0"": 48753.44, ""H1"": 56428.0}"
2021-04-30 04:00,3597,L,ORDER_CREATE,"{""key"": 3596, ""level"": 52859.8041, ""stop"": 52192.95, ""atr_idx"": 3596, ""atr_end_time"": 1619755199999, ""r_confirm_time"": 1619755199999}"
2021-04-30 04:00,3597,L,SIGNAL,"{""key"": 3596}"
2021-04-30 23:59,3601,L,R_REPLACED,"{""old_key"": 3596, ""new_key"": 3601}"
2021-04-30 23:59,3601,L,ORDER_CANCEL,"{""key"": 3596, ""reason"": ""R_REPLACED"", ""level"": 52859.8041}"
2021-05-01 00:00,3602,L,ORDER_CREATE,"{""key"": 3601, ""level"": 55272.8886, ""stop"": 54071.4675, ""atr_idx"": 3601, ""atr_end_time"": 1619827199999, ""r_confirm_time"": 1619827199999}"
2021-05-01 00:00,3602,L,SIGNAL,"{""key"": 3601}"
2021-05-01 07:59,3603,L,R_REPLACED,"{""old_key"": 3601, ""new_key"": 3603}"
2021-05-01 07:59,3603,L,ORDER_CANCEL,"{""key"": 3601, ""reason"": ""R_REPLACED"", ""level"": 55272.8886}"
2021-05-01 08:00,3604,L,ORDER_CREATE,"{""key"": 3603, ""level"": 57102.6287, ""stop"": 56281.7268, ""atr_idx"": 3603, ""atr_end_time"": 1619855999999, ""r_confirm_time"": 1619855999999}"
2021-05-01 08:00,3604,L,SIGNAL,"{""key"": 3603}"
2021-05-01 15:25,3605,L,FILL,"{""signal_id"": ""L-2021-05-01 07:59-42"", ""expected"": 57102.6287, ""entry"": 57102.6287, ""stop"": 56281.7268, ""key"": 3603}"
2021-05-02 04:04,3609,L,EXIT,"{""exit_kind"": ""stop"", ""px"": 56281.7268, ""frac"": 1.0, ""signal_id"": ""L-2021-05-01 07:59-42""}"
2021-05-03 00:00,3614,L,D_ARM,"{""day"": ""2021-05-02"", ""P0"": 53013.01, ""H1"": 58458.07}"
2021-05-03 00:00,3614,L,ORDER_CREATE,"{""key"": 3611, ""level"": 56565.3685, ""stop"": 55931.7, ""atr_idx"": 3613, ""atr_end_time"": 1619999999999, ""r_confirm_time"": 1619971199999}"
2021-05-03 00:00,3614,L,SIGNAL,"{""key"": 3611}"
2021-05-03 00:00,3614,L,FILL,"{""signal_id"": ""L-2021-05-02 15:59-43"", ""expected"": 56565.3685, ""entry"": 56565.3685, ""stop"": 55931.7, ""key"": 3611}"
2021-05-03 01:39,3614,L,EXIT,"{""exit_kind"": ""tp"", ""px"": 57832.7056, ""frac"": 0.5, ""signal_id"": ""L-2021-05-02 15:59-43""}"
2021-05-03 03:59,3614,L,R_CONFIRM_POS_FROZEN,"{""signal_id"": ""L-2021-05-02 15:59-43""}"
2021-05-03 11:59,3616,L,R_CONFIRM_POS_FROZEN,"{""signal_id"": ""L-2021-05-02 15:59-43""}"
2021-05-03 19:59,3618,L,R_CONFIRM_POS_FROZEN,"{""signal_id"": ""L-2021-05-02 15:59-43""}"
2021-05-03 20:39,3619,L,EXIT,"{""exit_kind"": ""stop"", ""px"": 56678.4993, ""frac"": 0.5, ""signal_id"": ""L-2021-05-02 15:59-43""}"
2021-05-07 00:00,3638,S,D_ARM,"{""day"": ""2021-05-06"", ""P0"": -58069.82, ""H1"": -52900.0}"
2021-05-07 00:00,3638,S,ORDER_CREATE,"{""key"": 3635, ""level"": -57896.5358, ""stop"": -58625.35, ""atr_idx"": 3637, ""atr_end_time"": 1620345599999, ""r_confirm_time"": 1620316799999}"
2021-05-07 00:00,3638,S,SIGNAL,"{""key"": 3635}"
2021-05-07 03:59,3638,S,R_REPLACED,"{""old_key"": 3635, ""new_key"": 3638}"
2021-05-07 03:59,3638,S,ORDER_CANCEL,"{""key"": 3635, ""reason"": ""R_REPLACED"", ""level"": -57896.5358}"
2021-05-07 04:00,3639,S,ORDER_CREATE,"{""key"": 3638, ""level"": -56916.0038, ""stop"": -57737.5746, ""atr_idx"": 3638, ""atr_end_time"": 1620359999999, ""r_confirm_time"": 1620359999999}"
2021-05-07 04:00,3639,S,SIGNAL,"{""key"": 3638}"
2021-05-07 11:59,3640,S,R_REPLACED,"{""old_key"": 3638, ""new_key"": 3640}"
2021-05-07 11:59,3640,S,ORDER_CANCEL,"{""key"": 3638, ""reason"": ""R_REPLACED"", ""level"": -56916.0038}"
2021-05-07 12:00,3641,S,ORDER_CREATE,"{""key"": 3640, ""level"": -56565.4484, ""stop"": -57350.6674, ""atr_idx"": 3640, ""atr_end_time"": 1620388799999, ""r_confirm_time"": 1620388799999}"
2021-05-07 12:00,3641,S,SIGNAL,"{""key"": 3640}"
2021-05-07 12:00,3641,S,FILL,"{""signal_id"": ""S-2021-05-07 11:59-44"", ""expected"": -56565.4484, ""entry"": -56565.4484, ""stop"": -57350.6674, ""key"": 3640}"
2021-05-07 12:39,3641,S,EXIT,"{""exit_kind"": ""stop"", ""px"": -57350.6674, ""frac"": 1.0, ""signal_id"": ""S-2021-05-07 11:59-44""}"
2021-05-12 00:00,3668,L,D_ARM,"{""day"": ""2021-05-11"", ""P0"": 53400.0, ""H1"": 59500.0}"
2021-05-12 00:00,3668,L,ORDER_CREATE,"{""key"": 3664, ""level"": 55112.3947, ""stop"": 54377.706, ""atr_idx"": 3667, ""atr_end_time"": 1620777599999, ""r_confirm_time"": 1620734399999}"
2021-05-12 00:00,3668,L,SIGNAL,"{""key"": 3664}"
2021-05-12 16:15,3672,L,FILL,"{""signal_id"": ""L-2021-05-11 11:59-45"", ""expected"": 55112.3947, ""entry"": 55112.3947, ""stop"": 54377.706, ""key"": 3664}"
2021-05-12 18:19,3672,L,EXIT,"{""exit_kind"": ""stop"", ""px"": 54377.706, ""frac"": 1.0, ""signal_id"": ""L-2021-05-11 11:59-45""}"
2021-05-15 00:00,3686,S,D_ARM,"{""day"": ""2021-05-14"", ""P0"": -58000.01, ""H1"": -46000.0}"
2021-05-15 00:00,3686,S,ORDER_CREATE,"{""key"": 3685, ""level"": -50797.6321, ""stop"": -51687.599, ""atr_idx"": 3685, ""atr_end_time"": 1621036799999, ""r_confirm_time"": 1621036799999}"
2021-05-15 00:00,3686,S,SIGNAL,"{""key"": 3685}"
2021-05-15 19:59,3690,S,R_REPLACED,"{""old_key"": 3685, ""new_key"": 3690}"
2021-05-15 19:59,3690,S,ORDER_CANCEL,"{""key"": 3685, ""reason"": ""R_REPLACED"", ""level"": -50797.6321}"
2021-05-15 20:00,3691,S,ORDER_CREATE,"{""key"": 3690, ""level"": -48808.8378, ""stop"": -49743.2033, ""atr_idx"": 3690, ""atr_end_time"": 1621108799999, ""r_confirm_time"": 1621108799999}"
2021-05-15 20:00,3691,S,SIGNAL,"{""key"": 3690}"
2021-05-16 00:00,3692,S,D_DISARM,"{""day"": ""2021-05-15"", ""P0"": -58000.01, ""H1"": -46000.0}"
2021-05-16 00:00,3692,S,ORDER_CANCEL,"{""key"": 3690, ""reason"": ""D_DISARMED"", ""level"": -48808.8378}"
2021-05-17 00:00,3698,S,D_ARM,"{""day"": ""2021-05-16"", ""P0"": -51483.0, ""H1"": -43825.39}"
2021-05-17 00:00,3698,S,ORDER_CREATE,"{""key"": 3695, ""level"": -49177.6287, ""stop"": -49978.8782, ""atr_idx"": 3697, ""atr_end_time"": 1621209599999, ""r_confirm_time"": 1621180799999}"
2021-05-17 00:00,3698,S,SIGNAL,"{""key"": 3695}"
2021-05-17 03:59,3698,S,R_REPLACED,"{""old_key"": 3695, ""new_key"": 3698}"
2021-05-17 03:59,3698,S,ORDER_CANCEL,"{""key"": 3695, ""reason"": ""R_REPLACED"", ""level"": -49177.6287}"
2021-05-17 04:00,3699,S,ORDER_CREATE,"{""key"": 3698, ""level"": -46747.0662, ""stop"": -48307.4088, ""atr_idx"": 3698, ""atr_end_time"": 1621223999999, ""r_confirm_time"": 1621223999999}"
2021-05-17 04:00,3699,S,SIGNAL,"{""key"": 3698}"
2021-05-17 11:59,3700,S,R_REPLACED,"{""old_key"": 3698, ""new_key"": 3700}"
2021-05-17 11:59,3700,S,ORDER_CANCEL,"{""key"": 3698, ""reason"": ""R_REPLACED"", ""level"": -46747.0662}"
2021-05-17 12:00,3701,S,ORDER_CREATE,"{""key"": 3700, ""level"": -45466.8091, ""stop"": -46794.965, ""atr_idx"": 3700, ""atr_end_time"": 1621252799999, ""r_confirm_time"": 1621252799999}"
2021-05-17 12:00,3701,S,SIGNAL,"{""key"": 3700}"
2021-05-17 12:00,3701,S,FILL,"{""signal_id"": ""S-2021-05-17 11:59-46"", ""expected"": -45466.8091, ""entry"": -45466.8091, ""stop"": -46794.965, ""key"": 3700}"
2021-05-17 16:49,3702,S,EXIT,"{""exit_kind"": ""tp"", ""px"": -42810.4974, ""frac"": 0.5, ""signal_id"": ""S-2021-05-17 11:59-46""}"
2021-05-17 19:59,3702,S,R_CONFIRM_POS_FROZEN,"{""signal_id"": ""S-2021-05-17 11:59-46""}"
2021-05-18 03:59,3704,S,R_CONFIRM_POS_FROZEN,"{""signal_id"": ""S-2021-05-17 11:59-46""}"
2021-05-18 04:09,3705,S,EXIT,"{""exit_kind"": ""stop"", ""px"": -45375.8755, ""frac"": 0.5, ""signal_id"": ""S-2021-05-17 11:59-46""}"
2021-05-19 00:00,3710,S,D_ARM,"{""day"": ""2021-05-18"", ""P0"": -49795.89, ""H1"": -42001.0}"
2021-05-19 00:00,3710,S,ORDER_CREATE,"{""key"": 3709, ""level"": -44521.7392, ""stop"": -45529.4498, ""atr_idx"": 3709, ""atr_end_time"": 1621382399999, ""r_confirm_time"": 1621382399999}"
2021-05-19 00:00,3710,S,SIGNAL,"{""key"": 3709}"
2021-05-19 11:59,3712,S,R_REPLACED,"{""old_key"": 3709, ""new_key"": 3712}"
2021-05-19 11:59,3712,S,ORDER_CANCEL,"{""key"": 3709, ""reason"": ""R_REPLACED"", ""level"": -44521.7392}"
2021-05-19 12:00,3713,S,ORDER_CREATE,"{""key"": 3712, ""level"": -41716.644, ""stop"": -43746.7778, ""atr_idx"": 3712, ""atr_end_time"": 1621425599999, ""r_confirm_time"": 1621425599999}"
2021-05-19 12:00,3713,S,SIGNAL,"{""key"": 3712}"
2021-05-19 19:59,3714,S,R_REPLACED,"{""old_key"": 3712, ""new_key"": 3714}"
2021-05-19 19:59,3714,S,ORDER_CANCEL,"{""key"": 3712, ""reason"": ""R_REPLACED"", ""level"": -41716.644}"
2021-05-19 20:00,3715,S,ORDER_CREATE,"{""key"": 3714, ""level"": -37868.1138, ""stop"": -40975.559, ""atr_idx"": 3714, ""atr_end_time"": 1621454399999, ""r_confirm_time"": 1621454399999}"
2021-05-19 20:00,3715,S,SIGNAL,"{""key"": 3714}"
2021-05-19 20:00,3715,S,FILL,"{""signal_id"": ""S-2021-05-19 19:59-47"", ""expected"": -37868.1138, ""entry"": -37868.1138, ""stop"": -40975.559, ""key"": 3714}"
2021-05-20 03:59,3716,S,R_CONFIRM_POS_FROZEN,"{""signal_id"": ""S-2021-05-19 19:59-47""}"
2021-05-20 12:19,3719,S,EXIT,"{""exit_kind"": ""stop"", ""px"": -40975.559, ""frac"": 1.0, ""signal_id"": ""S-2021-05-19 19:59-47""}"
2021-05-21 00:00,3722,S,D_ARM,"{""day"": ""2021-05-20"", ""P0"": -45799.29, ""H1"": -30000.0}"
2021-05-21 00:00,3722,S,ORDER_CREATE,"{""key"": 3720, ""level"": -41304.7893, ""stop"": -42587.38, ""atr_idx"": 3721, ""atr_end_time"": 1621555199999, ""r_confirm_time"": 1621540799999}"
2021-05-21 00:00,3722,S,SIGNAL,"{""key"": 3720}"
2021-05-21 00:30,3722,S,FILL,"{""signal_id"": ""S-2021-05-20 19:59-48"", ""expected"": -41304.7893, ""entry"": -41304.7893, ""stop"": -42587.38, ""key"": 3720}"
2021-05-21 14:19,3725,S,EXIT,"{""exit_kind"": ""tp"", ""px"": -38739.6078, ""frac"": 0.5, ""signal_id"": ""S-2021-05-20 19:59-48""}"
2021-05-21 14:19,3725,S,EXIT,"{""exit_kind"": ""tp"", ""px"": -40126.182, ""frac"": 0.125, ""signal_id"": ""S-2021-05-20 19:59-48""}"
2021-05-21 14:29,3725,S,EXIT,"{""exit_kind"": ""tp"", ""px"": -37837.689, ""frac"": 0.125, ""signal_id"": ""S-2021-05-20 19:59-48""}"
2021-05-21 15:59,3725,S,R_CONFIRM_POS_FROZEN,"{""signal_id"": ""S-2021-05-20 19:59-48""}"
2021-05-21 21:14,3727,S,EXIT,"{""exit_kind"": ""tp"", ""px"": -34138.481, ""frac"": 0.125, ""signal_id"": ""S-2021-05-20 19:59-48""}"
2021-05-21 23:59,3727,S,R_CONFIRM_POS_FROZEN,"{""signal_id"": ""S-2021-05-20 19:59-48""}"
2021-05-22 07:59,3729,S,R_CONFIRM_POS_FROZEN,"{""signal_id"": ""S-2021-05-20 19:59-48""}"
2021-05-22 15:59,3731,S,R_CONFIRM_POS_FROZEN,"{""signal_id"": ""S-2021-05-20 19:59-48""}"
2021-05-23 07:59,3735,S,R_CONFIRM_POS_FROZEN,"{""signal_id"": ""S-2021-05-20 19:59-48""}"
2021-05-23 23:59,3739,S,R_CONFIRM_POS_FROZEN,"{""signal_id"": ""S-2021-05-20 19:59-48""}"
2021-05-24 11:59,3742,S,R_CONFIRM_POS_FROZEN,"{""signal_id"": ""S-2021-05-20 19:59-48""}"
2021-05-24 23:59,3745,S,R_CONFIRM_POS_FROZEN,"{""signal_id"": ""S-2021-05-20 19:59-48""}"
2021-05-25 00:00,3746,S,D_ARM,"{""day"": ""2021-05-24"", ""P0"": -38829.0, ""H1"": -31111.01}"
2021-05-25 00:00,3746,S,ORDER_CREATE,"{""key"": 3745, ""level"": -38968.1259, ""stop"": -39897.665, ""atr_idx"": 3745, ""atr_end_time"": 1621900799999, ""r_confirm_time"": 1621900799999}"
2021-05-25 00:00,3746,S,SIGNAL,"{""key"": 3745}"
2021-05-25 00:04,3746,S,V,"{""P0"": -38829.0, ""mode"": ""5M""}"
2021-05-25 00:04,3746,S,ORDER_CANCEL,"{""key"": 3745, ""reason"": ""V"", ""level"": -38968.1259}"
2021-05-25 00:05,3746,S,EXIT,"{""exit_kind"": ""v"", ""px"": -38929.77, ""frac"": 0.125, ""signal_id"": ""S-2021-05-20 19:59-48""}"
2021-05-28 00:00,3764,L,D_ARM,"{""day"": ""2021-05-27"", ""P0"": 36419.62, ""H1"": 40841.0}"
2021-05-28 00:00,3764,L,ORDER_CREATE,"{""key"": 3761, ""level"": 38079.0209, ""stop"": 37089.397, ""atr_idx"": 3763, ""atr_end_time"": 1622159999999, ""r_confirm_time"": 1622131199999}"
2021-05-28 00:00,3764,L,SIGNAL,"{""key"": 3761}"
2021-05-28 00:05,3764,L,SKIP_V,"{""key"": 3761}"
2021-05-28 00:05,3764,L,ORDER_CANCEL,"{""key"": 3761, ""reason"": ""SKIP_V"", ""level"": 38079.0209}"
2021-05-28 08:59,3766,L,V,"{""P0"": 36419.62, ""mode"": ""5M""}"
2021-05-31 00:00,3782,S,D_ARM,"{""day"": ""2021-05-30"", ""P0"": -38877.83, ""H1"": -33379.0}"
2021-05-31 04:00,3783,S,ORDER_CREATE,"{""key"": 3782, ""level"": -35862.5794, ""stop"": -36610.503, ""atr_idx"": 3782, ""atr_end_time"": 1622433599999, ""r_confirm_time"": 1622433599999}"
2021-05-31 04:00,3783,S,SIGNAL,"{""key"": 3782}"
2021-05-31 07:35,3783,S,SKIP_V,"{""key"": 3782}"
2021-05-31 07:35,3783,S,ORDER_CANCEL,"{""key"": 3782, ""reason"": ""SKIP_V"", ""level"": -35862.5794}"
2021-05-31 12:00,3785,S,ORDER_CREATE,"{""key"": 3784, ""level"": -35473.6959, ""stop"": -36130.3669, ""atr_idx"": 3784, ""atr_end_time"": 1622462399999, ""r_confirm_time"": 1622462399999}"
2021-05-31 12:00,3785,S,SIGNAL,"{""key"": 3784}"
2021-05-31 12:00,3785,S,FILL,"{""signal_id"": ""S-2021-05-31 11:59-49"", ""expected"": -35473.6959, ""entry"": -35473.6959, ""stop"": -36130.3669, ""key"": 3784}"
2021-05-31 12:04,3785,S,EXIT,"{""exit_kind"": ""stop"", ""px"": -36130.3669, ""frac"": 1.0, ""signal_id"": ""S-2021-05-31 11:59-49""}"
2021-06-03 00:00,3800,L,D_ARM,"{""day"": ""2021-06-02"", ""P0"": 34153.84, ""H1"": 38225.0}"
2021-06-03 00:00,3800,L,ORDER_CREATE,"{""key"": 3799, ""level"": 37444.7609, ""stop"": 36954.802, ""atr_idx"": 3799, ""atr_end_time"": 1622678399999, ""r_confirm_time"": 1622678399999}"
2021-06-03 00:00,3800,L,SIGNAL,"{""key"": 3799}"
2021-06-03 00:00,3800,L,FILL,"{""signal_id"": ""L-2021-06-02 23:59-50"", ""expected"": 37444.7609, ""entry"": 37444.7609, ""stop"": 36954.802, ""key"": 3799}"
2021-06-03 05:14,3801,L,EXIT,"{""exit_kind"": ""tp"", ""px"": 38424.6787, ""frac"": 0.5, ""signal_id"": ""L-2021-06-02 23:59-50""}"
2021-06-03 07:59,3801,L,R_CONFIRM_POS_FROZEN,"{""signal_id"": ""L-2021-06-02 23:59-50""}"
2021-06-03 15:59,3803,L,R_CONFIRM_POS_FROZEN,"{""signal_id"": ""L-2021-06-02 23:59-50""}"
2021-06-03 23:59,3805,L,R_CONFIRM_POS_FROZEN,"{""signal_id"": ""L-2021-06-02 23:59-50""}"
2021-06-04 02:14,3806,L,EXIT,"{""exit_kind"": ""stop"", ""px"": 37519.6504, ""frac"": 0.5, ""signal_id"": ""L-2021-06-02 23:59-50""}"
2021-06-06 00:00,3818,L,D_ARM,"{""day"": ""2021-06-05"", ""P0"": 35555.15, ""H1"": 39289.07}"
2021-06-06 00:04,3818,L,V,"{""P0"": 35555.15, ""mode"": ""5M""}"
2021-06-10 00:00,3842,S,D_ARM,"{""day"": ""2021-06-09"", ""P0"": -36900.0, ""H1"": -31000.0}"
2021-06-10 00:04,3842,S,V,"{""P0"": -36900.0, ""mode"": ""5M""}"
2021-06-17 00:00,3884,L,D_ARM,"{""day"": ""2021-06-16"", ""P0"": 34600.36, ""H1"": 41330.0}"
2021-06-17 00:00,3884,L,ORDER_CREATE,"{""key"": 3883, ""level"": 38723.3024, ""stop"": 38155.19, ""atr_idx"": 3883, ""atr_end_time"": 1623887999999, ""r_confirm_time"": 1623887999999}"
2021-06-17 00:00,3884,L,SIGNAL,"{""key"": 3883}"
2021-06-17 00:00,3884,L,SKIP_V,"{""key"": 3883}"
2021-06-17 00:00,3884,L,ORDER_CANCEL,"{""key"": 3883, ""reason"": ""SKIP_V"", ""level"": 38723.3024}"
2021-06-17 08:00,3886,L,ORDER_CREATE,"{""key"": 3885, ""level"": 38525.8519, ""stop"": 37990.685, ""atr_idx"": 3885, ""atr_end_time"": 1623916799999, ""r_confirm_time"": 1623916799999}"
2021-06-17 08:00,3886,L,SIGNAL,"{""key"": 3885}"
2021-06-17 14:00,3887,L,FILL,"{""signal_id"": ""L-2021-06-17 07:59-51"", ""expected"": 38525.8519, ""entry"": 38525.8519, ""stop"": 37990.685, ""key"": 3885}"
2021-06-17 17:24,3888,L,EXIT,"{""exit_kind"": ""stop"", ""px"": 37990.685, ""frac"": 1.0, ""signal_id"": ""L-2021-06-17 07:59-51""}"
2021-06-21 00:00,3908,S,D_ARM,"{""day"": ""2021-06-20"", ""P0"": -38202.84, ""H1"": -33336.0}"
2021-06-21 04:00,3909,S,ORDER_CREATE,"{""key"": 3908, ""level"": -35680.6559, ""stop"": -36263.465, ""atr_idx"": 3908, ""atr_end_time"": 1624247999999, ""r_confirm_time"": 1624247999999}"
2021-06-21 04:00,3909,S,SIGNAL,"{""key"": 3908}"
2021-06-21 15:59,3911,S,R_REPLACED,"{""old_key"": 3908, ""new_key"": 3911}"
2021-06-21 15:59,3911,S,ORDER_CANCEL,"{""key"": 3908, ""reason"": ""R_REPLACED"", ""level"": -35680.6559}"
2021-06-21 16:00,3912,S,ORDER_CREATE,"{""key"": 3911, ""level"": -33900.4574, ""stop"": -34828.3726, ""atr_idx"": 3911, ""atr_end_time"": 1624291199999, ""r_confirm_time"": 1624291199999}"
2021-06-21 16:00,3912,S,SIGNAL,"{""key"": 3911}"
2021-06-21 23:59,3913,S,R_REPLACED,"{""old_key"": 3911, ""new_key"": 3913}"
2021-06-21 23:59,3913,S,ORDER_CANCEL,"{""key"": 3911, ""reason"": ""R_REPLACED"", ""level"": -33900.4574}"
2021-06-22 00:00,3914,S,D_DISARM,"{""day"": ""2021-06-21"", ""P0"": -38202.84, ""H1"": -33336.0}"
2021-06-23 00:00,3920,S,D_ARM,"{""day"": ""2021-06-22"", ""P0"": -36137.72, ""H1"": -28805.0}"
2021-06-23 00:00,3920,S,ORDER_CREATE,"{""key"": 3919, ""level"": -32762.6523, ""stop"": -33373.822, ""atr_idx"": 3919, ""atr_end_time"": 1624406399999, ""r_confirm_time"": 1624406399999}"
2021-06-23 00:00,3920,S,SIGNAL,"{""key"": 3919}"
2021-06-23 00:30,3920,S,SKIP_V,"{""key"": 3919}"
2021-06-23 00:30,3920,S,ORDER_CANCEL,"{""key"": 3919, ""reason"": ""SKIP_V"", ""level"": -32762.6523}"
2021-06-23 08:00,3922,S,ORDER_CREATE,"{""key"": 3921, ""level"": -33648.9833, ""stop"": -34483.14, ""atr_idx"": 3921, ""atr_end_time"": 1624435199999, ""r_confirm_time"": 1624435199999}"
2021-06-23 08:00,3922,S,SIGNAL,"{""key"": 3921}"
2021-06-23 08:00,3922,S,FILL,"{""signal_id"": ""S-2021-06-23 07:59-52"", ""expected"": -33648.9833, ""entry"": -33648.9833, ""stop"": -34483.14, ""key"": 3921}"
2021-06-23 11:04,3922,S,EXIT,"{""exit_kind"": ""stop"", ""px"": -34483.14, ""frac"": 1.0, ""signal_id"": ""S-2021-06-23 07:59-52""}"
2021-06-26 00:00,3938,L,D_ARM,"{""day"": ""2021-06-25"", ""P0"": 31683.0, ""H1"": 35500.0}"
2021-06-26 00:04,3938,L,V,"{""P0"": 31683.0, ""mode"": ""5M""}"
2021-07-05 00:00,3992,L,D_ARM,"{""day"": ""2021-07-04"", ""P0"": 32699.0, ""H1"": 35967.85}"
2021-07-05 00:00,3992,L,ORDER_CREATE,"{""key"": 3989, ""level"": 34956.7028, ""stop"": 34498.7922, ""atr_idx"": 3991, ""atr_end_time"": 1625443199999, ""r_confirm_time"": 1625414399999}"
2021-07-05 00:00,3992,L,SIGNAL,"{""key"": 3989}"
2021-07-05 00:00,3992,L,FILL,"{""signal_id"": ""L-2021-07-04 15:59-53"", ""expected"": 34956.7028, ""entry"": 34956.7028, ""stop"": 34498.7922, ""key"": 3989}"
2021-07-05 01:44,3992,L,EXIT,"{""exit_kind"": ""stop"", ""px"": 34498.7922, ""frac"": 1.0, ""signal_id"": ""L-2021-07-04 15:59-53""}"
2021-07-15 00:00,4052,S,D_ARM,"{""day"": ""2021-07-14"", ""P0"": -34678.43, ""H1"": -31550.0}"
2021-07-15 08:00,4054,S,ORDER_CREATE,"{""key"": 4053, ""level"": -32882.6882, ""stop"": -33275.9994, ""atr_idx"": 4053, ""atr_end_time"": 1626335999999, ""r_confirm_time"": 1626335999999}"
2021-07-15 08:00,4054,S,SIGNAL,"{""key"": 4053}"
2021-07-15 19:59,4056,S,R_REPLACED,"{""old_key"": 4053, ""new_key"": 4056}"
2021-07-15 19:59,4056,S,ORDER_CANCEL,"{""key"": 4053, ""reason"": ""R_REPLACED"", ""level"": -32882.6882}"
2021-07-15 20:00,4057,S,ORDER_CREATE,"{""key"": 4056, ""level"": -32173.9078, ""stop"": -32717.86, ""atr_idx"": 4056, ""atr_end_time"": 1626379199999, ""r_confirm_time"": 1626379199999}"
2021-07-15 20:00,4057,S,SIGNAL,"{""key"": 4056}"
2021-07-16 11:59,4060,S,R_REPLACED,"{""old_key"": 4056, ""new_key"": 4060}"
2021-07-16 11:59,4060,S,ORDER_CANCEL,"{""key"": 4056, ""reason"": ""R_REPLACED"", ""level"": -32173.9078}"
2021-07-16 12:00,4061,S,ORDER_CREATE,"{""key"": 4060, ""level"": -31705.6908, ""stop"": -32138.9384, ""atr_idx"": 4060, ""atr_end_time"": 1626436799999, ""r_confirm_time"": 1626436799999}"
2021-07-16 12:00,4061,S,SIGNAL,"{""key"": 4060}"
2021-07-16 12:55,4061,S,SKIP_V,"{""key"": 4060}"
2021-07-16 12:55,4061,S,ORDER_CANCEL,"{""key"": 4060, ""reason"": ""SKIP_V"", ""level"": -31705.6908}"
2021-07-16 20:00,4063,S,ORDER_CREATE,"{""key"": 4062, ""level"": -31825.0673, ""stop"": -32283.561, ""atr_idx"": 4062, ""atr_end_time"": 1626465599999, ""r_confirm_time"": 1626465599999}"
2021-07-16 20:00,4063,S,SIGNAL,"{""key"": 4062}"
2021-07-16 20:00,4063,S,FILL,"{""signal_id"": ""S-2021-07-16 19:59-54"", ""expected"": -31825.0673, ""entry"": -31825.0673, ""stop"": -32283.561, ""key"": 4062}"
2021-07-17 03:59,4064,S,R_CONFIRM_POS_FROZEN,"{""signal_id"": ""S-2021-07-16 19:59-54""}"
2021-07-17 15:59,4067,S,R_CONFIRM_POS_FROZEN,"{""signal_id"": ""S-2021-07-16 19:59-54""}"
2021-07-18 01:34,4070,S,EXIT,"{""exit_kind"": ""stop"", ""px"": -32283.561, ""frac"": 1.0, ""signal_id"": ""S-2021-07-16 19:59-54""}"
2021-07-23 00:00,4100,S,D_ARM,"{""day"": ""2021-07-22"", ""P0"": -32858.0, ""H1"": -29482.61}"
2021-07-23 00:00,4100,S,ORDER_CREATE,"{""key"": 4098, ""level"": -32284.9125, ""stop"": -32681.2304, ""atr_idx"": 4099, ""atr_end_time"": 1626998399999, ""r_confirm_time"": 1626983999999}"
2021-07-23 00:00,4100,S,SIGNAL,"{""key"": 4098}"
2021-07-23 00:00,4100,S,FILL,"{""signal_id"": ""S-2021-07-22 19:59-55"", ""expected"": -32284.9125, ""entry"": -32284.9125, ""stop"": -32681.2304, ""key"": 4098}"
2021-07-23 01:39,4100,S,EXIT,"{""exit_kind"": ""stop"", ""px"": -32681.2304, ""frac"": 1.0, ""signal_id"": ""S-2021-07-22 19:59-55""}"
2021-07-31 00:00,4148,L,D_ARM,"{""day"": ""2021-07-30"", ""P0"": 35205.78, ""H1"": 42316.71}"
2021-07-31 00:00,4148,L,ORDER_CREATE,"{""key"": 4147, ""level"": 39561.0658, ""stop"": 38439.335, ""atr_idx"": 4147, ""atr_end_time"": 1627689599999, ""r_confirm_time"": 1627689599999}"
2021-07-31 00:00,4148,L,SIGNAL,"{""key"": 4147}"
2021-07-31 07:59,4149,L,R_REPLACED,"{""old_key"": 4147, ""new_key"": 4149}"
2021-07-31 07:59,4149,L,ORDER_CANCEL,"{""key"": 4147, ""reason"": ""R_REPLACED"", ""level"": 39561.0658}"
2021-07-31 08:00,4150,L,ORDER_CREATE,"{""key"": 4149, ""level"": 40486.1634, ""stop"": 39588.3177, ""atr_idx"": 4149, ""atr_end_time"": 1627718399999, ""r_confirm_time"": 1627718399999}"
2021-07-31 08:00,4150,L,SIGNAL,"{""key"": 4149}"
2021-07-31 23:59,4153,L,R_REPLACED,"{""old_key"": 4149, ""new_key"": 4153}"
2021-07-31 23:59,4153,L,ORDER_CANCEL,"{""key"": 4149, ""reason"": ""R_REPLACED"", ""level"": 40486.1634}"
2021-08-01 00:00,4154,L,D_DISARM,"{""day"": ""2021-07-31"", ""P0"": 35205.78, ""H1"": 42316.71}"
2021-08-02 00:00,4160,L,D_ARM,"{""day"": ""2021-08-01"", ""P0"": 38313.23, ""H1"": 42599.0}"
2021-08-02 04:00,4161,L,ORDER_CREATE,"{""key"": 4160, ""level"": 39980.3251, ""stop"": 39232.3488, ""atr_idx"": 4160, ""atr_end_time"": 1627876799999, ""r_confirm_time"": 1627876799999}"
2021-08-02 04:00,4161,L,SIGNAL,"{""key"": 4160}"
2021-08-02 04:00,4161,L,FILL,"{""signal_id"": ""L-2021-08-02 03:59-56"", ""expected"": 39980.3251, ""entry"": 39980.3251, ""stop"": 39232.3488, ""key"": 4160}"
2021-08-02 11:59,4162,L,R_CONFIRM_POS_FROZEN,"{""signal_id"": ""L-2021-08-02 03:59-56""}"
2021-08-02 12:14,4163,L,EXIT,"{""exit_kind"": ""stop"", ""px"": 39232.3488, ""frac"": 1.0, ""signal_id"": ""L-2021-08-02 03:59-56""}"
2021-08-07 00:00,4190,S,D_ARM,"{""day"": ""2021-08-06"", ""P0"": -41350.0, ""H1"": -37332.7}"
2021-08-07 00:04,4190,S,V,"{""P0"": -41350.0, ""mode"": ""5M""}"
2021-08-21 00:00,4274,L,D_ARM,"{""day"": ""2021-08-20"", ""P0"": 43927.7, ""H1"": 49382.99}"
2021-08-21 00:00,4274,L,ORDER_CREATE,"{""key"": 4273, ""level"": 47666.9915, ""stop"": 46773.4175, ""atr_idx"": 4273, ""atr_end_time"": 1629503999999, ""r_confirm_time"": 1629503999999}"
2021-08-21 00:00,4274,L,SIGNAL,"{""key"": 4273}"
2021-08-21 15:59,4277,L,R_REPLACED,"{""old_key"": 4273, ""new_key"": 4277}"
2021-08-21 15:59,4277,L,ORDER_CANCEL,"{""key"": 4273, ""reason"": ""R_REPLACED"", ""level"": 47666.9915}"
2021-08-21 16:00,4278,L,ORDER_CREATE,"{""key"": 4277, ""level"": 48690.635, ""stop"": 48105.25, ""atr_idx"": 4277, ""atr_end_time"": 1629561599999, ""r_confirm_time"": 1629561599999}"
2021-08-21 16:00,4278,L,SIGNAL,"{""key"": 4277}"
2021-08-21 23:59,4279,L,R_REPLACED,"{""old_key"": 4277, ""new_key"": 4279}"
2021-08-21 23:59,4279,L,ORDER_CANCEL,"{""key"": 4277, ""reason"": ""R_REPLACED"", ""level"": 48690.635}"
2021-08-22 00:00,4280,L,ORDER_CREATE,"{""key"": 4279, ""level"": 48941.9971, ""stop"": 48329.7345, ""atr_idx"": 4279, ""atr_end_time"": 1629590399999, ""r_confirm_time"": 1629590399999}"
2021-08-22 00:00,4280,L,SIGNAL,"{""key"": 4279}"
2021-08-22 00:00,4280,L,SKIP_V,"{""key"": 4279}"
2021-08-22 00:00,4280,L,ORDER_CANCEL,"{""key"": 4279, ""reason"": ""SKIP_V"", ""level"": 48941.9971}"
2021-08-22 12:00,4283,L,ORDER_CREATE,"{""key"": 4282, ""level"": 48971.4121, ""stop"": 48470.5608, ""atr_idx"": 4282, ""atr_end_time"": 1629633599999, ""r_confirm_time"": 1629633599999}"
2021-08-22 12:00,4283,L,SIGNAL,"{""key"": 4282}"
2021-08-22 12:10,4283,L,FILL,"{""signal_id"": ""L-2021-08-22 11:59-57"", ""expected"": 48971.4121, ""entry"": 48971.4121, ""stop"": 48470.5608, ""key"": 4282}"
2021-08-22 14:39,4283,L,EXIT,"{""exit_kind"": ""stop"", ""px"": 48470.5608, ""frac"": 1.0, ""signal_id"": ""L-2021-08-22 11:59-57""}"
2021-09-03 00:00,4352,L,D_ARM,"{""day"": ""2021-09-02"", ""P0"": 46250.0, ""H1"": 50450.13}"
2021-09-03 08:00,4354,L,ORDER_CREATE,"{""key"": 4353, ""level"": 48820.2788, ""stop"": 48188.001, ""atr_idx"": 4353, ""atr_end_time"": 1630655999999, ""r_confirm_time"": 1630655999999}"
2021-09-03 08:00,4354,L,SIGNAL,"{""key"": 4353}"
2021-09-03 19:59,4356,L,R_REPLACED,"{""old_key"": 4353, ""new_key"": 4356}"
2021-09-03 19:59,4356,L,ORDER_CANCEL,"{""key"": 4353, ""reason"": ""R_REPLACED"", ""level"": 48820.2788}"
2021-09-03 20:00,4357,L,ORDER_CREATE,"{""key"": 4356, ""level"": 49881.5131, ""stop"": 49158.5207, ""atr_idx"": 4356, ""atr_end_time"": 1630699199999, ""r_confirm_time"": 1630699199999}"
2021-09-03 20:00,4357,L,SIGNAL,"{""key"": 4356}"
2021-09-03 22:10,4357,L,FILL,"{""signal_id"": ""L-2021-09-03 19:59-58"", ""expected"": 49881.5131, ""entry"": 49881.5131, ""stop"": 49158.5207, ""key"": 4356}"
2021-09-04 03:59,4358,L,R_CONFIRM_POS_FROZEN,"{""signal_id"": ""L-2021-09-03 19:59-58""}"
2021-09-04 11:59,4360,L,R_CONFIRM_POS_FROZEN,"{""signal_id"": ""L-2021-09-03 19:59-58""}"
2021-09-04 23:59,4363,L,R_CONFIRM_POS_FROZEN,"{""signal_id"": ""L-2021-09-03 19:59-58""}"
2021-09-05 11:59,4366,L,R_CONFIRM_POS_FROZEN,"{""signal_id"": ""L-2021-09-03 19:59-58""}"
2021-09-05 20:54,4369,L,EXIT,"{""exit_kind"": ""tp"", ""px"": 51327.498, ""frac"": 0.5, ""signal_id"": ""L-2021-09-03 19:59-58""}"
2021-09-05 20:54,4369,L,EXIT,"{""exit_kind"": ""tp"", ""px"": 51120.5, ""frac"": 0.125, ""signal_id"": ""L-2021-09-03 19:59-58""}"
2021-09-05 20:54,4369,L,EXIT,"{""exit_kind"": ""tp"", ""px"": 51503.0, ""frac"": 0.125, ""signal_id"": ""L-2021-09-03 19:59-58""}"
2021-09-06 03:59,4370,L,R_CONFIRM_POS_FROZEN,"{""signal_id"": ""L-2021-09-03 19:59-58""}"
2021-09-06 11:19,4372,L,EXIT,"{""exit_kind"": ""tp"", ""px"": 52123.5, ""frac"": 0.125, ""signal_id"": ""L-2021-09-03 19:59-58""}"
2021-09-06 15:59,4373,L,R_CONFIRM_POS_FROZEN,"{""signal_id"": ""L-2021-09-03 19:59-58""}"
2021-09-06 23:59,4375,L,R_CONFIRM_POS_FROZEN,"{""signal_id"": ""L-2021-09-03 19:59-58""}"
2021-09-07 07:59,4377,L,R_CONFIRM_POS_FROZEN,"{""signal_id"": ""L-2021-09-03 19:59-58""}"
2021-09-07 14:29,4379,L,EXIT,"{""exit_kind"": ""stop"", ""px"": 49981.2761, ""frac"": 0.125, ""signal_id"": ""L-2021-09-03 19:59-58""}"
2021-09-22 00:00,4466,S,D_ARM,"{""day"": ""2021-09-21"", ""P0"": -48843.2, ""H1"": -39600.0}"
2021-09-22 04:00,4467,S,ORDER_CREATE,"{""key"": 4466, ""level"": -42256.1219, ""stop"": -43402.6284, ""atr_idx"": 4466, ""atr_end_time"": 1632283199999, ""r_confirm_time"": 1632283199999}"
2021-09-22 04:00,4467,S,SIGNAL,"{""key"": 4466}"
2021-09-22 06:30,4467,S,FILL,"{""signal_id"": ""S-2021-09-22 03:59-59"", ""expected"": -42256.1219, ""entry"": -42256.1219, ""stop"": -43402.6284, ""key"": 4466}"
2021-09-22 16:14,4470,S,EXIT,"{""exit_kind"": ""stop"", ""px"": -43402.6284, ""frac"": 1.0, ""signal_id"": ""S-2021-09-22 03:59-59""}"
2021-09-26 00:00,4490,L,D_ARM,"{""day"": ""2021-09-25"", ""P0"": 40675.0, ""H1"": 45200.0}"
2021-09-26 00:00,4490,L,ORDER_CREATE,"{""key"": 4487, ""level"": 42067.5438, ""stop"": 41505.3692, ""atr_idx"": 4489, ""atr_end_time"": 1632614399999, ""r_confirm_time"": 1632585599999}"
2021-09-26 00:00,4490,L,SIGNAL,"{""key"": 4487}"
2021-09-26 02:10,4490,L,FILL,"{""signal_id"": ""L-2021-09-25 15:59-60"", ""expected"": 42067.5438, ""entry"": 42067.5438, ""stop"": 41505.3692, ""key"": 4487}"
2021-09-26 07:39,4491,L,EXIT,"{""exit_kind"": ""stop"", ""px"": 41505.3692, ""frac"": 1.0, ""signal_id"": ""L-2021-09-25 15:59-60""}"
2021-10-05 00:00,4544,L,D_ARM,"{""day"": ""2021-10-04"", ""P0"": 43283.03, ""H1"": 49536.12}"
2021-10-05 00:00,4544,L,ORDER_CREATE,"{""key"": 4542, ""level"": 47655.3974, ""stop"": 46744.6341, ""atr_idx"": 4543, ""atr_end_time"": 1633391999999, ""r_confirm_time"": 1633377599999}"
2021-10-05 00:00,4544,L,SIGNAL,"{""key"": 4542}"
2021-10-05 03:59,4544,L,R_REPLACED,"{""old_key"": 4542, ""new_key"": 4544}"
2021-10-05 03:59,4544,L,ORDER_CANCEL,"{""key"": 4542, ""reason"": ""R_REPLACED"", ""level"": 47655.3974}"
2021-10-05 04:00,4545,L,ORDER_CREATE,"{""key"": 4544, ""level"": 48346.1587, ""stop"": 47537.5682, ""atr_idx"": 4544, ""atr_end_time"": 1633406399999, ""r_confirm_time"": 1633406399999}"
2021-10-05 04:00,4545,L,SIGNAL,"{""key"": 4544}"
2021-10-05 19:59,4548,L,R_REPLACED,"{""old_key"": 4544, ""new_key"": 4548}"
2021-10-05 19:59,4548,L,ORDER_CANCEL,"{""key"": 4544, ""reason"": ""R_REPLACED"", ""level"": 48346.1587}"
2021-10-05 20:00,4549,L,ORDER_CREATE,"{""key"": 4548, ""level"": 50002.7997, ""stop"": 49211.92, ""atr_idx"": 4548, ""atr_end_time"": 1633463999999, ""r_confirm_time"": 1633463999999}"
2021-10-05 20:00,4549,L,SIGNAL,"{""key"": 4548}"
2021-10-06 03:59,4550,L,R_REPLACED,"{""old_key"": 4548, ""new_key"": 4550}"
2021-10-06 03:59,4550,L,ORDER_CANCEL,"{""key"": 4548, ""reason"": ""R_REPLACED"", ""level"": 50002.7997}"
2021-10-06 04:00,4551,L,ORDER_CREATE,"{""key"": 4550, ""level"": 50301.5681, ""stop"": 49465.7462, ""atr_idx"": 4550, ""atr_end_time"": 1633492799999, ""r_confirm_time"": 1633492799999}"
2021-10-06 04:00,4551,L,SIGNAL,"{""key"": 4550}"
2021-10-06 15:59,4553,L,R_REPLACED,"{""old_key"": 4550, ""new_key"": 4553}"
2021-10-06 15:59,4553,L,ORDER_CANCEL,"{""key"": 4550, ""reason"": ""R_REPLACED"", ""level"": 50301.5681}"
2021-10-06 16:00,4554,L,ORDER_CREATE,"{""key"": 4553, ""level"": 51982.903, ""stop"": 50258.77, ""atr_idx"": 4553, ""atr_end_time"": 1633535999999, ""r_confirm_time"": 1633535999999}"
2021-10-06 16:00,4554,L,SIGNAL,"{""key"": 4553}"
2021-10-07 03:59,4556,L,R_REPLACED,"{""old_key"": 4553, ""new_key"": 4556}"
2021-10-07 03:59,4556,L,ORDER_CANCEL,"{""key"": 4553, ""reason"": ""R_REPLACED"", ""level"": 51982.903}"
2021-10-07 04:00,4557,L,ORDER_CREATE,"{""key"": 4556, ""level"": 52483.9832, ""stop"": 51095.1932, ""atr_idx"": 4556, ""atr_end_time"": 1633579199999, ""r_confirm_time"": 1633579199999}"
2021-10-07 04:00,4557,L,SIGNAL,"{""key"": 4556}"
2021-10-07 19:59,4560,L,R_REPLACED,"{""old_key"": 4556, ""new_key"": 4560}"
2021-10-07 19:59,4560,L,ORDER_CANCEL,"{""key"": 4556, ""reason"": ""R_REPLACED"", ""level"": 52483.9832}"
2021-10-07 20:00,4561,L,ORDER_CREATE,"{""key"": 4560, ""level"": 53860.6206, ""stop"": 53214.217, ""atr_idx"": 4560, ""atr_end_time"": 1633636799999, ""r_confirm_time"": 1633636799999}"
2021-10-07 20:00,4561,L,SIGNAL,"{""key"": 4560}"
2021-10-07 22:20,4561,L,FILL,"{""signal_id"": ""L-2021-10-07 19:59-61"", ""expected"": 53860.6206, ""entry"": 53860.6206, ""stop"": 53214.217, ""key"": 4560}"
2021-10-08 07:59,4563,L,R_CONFIRM_POS_FROZEN,"{""signal_id"": ""L-2021-10-07 19:59-61""}"
2021-10-08 08:14,4564,L,EXIT,"{""exit_kind"": ""tp"", ""px"": 55153.4279, ""frac"": 0.5, ""signal_id"": ""L-2021-10-07 19:59-61""}"
2021-10-08 08:14,4564,L,EXIT,"{""exit_kind"": ""tp"", ""px"": 54465.1356, ""frac"": 0.125, ""signal_id"": ""L-2021-10-07 19:59-61""}"
2021-10-08 15:59,4565,L,R_CONFIRM_POS_FROZEN,"{""signal_id"": ""L-2021-10-07 19:59-61""}"
2021-10-08 20:54,4567,L,EXIT,"{""exit_kind"": ""stop"", ""px"": 53968.3418, ""frac"": 0.375, ""signal_id"": ""L-2021-10-07 19:59-61""}"
2021-10-09 00:00,4568,L,D_ARM,"{""day"": ""2021-10-08"", ""P0"": 50382.41, ""H1"": 56100.0}"
2021-10-09 00:00,4568,L,ORDER_CREATE,"{""key"": 4565, ""level"": 54414.5529, ""stop"": 53486.3581, ""atr_idx"": 4567, ""atr_end_time"": 1633737599999, ""r_confirm_time"": 1633708799999}"
2021-10-09 00:00,4568,L,SIGNAL,"{""key"": 4565}"
2021-10-09 00:00,4568,L,FILL,"{""signal_id"": ""L-2021-10-08 15:59-62"", ""expected"": 54414.5529, ""entry"": 54414.5529, ""stop"": 53486.3581, ""key"": 4565}"
2021-10-09 07:59,4569,L,R_CONFIRM_POS_FROZEN,"{""signal_id"": ""L-2021-10-08 15:59-62""}"
2021-10-10 07:59,4575,L,R_CONFIRM_POS_FROZEN,"{""signal_id"": ""L-2021-10-08 15:59-62""}"
2021-10-10 15:59,4577,L,R_CONFIRM_POS_FROZEN,"{""signal_id"": ""L-2021-10-08 15:59-62""}"
2021-10-10 20:29,4579,L,EXIT,"{""exit_kind"": ""tp"", ""px"": 56270.9424, ""frac"": 0.5, ""signal_id"": ""L-2021-10-08 15:59-62""}"
2021-10-10 21:19,4579,L,EXIT,"{""exit_kind"": ""stop"", ""px"": 54523.382, ""frac"": 0.5, ""signal_id"": ""L-2021-10-08 15:59-62""}"
2021-10-18 00:00,4622,L,D_ARM,"{""day"": ""2021-10-17"", ""P0"": 56850.0, ""H1"": 62378.42}"
2021-10-18 00:00,4622,L,ORDER_CREATE,"{""key"": 4621, ""level"": 60893.0351, ""stop"": 60194.4433, ""atr_idx"": 4621, ""atr_end_time"": 1634515199999, ""r_confirm_time"": 1634515199999}"
2021-10-18 00:00,4622,L,SIGNAL,"{""key"": 4621}"
2021-10-18 07:59,4623,L,R_REPLACED,"{""old_key"": 4621, ""new_key"": 4623}"
2021-10-18 07:59,4623,L,ORDER_CANCEL,"{""key"": 4621, ""reason"": ""R_REPLACED"", ""level"": 60893.0351}"
2021-10-18 08:00,4624,L,ORDER_CREATE,"{""key"": 4623, ""level"": 59961.5466, ""stop"": 58673.45, ""atr_idx"": 4623, ""atr_end_time"": 1634543999999, ""r_confirm_time"": 1634543999999}"
2021-10-18 08:00,4624,L,SIGNAL,"{""key"": 4623}"
2021-10-18 13:05,4625,L,FILL,"{""signal_id"": ""L-2021-10-18 07:59-63"", ""expected"": 59961.5466, ""entry"": 59961.5466, ""stop"": 58673.45, ""key"": 4623}"
2021-10-18 15:59,4625,L,R_CONFIRM_POS_FROZEN,"{""signal_id"": ""L-2021-10-18 07:59-63""}"
2021-10-18 23:59,4627,L,R_CONFIRM_POS_FROZEN,"{""signal_id"": ""L-2021-10-18 07:59-63""}"
2021-10-19 03:14,4628,L,EXIT,"{""exit_kind"": ""tp"", ""px"": 62537.7398, ""frac"": 0.5, ""signal_id"": ""L-2021-10-18 07:59-63""}"
2021-10-19 15:59,4631,L,R_CONFIRM_POS_FROZEN,"{""signal_id"": ""L-2021-10-18 07:59-63""}"
2021-10-19 19:59,4632,L,EXIT,"{""exit_kind"": ""tp"", ""px"": 64254.884, ""frac"": 0.125, ""signal_id"": ""L-2021-10-18 07:59-63""}"
2021-10-19 23:59,4633,L,R_CONFIRM_POS_FROZEN,"{""signal_id"": ""L-2021-10-18 07:59-63""}"
2021-10-20 13:44,4637,L,EXIT,"{""exit_kind"": ""tp"", ""px"": 65069.744, ""frac"": 0.125, ""signal_id"": ""L-2021-10-18 07:59-63""}"
2021-10-20 13:49,4637,L,EXIT,"{""exit_kind"": ""tp"", ""px"": 66391.628, ""frac"": 0.125, ""signal_id"": ""L-2021-10-18 07:59-63""}"
2021-10-20 23:59,4639,L,R_CONFIRM_POS_FROZEN,"{""signal_id"": ""L-2021-10-18 07:59-63""}"
2021-10-21 07:59,4641,L,R_CONFIRM_POS_FROZEN,"{""signal_id"": ""L-2021-10-18 07:59-63""}"
2021-10-21 15:59,4643,L,R_CONFIRM_POS_FROZEN,"{""signal_id"": ""L-2021-10-18 07:59-63""}"
2021-10-21 23:59,4645,L,R_CONFIRM_POS_FROZEN,"{""signal_id"": ""L-2021-10-18 07:59-63""}"
2021-10-22 11:59,4648,L,R_CONFIRM_POS_FROZEN,"{""signal_id"": ""L-2021-10-18 07:59-63""}"
2021-10-22 16:19,4650,L,EXIT,"{""exit_kind"": ""stop"", ""px"": 60081.4697, ""frac"": 0.125, ""signal_id"": ""L-2021-10-18 07:59-63""}"
2021-10-30 00:00,4694,L,D_ARM,"{""day"": ""2021-10-29"", ""P0"": 57820.0, ""H1"": 62980.0}"
2021-10-30 00:00,4694,L,ORDER_CREATE,"{""key"": 4693, ""level"": 61485.0528, ""stop"": 60572.5755, ""atr_idx"": 4693, ""atr_end_time"": 1635551999999, ""r_confirm_time"": 1635551999999}"
2021-10-30 00:00,4694,L,SIGNAL,"{""key"": 4693}"
2021-10-30 05:00,4695,L,FILL,"{""signal_id"": ""L-2021-10-29 23:59-64"", ""expected"": 61485.0528, ""entry"": 61485.0528, ""stop"": 60572.5755, ""key"": 4693}"
2021-10-30 19:59,4698,L,R_CONFIRM_POS_FROZEN,"{""signal_id"": ""L-2021-10-29 23:59-64""}"
2021-10-31 07:59,4701,L,R_CONFIRM_POS_FROZEN,"{""signal_id"": ""L-2021-10-29 23:59-64""}"
2021-10-31 08:49,4702,L,EXIT,"{""exit_kind"": ""stop"", ""px"": 60572.5755, ""frac"": 1.0, ""signal_id"": ""L-2021-10-29 23:59-64""}"
2021-11-12 00:00,4772,L,D_ARM,"{""day"": ""2021-11-11"", ""P0"": 62822.9, ""H1"": 69000.0}"
2021-11-12 00:00,4772,L,ORDER_CREATE,"{""key"": 4767, ""level"": 63300.3186, ""stop"": 62213.3085, ""atr_idx"": 4771, ""atr_end_time"": 1636675199999, ""r_confirm_time"": 1636617599999}"
2021-11-12 00:00,4772,L,SIGNAL,"{""key"": 4767}"
2021-11-12 13:20,4775,L,FILL,"{""signal_id"": ""L-2021-11-11 07:59-65"", ""expected"": 63300.3186, ""entry"": 63300.3186, ""stop"": 62213.3085, ""key"": 4767}"
2021-11-12 16:09,4776,L,V_POS,"{""P0"": 62822.9, ""signal_id"": ""L-2021-11-11 07:59-65""}"
2021-11-12 16:10,4776,L,EXIT,"{""exit_kind"": ""v"", ""px"": 63273.9, ""frac"": 1.0, ""signal_id"": ""L-2021-11-11 07:59-65""}"
2021-11-19 00:00,4814,S,D_ARM,"{""day"": ""2021-11-18"", ""P0"": -63617.31, ""H1"": -56474.26}"
2021-11-19 00:00,4814,S,ORDER_CREATE,"{""key"": 4813, ""level"": -58993.9589, ""stop"": -60174.985, ""atr_idx"": 4813, ""atr_end_time"": 1637279999999, ""r_confirm_time"": 1637279999999}"
2021-11-19 00:00,4814,S,SIGNAL,"{""key"": 4813}"
2021-11-19 07:59,4815,S,R_REPLACED,"{""old_key"": 4813, ""new_key"": 4815}"
2021-11-19 07:59,4815,S,ORDER_CANCEL,"{""key"": 4813, ""reason"": ""R_REPLACED"", ""level"": -58993.9589}"
2021-11-19 08:00,4816,S,ORDER_CREATE,"{""key"": 4815, ""level"": -57632.5904, ""stop"": -58661.6686, ""atr_idx"": 4815, ""atr_end_time"": 1637308799999, ""r_confirm_time"": 1637308799999}"
2021-11-19 08:00,4816,S,SIGNAL,"{""key"": 4815}"
2021-11-19 13:35,4817,S,FILL,"{""signal_id"": ""S-2021-11-19 07:59-66"", ""expected"": -57632.5904, ""entry"": -57632.5904, ""stop"": -58661.6686, ""key"": 4815}"
2021-11-19 19:59,4818,S,R_CONFIRM_POS_FROZEN,"{""signal_id"": ""S-2021-11-19 07:59-66""}"
2021-11-20 01:24,4820,S,EXIT,"{""exit_kind"": ""stop"", ""px"": -58661.6686, ""frac"": 1.0, ""signal_id"": ""S-2021-11-19 07:59-66""}"
2021-11-29 00:00,4874,S,D_ARM,"{""day"": ""2021-11-28"", ""P0"": -59150.0, ""H1"": -53256.64}"
2021-11-29 04:00,4875,S,ORDER_CREATE,"{""key"": 4874, ""level"": -56635.8805, ""stop"": -57647.1843, ""atr_idx"": 4874, ""atr_end_time"": 1638158399999, ""r_confirm_time"": 1638158399999}"
2021-11-29 04:00,4875,S,SIGNAL,"{""key"": 4874}"
2021-11-29 04:00,4875,S,FILL,"{""signal_id"": ""S-2021-11-29 03:59-67"", ""expected"": -56635.8805, ""entry"": -56635.8805, ""stop"": -57647.1843, ""key"": 4874}"
2021-11-29 04:09,4875,S,EXIT,"{""exit_kind"": ""stop"", ""px"": -57647.1843, ""frac"": 1.0, ""signal_id"": ""S-2021-11-29 03:59-67""}"
2021-12-06 00:00,4916,S,D_ARM,"{""day"": ""2021-12-05"", ""P0"": -57600.0, ""H1"": -42000.3}"
2021-12-06 00:00,4916,S,ORDER_CREATE,"{""key"": 4907, ""level"": -50927.3651, ""stop"": -52776.2452, ""atr_idx"": 4915, ""atr_end_time"": 1638748799999, ""r_confirm_time"": 1638633599999}"
2021-12-06 00:00,4916,S,SIGNAL,"{""key"": 4907}"
2021-12-06 11:59,4918,S,R_REPLACED,"{""old_key"": 4907, ""new_key"": 4918}"
2021-12-06 11:59,4918,S,ORDER_CANCEL,"{""key"": 4907, ""reason"": ""R_REPLACED"", ""level"": -50927.3651}"
2021-12-06 12:00,4919,S,ORDER_CREATE,"{""key"": 4918, ""level"": -48915.2231, ""stop"": -49848.5885, ""atr_idx"": 4918, ""atr_end_time"": 1638791999999, ""r_confirm_time"": 1638791999999}"
2021-12-06 12:00,4919,S,SIGNAL,"{""key"": 4918}"
2021-12-06 15:30,4919,S,FILL,"{""signal_id"": ""S-2021-12-06 11:59-68"", ""expected"": -48915.2231, ""entry"": -48915.2231, ""stop"": -49848.5885, ""key"": 4918}"
2021-12-06 19:59,4920,S,R_CONFIRM_POS_FROZEN,"{""signal_id"": ""S-2021-12-06 11:59-68""}"
2021-12-06 21:49,4921,S,EXIT,"{""exit_kind"": ""stop"", ""px"": -49848.5885, ""frac"": 1.0, ""signal_id"": ""S-2021-12-06 11:59-68""}"
2021-12-14 00:00,4964,S,D_ARM,"{""day"": ""2021-12-13"", ""P0"": -50777.0, ""H1"": -45672.75}"
2021-12-14 00:00,4964,S,ORDER_CREATE,"{""key"": 4962, ""level"": -48174.8805, ""stop"": -49307.48, ""atr_idx"": 4963, ""atr_end_time"": 1639439999999, ""r_confirm_time"": 1639425599999}"
2021-12-14 00:00,4964,S,SIGNAL,"{""key"": 4962}"
2021-12-14 03:59,4964,S,R_REPLACED,"{""old_key"": 4962, ""new_key"": 4964}"
2021-12-14 03:59,4964,S,ORDER_CANCEL,"{""key"": 4962, ""reason"": ""R_REPLACED"", ""level"": -48174.8805}"
2021-12-14 04:00,4965,S,ORDER_CREATE,"{""key"": 4964, ""level"": -47358.3153, ""stop"": -48043.7, ""atr_idx"": 4964, ""atr_end_time"": 1639454399999, ""r_confirm_time"": 1639454399999}"
2021-12-14 04:00,4965,S,SIGNAL,"{""key"": 4964}"
2021-12-14 08:35,4966,S,FILL,"{""signal_id"": ""S-2021-12-14 03:59-69"", ""expected"": -47358.3153, ""entry"": -47358.3153, ""stop"": -48043.7, ""key"": 4964}"
2021-12-14 19:59,4968,S,R_CONFIRM_POS_FROZEN,"{""signal_id"": ""S-2021-12-14 03:59-69""}"
2021-12-14 21:09,4969,S,EXIT,"{""exit_kind"": ""stop"", ""px"": -48043.7, ""frac"": 1.0, ""signal_id"": ""S-2021-12-14 03:59-69""}"
2021-12-18 00:00,4988,S,D_ARM,"{""day"": ""2021-12-17"", ""P0"": -50189.97, ""H1"": -45456.0}"
2021-12-18 00:00,4988,S,ORDER_CREATE,"{""key"": 4987, ""level"": -46833.5964, ""stop"": -47572.29, ""atr_idx"": 4987, ""atr_end_time"": 1639785599999, ""r_confirm_time"": 1639785599999}"
2021-12-18 00:00,4988,S,SIGNAL,"{""key"": 4987}"
2021-12-18 05:40,4989,S,FILL,"{""signal_id"": ""S-2021-12-17 23:59-70"", ""expected"": -46833.5964, ""entry"": -46833.5964, ""stop"": -47572.29, ""key"": 4987}"
2021-12-18 07:59,4989,S,R_CONFIRM_POS_FROZEN,"{""signal_id"": ""S-2021-12-17 23:59-70""}"
2021-12-18 15:59,4991,S,R_CONFIRM_POS_FROZEN,"{""signal_id"": ""S-2021-12-17 23:59-70""}"
2021-12-19 03:19,4994,S,EXIT,"{""exit_kind"": ""stop"", ""px"": -47572.29, ""frac"": 1.0, ""signal_id"": ""S-2021-12-17 23:59-70""}"
2022-01-08 00:00,5114,S,D_ARM,"{""day"": ""2022-01-07"", ""P0"": -47070.0, ""H1"": -40610.0}"
2022-01-08 00:00,5114,S,ORDER_CREATE,"{""key"": 5112, ""level"": -42242.0806, ""stop"": -43088.88, ""atr_idx"": 5113, ""atr_end_time"": 1641599999999, ""r_confirm_time"": 1641585599999}"
2022-01-08 00:00,5114,S,SIGNAL,"{""key"": 5112}"
2022-01-08 01:10,5114,S,FILL,"{""signal_id"": ""S-2022-01-07 19:59-71"", ""expected"": -42242.0806, ""entry"": -42242.0806, ""stop"": -43088.88, ""key"": 5112}"
2022-01-08 07:59,5115,S,R_CONFIRM_POS_FROZEN,"{""signal_id"": ""S-2022-01-07 19:59-71""}"
2022-01-08 19:04,5118,S,EXIT,"{""exit_kind"": ""tp"", ""px"": -40548.4818, ""frac"": 0.5, ""signal_id"": ""S-2022-01-07 19:59-71""}"
2022-01-08 19:04,5118,S,EXIT,"{""exit_kind"": ""tp"", ""px"": -41716.62, ""frac"": 0.125, ""signal_id"": ""S-2022-01-07 19:59-71""}"
2022-01-08 22:24,5119,S,EXIT,"{""exit_kind"": ""stop"", ""px"": -42157.5964, ""frac"": 0.375, ""signal_id"": ""S-2022-01-07 19:59-71""}"
2022-01-21 00:00,5192,S,D_ARM,"{""day"": ""2022-01-20"", ""P0"": -44500.0, ""H1"": -40553.31}"
2022-01-21 00:00,5192,S,ORDER_CREATE,"{""key"": 5190, ""level"": -42952.742, ""stop"": -43570.32, ""atr_idx"": 5191, ""atr_end_time"": 1642723199999, ""r_confirm_time"": 1642708799999}"
2022-01-21 00:00,5192,S,SIGNAL,"{""key"": 5190}"
2022-01-21 03:59,5192,S,R_REPLACED,"{""old_key"": 5190, ""new_key"": 5192}"
2022-01-21 03:59,5192,S,ORDER_CANCEL,"{""key"": 5190, ""reason"": ""R_REPLACED"", ""level"": -42952.742}"
2022-01-21 04:00,5193,S,ORDER_CREATE,"{""key"": 5192, ""level"": -42118.6439, ""stop"": -43625.485, ""atr_idx"": 5192, ""atr_end_time"": 1642737599999, ""r_confirm_time"": 1642737599999}"
2022-01-21 04:00,5193,S,SIGNAL,"{""key"": 5192}"
2022-01-21 11:59,5194,S,R_REPLACED,"{""old_key"": 5192, ""new_key"": 5194}"
2022-01-21 11:59,5194,S,ORDER_CANCEL,"{""key"": 5192, ""reason"": ""R_REPLACED"", ""level"": -42118.6439}"
2022-01-21 12:00,5195,S,ORDER_CREATE,"{""key"": 5194, ""level"": -40342.6807, ""stop"": -41219.0473, ""atr_idx"": 5194, ""atr_end_time"": 1642766399999, ""r_confirm_time"": 1642766399999}"
2022-01-21 12:00,5195,S,SIGNAL,"{""key"": 5194}"
2022-01-21 23:59,5197,S,R_REPLACED,"{""old_key"": 5194, ""new_key"": 5197}"
2022-01-21 23:59,5197,S,ORDER_CANCEL,"{""key"": 5194, ""reason"": ""R_REPLACED"", ""level"": -40342.6807}"
2022-01-22 00:00,5198,S,ORDER_CREATE,"{""key"": 5197, ""level"": -38065.7363, ""stop"": -39162.135, ""atr_idx"": 5197, ""atr_end_time"": 1642809599999, ""r_confirm_time"": 1642809599999}"
2022-01-22 00:00,5198,S,SIGNAL,"{""key"": 5197}"
2022-01-22 07:59,5199,S,R_REPLACED,"{""old_key"": 5197, ""new_key"": 5199}"
2022-01-22 07:59,5199,S,ORDER_CANCEL,"{""key"": 5197, ""reason"": ""R_REPLACED"", ""level"": -38065.7363}"
2022-01-22 08:00,5200,S,ORDER_CREATE,"{""key"": 5199, ""level"": -37563.3537, ""stop"": -38587.3358, ""atr_idx"": 5199, ""atr_end_time"": 1642838399999, ""r_confirm_time"": 1642838399999}"
2022-01-22 08:00,5200,S,SIGNAL,"{""key"": 5199}"
2022-01-22 19:59,5202,S,R_REPLACED,"{""old_key"": 5199, ""new_key"": 5202}"
2022-01-22 19:59,5202,S,ORDER_CANCEL,"{""key"": 5199, ""reason"": ""R_REPLACED"", ""level"": -37563.3537}"
2022-01-22 20:00,5203,S,ORDER_CREATE,"{""key"": 5202, ""level"": -35609.1103, ""stop"": -36289.6232, ""atr_idx"": 5202, ""atr_end_time"": 1642881599999, ""r_confirm_time"": 1642881599999}"
2022-01-22 20:00,5203,S,SIGNAL,"{""key"": 5202}"
2022-01-22 21:55,5203,S,FILL,"{""signal_id"": ""S-2022-01-22 19:59-72"", ""expected"": -35609.1103, ""entry"": -35609.1103, ""stop"": -36289.6232, ""key"": 5202}"
2022-01-23 11:59,5206,S,R_CONFIRM_POS_FROZEN,"{""signal_id"": ""S-2022-01-22 19:59-72""}"
2022-01-23 19:59,5208,S,R_CONFIRM_POS_FROZEN,"{""signal_id"": ""S-2022-01-22 19:59-72""}"
2022-01-23 23:14,5209,S,EXIT,"{""exit_kind"": ""stop"", ""px"": -36289.6232, ""frac"": 1.0, ""signal_id"": ""S-2022-01-22 19:59-72""}"
2022-01-25 00:00,5216,S,D_ARM,"{""day"": ""2022-01-24"", ""P0"": -41100.0, ""H1"": -32917.17}"
2022-01-25 04:00,5217,S,ORDER_CREATE,"{""key"": 5216, ""level"": -37040.9841, ""stop"": -37640.584, ""atr_idx"": 5216, ""atr_end_time"": 1643083199999, ""r_confirm_time"": 1643083199999}"
2022-01-25 04:00,5217,S,SIGNAL,"{""key"": 5216}"
2022-01-25 14:35,5219,S,FILL,"{""signal_id"": ""S-2022-01-25 03:59-73"", ""expected"": -37040.9841, ""entry"": -37040.9841, ""stop"": -37640.584, ""key"": 5216}"
2022-01-26 04:49,5223,S,EXIT,"{""exit_kind"": ""stop"", ""px"": -37640.584, ""frac"": 1.0, ""signal_id"": ""S-2022-01-25 03:59-73""}"
2022-01-30 00:00,5246,L,D_ARM,"{""day"": ""2022-01-29"", ""P0"": 35507.01, ""H1"": 38720.74}"
2022-01-30 00:00,5246,L,ORDER_CREATE,"{""key"": 5245, ""level"": 37718.5671, ""stop"": 37140.244, ""atr_idx"": 5245, ""atr_end_time"": 1643500799999, ""r_confirm_time"": 1643500799999}"
2022-01-30 00:00,5246,L,SIGNAL,"{""key"": 5245}"
2022-01-30 00:40,5246,L,FILL,"{""signal_id"": ""L-2022-01-29 23:59-74"", ""expected"": 37718.5671, ""entry"": 37718.5671, ""stop"": 37140.244, ""key"": 5245}"
2022-01-30 11:59,5248,L,R_CONFIRM_POS_FROZEN,"{""signal_id"": ""L-2022-01-29 23:59-74""}"
2022-01-30 23:59,5251,L,R_CONFIRM_POS_FROZEN,"{""signal_id"": ""L-2022-01-29 23:59-74""}"
2022-01-31 00:44,5252,L,EXIT,"{""exit_kind"": ""stop"", ""px"": 37140.244, ""frac"": 1.0, ""signal_id"": ""L-2022-01-29 23:59-74""}"
2022-02-12 00:00,5324,L,D_ARM,"{""day"": ""2022-02-11"", ""P0"": 37026.73, ""H1"": 45821.0}"
2022-02-12 00:00,5324,L,ORDER_CREATE,"{""key"": 5323, ""level"": 42574.749, ""stop"": 41919.9717, ""atr_idx"": 5323, ""atr_end_time"": 1644623999999, ""r_confirm_time"": 1644623999999}"
2022-02-12 00:00,5324,L,SIGNAL,"{""key"": 5323}"
2022-02-12 00:00,5324,L,FILL,"{""signal_id"": ""L-2022-02-11 23:59-75"", ""expected"": 42574.749, ""entry"": 42574.749, ""stop"": 41919.9717, ""key"": 5323}"
2022-02-12 06:44,5325,L,EXIT,"{""exit_kind"": ""stop"", ""px"": 41919.9717, ""frac"": 1.0, ""signal_id"": ""L-2022-02-11 23:59-75""}"
2022-02-25 00:00,5402,S,D_ARM,"{""day"": ""2022-02-24"", ""P0"": -44164.71, ""H1"": -34322.28}"
2022-02-25 00:00,5402,S,ORDER_CREATE,"{""key"": 5401, ""level"": -36861.2435, ""stop"": -37477.1953, ""atr_idx"": 5401, ""atr_end_time"": 1645747199999, ""r_confirm_time"": 1645747199999}"
2022-02-25 00:00,5402,S,SIGNAL,"{""key"": 5401}"
2022-02-25 00:00,5402,S,FILL,"{""signal_id"": ""S-2022-02-24 23:59-76"", ""expected"": -36861.2435, ""entry"": -36861.2435, ""stop"": -37477.1953, ""key"": 5401}"
2022-02-25 00:04,5402,S,EXIT,"{""exit_kind"": ""stop"", ""px"": -37477.1953, ""frac"": 1.0, ""signal_id"": ""S-2022-02-24 23:59-76""}"
2022-03-04 00:00,5444,L,D_ARM,"{""day"": ""2022-03-03"", ""P0"": 37000.0, ""H1"": 45400.0}"
2022-03-04 08:00,5446,L,ORDER_CREATE,"{""key"": 5445, ""level"": 41522.3653, ""stop"": 40926.85, ""atr_idx"": 5445, ""atr_end_time"": 1646380799999, ""r_confirm_time"": 1646380799999}"
2022-03-04 08:00,5446,L,SIGNAL,"{""key"": 5445}"
2022-03-04 08:00,5446,L,FILL,"{""signal_id"": ""L-2022-03-04 07:59-77"", ""expected"": 41522.3653, ""entry"": 41522.3653, ""stop"": 40926.85, ""key"": 5445}"
2022-03-04 08:34,5446,L,EXIT,"{""exit_kind"": ""stop"", ""px"": 40926.85, ""frac"": 1.0, ""signal_id"": ""L-2022-03-04 07:59-77""}"
2022-03-08 00:00,5468,S,D_ARM,"{""day"": ""2022-03-07"", ""P0"": -42527.3, ""H1"": -37155.0}"
2022-03-08 00:00,5468,S,ORDER_CREATE,"{""key"": 5467, ""level"": -38862.8845, ""stop"": -39668.65, ""atr_idx"": 5467, ""atr_end_time"": 1646697599999, ""r_confirm_time"": 1646697599999}"
2022-03-08 00:00,5468,S,SIGNAL,"{""key"": 5467}"
2022-03-08 02:40,5468,S,FILL,"{""signal_id"": ""S-2022-03-07 23:59-78"", ""expected"": -38862.8845, ""entry"": -38862.8845, ""stop"": -39668.65, ""key"": 5467}"
2022-03-08 07:59,5469,S,R_CONFIRM_POS_FROZEN,"{""signal_id"": ""S-2022-03-07 23:59-78""}"
2022-03-08 19:59,5472,S,R_CONFIRM_POS_FROZEN,"{""signal_id"": ""S-2022-03-07 23:59-78""}"
2022-03-09 03:24,5474,S,EXIT,"{""exit_kind"": ""stop"", ""px"": -39668.65, ""frac"": 1.0, ""signal_id"": ""S-2022-03-07 23:59-78""}"
2022-03-14 00:00,5504,S,D_ARM,"{""day"": ""2022-03-13"", ""P0"": -42039.63, ""H1"": -37578.51}"
2022-03-14 00:00,5504,S,ORDER_CREATE,"{""key"": 5503, ""level"": -38570.661, ""stop"": -39170.4599, ""atr_idx"": 5503, ""atr_end_time"": 1647215999999, ""r_confirm_time"": 1647215999999}"
2022-03-14 00:00,5504,S,SIGNAL,"{""key"": 5503}"
2022-03-14 04:10,5505,S,FILL,"{""signal_id"": ""S-2022-03-13 23:59-79"", ""expected"": -38570.661, ""entry"": -38570.661, ""stop"": -39170.4599, ""key"": 5503}"
2022-03-14 07:59,5505,S,EXIT,"{""exit_kind"": ""stop"", ""px"": -39170.4599, ""frac"": 1.0, ""signal_id"": ""S-2022-03-13 23:59-79""}"
2022-04-13 00:00,5684,L,D_ARM,"{""day"": ""2022-04-12"", ""P0"": 39200.0, ""H1"": 42414.71}"
2022-04-13 00:00,5684,L,ORDER_CREATE,"{""key"": 5683, ""level"": 39627.8484, ""stop"": 39113.4067, ""atr_idx"": 5683, ""atr_end_time"": 1649807999999, ""r_confirm_time"": 1649807999999}"
2022-04-13 00:00,5684,L,SIGNAL,"{""key"": 5683}"
2022-04-13 01:15,5684,L,FILL,"{""signal_id"": ""L-2022-04-12 23:59-80"", ""expected"": 39627.8484, ""entry"": 39627.8484, ""stop"": 39113.4067, ""key"": 5683}"
2022-04-13 07:59,5685,L,R_CONFIRM_POS_FROZEN,"{""signal_id"": ""L-2022-04-12 23:59-80""}"
2022-04-13 14:14,5687,L,EXIT,"{""exit_kind"": ""tp"", ""px"": 40656.7317, ""frac"": 0.5, ""signal_id"": ""L-2022-04-12 23:59-80""}"
2022-04-13 23:59,5689,L,R_CONFIRM_POS_FROZEN,"{""signal_id"": ""L-2022-04-12 23:59-80""}"
2022-04-14 18:54,5694,L,EXIT,"{""exit_kind"": ""stop"", ""px"": 39707.1041, ""frac"": 0.5, ""signal_id"": ""L-2022-04-12 23:59-80""}"
2022-05-03 00:00,5804,S,D_ARM,"{""day"": ""2022-05-02"", ""P0"": -40797.31, ""H1"": -37386.38}"
2022-05-03 00:00,5804,S,ORDER_CREATE,"{""key"": 5802, ""level"": -38824.3836, ""stop"": -39339.666, ""atr_idx"": 5803, ""atr_end_time"": 1651535999999, ""r_confirm_time"": 1651521599999}"
2022-05-03 00:00,5804,S,SIGNAL,"{""key"": 5802}"
2022-05-03 07:59,5805,S,R_REPLACED,"{""old_key"": 5802, ""new_key"": 5805}"
2022-05-03 07:59,5805,S,ORDER_CANCEL,"{""key"": 5802, ""reason"": ""R_REPLACED"", ""level"": -38824.3836}"
2022-05-03 08:00,5806,S,ORDER_CREATE,"{""key"": 5805, ""level"": -38643.2666, ""stop"": -39028.3348, ""atr_idx"": 5805, ""atr_end_time"": 1651564799999, ""r_confirm_time"": 1651564799999}"
2022-05-03 08:00,5806,S,SIGNAL,"{""key"": 5805}"
2022-05-03 08:05,5806,S,FILL,"{""signal_id"": ""S-2022-05-03 07:59-81"", ""expected"": -38643.2666, ""entry"": -38643.2666, ""stop"": -39028.3348, ""key"": 5805}"
2022-05-03 18:09,5808,S,EXIT,"{""exit_kind"": ""tp"", ""px"": -37873.1301, ""frac"": 0.5, ""signal_id"": ""S-2022-05-03 07:59-81""}"
2022-05-04 03:59,5810,S,R_CONFIRM_POS_FROZEN,"{""signal_id"": ""S-2022-05-03 07:59-81""}"
2022-05-04 07:49,5811,S,EXIT,"{""exit_kind"": ""stop"", ""px"": -38565.98, ""frac"": 0.5, ""signal_id"": ""S-2022-05-03 07:59-81""}"
2022-05-10 00:00,5846,S,D_ARM,"{""day"": ""2022-05-09"", ""P0"": -39845.51, ""H1"": -30033.33}"
2022-05-10 00:00,5846,S,ORDER_CREATE,"{""key"": 5844, ""level"": -32866.8516, ""stop"": -33890.5676, ""atr_idx"": 5845, ""atr_end_time"": 1652140799999, ""r_confirm_time"": 1652126399999}"
2022-05-10 00:00,5846,S,SIGNAL,"{""key"": 5844}"
2022-05-10 03:59,5846,S,R_REPLACED,"{""old_key"": 5844, ""new_key"": 5846}"
2022-05-10 03:59,5846,S,ORDER_CANCEL,"{""key"": 5844, ""reason"": ""R_REPLACED"", ""level"": -32866.8516}"
2022-05-10 04:00,5847,S,ORDER_CREATE,"{""key"": 5846, ""level"": -31819.6494, ""stop"": -32697.0979, ""atr_idx"": 5846, ""atr_end_time"": 1652155199999, ""r_confirm_time"": 1652155199999}"
2022-05-10 04:00,5847,S,SIGNAL,"{""key"": 5846}"
2022-05-10 05:45,5847,S,FILL,"{""signal_id"": ""S-2022-05-10 03:59-82"", ""expected"": -31819.6494, ""entry"": -31819.6494, ""stop"": -32697.0979, ""key"": 5846}"
2022-05-10 11:59,5848,S,R_CONFIRM_POS_FROZEN,"{""signal_id"": ""S-2022-05-10 03:59-82""}"
2022-05-10 19:59,5850,S,R_CONFIRM_POS_FROZEN,"{""signal_id"": ""S-2022-05-10 03:59-82""}"
2022-05-11 07:59,5853,S,R_CONFIRM_POS_FROZEN,"{""signal_id"": ""S-2022-05-10 03:59-82""}"
2022-05-11 12:44,5855,S,EXIT,"{""exit_kind"": ""tp"", ""px"": -30064.7524, ""frac"": 0.5, ""signal_id"": ""S-2022-05-10 03:59-82""}"
2022-05-11 12:44,5855,S,EXIT,"{""exit_kind"": ""tp"", ""px"": -31303.5988, ""frac"": 0.125, ""signal_id"": ""S-2022-05-10 03:59-82""}"
2022-05-11 12:49,5855,S,EXIT,"{""exit_kind"": ""tp"", ""px"": -29814.4812, ""frac"": 0.125, ""signal_id"": ""S-2022-05-10 03:59-82""}"
2022-05-11 13:49,5855,S,EXIT,"{""exit_kind"": ""stop"", ""px"": -31756.0101, ""frac"": 0.25, ""signal_id"": ""S-2022-05-10 03:59-82""}"
2022-05-12 00:00,5858,S,D_ARM,"{""day"": ""2022-05-11"", ""P0"": -34243.15, ""H1"": -27785.0}"
2022-05-12 00:00,5858,S,ORDER_CREATE,"{""key"": 5857, ""level"": -30932.4351, ""stop"": -32164.1037, ""atr_idx"": 5857, ""atr_end_time"": 1652313599999, ""r_confirm_time"": 1652313599999}"
2022-05-12 00:00,5858,S,SIGNAL,"{""key"": 5857}"
2022-05-12 07:59,5859,S,R_REPLACED,"{""old_key"": 5857, ""new_key"": 5859}"
2022-05-12 07:59,5859,S,ORDER_CANCEL,"{""key"": 5857, ""reason"": ""R_REPLACED"", ""level"": -30932.4351}"
2022-05-12 08:00,5860,S,ORDER_CREATE,"{""key"": 5859, ""level"": -29313.0602, ""stop"": -30347.771, ""atr_idx"": 5859, ""atr_end_time"": 1652342399999, ""r_confirm_time"": 1652342399999}"
2022-05-12 08:00,5860,S,SIGNAL,"{""key"": 5859}"
2022-05-12 14:55,5861,S,FILL,"{""signal_id"": ""S-2022-05-12 07:59-83"", ""expected"": -29313.0602, ""entry"": -29313.0602, ""stop"": -30347.771, ""key"": 5859}"
2022-05-12 15:59,5861,S,R_CONFIRM_POS_FROZEN,"{""signal_id"": ""S-2022-05-12 07:59-83""}"
2022-05-12 23:59,5863,S,R_CONFIRM_POS_FROZEN,"{""signal_id"": ""S-2022-05-12 07:59-83""}"
2022-05-13 03:09,5864,S,EXIT,"{""exit_kind"": ""stop"", ""px"": -30347.771, ""frac"": 1.0, ""signal_id"": ""S-2022-05-12 07:59-83""}"
2022-05-14 00:00,5870,S,D_ARM,"{""day"": ""2022-05-13"", ""P0"": -32162.59, ""H1"": -26700.0}"
2022-05-14 00:00,5870,S,ORDER_CREATE,"{""key"": 5868, ""level"": -30578.7035, ""stop"": -31165.8178, ""atr_idx"": 5869, ""atr_end_time"": 1652486399999, ""r_confirm_time"": 1652471999999}"
2022-05-14 00:00,5870,S,SIGNAL,"{""key"": 5868}"
2022-05-14 23:59,5875,S,R_REPLACED,"{""old_key"": 5868, ""new_key"": 5875}"
2022-05-14 23:59,5875,S,ORDER_CANCEL,"{""key"": 5868, ""reason"": ""R_REPLACED"", ""level"": -30578.7035}"
2022-05-15 00:00,5876,S,D_DISARM,"{""day"": ""2022-05-14"", ""P0"": -32162.59, ""H1"": -26700.0}"
2022-05-31 00:00,5972,L,D_ARM,"{""day"": ""2022-05-30"", ""P0"": 28019.56, ""H1"": 32222.0}"
2022-05-31 00:00,5972,L,ORDER_CREATE,"{""key"": 5971, ""level"": 30831.6318, ""stop"": 30164.235, ""atr_idx"": 5971, ""atr_end_time"": 1653955199999, ""r_confirm_time"": 1653955199999}"
2022-05-31 00:00,5972,L,SIGNAL,"{""key"": 5971}"
2022-05-31 07:59,5973,L,R_REPLACED,"{""old_key"": 5971, ""new_key"": 5973}"
2022-05-31 07:59,5973,L,ORDER_CANCEL,"{""key"": 5971, ""reason"": ""R_REPLACED"", ""level"": 30831.6318}"
2022-05-31 08:00,5974,L,ORDER_CREATE,"{""key"": 5973, ""level"": 30936.0357, ""stop"": 30441.401, ""atr_idx"": 5973, ""atr_end_time"": 1653983999999, ""r_confirm_time"": 1653983999999}"
2022-05-31 08:00,5974,L,SIGNAL,"{""key"": 5973}"
2022-05-31 19:59,5976,L,R_REPLACED,"{""old_key"": 5973, ""new_key"": 5976}"
2022-05-31 19:59,5976,L,ORDER_CANCEL,"{""key"": 5973, ""reason"": ""R_REPLACED"", ""level"": 30936.0357}"
2022-05-31 20:00,5977,L,ORDER_CREATE,"{""key"": 5976, ""level"": 31601.0175, ""stop"": 31128.334, ""atr_idx"": 5976, ""atr_end_time"": 1654027199999, ""r_confirm_time"": 1654027199999}"
2022-05-31 20:00,5977,L,SIGNAL,"{""key"": 5976}"
2022-05-31 20:05,5977,L,FILL,"{""signal_id"": ""L-2022-05-31 19:59-84"", ""expected"": 31601.0175, ""entry"": 31601.0175, ""stop"": 31128.334, ""key"": 5976}"
2022-06-01 14:39,5981,L,EXIT,"{""exit_kind"": ""stop"", ""px"": 31128.334, ""frac"": 1.0, ""signal_id"": ""L-2022-05-31 19:59-84""}"
2022-06-02 00:00,5984,L,D_ARM,"{""day"": ""2022-06-01"", ""P0"": 29299.62, ""H1"": 32399.0}"
2022-06-02 04:00,5985,L,ORDER_CREATE,"{""key"": 5984, ""level"": 29589.3858, ""stop"": 29212.1, ""atr_idx"": 5984, ""atr_end_time"": 1654142399999, ""r_confirm_time"": 1654142399999}"
2022-06-02 04:00,5985,L,SIGNAL,"{""key"": 5984}"
2022-06-02 11:59,5986,L,R_REPLACED,"{""old_key"": 5984, ""new_key"": 5986}"
2022-06-02 11:59,5986,L,ORDER_CANCEL,"{""key"": 5984, ""reason"": ""R_REPLACED"", ""level"": 29589.3858}"
2022-06-02 12:00,5987,L,ORDER_CREATE,"{""key"": 5986, ""level"": 29804.1374, ""stop"": 29477.4017, ""atr_idx"": 5986, ""atr_end_time"": 1654171199999, ""r_confirm_time"": 1654171199999}"
2022-06-02 12:00,5987,L,SIGNAL,"{""key"": 5986}"
2022-06-02 13:10,5987,L,FILL,"{""signal_id"": ""L-2022-06-02 11:59-85"", ""expected"": 29804.1374, ""entry"": 29804.1374, ""stop"": 29477.4017, ""key"": 5986}"
2022-06-02 19:59,5988,L,R_CONFIRM_POS_FROZEN,"{""signal_id"": ""L-2022-06-02 11:59-85""}"
2022-06-02 22:09,5989,L,EXIT,"{""exit_kind"": ""tp"", ""px"": 30457.6087, ""frac"": 0.5, ""signal_id"": ""L-2022-06-02 11:59-85""}"
2022-06-03 10:34,5992,L,EXIT,"{""exit_kind"": ""stop"", ""px"": 29863.7457, ""frac"": 0.5, ""signal_id"": ""L-2022-06-02 11:59-85""}"
2022-06-08 00:00,6020,S,D_ARM,"{""day"": ""2022-06-07"", ""P0"": -31765.64, ""H1"": -29218.96}"
2022-06-08 00:00,6020,S,ORDER_CREATE,"{""key"": 6019, ""level"": -30934.7996, ""stop"": -31523.0864, ""atr_idx"": 6019, ""atr_end_time"": 1654646399999, ""r_confirm_time"": 1654646399999}"
2022-06-08 00:00,6020,S,SIGNAL,"{""key"": 6019}"
2022-06-08 00:00,6020,S,FILL,"{""signal_id"": ""S-2022-06-07 23:59-86"", ""expected"": -30934.7996, ""entry"": -30934.7996, ""stop"": -31523.0864, ""key"": 6019}"
2022-06-08 07:59,6021,S,R_CONFIRM_POS_FROZEN,"{""signal_id"": ""S-2022-06-07 23:59-86""}"
2022-06-08 19:59,6024,S,R_CONFIRM_POS_FROZEN,"{""signal_id"": ""S-2022-06-07 23:59-86""}"
2022-06-09 15:59,6029,S,R_CONFIRM_POS_FROZEN,"{""signal_id"": ""S-2022-06-07 23:59-86""}"
2022-06-10 00:19,6032,S,EXIT,"{""exit_kind"": ""tp"", ""px"": -29758.2259, ""frac"": 0.5, ""signal_id"": ""S-2022-06-07 23:59-86""}"
2022-06-10 11:59,6034,S,R_CONFIRM_POS_FROZEN,"{""signal_id"": ""S-2022-06-07 23:59-86""}"
2022-06-10 16:29,6036,S,EXIT,"{""exit_kind"": ""tp"", ""px"": -28827.3306, ""frac"": 0.125, ""signal_id"": ""S-2022-06-07 23:59-86""}"
2022-06-10 23:59,6037,S,R_CONFIRM_POS_FROZEN,"{""signal_id"": ""S-2022-06-07 23:59-86""}"
2022-06-11 00:00,6038,S,D_ARM,"{""day"": ""2022-06-10"", ""P0"": -31589.6, ""H1"": -28850.0}"
2022-06-11 00:00,6038,S,ORDER_CREATE,"{""key"": 6037, ""level"": -29763.9531, ""stop"": -30267.9322, ""atr_idx"": 6037, ""atr_end_time"": 1654905599999, ""r_confirm_time"": 1654905599999}"
2022-06-11 00:00,6038,S,SIGNAL,"{""key"": 6037}"
2022-06-11 11:59,6040,S,R_REPLACED,"{""old_key"": 6037, ""new_key"": 6040}"
2022-06-11 11:59,6040,S,ORDER_CANCEL,"{""key"": 6037, ""reason"": ""R_REPLACED"", ""level"": -29763.9531}"
2022-06-11 11:59,6040,S,R_CONFIRM_POS_FROZEN,"{""signal_id"": ""S-2022-06-07 23:59-86""}"
2022-06-11 12:00,6041,S,ORDER_CREATE,"{""key"": 6040, ""level"": -29133.0535, ""stop"": -29516.1837, ""atr_idx"": 6040, ""atr_end_time"": 1654948799999, ""r_confirm_time"": 1654948799999}"
2022-06-11 12:00,6041,S,SIGNAL,"{""key"": 6040}"
2022-06-11 12:59,6041,S,EXIT,"{""exit_kind"": ""tp"", ""px"": -28546.833, ""frac"": 0.125, ""signal_id"": ""S-2022-06-07 23:59-86""}"
2022-06-11 16:19,6042,S,EXIT,"{""exit_kind"": ""tp"", ""px"": -28091.8035, ""frac"": 0.125, ""signal_id"": ""S-2022-06-07 23:59-86""}"
2022-06-11 19:59,6042,S,R_REPLACED,"{""old_key"": 6040, ""new_key"": 6042}"
2022-06-11 19:59,6042,S,ORDER_CANCEL,"{""key"": 6040, ""reason"": ""R_REPLACED"", ""level"": -29133.0535}"
2022-06-11 19:59,6042,S,R_CONFIRM_POS_FROZEN,"{""signal_id"": ""S-2022-06-07 23:59-86""}"
2022-06-11 20:00,6043,S,ORDER_CREATE,"{""key"": 6042, ""level"": -28947.7427, ""stop"": -29417.7894, ""atr_idx"": 6042, ""atr_end_time"": 1654977599999, ""r_confirm_time"": 1654977599999}"
2022-06-11 20:00,6043,S,SIGNAL,"{""key"": 6042}"
2022-06-12 02:44,6044,S,EXIT,"{""exit_kind"": ""tp"", ""px"": -27356.2765, ""frac"": 0.125, ""signal_id"": ""S-2022-06-07 23:59-86""}"
2022-06-12 03:59,6044,S,R_REPLACED,"{""old_key"": 6042, ""new_key"": 6044}"
2022-06-12 03:59,6044,S,ORDER_CANCEL,"{""key"": 6042, ""reason"": ""R_REPLACED"", ""level"": -28947.7427}"
2022-06-12 04:00,6045,S,ORDER_CREATE,"{""key"": 6044, ""level"": -28337.719, ""stop"": -28873.2607, ""atr_idx"": 6044, ""atr_end_time"": 1655006399999, ""r_confirm_time"": 1655006399999}"
2022-06-12 04:00,6045,S,SIGNAL,"{""key"": 6044}"
2022-06-12 11:59,6046,S,R_REPLACED,"{""old_key"": 6044, ""new_key"": 6046}"
2022-06-12 11:59,6046,S,ORDER_CANCEL,"{""key"": 6044, ""reason"": ""R_REPLACED"", ""level"": -28337.719}"
2022-06-12 12:00,6047,S,ORDER_CREATE,"{""key"": 6046, ""level"": -28122.9238, ""stop"": -28615.8909, ""atr_idx"": 6046, ""atr_end_time"": 1655035199999, ""r_confirm_time"": 1655035199999}"
2022-06-12 12:00,6047,S,SIGNAL,"{""key"": 6046}"
2022-06-12 15:15,6047,S,FILL,"{""signal_id"": ""S-2022-06-12 11:59-87"", ""expected"": -28122.9238, ""entry"": -28122.9238, ""stop"": -28615.8909, ""key"": 6046}"
2022-06-12 19:59,6048,S,R_CONFIRM_POS_FROZEN,"{""signal_id"": ""S-2022-06-12 11:59-87""}"
2022-06-12 22:04,6049,S,EXIT,"{""exit_kind"": ""tp"", ""px"": -27136.9895, ""frac"": 0.5, ""signal_id"": ""S-2022-06-12 11:59-87""}"
2022-06-12 22:04,6049,S,EXIT,"{""exit_kind"": ""tp"", ""px"": -27356.2765, ""frac"": 0.125, ""signal_id"": ""S-2022-06-12 11:59-87""}"
2022-06-13 03:59,6050,S,R_CONFIRM_POS_FROZEN,"{""signal_id"": ""S-2022-06-12 11:59-87""}"
2022-06-13 11:59,6052,S,R_CONFIRM_POS_FROZEN,"{""signal_id"": ""S-2022-06-12 11:59-87""}"
2022-06-13 19:59,6054,S,R_CONFIRM_POS_FROZEN,"{""signal_id"": ""S-2022-06-12 11:59-87""}"
2022-06-14 03:59,6056,S,R_CONFIRM_POS_FROZEN,"{""signal_id"": ""S-2022-06-12 11:59-87""}"
2022-06-14 11:59,6058,S,R_CONFIRM_POS_FROZEN,"{""signal_id"": ""S-2022-06-12 11:59-87""}"
2022-06-15 19:59,6066,S,R_CONFIRM_POS_FROZEN,"{""signal_id"": ""S-2022-06-12 11:59-87""}"
2022-06-16 00:00,6068,S,D_ARM,"{""day"": ""2022-06-15"", ""P0"": -26895.84, ""H1"": -20111.62}"
2022-06-16 03:59,6068,S,R_CONFIRM_POS_FROZEN,"{""signal_id"": ""S-2022-06-12 11:59-87""}"
2022-06-16 04:00,6069,S,ORDER_CREATE,"{""key"": 6068, ""level"": -22408.9676, ""stop"": -22868.4, ""atr_idx"": 6068, ""atr_end_time"": 1655351999999, ""r_confirm_time"": 1655351999999}"
2022-06-16 04:00,6069,S,SIGNAL,"{""key"": 6068}"
2022-06-16 11:59,6070,S,R_REPLACED,"{""old_key"": 6068, ""new_key"": 6070}"
2022-06-16 11:59,6070,S,ORDER_CANCEL,"{""key"": 6068, ""reason"": ""R_REPLACED"", ""level"": -22408.9676}"
2022-06-16 11:59,6070,S,R_CONFIRM_POS_FROZEN,"{""signal_id"": ""S-2022-06-12 11:59-87""}"
2022-06-16 12:00,6071,S,ORDER_CREATE,"{""key"": 6070, ""level"": -22425.5928, ""stop"": -23069.0, ""atr_idx"": 6070, ""atr_end_time"": 1655380799999, ""r_confirm_time"": 1655380799999}"
2022-06-16 12:00,6071,S,SIGNAL,"{""key"": 6070}"
2022-06-17 00:00,6074,S,D_DISARM,"{""day"": ""2022-06-16"", ""P0"": -26895.84, ""H1"": -20111.62}"
2022-06-17 00:00,6074,S,ORDER_CANCEL,"{""key"": 6070, ""reason"": ""D_DISARMED"", ""level"": -22425.5928}"
2022-06-17 11:59,6076,S,R_CONFIRM_POS_FROZEN,"{""signal_id"": ""S-2022-06-12 11:59-87""}"
2022-06-17 19:59,6078,S,R_CONFIRM_POS_FROZEN,"{""signal_id"": ""S-2022-06-12 11:59-87""}"
2022-06-18 15:59,6083,S,R_CONFIRM_POS_FROZEN,"{""signal_id"": ""S-2022-06-12 11:59-87""}"
2022-06-19 03:59,6086,S,R_CONFIRM_POS_FROZEN,"{""signal_id"": ""S-2022-06-12 11:59-87""}"
2022-06-19 11:59,6088,S,R_CONFIRM_POS_FROZEN,"{""signal_id"": ""S-2022-06-12 11:59-87""}"
2022-06-19 19:59,6090,S,R_CONFIRM_POS_FROZEN,"{""signal_id"": ""S-2022-06-12 11:59-87""}"
2022-06-20 03:59,6092,S,R_CONFIRM_POS_FROZEN,"{""signal_id"": ""S-2022-06-12 11:59-87""}"
2022-06-20 15:59,6095,S,R_CONFIRM_POS_FROZEN,"{""signal_id"": ""S-2022-06-12 11:59-87""}"
2022-06-20 23:59,6097,S,R_CONFIRM_POS_FROZEN,"{""signal_id"": ""S-2022-06-12 11:59-87""}"
2022-06-21 00:00,6098,S,D_ARM,"{""day"": ""2022-06-20"", ""P0"": -20815.95, ""H1"": -17960.41}"
2022-06-21 00:00,6098,S,ORDER_CREATE,"{""key"": 6097, ""level"": -20734.2266, ""stop"": -21163.1997, ""atr_idx"": 6097, ""atr_end_time"": 1655769599999, ""r_confirm_time"": 1655769599999}"
2022-06-21 00:00,6098,S,SIGNAL,"{""key"": 6097}"
2022-06-21 05:24,6099,S,V,"{""P0"": -20815.95, ""mode"": ""5M""}"
2022-06-21 05:24,6099,S,ORDER_CANCEL,"{""key"": 6097, ""reason"": ""V"", ""level"": -20734.2266}"
2022-06-21 05:25,6099,S,EXIT,"{""exit_kind"": ""v"", ""px"": -20777.0, ""frac"": 0.375, ""signal_id"": ""S-2022-06-12 11:59-87""}"
2022-07-15 00:00,6242,L,D_ARM,"{""day"": ""2022-07-14"", ""P0"": 18910.94, ""H1"": 20900.0}"
2022-07-15 00:00,6242,L,ORDER_CREATE,"{""key"": 6241, ""level"": 19966.5204, ""stop"": 19541.2, ""atr_idx"": 6241, ""atr_end_time"": 1657843199999, ""r_confirm_time"": 1657843199999}"
2022-07-15 00:00,6242,L,SIGNAL,"{""key"": 6241}"
2022-07-16 03:59,6248,L,R_REPLACED,"{""old_key"": 6241, ""new_key"": 6248}"
2022-07-16 03:59,6248,L,ORDER_CANCEL,"{""key"": 6241, ""reason"": ""R_REPLACED"", ""level"": 19966.5204}"
2022-07-16 04:00,6249,L,ORDER_CREATE,"{""key"": 6248, ""level"": 20820.6832, ""stop"": 20560.134, ""atr_idx"": 6248, ""atr_end_time"": 1657943999999, ""r_confirm_time"": 1657943999999}"
2022-07-16 04:00,6249,L,SIGNAL,"{""key"": 6248}"
2022-07-16 04:00,6249,L,SKIP_V,"{""key"": 6248}"
2022-07-16 04:00,6249,L,ORDER_CANCEL,"{""key"": 6248, ""reason"": ""SKIP_V"", ""level"": 20820.6832}"
2022-07-16 16:00,6252,L,ORDER_CREATE,"{""key"": 6251, ""level"": 20645.7961, ""stop"": 20409.587, ""atr_idx"": 6251, ""atr_end_time"": 1657987199999, ""r_confirm_time"": 1657987199999}"
2022-07-16 16:00,6252,L,SIGNAL,"{""key"": 6251}"
2022-07-17 03:59,6254,L,R_REPLACED,"{""old_key"": 6251, ""new_key"": 6254}"
2022-07-17 03:59,6254,L,ORDER_CANCEL,"{""key"": 6251, ""reason"": ""R_REPLACED"", ""level"": 20645.7961}"
2022-07-17 04:00,6255,L,ORDER_CREATE,"{""key"": 6254, ""level"": 21092.6764, ""stop"": 20837.3, ""atr_idx"": 6254, ""atr_end_time"": 1658030399999, ""r_confirm_time"": 1658030399999}"
2022-07-17 04:00,6255,L,SIGNAL,"{""key"": 6254}"
2022-07-17 14:00,6257,L,FILL,"{""signal_id"": ""L-2022-07-17 03:59-88"", ""expected"": 21092.6764, ""entry"": 21092.6764, ""stop"": 20837.3, ""key"": 6254}"
2022-07-17 17:59,6258,L,EXIT,"{""exit_kind"": ""stop"", ""px"": 20837.3, ""frac"": 1.0, ""signal_id"": ""L-2022-07-17 03:59-88""}"
2022-07-21 00:00,6278,L,D_ARM,"{""day"": ""2022-07-20"", ""P0"": 20762.45, ""H1"": 24276.74}"
2022-07-21 04:00,6279,L,ORDER_CREATE,"{""key"": 6278, ""level"": 23191.0025, ""stop"": 22843.6628, ""atr_idx"": 6278, ""atr_end_time"": 1658375999999, ""r_confirm_time"": 1658375999999}"
2022-07-21 04:00,6279,L,SIGNAL,"{""key"": 6278}"
2022-07-21 04:00,6279,L,FILL,"{""signal_id"": ""L-2022-07-21 03:59-89"", ""expected"": 23191.0025, ""entry"": 23191.0025, ""stop"": 22843.6628, ""key"": 6278}"
2022-07-21 04:04,6279,L,EXIT,"{""exit_kind"": ""stop"", ""px"": 22843.6628, ""frac"": 1.0, ""signal_id"": ""L-2022-07-21 03:59-89""}"
2022-07-29 00:00,6326,S,D_ARM,"{""day"": ""2022-07-28"", ""P0"": -23112.63, ""H1"": -21042.53}"
2022-07-29 00:04,6326,S,V,"{""P0"": -23112.63, ""mode"": ""5M""}"
2022-08-22 00:00,6470,S,D_ARM,"{""day"": ""2022-08-21"", ""P0"": -23208.67, ""H1"": -20761.9}"
2022-08-22 04:00,6471,S,ORDER_CREATE,"{""key"": 6470, ""level"": -21610.9756, ""stop"": -21870.0138, ""atr_idx"": 6470, ""atr_end_time"": 1661140799999, ""r_confirm_time"": 1661140799999}"
2022-08-22 04:00,6471,S,SIGNAL,"{""key"": 6470}"
2022-08-22 15:59,6473,S,R_REPLACED,"{""old_key"": 6470, ""new_key"": 6473}"
2022-08-22 15:59,6473,S,ORDER_CANCEL,"{""key"": 6470, ""reason"": ""R_REPLACED"", ""level"": -21610.9756}"
2022-08-22 16:00,6474,S,ORDER_CREATE,"{""key"": 6473, ""level"": -21267.75, ""stop"": -21542.3337, ""atr_idx"": 6473, ""atr_end_time"": 1661183999999, ""r_confirm_time"": 1661183999999}"
2022-08-22 16:00,6474,S,SIGNAL,"{""key"": 6473}"
2022-08-22 16:00,6474,S,FILL,"{""signal_id"": ""S-2022-08-22 15:59-90"", ""expected"": -21267.75, ""entry"": -21267.75, ""stop"": -21542.3337, ""key"": 6473}"
2022-08-22 16:04,6474,S,EXIT,"{""exit_kind"": ""stop"", ""px"": -21542.3337, ""frac"": 1.0, ""signal_id"": ""S-2022-08-22 15:59-90""}"
2022-08-30 00:00,6518,S,D_ARM,"{""day"": ""2022-08-29"", ""P0"": -21886.77, ""H1"": -19520.0}"
2022-08-30 00:00,6518,S,ORDER_CREATE,"{""key"": 6516, ""level"": -20170.2691, ""stop"": -20426.6968, ""atr_idx"": 6517, ""atr_end_time"": 1661817599999, ""r_confirm_time"": 1661803199999}"
2022-08-30 00:00,6518,S,SIGNAL,"{""key"": 6516}"
2022-08-30 00:00,6518,S,FILL,"{""signal_id"": ""S-2022-08-29 19:59-91"", ""expected"": -20170.2691, ""entry"": -20170.2691, ""stop"": -20426.6968, ""key"": 6516}"
2022-08-30 03:59,6518,S,R_CONFIRM_POS_FROZEN,"{""signal_id"": ""S-2022-08-29 19:59-91""}"
2022-08-30 04:29,6519,S,EXIT,"{""exit_kind"": ""stop"", ""px"": -20426.6968, ""frac"": 1.0, ""signal_id"": ""S-2022-08-29 19:59-91""}"
2022-09-09 00:00,6578,S,D_ARM,"{""day"": ""2022-09-08"", ""P0"": -20180.0, ""H1"": -18510.77}"
2022-09-09 04:04,6579,S,V,"{""P0"": -20180.0, ""mode"": ""5M""}"
2022-09-14 00:00,6608,L,D_ARM,"{""day"": ""2022-09-13"", ""P0"": 19291.75, ""H1"": 22799.0}"
2022-09-15 04:00,6615,L,ORDER_CREATE,"{""key"": 6614, ""level"": 19844.4738, ""stop"": 19541.2, ""atr_idx"": 6614, ""atr_end_time"": 1663214399999, ""r_confirm_time"": 1663214399999}"
2022-09-15 04:00,6615,L,SIGNAL,"{""key"": 6614}"
2022-09-15 14:35,6617,L,SKIP_V,"{""key"": 6614}"
2022-09-15 14:35,6617,L,ORDER_CANCEL,"{""key"": 6614, ""reason"": ""SKIP_V"", ""level"": 19844.4738}"
2022-09-15 20:00,6619,L,ORDER_CREATE,"{""key"": 6618, ""level"": 19685.5051, ""stop"": 19394.641, ""atr_idx"": 6618, ""atr_end_time"": 1663271999999, ""r_confirm_time"": 1663271999999}"
2022-09-15 20:00,6619,L,SIGNAL,"{""key"": 6618}"
2022-09-15 22:40,6619,L,FILL,"{""signal_id"": ""L-2022-09-15 19:59-92"", ""expected"": 19685.5051, ""entry"": 19685.5051, ""stop"": 19394.641, ""key"": 6618}"
2022-09-16 13:59,6623,L,EXIT,"{""exit_kind"": ""stop"", ""px"": 19394.641, ""frac"": 1.0, ""signal_id"": ""L-2022-09-15 19:59-92""}"
2022-09-28 00:00,6692,L,D_ARM,"{""day"": ""2022-09-27"", ""P0"": 18356.39, ""H1"": 20385.86}"
2022-09-28 08:00,6694,L,ORDER_CREATE,"{""key"": 6693, ""level"": 18697.2428, ""stop"": 18404.62, ""atr_idx"": 6693, ""atr_end_time"": 1664351999999, ""r_confirm_time"": 1664351999999}"
2022-09-28 08:00,6694,L,SIGNAL,"{""key"": 6693}"
2022-09-28 08:40,6694,L,FILL,"{""signal_id"": ""L-2022-09-28 07:59-93"", ""expected"": 18697.2428, ""entry"": 18697.2428, ""stop"": 18404.62, ""key"": 6693}"
2022-09-28 14:29,6695,L,EXIT,"{""exit_kind"": ""tp"", ""px"": 19282.4883, ""frac"": 0.5, ""signal_id"": ""L-2022-09-28 07:59-93""}"
2022-09-28 15:59,6695,L,R_CONFIRM_POS_FROZEN,"{""signal_id"": ""L-2022-09-28 07:59-93""}"
2022-09-28 23:59,6697,L,R_CONFIRM_POS_FROZEN,"{""signal_id"": ""L-2022-09-28 07:59-93""}"
2022-09-29 19:59,6702,L,R_CONFIRM_POS_FROZEN,"{""signal_id"": ""L-2022-09-28 07:59-93""}"
2022-09-30 03:59,6704,L,R_CONFIRM_POS_FROZEN,"{""signal_id"": ""L-2022-09-28 07:59-93""}"
2022-09-30 15:59,6707,L,R_CONFIRM_POS_FROZEN,"{""signal_id"": ""L-2022-09-28 07:59-93""}"
2022-09-30 23:59,6709,L,R_CONFIRM_POS_FROZEN,"{""signal_id"": ""L-2022-09-28 07:59-93""}"
2022-10-02 19:59,6720,L,R_CONFIRM_POS_FROZEN,"{""signal_id"": ""L-2022-09-28 07:59-93""}"
2022-10-03 03:59,6722,L,R_CONFIRM_POS_FROZEN,"{""signal_id"": ""L-2022-09-28 07:59-93""}"
2022-10-03 11:59,6724,L,R_CONFIRM_POS_FROZEN,"{""signal_id"": ""L-2022-09-28 07:59-93""}"
2022-10-03 23:59,6727,L,R_CONFIRM_POS_FROZEN,"{""signal_id"": ""L-2022-09-28 07:59-93""}"
2022-10-04 07:59,6729,L,R_CONFIRM_POS_FROZEN,"{""signal_id"": ""L-2022-09-28 07:59-93""}"
2022-10-04 14:04,6731,L,EXIT,"{""exit_kind"": ""tp"", ""px"": 20223.1829, ""frac"": 0.125, ""signal_id"": ""L-2022-09-28 07:59-93""}"
2022-10-04 15:59,6731,L,R_CONFIRM_POS_FROZEN,"{""signal_id"": ""L-2022-09-28 07:59-93""}"
2022-10-04 20:29,6733,L,EXIT,"{""exit_kind"": ""tp"", ""px"": 20387.8847, ""frac"": 0.125, ""signal_id"": ""L-2022-09-28 07:59-93""}"
2022-10-04 23:59,6733,L,R_CONFIRM_POS_FROZEN,"{""signal_id"": ""L-2022-09-28 07:59-93""}"
2022-10-05 19:59,6738,L,R_CONFIRM_POS_FROZEN,"{""signal_id"": ""L-2022-09-28 07:59-93""}"
2022-10-06 03:59,6740,L,R_CONFIRM_POS_FROZEN,"{""signal_id"": ""L-2022-09-28 07:59-93""}"
2022-10-06 19:59,6744,L,R_CONFIRM_POS_FROZEN,"{""signal_id"": ""L-2022-09-28 07:59-93""}"
2022-10-07 19:59,6750,L,R_CONFIRM_POS_FROZEN,"{""signal_id"": ""L-2022-09-28 07:59-93""}"
2022-10-08 03:59,6752,L,R_CONFIRM_POS_FROZEN,"{""signal_id"": ""L-2022-09-28 07:59-93""}"
2022-10-09 03:59,6758,L,R_CONFIRM_POS_FROZEN,"{""signal_id"": ""L-2022-09-28 07:59-93""}"
2022-10-09 23:59,6763,L,R_CONFIRM_POS_FROZEN,"{""signal_id"": ""L-2022-09-28 07:59-93""}"
2022-10-10 07:59,6765,L,R_CONFIRM_POS_FROZEN,"{""signal_id"": ""L-2022-09-28 07:59-93""}"
2022-10-10 15:59,6767,L,R_CONFIRM_POS_FROZEN,"{""signal_id"": ""L-2022-09-28 07:59-93""}"
2022-10-10 23:59,6769,L,R_CONFIRM_POS_FROZEN,"{""signal_id"": ""L-2022-09-28 07:59-93""}"
2022-10-11 07:59,6771,L,R_CONFIRM_POS_FROZEN,"{""signal_id"": ""L-2022-09-28 07:59-93""}"
2022-10-11 19:59,6774,L,R_CONFIRM_POS_FROZEN,"{""signal_id"": ""L-2022-09-28 07:59-93""}"
2022-10-12 03:59,6776,L,R_CONFIRM_POS_FROZEN,"{""signal_id"": ""L-2022-09-28 07:59-93""}"
2022-10-12 19:59,6780,L,R_CONFIRM_POS_FROZEN,"{""signal_id"": ""L-2022-09-28 07:59-93""}"
2022-10-13 10:29,6784,L,EXIT,"{""exit_kind"": ""stop"", ""px"": 18734.6372, ""frac"": 0.25, ""signal_id"": ""L-2022-09-28 07:59-93""}"
2022-11-22 00:00,7022,S,D_ARM,"{""day"": ""2022-11-21"", ""P0"": -17190.0, ""H1"": -15476.0}"
2022-11-22 00:00,7022,S,ORDER_CREATE,"{""key"": 7020, ""level"": -16055.2413, ""stop"": -16321.819, ""atr_idx"": 7021, ""atr_end_time"": 1669075199999, ""r_confirm_time"": 1669060799999}"
2022-11-22 00:00,7022,S,SIGNAL,"{""key"": 7020}"
2022-11-22 03:59,7022,S,R_REPLACED,"{""old_key"": 7020, ""new_key"": 7022}"
2022-11-22 03:59,7022,S,ORDER_CANCEL,"{""key"": 7020, ""reason"": ""R_REPLACED"", ""level"": -16055.2413}"
2022-11-22 04:00,7023,S,ORDER_CREATE,"{""key"": 7022, ""level"": -15921.3064, ""stop"": -16180.0951, ""atr_idx"": 7022, ""atr_end_time"": 1669089599999, ""r_confirm_time"": 1669089599999}"
2022-11-22 04:00,7023,S,SIGNAL,"{""key"": 7022}"
2022-11-22 11:59,7024,S,R_REPLACED,"{""old_key"": 7022, ""new_key"": 7024}"
2022-11-22 11:59,7024,S,ORDER_CANCEL,"{""key"": 7022, ""reason"": ""R_REPLACED"", ""level"": -15921.3064}"
2022-11-22 12:00,7025,S,ORDER_CREATE,"{""key"": 7024, ""level"": -15829.8384, ""stop"": -16007.88, ""atr_idx"": 7024, ""atr_end_time"": 1669118399999, ""r_confirm_time"": 1669118399999}"
2022-11-22 12:00,7025,S,SIGNAL,"{""key"": 7024}"
2022-11-22 12:15,7025,S,FILL,"{""signal_id"": ""S-2022-11-22 11:59-94"", ""expected"": -15829.8384, ""entry"": -15829.8384, ""stop"": -16007.88, ""key"": 7024}"
2022-11-22 13:14,7025,S,EXIT,"{""exit_kind"": ""stop"", ""px"": -16007.88, ""frac"": 1.0, ""signal_id"": ""S-2022-11-22 11:59-94""}"
2023-01-12 00:00,7328,L,D_ARM,"{""day"": ""2023-01-11"", ""P0"": 16256.3, ""H1"": 18000.0}"
2023-01-12 00:00,7328,L,ORDER_CREATE,"{""key"": 7326, ""level"": 17416.1943, ""stop"": 17254.4808, ""atr_idx"": 7327, ""atr_end_time"": 1673481599999, ""r_confirm_time"": 1673467199999}"
2023-01-12 00:00,7328,L,SIGNAL,"{""key"": 7326}"
2023-01-12 03:59,7328,L,R_REPLACED,"{""old_key"": 7326, ""new_key"": 7328}"
2023-01-12 03:59,7328,L,ORDER_CANCEL,"{""key"": 7326, ""reason"": ""R_REPLACED"", ""level"": 17416.1943}"
2023-01-12 04:00,7329,L,ORDER_CREATE,"{""key"": 7328, ""level"": 17627.8345, ""stop"": 17268.3391, ""atr_idx"": 7328, ""atr_end_time"": 1673495999999, ""r_confirm_time"": 1673495999999}"
2023-01-12 04:00,7329,L,SIGNAL,"{""key"": 7328}"
2023-01-12 11:59,7330,L,R_REPLACED,"{""old_key"": 7328, ""new_key"": 7330}"
2023-01-12 11:59,7330,L,ORDER_CANCEL,"{""key"": 7328, ""reason"": ""R_REPLACED"", ""level"": 17627.8345}"
2023-01-12 12:00,7331,L,ORDER_CREATE,"{""key"": 7330, ""level"": 18034.3629, ""stop"": 17848.6928, ""atr_idx"": 7330, ""atr_end_time"": 1673524799999, ""r_confirm_time"": 1673524799999}"
2023-01-12 12:00,7331,L,SIGNAL,"{""key"": 7330}"
2023-01-12 13:30,7331,L,FILL,"{""signal_id"": ""L-2023-01-12 11:59-95"", ""expected"": 18034.3629, ""entry"": 18034.3629, ""stop"": 17848.6928, ""key"": 7330}"
2023-01-12 17:39,7332,L,EXIT,"{""exit_kind"": ""tp"", ""px"": 18405.703, ""frac"": 0.5, ""signal_id"": ""L-2023-01-12 11:59-95""}"
2023-01-12 19:59,7332,L,R_CONFIRM_POS_FROZEN,"{""signal_id"": ""L-2023-01-12 11:59-95""}"
2023-01-13 03:59,7334,L,R_CONFIRM_POS_FROZEN,"{""signal_id"": ""L-2023-01-12 11:59-95""}"
2023-01-13 11:59,7336,L,R_CONFIRM_POS_FROZEN,"{""signal_id"": ""L-2023-01-12 11:59-95""}"
2023-01-13 23:59,7339,L,R_CONFIRM_POS_FROZEN,"{""signal_id"": ""L-2023-01-12 11:59-95""}"
2023-01-14 07:59,7341,L,R_CONFIRM_POS_FROZEN,"{""signal_id"": ""L-2023-01-12 11:59-95""}"
2023-01-14 15:59,7343,L,R_CONFIRM_POS_FROZEN,"{""signal_id"": ""L-2023-01-12 11:59-95""}"
2023-01-14 23:59,7345,L,R_CONFIRM_POS_FROZEN,"{""signal_id"": ""L-2023-01-12 11:59-95""}"
2023-01-15 19:59,7350,L,R_CONFIRM_POS_FROZEN,"{""signal_id"": ""L-2023-01-12 11:59-95""}"
2023-01-16 11:59,7354,L,R_CONFIRM_POS_FROZEN,"{""signal_id"": ""L-2023-01-12 11:59-95""}"
2023-01-16 19:59,7356,L,R_CONFIRM_POS_FROZEN,"{""signal_id"": ""L-2023-01-12 11:59-95""}"
2023-01-17 03:59,7358,L,R_CONFIRM_POS_FROZEN,"{""signal_id"": ""L-2023-01-12 11:59-95""}"
2023-01-17 11:59,7360,L,R_CONFIRM_POS_FROZEN,"{""signal_id"": ""L-2023-01-12 11:59-95""}"
2023-01-17 23:59,7363,L,R_CONFIRM_POS_FROZEN,"{""signal_id"": ""L-2023-01-12 11:59-95""}"
2023-01-18 19:59,7368,L,R_CONFIRM_POS_FROZEN,"{""signal_id"": ""L-2023-01-12 11:59-95""}"
2023-01-19 03:59,7370,L,R_CONFIRM_POS_FROZEN,"{""signal_id"": ""L-2023-01-12 11:59-95""}"
2023-01-20 03:59,7376,L,R_CONFIRM_POS_FROZEN,"{""signal_id"": ""L-2023-01-12 11:59-95""}"
2023-01-20 15:59,7379,L,R_CONFIRM_POS_FROZEN,"{""signal_id"": ""L-2023-01-12 11:59-95""}"
2023-01-21 11:59,7384,L,R_CONFIRM_POS_FROZEN,"{""signal_id"": ""L-2023-01-12 11:59-95""}"
2023-01-21 19:59,7386,L,R_CONFIRM_POS_FROZEN,"{""signal_id"": ""L-2023-01-12 11:59-95""}"
2023-01-22 03:59,7388,L,R_CONFIRM_POS_FROZEN,"{""signal_id"": ""L-2023-01-12 11:59-95""}"
2023-01-22 15:59,7391,L,R_CONFIRM_POS_FROZEN,"{""signal_id"": ""L-2023-01-12 11:59-95""}"
2023-01-23 00:00,7394,L,D_ARM,"{""day"": ""2023-01-22"", ""P0"": 20861.28, ""H1"": 23371.8}"
2023-01-23 03:59,7394,L,R_CONFIRM_POS_FROZEN,"{""signal_id"": ""L-2023-01-12 11:59-95""}"
2023-01-23 04:00,7395,L,ORDER_CREATE,"{""key"": 7394, ""level"": 22481.4229, ""stop"": 22220.139, ""atr_idx"": 7394, ""atr_end_time"": 1674446399999, ""r_confirm_time"": 1674446399999}"
2023-01-23 04:00,7395,L,SIGNAL,"{""key"": 7394}"
2023-01-23 19:59,7398,L,R_REPLACED,"{""old_key"": 7394, ""new_key"": 7398}"
2023-01-23 19:59,7398,L,ORDER_CANCEL,"{""key"": 7394, ""reason"": ""R_REPLACED"", ""level"": 22481.4229}"
2023-01-23 19:59,7398,L,R_CONFIRM_POS_FROZEN,"{""signal_id"": ""L-2023-01-12 11:59-95""}"
2023-01-23 20:00,7399,L,ORDER_CREATE,"{""key"": 7398, ""level"": 22731.5623, ""stop"": 22432.5, ""atr_idx"": 7398, ""atr_end_time"": 1674503999999, ""r_confirm_time"": 1674503999999}"
2023-01-23 20:00,7399,L,SIGNAL,"{""key"": 7398}"
2023-01-24 03:59,7400,L,R_REPLACED,"{""old_key"": 7398, ""new_key"": 7400}"
2023-01-24 03:59,7400,L,ORDER_CANCEL,"{""key"": 7398, ""reason"": ""R_REPLACED"", ""level"": 22731.5623}"
2023-01-24 03:59,7400,L,R_CONFIRM_POS_FROZEN,"{""signal_id"": ""L-2023-01-12 11:59-95""}"
2023-01-24 04:00,7401,L,ORDER_CREATE,"{""key"": 7400, ""level"": 22836.7092, ""stop"": 22585.041, ""atr_idx"": 7400, ""atr_end_time"": 1674532799999, ""r_confirm_time"": 1674532799999}"
2023-01-24 04:00,7401,L,SIGNAL,"{""key"": 7400}"
2023-01-24 19:59,7404,L,R_REPLACED,"{""old_key"": 7400, ""new_key"": 7404}"
2023-01-24 19:59,7404,L,ORDER_CANCEL,"{""key"": 7400, ""reason"": ""R_REPLACED"", ""level"": 22836.7092}"
2023-01-24 19:59,7404,L,R_CONFIRM_POS_FROZEN,"{""signal_id"": ""L-2023-01-12 11:59-95""}"
2023-01-24 20:00,7405,L,ORDER_CREATE,"{""key"": 7404, ""level"": 22842.3212, ""stop"": 22609.8663, ""atr_idx"": 7404, ""atr_end_time"": 1674590399999, ""r_confirm_time"": 1674590399999}"
2023-01-24 20:00,7405,L,SIGNAL,"{""key"": 7404}"
2023-01-24 22:29,7405,L,R_INVALID,"{""key"": 7404, ""mode"": ""5M""}"
2023-01-24 22:29,7405,L,ORDER_CANCEL,"{""key"": 7404, ""reason"": ""R_INVALID"", ""level"": 22842.3212}"
2023-01-25 03:59,7406,L,R_CONFIRM_POS_FROZEN,"{""signal_id"": ""L-2023-01-12 11:59-95""}"
2023-01-25 04:00,7407,L,ORDER_CREATE,"{""key"": 7406, ""level"": 22664.9611, ""stop"": 22382.65, ""atr_idx"": 7406, ""atr_end_time"": 1674619199999, ""r_confirm_time"": 1674619199999}"
2023-01-25 04:00,7407,L,SIGNAL,"{""key"": 7406}"
2023-01-25 11:59,7408,L,R_REPLACED,"{""old_key"": 7406, ""new_key"": 7408}"
2023-01-25 11:59,7408,L,ORDER_CANCEL,"{""key"": 7406, ""reason"": ""R_REPLACED"", ""level"": 22664.9611}"
2023-01-25 11:59,7408,L,R_CONFIRM_POS_FROZEN,"{""signal_id"": ""L-2023-01-12 11:59-95""}"
2023-01-25 12:00,7409,L,ORDER_CREATE,"{""key"": 7408, ""level"": 22485.4177, ""stop"": 22243.5685, ""atr_idx"": 7408, ""atr_end_time"": 1674647999999, ""r_confirm_time"": 1674647999999}"
2023-01-25 12:00,7409,L,SIGNAL,"{""key"": 7408}"
2023-01-25 19:59,7410,L,R_REPLACED,"{""old_key"": 7408, ""new_key"": 7410}"
2023-01-25 19:59,7410,L,ORDER_CANCEL,"{""key"": 7408, ""reason"": ""R_REPLACED"", ""level"": 22485.4177}"
2023-01-25 19:59,7410,L,R_CONFIRM_POS_FROZEN,"{""signal_id"": ""L-2023-01-12 11:59-95""}"
2023-01-25 20:00,7411,L,ORDER_CREATE,"{""key"": 7410, ""level"": 22495.9187, ""stop"": 22260.2184, ""atr_idx"": 7410, ""atr_end_time"": 1674676799999, ""r_confirm_time"": 1674676799999}"
2023-01-25 20:00,7411,L,SIGNAL,"{""key"": 7410}"
2023-01-26 07:59,7413,L,R_REPLACED,"{""old_key"": 7410, ""new_key"": 7413}"
2023-01-26 07:59,7413,L,ORDER_CANCEL,"{""key"": 7410, ""reason"": ""R_REPLACED"", ""level"": 22495.9187}"
2023-01-26 07:59,7413,L,R_CONFIRM_POS_FROZEN,"{""signal_id"": ""L-2023-01-12 11:59-95""}"
2023-01-26 08:00,7414,L,ORDER_CREATE,"{""key"": 7413, ""level"": 22938.34, ""stop"": 22675.1698, ""atr_idx"": 7413, ""atr_end_time"": 1674719999999, ""r_confirm_time"": 1674719999999}"
2023-01-26 08:00,7414,L,SIGNAL,"{""key"": 7413}"
2023-01-26 15:59,7415,L,R_REPLACED,"{""old_key"": 7413, ""new_key"": 7415}"
2023-01-26 15:59,7415,L,ORDER_CANCEL,"{""key"": 7413, ""reason"": ""R_REPLACED"", ""level"": 22938.34}"
2023-01-26 15:59,7415,L,R_CONFIRM_POS_FROZEN,"{""signal_id"": ""L-2023-01-12 11:59-95""}"
2023-01-26 16:00,7416,L,ORDER_CREATE,"{""key"": 7415, ""level"": 23006.5649, ""stop"": 22775.2686, ""atr_idx"": 7415, ""atr_end_time"": 1674748799999, ""r_confirm_time"": 1674748799999}"
2023-01-26 16:00,7416,L,SIGNAL,"{""key"": 7415}"
2023-01-27 01:39,7418,L,R_INVALID,"{""key"": 7415, ""mode"": ""5M""}"
2023-01-27 01:39,7418,L,ORDER_CANCEL,"{""key"": 7415, ""reason"": ""R_INVALID"", ""level"": 23006.5649}"
2023-01-27 07:59,7419,L,R_CONFIRM_POS_FROZEN,"{""signal_id"": ""L-2023-01-12 11:59-95""}"
2023-01-27 08:00,7420,L,ORDER_CREATE,"{""key"": 7419, ""level"": 22721.7718, ""stop"": 22449.0502, ""atr_idx"": 7419, ""atr_end_time"": 1674806399999, ""r_confirm_time"": 1674806399999}"
2023-01-27 08:00,7420,L,SIGNAL,"{""key"": 7419}"
2023-01-27 15:59,7421,L,R_REPLACED,"{""old_key"": 7419, ""new_key"": 7421}"
2023-01-27 15:59,7421,L,ORDER_CANCEL,"{""key"": 7419, ""reason"": ""R_REPLACED"", ""level"": 22721.7718}"
2023-01-27 15:59,7421,L,R_CONFIRM_POS_FROZEN,"{""signal_id"": ""L-2023-01-12 11:59-95""}"
2023-01-27 16:00,7422,L,ORDER_CREATE,"{""key"": 7421, ""level"": 22911.8207, ""stop"": 22681.75, ""atr_idx"": 7421, ""atr_end_time"": 1674835199999, ""r_confirm_time"": 1674835199999}"
2023-01-27 16:00,7422,L,SIGNAL,"{""key"": 7421}"
2023-01-29 03:59,7430,L,R_REPLACED,"{""old_key"": 7421, ""new_key"": 7430}"
2023-01-29 03:59,7430,L,ORDER_CANCEL,"{""key"": 7421, ""reason"": ""R_REPLACED"", ""level"": 22911.8207}"
2023-01-29 03:59,7430,L,R_CONFIRM_POS_FROZEN,"{""signal_id"": ""L-2023-01-12 11:59-95""}"
2023-01-29 04:00,7431,L,ORDER_CREATE,"{""key"": 7430, ""level"": 23093.0832, ""stop"": 22802.1876, ""atr_idx"": 7430, ""atr_end_time"": 1674964799999, ""r_confirm_time"": 1674964799999}"
2023-01-29 04:00,7431,L,SIGNAL,"{""key"": 7430}"
2023-01-29 11:59,7432,L,R_REPLACED,"{""old_key"": 7430, ""new_key"": 7432}"
2023-01-29 11:59,7432,L,ORDER_CANCEL,"{""key"": 7430, ""reason"": ""R_REPLACED"", ""level"": 23093.0832}"
2023-01-29 11:59,7432,L,R_CONFIRM_POS_FROZEN,"{""signal_id"": ""L-2023-01-12 11:59-95""}"
2023-01-29 12:00,7433,L,ORDER_CREATE,"{""key"": 7432, ""level"": 23200.4592, ""stop"": 22892.6155, ""atr_idx"": 7432, ""atr_end_time"": 1674993599999, ""r_confirm_time"": 1674993599999}"
2023-01-29 12:00,7433,L,SIGNAL,"{""key"": 7432}"
2023-01-29 19:59,7434,L,R_REPLACED,"{""old_key"": 7432, ""new_key"": 7434}"
2023-01-29 19:59,7434,L,ORDER_CANCEL,"{""key"": 7432, ""reason"": ""R_REPLACED"", ""level"": 23200.4592}"
2023-01-29 19:59,7434,L,R_CONFIRM_POS_FROZEN,"{""signal_id"": ""L-2023-01-12 11:59-95""}"
2023-01-29 20:00,7435,L,ORDER_CREATE,"{""key"": 7434, ""level"": 23412.5889, ""stop"": 23081.547, ""atr_idx"": 7434, ""atr_end_time"": 1675022399999, ""r_confirm_time"": 1675022399999}"
2023-01-29 20:00,7435,L,SIGNAL,"{""key"": 7434}"
2023-01-30 03:59,7436,L,R_REPLACED,"{""old_key"": 7434, ""new_key"": 7436}"
2023-01-30 03:59,7436,L,ORDER_CANCEL,"{""key"": 7434, ""reason"": ""R_REPLACED"", ""level"": 23412.5889}"
2023-01-30 03:59,7436,L,R_CONFIRM_POS_FROZEN,"{""signal_id"": ""L-2023-01-12 11:59-95""}"
2023-01-30 04:00,7437,L,ORDER_CREATE,"{""key"": 7436, ""level"": 23647.4205, ""stop"": 23403.2789, ""atr_idx"": 7436, ""atr_end_time"": 1675051199999, ""r_confirm_time"": 1675051199999}"
2023-01-30 04:00,7437,L,SIGNAL,"{""key"": 7436}"
2023-01-30 09:04,7438,L,R_INVALID,"{""key"": 7436, ""mode"": ""5M""}"
2023-01-30 09:04,7438,L,ORDER_CANCEL,"{""key"": 7436, ""reason"": ""R_INVALID"", ""level"": 23647.4205}"
2023-01-30 15:59,7439,L,R_CONFIRM_POS_FROZEN,"{""signal_id"": ""L-2023-01-12 11:59-95""}"
2023-01-30 16:00,7440,L,ORDER_CREATE,"{""key"": 7439, ""level"": 23230.3963, ""stop"": 22931.997, ""atr_idx"": 7439, ""atr_end_time"": 1675094399999, ""r_confirm_time"": 1675094399999}"
2023-01-30 16:00,7440,L,SIGNAL,"{""key"": 7439}"
2023-01-30 19:09,7440,L,R_INVALID,"{""key"": 7439, ""mode"": ""5M""}"
2023-01-30 19:09,7440,L,ORDER_CANCEL,"{""key"": 7439, ""reason"": ""R_INVALID"", ""level"": 23230.3963}"
2023-01-30 23:59,7441,L,R_CONFIRM_POS_FROZEN,"{""signal_id"": ""L-2023-01-12 11:59-95""}"
2023-01-31 00:00,7442,L,ORDER_CREATE,"{""key"": 7441, ""level"": 22820.9501, ""stop"": 22532.2, ""atr_idx"": 7441, ""atr_end_time"": 1675123199999, ""r_confirm_time"": 1675123199999}"
2023-01-31 00:00,7442,L,SIGNAL,"{""key"": 7441}"
2023-01-31 07:59,7443,L,R_REPLACED,"{""old_key"": 7441, ""new_key"": 7443}"
2023-01-31 07:59,7443,L,ORDER_CANCEL,"{""key"": 7441, ""reason"": ""R_REPLACED"", ""level"": 22820.9501}"
2023-01-31 07:59,7443,L,R_CONFIRM_POS_FROZEN,"{""signal_id"": ""L-2023-01-12 11:59-95""}"
2023-01-31 08:00,7444,L,ORDER_CREATE,"{""key"": 7443, ""level"": 22669.0124, ""stop"": 22416.7474, ""atr_idx"": 7443, ""atr_end_time"": 1675151999999, ""r_confirm_time"": 1675151999999}"
2023-01-31 08:00,7444,L,SIGNAL,"{""key"": 7443}"
2023-01-31 23:59,7447,L,R_REPLACED,"{""old_key"": 7443, ""new_key"": 7447}"
2023-01-31 23:59,7447,L,ORDER_CANCEL,"{""key"": 7443, ""reason"": ""R_REPLACED"", ""level"": 22669.0124}"
2023-01-31 23:59,7447,L,R_CONFIRM_POS_FROZEN,"{""signal_id"": ""L-2023-01-12 11:59-95""}"
2023-02-01 00:00,7448,L,ORDER_CREATE,"{""key"": 7447, ""level"": 23027.1123, ""stop"": 22774.8698, ""atr_idx"": 7447, ""atr_end_time"": 1675209599999, ""r_confirm_time"": 1675209599999}"
2023-02-01 00:00,7448,L,SIGNAL,"{""key"": 7447}"
2023-02-01 07:59,7449,L,R_REPLACED,"{""old_key"": 7447, ""new_key"": 7449}"
2023-02-01 07:59,7449,L,ORDER_CANCEL,"{""key"": 7447, ""reason"": ""R_REPLACED"", ""level"": 23027.1123}"
2023-02-01 07:59,7449,L,R_CONFIRM_POS_FROZEN,"{""signal_id"": ""L-2023-01-12 11:59-95""}"
2023-02-01 08:00,7450,L,ORDER_CREATE,"{""key"": 7449, ""level"": 22960.8698, ""stop"": 22735.588, ""atr_idx"": 7449, ""atr_end_time"": 1675238399999, ""r_confirm_time"": 1675238399999}"
2023-02-01 08:00,7450,L,SIGNAL,"{""key"": 7449}"
2023-02-01 19:34,7452,L,R_INVALID,"{""key"": 7449, ""mode"": ""5M""}"
2023-02-01 19:34,7452,L,ORDER_CANCEL,"{""key"": 7449, ""reason"": ""R_INVALID"", ""level"": 22960.8698}"
2023-02-01 23:59,7453,L,R_CONFIRM_POS_FROZEN,"{""signal_id"": ""L-2023-01-12 11:59-95""}"
2023-02-02 00:00,7454,L,ORDER_CREATE,"{""key"": 7453, ""level"": 23076.898, ""stop"": 22678.759, ""atr_idx"": 7453, ""atr_end_time"": 1675295999999, ""r_confirm_time"": 1675295999999}"
2023-02-02 00:00,7454,L,SIGNAL,"{""key"": 7453}"
2023-02-02 07:59,7455,L,R_REPLACED,"{""old_key"": 7453, ""new_key"": 7455}"
2023-02-02 07:59,7455,L,ORDER_CANCEL,"{""key"": 7453, ""reason"": ""R_REPLACED"", ""level"": 23076.898}"
2023-02-02 07:59,7455,L,R_CONFIRM_POS_FROZEN,"{""signal_id"": ""L-2023-01-12 11:59-95""}"
2023-02-02 08:00,7456,L,ORDER_CREATE,"{""key"": 7455, ""level"": 23617.5311, ""stop"": 23250.04, ""atr_idx"": 7455, ""atr_end_time"": 1675324799999, ""r_confirm_time"": 1675324799999}"
2023-02-02 08:00,7456,L,SIGNAL,"{""key"": 7455}"
2023-02-02 19:59,7458,L,R_REPLACED,"{""old_key"": 7455, ""new_key"": 7458}"
2023-02-02 19:59,7458,L,ORDER_CANCEL,"{""key"": 7455, ""reason"": ""R_REPLACED"", ""level"": 23617.5311}"
2023-02-02 19:59,7458,L,R_CONFIRM_POS_FROZEN,"{""signal_id"": ""L-2023-01-12 11:59-95""}"
2023-02-02 20:00,7459,L,ORDER_CREATE,"{""key"": 7458, ""level"": 23739.4493, ""stop"": 23449.44, ""atr_idx"": 7458, ""atr_end_time"": 1675367999999, ""r_confirm_time"": 1675367999999}"
2023-02-02 20:00,7459,L,SIGNAL,"{""key"": 7458}"
2023-02-02 21:59,7459,L,R_INVALID,"{""key"": 7458, ""mode"": ""5M""}"
2023-02-02 21:59,7459,L,ORDER_CANCEL,"{""key"": 7458, ""reason"": ""R_INVALID"", ""level"": 23739.4493}"
2023-02-03 03:59,7460,L,R_CONFIRM_POS_FROZEN,"{""signal_id"": ""L-2023-01-12 11:59-95""}"
2023-02-03 04:00,7461,L,ORDER_CREATE,"{""key"": 7460, ""level"": 23569.6635, ""stop"": 23294.905, ""atr_idx"": 7460, ""atr_end_time"": 1675396799999, ""r_confirm_time"": 1675396799999}"
2023-02-03 04:00,7461,L,SIGNAL,"{""key"": 7460}"
2023-02-03 08:14,7462,L,R_INVALID,"{""key"": 7460, ""mode"": ""5M""}"
2023-02-03 08:14,7462,L,ORDER_CANCEL,"{""key"": 7460, ""reason"": ""R_INVALID"", ""level"": 23569.6635}"
2023-02-03 15:59,7463,L,R_CONFIRM_POS_FROZEN,"{""signal_id"": ""L-2023-01-12 11:59-95""}"
2023-02-03 16:00,7464,L,ORDER_CREATE,"{""key"": 7463, ""level"": 23489.6586, ""stop"": 23258.8136, ""atr_idx"": 7463, ""atr_end_time"": 1675439999999, ""r_confirm_time"": 1675439999999}"
2023-02-03 16:00,7464,L,SIGNAL,"{""key"": 7463}"
2023-02-03 19:59,7464,L,R_INVALID,"{""key"": 7463, ""mode"": ""5M""}"
2023-02-03 19:59,7464,L,ORDER_CANCEL,"{""key"": 7463, ""reason"": ""R_INVALID"", ""level"": 23489.6586}"
2023-02-03 23:59,7465,L,R_CONFIRM_POS_FROZEN,"{""signal_id"": ""L-2023-01-12 11:59-95""}"
2023-02-04 00:00,7466,L,ORDER_CREATE,"{""key"": 7465, ""level"": 23409.5229, ""stop"": 23152.334, ""atr_idx"": 7465, ""atr_end_time"": 1675468799999, ""r_confirm_time"": 1675468799999}"
2023-02-04 00:00,7466,L,SIGNAL,"{""key"": 7465}"
2023-02-04 15:59,7469,L,R_REPLACED,"{""old_key"": 7465, ""new_key"": 7469}"
2023-02-04 15:59,7469,L,ORDER_CANCEL,"{""key"": 7465, ""reason"": ""R_REPLACED"", ""level"": 23409.5229}"
2023-02-04 15:59,7469,L,R_CONFIRM_POS_FROZEN,"{""signal_id"": ""L-2023-01-12 11:59-95""}"
2023-02-04 16:00,7470,L,ORDER_CREATE,"{""key"": 7469, ""level"": 23363.0138, ""stop"": 23131.397, ""atr_idx"": 7469, ""atr_end_time"": 1675526399999, ""r_confirm_time"": 1675526399999}"
2023-02-04 16:00,7470,L,SIGNAL,"{""key"": 7469}"
2023-02-05 07:59,7473,L,R_REPLACED,"{""old_key"": 7469, ""new_key"": 7473}"
2023-02-05 07:59,7473,L,ORDER_CANCEL,"{""key"": 7469, ""reason"": ""R_REPLACED"", ""level"": 23363.0138}"
2023-02-05 07:59,7473,L,R_CONFIRM_POS_FROZEN,"{""signal_id"": ""L-2023-01-12 11:59-95""}"
2023-02-05 19:59,7476,L,R_CONFIRM_POS_FROZEN,"{""signal_id"": ""L-2023-01-12 11:59-95""}"
2023-02-05 20:00,7477,L,ORDER_CREATE,"{""key"": 7476, ""level"": 23157.4341, ""stop"": 22931.0, ""atr_idx"": 7476, ""atr_end_time"": 1675627199999, ""r_confirm_time"": 1675627199999}"
2023-02-05 20:00,7477,L,SIGNAL,"{""key"": 7476}"
2023-02-05 20:04,7477,L,R_INVALID,"{""key"": 7476, ""mode"": ""5M""}"
2023-02-05 20:04,7477,L,ORDER_CANCEL,"{""key"": 7476, ""reason"": ""R_INVALID"", ""level"": 23157.4341}"
2023-02-06 03:59,7478,L,R_CONFIRM_POS_FROZEN,"{""signal_id"": ""L-2023-01-12 11:59-95""}"
2023-02-06 04:00,7479,L,ORDER_CREATE,"{""key"": 7478, ""level"": 22892.7809, ""stop"": 22672.777, ""atr_idx"": 7478, ""atr_end_time"": 1675655999999, ""r_confirm_time"": 1675655999999}"
2023-02-06 04:00,7479,L,SIGNAL,"{""key"": 7478}"
2023-02-06 05:29,7479,L,R_INVALID,"{""key"": 7478, ""mode"": ""5M""}"
2023-02-06 05:29,7479,L,ORDER_CANCEL,"{""key"": 7478, ""reason"": ""R_INVALID"", ""level"": 22892.7809}"
2023-02-06 11:59,7480,L,R_CONFIRM_POS_FROZEN,"{""signal_id"": ""L-2023-01-12 11:59-95""}"
2023-02-06 12:00,7481,L,ORDER_CREATE,"{""key"": 7480, ""level"": 22747.0972, ""stop"": 22532.2, ""atr_idx"": 7480, ""atr_end_time"": 1675684799999, ""r_confirm_time"": 1675684799999}"
2023-02-06 12:00,7481,L,SIGNAL,"{""key"": 7480}"
2023-02-06 23:59,7483,L,R_REPLACED,"{""old_key"": 7480, ""new_key"": 7483}"
2023-02-06 23:59,7483,L,ORDER_CANCEL,"{""key"": 7480, ""reason"": ""R_REPLACED"", ""level"": 22747.0972}"
2023-02-06 23:59,7483,L,R_CONFIRM_POS_FROZEN,"{""signal_id"": ""L-2023-01-12 11:59-95""}"
2023-02-07 00:00,7484,L,ORDER_CREATE,"{""key"": 7483, ""level"": 22903.6639, ""stop"": 22666.795, ""atr_idx"": 7483, ""atr_end_time"": 1675727999999, ""r_confirm_time"": 1675727999999}"
2023-02-07 00:00,7484,L,SIGNAL,"{""key"": 7483}"
2023-02-07 07:59,7485,L,R_REPLACED,"{""old_key"": 7483, ""new_key"": 7485}"
2023-02-07 07:59,7485,L,ORDER_CANCEL,"{""key"": 7483, ""reason"": ""R_REPLACED"", ""level"": 22903.6639}"
2023-02-07 07:59,7485,L,R_CONFIRM_POS_FROZEN,"{""signal_id"": ""L-2023-01-12 11:59-95""}"
2023-02-07 08:00,7486,L,ORDER_CREATE,"{""key"": 7485, ""level"": 22774.1633, ""stop"": 22554.2337, ""atr_idx"": 7485, ""atr_end_time"": 1675756799999, ""r_confirm_time"": 1675756799999}"
2023-02-07 08:00,7486,L,SIGNAL,"{""key"": 7485}"
2023-02-07 23:59,7489,L,R_REPLACED,"{""old_key"": 7485, ""new_key"": 7489}"
2023-02-07 23:59,7489,L,ORDER_CANCEL,"{""key"": 7485, ""reason"": ""R_REPLACED"", ""level"": 22774.1633}"
2023-02-07 23:59,7489,L,R_CONFIRM_POS_FROZEN,"{""signal_id"": ""L-2023-01-12 11:59-95""}"
2023-02-08 00:00,7490,L,ORDER_CREATE,"{""key"": 7489, ""level"": 22973.8731, ""stop"": 22693.714, ""atr_idx"": 7489, ""atr_end_time"": 1675814399999, ""r_confirm_time"": 1675814399999}"
2023-02-08 00:00,7490,L,SIGNAL,"{""key"": 7489}"
2023-02-08 07:59,7491,L,R_REPLACED,"{""old_key"": 7489, ""new_key"": 7491}"
2023-02-08 07:59,7491,L,ORDER_CANCEL,"{""key"": 7489, ""reason"": ""R_REPLACED"", ""level"": 22973.8731}"
2023-02-08 07:59,7491,L,R_CONFIRM_POS_FROZEN,"{""signal_id"": ""L-2023-01-12 11:59-95""}"
2023-02-08 08:00,7492,L,ORDER_CREATE,"{""key"": 7491, ""level"": 23194.1395, ""stop"": 22955.2271, ""atr_idx"": 7491, ""atr_end_time"": 1675843199999, ""r_confirm_time"": 1675843199999}"
2023-02-08 08:00,7492,L,SIGNAL,"{""key"": 7491}"
2023-02-08 14:34,7493,L,R_INVALID,"{""key"": 7491, ""mode"": ""5M""}"
2023-02-08 14:34,7493,L,ORDER_CANCEL,"{""key"": 7491, ""reason"": ""R_INVALID"", ""level"": 23194.1395}"
2023-02-08 19:59,7494,L,R_CONFIRM_POS_FROZEN,"{""signal_id"": ""L-2023-01-12 11:59-95""}"
2023-02-08 20:00,7495,L,ORDER_CREATE,"{""key"": 7494, ""level"": 22999.9719, ""stop"": 22781.3503, ""atr_idx"": 7494, ""atr_end_time"": 1675886399999, ""r_confirm_time"": 1675886399999}"
2023-02-08 20:00,7495,L,SIGNAL,"{""key"": 7494}"
2023-02-08 20:04,7495,L,R_INVALID,"{""key"": 7494, ""mode"": ""5M""}"
2023-02-08 20:04,7495,L,ORDER_CANCEL,"{""key"": 7494, ""reason"": ""R_INVALID"", ""level"": 22999.9719}"
2023-02-09 03:59,7496,L,R_CONFIRM_POS_FROZEN,"{""signal_id"": ""L-2023-01-12 11:59-95""}"
2023-02-09 04:00,7497,L,ORDER_CREATE,"{""key"": 7496, ""level"": 22812.5293, ""stop"": 22594.9113, ""atr_idx"": 7496, ""atr_end_time"": 1675915199999, ""r_confirm_time"": 1675915199999}"
2023-02-09 04:00,7497,L,SIGNAL,"{""key"": 7496}"
2023-02-09 04:04,7497,L,R_INVALID,"{""key"": 7496, ""mode"": ""5M""}"
2023-02-09 04:04,7497,L,ORDER_CANCEL,"{""key"": 7496, ""reason"": ""R_INVALID"", ""level"": 22812.5293}"
2023-02-09 11:59,7498,L,R_CONFIRM_POS_FROZEN,"{""signal_id"": ""L-2023-01-12 11:59-95""}"
2023-02-09 12:00,7499,L,ORDER_CREATE,"{""key"": 7498, ""level"": 22508.7005, ""stop"": 22274.0767, ""atr_idx"": 7498, ""atr_end_time"": 1675943999999, ""r_confirm_time"": 1675943999999}"
2023-02-09 12:00,7499,L,SIGNAL,"{""key"": 7498}"
2023-02-09 19:24,7500,L,R_INVALID,"{""key"": 7498, ""mode"": ""5M""}"
2023-02-09 19:24,7500,L,ORDER_CANCEL,"{""key"": 7498, ""reason"": ""R_INVALID"", ""level"": 22508.7005}"
2023-02-09 23:59,7501,L,R_CONFIRM_POS_FROZEN,"{""signal_id"": ""L-2023-01-12 11:59-95""}"
2023-02-10 00:00,7502,L,D_DISARM,"{""day"": ""2023-02-09"", ""P0"": 20861.28, ""H1"": 23371.8}"
2023-02-10 11:59,7504,L,R_CONFIRM_POS_FROZEN,"{""signal_id"": ""L-2023-01-12 11:59-95""}"
2023-02-10 19:59,7506,L,R_CONFIRM_POS_FROZEN,"{""signal_id"": ""L-2023-01-12 11:59-95""}"
2023-02-11 00:00,7508,L,EXIT,"{""exit_kind"": ""dexit"", ""px"": 21618.6, ""frac"": 0.5, ""signal_id"": ""L-2023-01-12 11:59-95""}"
2023-02-16 00:00,7538,L,D_ARM,"{""day"": ""2023-02-15"", ""P0"": 21351.07, ""H1"": 24380.0}"
2023-02-16 00:00,7538,L,ORDER_CREATE,"{""key"": 7536, ""level"": 22442.6995, ""stop"": 22009.6723, ""atr_idx"": 7537, ""atr_end_time"": 1676505599999, ""r_confirm_time"": 1676491199999}"
2023-02-16 00:00,7538,L,SIGNAL,"{""key"": 7536}"
2023-02-16 03:59,7538,L,R_REPLACED,"{""old_key"": 7536, ""new_key"": 7538}"
2023-02-16 03:59,7538,L,ORDER_CANCEL,"{""key"": 7536, ""reason"": ""R_REPLACED"", ""level"": 22442.6995}"
2023-02-16 04:00,7539,L,ORDER_CREATE,"{""key"": 7538, ""level"": 23319.9947, ""stop"": 22661.9097, ""atr_idx"": 7538, ""atr_end_time"": 1676519999999, ""r_confirm_time"": 1676519999999}"
2023-02-16 04:00,7539,L,SIGNAL,"{""key"": 7538}"
2023-02-16 11:59,7540,L,R_REPLACED,"{""old_key"": 7538, ""new_key"": 7540}"
2023-02-16 11:59,7540,L,ORDER_CANCEL,"{""key"": 7538, ""reason"": ""R_REPLACED"", ""level"": 23319.9947}"
2023-02-16 12:00,7541,L,ORDER_CREATE,"{""key"": 7540, ""level"": 24472.9127, ""stop"": 24214.139, ""atr_idx"": 7540, ""atr_end_time"": 1676548799999, ""r_confirm_time"": 1676548799999}"
2023-02-16 12:00,7541,L,SIGNAL,"{""key"": 7540}"
2023-02-16 12:10,7541,L,FILL,"{""signal_id"": ""L-2023-02-16 11:59-96"", ""expected"": 24472.9127, ""entry"": 24472.9127, ""stop"": 24214.139, ""key"": 7540}"
2023-02-16 15:54,7541,L,EXIT,"{""exit_kind"": ""tp"", ""px"": 24990.4602, ""frac"": 0.5, ""signal_id"": ""L-2023-02-16 11:59-96""}"
2023-02-16 15:54,7541,L,EXIT,"{""exit_kind"": ""tp"", ""px"": 24688.618, ""frac"": 0.125, ""signal_id"": ""L-2023-02-16 11:59-96""}"
2023-02-16 20:29,7543,L,EXIT,"{""exit_kind"": ""stop"", ""px"": 24521.8586, ""frac"": 0.375, ""signal_id"": ""L-2023-02-16 11:59-96""}"
2023-02-18 00:00,7550,L,D_ARM,"{""day"": ""2023-02-17"", ""P0"": 22047.28, ""H1"": 25250.0}"
2023-02-18 08:00,7552,L,ORDER_CREATE,"{""key"": 7551, ""level"": 24285.0087, ""stop"": 23959.0067, ""atr_idx"": 7551, ""atr_end_time"": 1676707199999, ""r_confirm_time"": 1676707199999}"
2023-02-18 08:00,7552,L,SIGNAL,"{""key"": 7551}"
2023-02-19 15:59,7559,L,R_REPLACED,"{""old_key"": 7551, ""new_key"": 7559}"
2023-02-19 15:59,7559,L,ORDER_CANCEL,"{""key"": 7551, ""reason"": ""R_REPLACED"", ""level"": 24285.0087}"
2023-02-19 16:00,7560,L,ORDER_CREATE,"{""key"": 7559, ""level"": 24722.0491, ""stop"": 24443.1499, ""atr_idx"": 7559, ""atr_end_time"": 1676822399999, ""r_confirm_time"": 1676822399999}"
2023-02-19 16:00,7560,L,SIGNAL,"{""key"": 7559}"
2023-02-19 16:50,7560,L,FILL,"{""signal_id"": ""L-2023-02-19 15:59-97"", ""expected"": 24722.0491, ""entry"": 24722.0491, ""stop"": 24443.1499, ""key"": 7559}"
2023-02-19 17:09,7560,L,EXIT,"{""exit_kind"": ""stop"", ""px"": 24443.1499, ""frac"": 1.0, ""signal_id"": ""L-2023-02-19 15:59-97""}"
2023-03-12 00:00,7682,S,D_ARM,"{""day"": ""2023-03-11"", ""P0"": -21834.99, ""H1"": -19549.09}"
2023-03-12 22:24,7687,S,V,"{""P0"": -21834.99, ""mode"": ""5M""}"
2023-03-15 00:00,7700,L,D_ARM,"{""day"": ""2023-03-14"", ""P0"": 20270.6, ""H1"": 26386.87}"
2023-03-15 00:00,7700,L,ORDER_CREATE,"{""key"": 7699, ""level"": 24721.6162, ""stop"": 24149.334, ""atr_idx"": 7699, ""atr_end_time"": 1678838399999, ""r_confirm_time"": 1678838399999}"
2023-03-15 00:00,7700,L,SIGNAL,"{""key"": 7699}"
2023-03-15 00:00,7700,L,SKIP_V,"{""key"": 7699}"
2023-03-15 00:00,7700,L,ORDER_CANCEL,"{""key"": 7699, ""reason"": ""SKIP_V"", ""level"": 24721.6162}"
2023-03-15 08:00,7702,L,ORDER_CREATE,"{""key"": 7701, ""level"": 24291.99, ""stop"": 23879.147, ""atr_idx"": 7701, ""atr_end_time"": 1678867199999, ""r_confirm_time"": 1678867199999}"
2023-03-15 08:00,7702,L,SIGNAL,"{""key"": 7701}"
2023-03-15 11:30,7702,L,FILL,"{""signal_id"": ""L-2023-03-15 07:59-98"", ""expected"": 24291.99, ""entry"": 24291.99, ""stop"": 23879.147, ""key"": 7701}"
2023-03-15 12:34,7703,L,EXIT,"{""exit_kind"": ""tp"", ""px"": 25117.676, ""frac"": 0.5, ""signal_id"": ""L-2023-03-15 07:59-98""}"
2023-03-15 12:34,7703,L,EXIT,"{""exit_kind"": ""tp"", ""px"": 24489.0058, ""frac"": 0.125, ""signal_id"": ""L-2023-03-15 07:59-98""}"
2023-03-15 16:09,7704,L,EXIT,"{""exit_kind"": ""stop"", ""px"": 24340.574, ""frac"": 0.375, ""signal_id"": ""L-2023-03-15 07:59-98""}"
2023-03-18 00:00,7718,L,D_ARM,"{""day"": ""2023-03-17"", ""P0"": 23896.95, ""H1"": 27756.84}"
2023-03-18 00:00,7718,L,ORDER_CREATE,"{""key"": 7716, ""level"": 26231.0879, ""stop"": 25834.7625, ""atr_idx"": 7717, ""atr_end_time"": 1679097599999, ""r_confirm_time"": 1679083199999}"
2023-03-18 00:00,7718,L,SIGNAL,"{""key"": 7716}"
2023-03-18 03:59,7718,L,R_REPLACED,"{""old_key"": 7716, ""new_key"": 7718}"
2023-03-18 03:59,7718,L,ORDER_CANCEL,"{""key"": 7716, ""reason"": ""R_REPLACED"", ""level"": 26231.0879}"
2023-03-18 04:00,7719,L,ORDER_CREATE,"{""key"": 7718, ""level"": 26686.9839, ""stop"": 26171.25, ""atr_idx"": 7718, ""atr_end_time"": 1679111999999, ""r_confirm_time"": 1679111999999}"
2023-03-18 04:00,7719,L,SIGNAL,"{""key"": 7718}"
2023-03-18 16:30,7722,L,FILL,"{""signal_id"": ""L-2023-03-18 03:59-99"", ""expected"": 26686.9839, ""entry"": 26686.9839, ""stop"": 26171.25, ""key"": 7718}"
2023-03-18 23:59,7723,L,R_CONFIRM_POS_FROZEN,"{""signal_id"": ""L-2023-03-18 03:59-99""}"
2023-03-19 15:59,7727,L,EXIT,"{""exit_kind"": ""tp"", ""px"": 27718.4517, ""frac"": 0.5, ""signal_id"": ""L-2023-03-18 03:59-99""}"
2023-03-19 15:59,7727,L,R_CONFIRM_POS_FROZEN,"{""signal_id"": ""L-2023-03-18 03:59-99""}"
2023-03-19 23:59,7729,L,R_CONFIRM_POS_FROZEN,"{""signal_id"": ""L-2023-03-18 03:59-99""}"
2023-03-20 00:00,7730,L,D_ARM,"{""day"": ""2023-03-19"", ""P0"": 24890.0, ""H1"": 28390.1}"
2023-03-20 00:00,7730,L,ORDER_CREATE,"{""key"": 7729, ""level"": 27480.6474, ""stop"": 27008.73, ""atr_idx"": 7729, ""atr_end_time"": 1679270399999, ""r_confirm_time"": 1679270399999}"
2023-03-20 00:00,7730,L,SIGNAL,"{""key"": 7729}"
2023-03-20 07:59,7731,L,R_REPLACED,"{""old_key"": 7729, ""new_key"": 7731}"
2023-03-20 07:59,7731,L,ORDER_CANCEL,"{""key"": 7729, ""reason"": ""R_REPLACED"", ""level"": 27480.6474}"
2023-03-20 07:59,7731,L,R_CONFIRM_POS_FROZEN,"{""signal_id"": ""L-2023-03-18 03:59-99""}"
2023-03-20 08:00,7732,L,ORDER_CREATE,"{""key"": 7731, ""level"": 27472.1166, ""stop"": 27039.2382, ""atr_idx"": 7731, ""atr_end_time"": 1679299199999, ""r_confirm_time"": 1679299199999}"
2023-03-20 08:00,7732,L,SIGNAL,"{""key"": 7731}"
2023-03-20 15:59,7733,L,R_REPLACED,"{""old_key"": 7731, ""new_key"": 7733}"
2023-03-20 15:59,7733,L,ORDER_CANCEL,"{""key"": 7731, ""reason"": ""R_REPLACED"", ""level"": 27472.1166}"
2023-03-20 15:59,7733,L,R_CONFIRM_POS_FROZEN,"{""signal_id"": ""L-2023-03-18 03:59-99""}"
2023-03-20 16:00,7734,L,ORDER_CREATE,"{""key"": 7733, ""level"": 27539.3662, ""stop"": 27058.58, ""atr_idx"": 7733, ""atr_end_time"": 1679327999999, ""r_confirm_time"": 1679327999999}"
2023-03-20 16:00,7734,L,SIGNAL,"{""key"": 7733}"
2023-03-20 23:59,7735,L,R_REPLACED,"{""old_key"": 7733, ""new_key"": 7735}"
2023-03-20 23:59,7735,L,ORDER_CANCEL,"{""key"": 7733, ""reason"": ""R_REPLACED"", ""level"": 27539.3662}"
2023-03-20 23:59,7735,L,R_CONFIRM_POS_FROZEN,"{""signal_id"": ""L-2023-03-18 03:59-99""}"
2023-03-21 00:00,7736,L,ORDER_CREATE,"{""key"": 7735, ""level"": 27701.5047, ""stop"": 27362.665, ""atr_idx"": 7735, ""atr_end_time"": 1679356799999, ""r_confirm_time"": 1679356799999}"
2023-03-21 00:00,7736,L,SIGNAL,"{""key"": 7735}"
2023-03-21 07:09,7737,L,R_INVALID,"{""key"": 7735, ""mode"": ""5M""}"
2023-03-21 07:09,7737,L,ORDER_CANCEL,"{""key"": 7735, ""reason"": ""R_INVALID"", ""level"": 27701.5047}"
2023-03-21 11:59,7738,L,R_CONFIRM_POS_FROZEN,"{""signal_id"": ""L-2023-03-18 03:59-99""}"
2023-03-21 12:00,7739,L,ORDER_CREATE,"{""key"": 7738, ""level"": 27579.2322, ""stop"": 27206.136, ""atr_idx"": 7738, ""atr_end_time"": 1679399999999, ""r_confirm_time"": 1679399999999}"
2023-03-21 12:00,7739,L,SIGNAL,"{""key"": 7738}"
2023-03-21 19:59,7740,L,R_REPLACED,"{""old_key"": 7738, ""new_key"": 7740}"
2023-03-21 19:59,7740,L,ORDER_CANCEL,"{""key"": 7738, ""reason"": ""R_REPLACED"", ""level"": 27579.2322}"
2023-03-21 19:59,7740,L,R_CONFIRM_POS_FROZEN,"{""signal_id"": ""L-2023-03-18 03:59-99""}"
2023-03-21 20:00,7741,L,ORDER_CREATE,"{""key"": 7740, ""level"": 27719.7004, ""stop"": 27300.3525, ""atr_idx"": 7740, ""atr_end_time"": 1679428799999, ""r_confirm_time"": 1679428799999}"
2023-03-21 20:00,7741,L,SIGNAL,"{""key"": 7740}"
2023-03-22 15:59,7745,L,R_REPLACED,"{""old_key"": 7740, ""new_key"": 7745}"
2023-03-22 15:59,7745,L,ORDER_CANCEL,"{""key"": 7740, ""reason"": ""R_REPLACED"", ""level"": 27719.7004}"
2023-03-22 15:59,7745,L,R_CONFIRM_POS_FROZEN,"{""signal_id"": ""L-2023-03-18 03:59-99""}"
2023-03-22 16:00,7746,L,ORDER_CREATE,"{""key"": 7745, ""level"": 28188.3517, ""stop"": 27818.294, ""atr_idx"": 7745, ""atr_end_time"": 1679500799999, ""r_confirm_time"": 1679500799999}"
2023-03-22 16:00,7746,L,SIGNAL,"{""key"": 7745}"
2023-03-22 18:39,7746,L,R_INVALID,"{""key"": 7745, ""mode"": ""5M""}"
2023-03-22 18:39,7746,L,ORDER_CANCEL,"{""key"": 7745, ""reason"": ""R_INVALID"", ""level"": 28188.3517}"
2023-03-22 19:54,7746,L,EXIT,"{""exit_kind"": ""stop"", ""px"": 26740.3579, ""frac"": 0.5, ""signal_id"": ""L-2023-03-18 03:59-99""}"
2023-03-23 00:00,7748,L,ORDER_CREATE,"{""key"": 7747, ""level"": 27235.0568, ""stop"": 26540.14, ""atr_idx"": 7747, ""atr_end_time"": 1679529599999, ""r_confirm_time"": 1679529599999}"
2023-03-23 00:00,7748,L,SIGNAL,"{""key"": 7747}"
2023-03-23 00:00,7748,L,FILL,"{""signal_id"": ""L-2023-03-22 23:59-100"", ""expected"": 27235.0568, ""entry"": 27235.0568, ""stop"": 26540.14, ""key"": 7747}"
2023-03-23 07:59,7749,L,R_CONFIRM_POS_FROZEN,"{""signal_id"": ""L-2023-03-22 23:59-100""}"
2023-03-23 15:19,7751,L,EXIT,"{""exit_kind"": ""tp"", ""px"": 28624.8904, ""frac"": 0.5, ""signal_id"": ""L-2023-03-22 23:59-100""}"
2023-03-23 23:59,7753,L,R_CONFIRM_POS_FROZEN,"{""signal_id"": ""L-2023-03-22 23:59-100""}"
2023-03-24 15:59,7757,L,R_CONFIRM_POS_FROZEN,"{""signal_id"": ""L-2023-03-22 23:59-100""}"
2023-03-24 21:24,7759,L,EXIT,"{""exit_kind"": ""stop"", ""px"": 27289.5269, ""frac"": 0.5, ""signal_id"": ""L-2023-03-22 23:59-100""}"
2023-03-30 00:00,7790,L,D_ARM,"{""day"": ""2023-03-29"", ""P0"": 26508.14, ""H1"": 28650.0}"
2023-03-30 00:00,7790,L,ORDER_CREATE,"{""key"": 7787, ""level"": 27727.2562, ""stop"": 27251.6989, ""atr_idx"": 7789, ""atr_end_time"": 1680134399999, ""r_confirm_time"": 1680105599999}"
2023-03-30 00:00,7790,L,SIGNAL,"{""key"": 7787}"
2023-03-30 03:59,7790,L,R_REPLACED,"{""old_key"": 7787, ""new_key"": 7790}"
2023-03-30 03:59,7790,L,ORDER_CANCEL,"{""key"": 7787, ""reason"": ""R_REPLACED"", ""level"": 27727.2562}"
2023-03-30 04:00,7791,L,ORDER_CREATE,"{""key"": 7790, ""level"": 28456.0235, ""stop"": 28035.1415, ""atr_idx"": 7790, ""atr_end_time"": 1680148799999, ""r_confirm_time"": 1680148799999}"
2023-03-30 04:00,7791,L,SIGNAL,"{""key"": 7790}"
2023-03-30 04:00,7791,L,FILL,"{""signal_id"": ""L-2023-03-30 03:59-101"", ""expected"": 28456.0235, ""entry"": 28456.0235, ""stop"": 28035.1415, ""key"": 7790}"
2023-03-30 11:59,7792,L,R_CONFIRM_POS_FROZEN,"{""signal_id"": ""L-2023-03-30 03:59-101""}"
2023-03-30 16:19,7794,L,EXIT,"{""exit_kind"": ""stop"", ""px"": 28035.1415, ""frac"": 1.0, ""signal_id"": ""L-2023-03-30 03:59-101""}"
2023-04-27 00:00,7958,L,D_ARM,"{""day"": ""2023-04-26"", ""P0"": 26942.82, ""H1"": 30036.0}"
2023-04-27 04:00,7959,L,ORDER_CREATE,"{""key"": 7958, ""level"": 27821.2942, ""stop"": 27118.4, ""atr_idx"": 7958, ""atr_end_time"": 1682567999999, ""r_confirm_time"": 1682567999999}"
2023-04-27 04:00,7959,L,SIGNAL,"{""key"": 7958}"
2023-04-27 11:59,7960,L,R_REPLACED,"{""old_key"": 7958, ""new_key"": 7960}"
2023-04-27 11:59,7960,L,ORDER_CANCEL,"{""key"": 7958, ""reason"": ""R_REPLACED"", ""level"": 27821.2942}"
2023-04-27 12:00,7961,L,ORDER_CREATE,"{""key"": 7960, ""level"": 28665.1611, ""stop"": 28280.2041, ""atr_idx"": 7960, ""atr_end_time"": 1682596799999, ""r_confirm_time"": 1682596799999}"
2023-04-27 12:00,7961,L,SIGNAL,"{""key"": 7960}"
2023-04-27 12:35,7961,L,FILL,"{""signal_id"": ""L-2023-04-27 11:59-102"", ""expected"": 28665.1611, ""entry"": 28665.1611, ""stop"": 28280.2041, ""key"": 7960}"
2023-04-27 15:24,7961,L,EXIT,"{""exit_kind"": ""tp"", ""px"": 29435.075, ""frac"": 0.5, ""signal_id"": ""L-2023-04-27 11:59-102""}"
2023-04-27 23:59,7963,L,R_CONFIRM_POS_FROZEN,"{""signal_id"": ""L-2023-04-27 11:59-102""}"
2023-04-29 03:59,7970,L,R_CONFIRM_POS_FROZEN,"{""signal_id"": ""L-2023-04-27 11:59-102""}"
2023-04-30 03:59,7976,L,R_CONFIRM_POS_FROZEN,"{""signal_id"": ""L-2023-04-27 11:59-102""}"
2023-04-30 23:59,7981,L,R_CONFIRM_POS_FROZEN,"{""signal_id"": ""L-2023-04-27 11:59-102""}"
2023-05-01 01:39,7982,L,EXIT,"{""exit_kind"": ""stop"", ""px"": 28722.4914, ""frac"": 0.5, ""signal_id"": ""L-2023-04-27 11:59-102""}"
2023-06-06 00:00,8198,S,D_ARM,"{""day"": ""2023-06-05"", ""P0"": -28447.14, ""H1"": -25388.0}"
2023-06-06 00:00,8198,S,ORDER_CREATE,"{""key"": 8197, ""level"": -26388.344, ""stop"": -26890.3297, ""atr_idx"": 8197, ""atr_end_time"": 1686009599999, ""r_confirm_time"": 1686009599999}"
2023-06-06 00:00,8198,S,SIGNAL,"{""key"": 8197}"
2023-06-06 15:59,8201,S,R_REPLACED,"{""old_key"": 8197, ""new_key"": 8201}"
2023-06-06 15:59,8201,S,ORDER_CANCEL,"{""key"": 8197, ""reason"": ""R_REPLACED"", ""level"": -26388.344}"
2023-06-06 16:00,8202,S,ORDER_CREATE,"{""key"": 8201, ""level"": -25648.1217, ""stop"": -25927.55, ""atr_idx"": 8201, ""atr_end_time"": 1686067199999, ""r_confirm_time"": 1686067199999}"
2023-06-06 16:00,8202,S,SIGNAL,"{""key"": 8201}"
2023-06-06 16:00,8202,S,FILL,"{""signal_id"": ""S-2023-06-06 15:59-103"", ""expected"": -25648.1217, ""entry"": -25648.1217, ""stop"": -25927.55, ""key"": 8201}"
2023-06-06 16:04,8202,S,EXIT,"{""exit_kind"": ""stop"", ""px"": -25927.55, ""frac"": 1.0, ""signal_id"": ""S-2023-06-06 15:59-103""}"
2023-06-15 00:00,8252,S,D_ARM,"{""day"": ""2023-06-14"", ""P0"": -27391.77, ""H1"": -24820.56}"
2023-06-15 00:00,8252,S,ORDER_CREATE,"{""key"": 8250, ""level"": -25921.8285, ""stop"": -26155.231, ""atr_idx"": 8251, ""atr_end_time"": 1686787199999, ""r_confirm_time"": 1686772799999}"
2023-06-15 00:00,8252,S,SIGNAL,"{""key"": 8250}"
2023-06-15 03:59,8252,S,R_REPLACED,"{""old_key"": 8250, ""new_key"": 8252}"
2023-06-15 03:59,8252,S,ORDER_CANCEL,"{""key"": 8250, ""reason"": ""R_REPLACED"", ""level"": -25921.8285}"
2023-06-15 04:00,8253,S,ORDER_CREATE,"{""key"": 8252, ""level"": -25714.5343, ""stop"": -26177.5979, ""atr_idx"": 8252, ""atr_end_time"": 1686801599999, ""r_confirm_time"": 1686801599999}"
2023-06-15 04:00,8253,S,SIGNAL,"{""key"": 8252}"
2023-06-15 11:59,8254,S,R_REPLACED,"{""old_key"": 8252, ""new_key"": 8254}"
2023-06-15 11:59,8254,S,ORDER_CANCEL,"{""key"": 8252, ""reason"": ""R_REPLACED"", ""level"": -25714.5343}"
2023-06-15 12:00,8255,S,ORDER_CREATE,"{""key"": 8254, ""level"": -25023.9574, ""stop"": -25274.3964, ""atr_idx"": 8254, ""atr_end_time"": 1686830399999, ""r_confirm_time"": 1686830399999}"
2023-06-15 12:00,8255,S,SIGNAL,"{""key"": 8254}"
2023-06-15 12:00,8255,S,FILL,"{""signal_id"": ""S-2023-06-15 11:59-104"", ""expected"": -25023.9574, ""entry"": -25023.9574, ""stop"": -25274.3964, ""key"": 8254}"
2023-06-15 18:54,8256,S,EXIT,"{""exit_kind"": ""stop"", ""px"": -25274.3964, ""frac"": 1.0, ""signal_id"": ""S-2023-06-15 11:59-104""}"
2023-06-24 00:00,8306,L,D_ARM,"{""day"": ""2023-06-23"", ""P0"": 28257.99, ""H1"": 31431.94}"
2023-06-24 00:00,8306,L,ORDER_CREATE,"{""key"": 8305, ""level"": 30355.1916, ""stop"": 29811.3967, ""atr_idx"": 8305, ""atr_end_time"": 1687564799999, ""r_confirm_time"": 1687564799999}"
2023-06-24 00:00,8306,L,SIGNAL,"{""key"": 8305}"
2023-06-24 15:30,8309,L,FILL,"{""signal_id"": ""L-2023-06-23 23:59-105"", ""expected"": 30355.1916, ""entry"": 30355.1916, ""stop"": 29811.3967, ""key"": 8305}"
2023-06-24 19:59,8310,L,R_CONFIRM_POS_FROZEN,"{""signal_id"": ""L-2023-06-23 23:59-105""}"
2023-06-25 03:59,8312,L,R_CONFIRM_POS_FROZEN,"{""signal_id"": ""L-2023-06-23 23:59-105""}"
2023-06-26 07:59,8319,L,R_CONFIRM_POS_FROZEN,"{""signal_id"": ""L-2023-06-23 23:59-105""}"
2023-06-26 15:59,8321,L,R_CONFIRM_POS_FROZEN,"{""signal_id"": ""L-2023-06-23 23:59-105""}"
2023-06-26 23:59,8323,L,R_CONFIRM_POS_FROZEN,"{""signal_id"": ""L-2023-06-23 23:59-105""}"
2023-06-27 19:59,8328,L,R_CONFIRM_POS_FROZEN,"{""signal_id"": ""L-2023-06-23 23:59-105""}"
2023-06-28 07:59,8331,L,R_CONFIRM_POS_FROZEN,"{""signal_id"": ""L-2023-06-23 23:59-105""}"
2023-06-28 19:34,8334,L,EXIT,"{""exit_kind"": ""stop"", ""px"": 29811.3967, ""frac"": 1.0, ""signal_id"": ""L-2023-06-23 23:59-105""}"
2023-08-24 00:00,8672,S,D_ARM,"{""day"": ""2023-08-23"", ""P0"": -28783.48, ""H1"": -25300.0}"
2023-08-24 00:00,8672,S,ORDER_CREATE,"{""key"": 8671, ""level"": -26562.6893, ""stop"": -26886.418, ""atr_idx"": 8671, ""atr_end_time"": 1692835199999, ""r_confirm_time"": 1692835199999}"
2023-08-24 00:00,8672,S,SIGNAL,"{""key"": 8671}"
2023-08-24 07:59,8673,S,R_REPLACED,"{""old_key"": 8671, ""new_key"": 8673}"
2023-08-24 07:59,8673,S,ORDER_CANCEL,"{""key"": 8671, ""reason"": ""R_REPLACED"", ""level"": -26562.6893}"
2023-08-24 08:00,8674,S,ORDER_CREATE,"{""key"": 8673, ""level"": -26545.0564, ""stop"": -26794.9444, ""atr_idx"": 8673, ""atr_end_time"": 1692863999999, ""r_confirm_time"": 1692863999999}"
2023-08-24 08:00,8674,S,SIGNAL,"{""key"": 8673}"
2023-08-24 09:05,8674,S,FILL,"{""signal_id"": ""S-2023-08-24 07:59-106"", ""expected"": -26545.0564, ""entry"": -26545.0564, ""stop"": -26794.9444, ""key"": 8673}"
2023-08-24 15:14,8675,S,EXIT,"{""exit_kind"": ""tp"", ""px"": -26045.2804, ""frac"": 0.5, ""signal_id"": ""S-2023-08-24 07:59-106""}"
2023-08-24 23:59,8677,S,R_CONFIRM_POS_FROZEN,"{""signal_id"": ""S-2023-08-24 07:59-106""}"
2023-08-25 15:59,8681,S,R_CONFIRM_POS_FROZEN,"{""signal_id"": ""S-2023-08-24 07:59-106""}"
2023-08-25 23:59,8683,S,R_CONFIRM_POS_FROZEN,"{""signal_id"": ""S-2023-08-24 07:59-106""}"
2023-08-27 03:59,8690,S,R_CONFIRM_POS_FROZEN,"{""signal_id"": ""S-2023-08-24 07:59-106""}"
2023-08-27 19:59,8694,S,R_CONFIRM_POS_FROZEN,"{""signal_id"": ""S-2023-08-24 07:59-106""}"
2023-08-28 03:59,8696,S,R_CONFIRM_POS_FROZEN,"{""signal_id"": ""S-2023-08-24 07:59-106""}"
2023-08-28 11:59,8698,S,R_CONFIRM_POS_FROZEN,"{""signal_id"": ""S-2023-08-24 07:59-106""}"
2023-08-28 19:59,8700,S,R_CONFIRM_POS_FROZEN,"{""signal_id"": ""S-2023-08-24 07:59-106""}"
2023-08-29 03:59,8702,S,R_CONFIRM_POS_FROZEN,"{""signal_id"": ""S-2023-08-24 07:59-106""}"
2023-08-29 11:59,8704,S,R_CONFIRM_POS_FROZEN,"{""signal_id"": ""S-2023-08-24 07:59-106""}"
2023-08-29 14:24,8705,S,EXIT,"{""exit_kind"": ""stop"", ""px"": -26491.9663, ""frac"": 0.5, ""signal_id"": ""S-2023-08-24 07:59-106""}"
2023-10-21 00:00,9020,L,D_ARM,"{""day"": ""2023-10-20"", ""P0"": 27112.66, ""H1"": 30207.55}"
2023-10-21 00:00,9020,L,ORDER_CREATE,"{""key"": 9018, ""level"": 29464.3302, ""stop"": 29126.7568, ""atr_idx"": 9019, ""atr_end_time"": 1697846399999, ""r_confirm_time"": 1697831999999}"
2023-10-21 00:00,9020,L,SIGNAL,"{""key"": 9018}"
2023-10-21 02:35,9020,L,FILL,"{""signal_id"": ""L-2023-10-20 19:59-107"", ""expected"": 29464.3302, ""entry"": 29464.3302, ""stop"": 29126.7568, ""key"": 9018}"
2023-10-21 03:59,9020,L,R_CONFIRM_POS_FROZEN,"{""signal_id"": ""L-2023-10-20 19:59-107""}"
2023-10-21 17:49,9024,L,EXIT,"{""exit_kind"": ""tp"", ""px"": 30139.477, ""frac"": 0.5, ""signal_id"": ""L-2023-10-20 19:59-107""}"
2023-10-22 11:59,9028,L,R_CONFIRM_POS_FROZEN,"{""signal_id"": ""L-2023-10-20 19:59-107""}"
2023-10-23 03:59,9032,L,R_CONFIRM_POS_FROZEN,"{""signal_id"": ""L-2023-10-20 19:59-107""}"
2023-10-23 11:59,9034,L,R_CONFIRM_POS_FROZEN,"{""signal_id"": ""L-2023-10-20 19:59-107""}"
2023-10-23 19:59,9036,L,R_CONFIRM_POS_FROZEN,"{""signal_id"": ""L-2023-10-20 19:59-107""}"
2023-10-24 03:59,9038,L,R_CONFIRM_POS_FROZEN,"{""signal_id"": ""L-2023-10-20 19:59-107""}"
2023-10-24 11:59,9040,L,R_CONFIRM_POS_FROZEN,"{""signal_id"": ""L-2023-10-20 19:59-107""}"
2023-10-24 19:59,9042,L,R_CONFIRM_POS_FROZEN,"{""signal_id"": ""L-2023-10-20 19:59-107""}"
2023-10-25 15:59,9047,L,R_CONFIRM_POS_FROZEN,"{""signal_id"": ""L-2023-10-20 19:59-107""}"
2023-10-26 15:59,9053,L,R_CONFIRM_POS_FROZEN,"{""signal_id"": ""L-2023-10-20 19:59-107""}"
2023-10-27 11:59,9058,L,R_CONFIRM_POS_FROZEN,"{""signal_id"": ""L-2023-10-20 19:59-107""}"
2023-10-27 23:59,9061,L,R_CONFIRM_POS_FROZEN,"{""signal_id"": ""L-2023-10-20 19:59-107""}"
2023-10-29 03:59,9068,L,R_CONFIRM_POS_FROZEN,"{""signal_id"": ""L-2023-10-20 19:59-107""}"
2023-10-29 11:59,9070,L,R_CONFIRM_POS_FROZEN,"{""signal_id"": ""L-2023-10-20 19:59-107""}"
2023-10-29 23:59,9073,L,R_CONFIRM_POS_FROZEN,"{""signal_id"": ""L-2023-10-20 19:59-107""}"
2023-10-30 07:59,9075,L,R_CONFIRM_POS_FROZEN,"{""signal_id"": ""L-2023-10-20 19:59-107""}"
2023-10-30 15:59,9077,L,R_CONFIRM_POS_FROZEN,"{""signal_id"": ""L-2023-10-20 19:59-107""}"
2023-10-30 23:59,9079,L,R_CONFIRM_POS_FROZEN,"{""signal_id"": ""L-2023-10-20 19:59-107""}"
2023-10-31 07:59,9081,L,R_CONFIRM_POS_FROZEN,"{""signal_id"": ""L-2023-10-20 19:59-107""}"
2023-10-31 15:59,9083,L,R_CONFIRM_POS_FROZEN,"{""signal_id"": ""L-2023-10-20 19:59-107""}"
2023-10-31 23:59,9085,L,R_CONFIRM_POS_FROZEN,"{""signal_id"": ""L-2023-10-20 19:59-107""}"
2023-11-01 15:59,9089,L,R_CONFIRM_POS_FROZEN,"{""signal_id"": ""L-2023-10-20 19:59-107""}"
2023-11-01 23:59,9091,L,R_CONFIRM_POS_FROZEN,"{""signal_id"": ""L-2023-10-20 19:59-107""}"
2023-11-02 07:59,9093,L,R_CONFIRM_POS_FROZEN,"{""signal_id"": ""L-2023-10-20 19:59-107""}"
2023-11-02 19:59,9096,L,R_CONFIRM_POS_FROZEN,"{""signal_id"": ""L-2023-10-20 19:59-107""}"
2023-11-03 03:59,9098,L,R_CONFIRM_POS_FROZEN,"{""signal_id"": ""L-2023-10-20 19:59-107""}"
2023-11-03 15:59,9101,L,R_CONFIRM_POS_FROZEN,"{""signal_id"": ""L-2023-10-20 19:59-107""}"
2023-11-03 23:59,9103,L,R_CONFIRM_POS_FROZEN,"{""signal_id"": ""L-2023-10-20 19:59-107""}"
2023-11-04 23:59,9109,L,R_CONFIRM_POS_FROZEN,"{""signal_id"": ""L-2023-10-20 19:59-107""}"
2023-11-05 07:59,9111,L,R_CONFIRM_POS_FROZEN,"{""signal_id"": ""L-2023-10-20 19:59-107""}"
2023-11-05 19:59,9114,L,R_CONFIRM_POS_FROZEN,"{""signal_id"": ""L-2023-10-20 19:59-107""}"
2023-11-06 03:59,9116,L,R_CONFIRM_POS_FROZEN,"{""signal_id"": ""L-2023-10-20 19:59-107""}"
2023-11-06 11:59,9118,L,R_CONFIRM_POS_FROZEN,"{""signal_id"": ""L-2023-10-20 19:59-107""}"
2023-11-06 19:59,9120,L,R_CONFIRM_POS_FROZEN,"{""signal_id"": ""L-2023-10-20 19:59-107""}"
2023-11-07 15:59,9125,L,R_CONFIRM_POS_FROZEN,"{""signal_id"": ""L-2023-10-20 19:59-107""}"
2023-11-07 23:59,9127,L,R_CONFIRM_POS_FROZEN,"{""signal_id"": ""L-2023-10-20 19:59-107""}"
2023-11-08 19:59,9132,L,R_CONFIRM_POS_FROZEN,"{""signal_id"": ""L-2023-10-20 19:59-107""}"
2023-11-09 03:59,9134,L,R_CONFIRM_POS_FROZEN,"{""signal_id"": ""L-2023-10-20 19:59-107""}"
2023-11-09 11:59,9136,L,R_CONFIRM_POS_FROZEN,"{""signal_id"": ""L-2023-10-20 19:59-107""}"
2023-11-09 23:59,9139,L,R_CONFIRM_POS_FROZEN,"{""signal_id"": ""L-2023-10-20 19:59-107""}"
2023-11-10 07:59,9141,L,R_CONFIRM_POS_FROZEN,"{""signal_id"": ""L-2023-10-20 19:59-107""}"
2023-11-10 19:59,9144,L,R_CONFIRM_POS_FROZEN,"{""signal_id"": ""L-2023-10-20 19:59-107""}"
2023-11-12 03:59,9152,L,R_CONFIRM_POS_FROZEN,"{""signal_id"": ""L-2023-10-20 19:59-107""}"
2023-11-12 11:59,9154,L,R_CONFIRM_POS_FROZEN,"{""signal_id"": ""L-2023-10-20 19:59-107""}"
2023-11-13 07:59,9159,L,R_CONFIRM_POS_FROZEN,"{""signal_id"": ""L-2023-10-20 19:59-107""}"
2023-11-13 15:59,9161,L,R_CONFIRM_POS_FROZEN,"{""signal_id"": ""L-2023-10-20 19:59-107""}"
2023-11-13 23:59,9163,L,R_CONFIRM_POS_FROZEN,"{""signal_id"": ""L-2023-10-20 19:59-107""}"
2023-11-14 07:59,9165,L,R_CONFIRM_POS_FROZEN,"{""signal_id"": ""L-2023-10-20 19:59-107""}"
2023-11-14 15:59,9167,L,R_CONFIRM_POS_FROZEN,"{""signal_id"": ""L-2023-10-20 19:59-107""}"
2023-11-14 23:59,9169,L,R_CONFIRM_POS_FROZEN,"{""signal_id"": ""L-2023-10-20 19:59-107""}"
2023-11-15 00:00,9170,L,D_ARM,"{""day"": ""2023-11-14"", ""P0"": 29883.6, ""H1"": 37972.24}"
2023-11-15 00:00,9170,L,ORDER_CREATE,"{""key"": 9169, ""level"": 35023.694, ""stop"": 34342.9611, ""atr_idx"": 9169, ""atr_end_time"": 1700006399999, ""r_confirm_time"": 1700006399999}"
2023-11-15 00:00,9170,L,SIGNAL,"{""key"": 9169}"
2023-11-15 11:59,9172,L,R_REPLACED,"{""old_key"": 9169, ""new_key"": 9172}"
2023-11-15 11:59,9172,L,ORDER_CANCEL,"{""key"": 9169, ""reason"": ""R_REPLACED"", ""level"": 35023.694}"
2023-11-15 11:59,9172,L,R_CONFIRM_POS_FROZEN,"{""signal_id"": ""L-2023-10-20 19:59-107""}"
2023-11-15 12:00,9173,L,ORDER_CREATE,"{""key"": 9172, ""level"": 35588.1154, ""stop"": 35124.31, ""atr_idx"": 9172, ""atr_end_time"": 1700049599999, ""r_confirm_time"": 1700049599999}"
2023-11-15 12:00,9173,L,SIGNAL,"{""key"": 9172}"
2023-11-15 19:59,9174,L,R_REPLACED,"{""old_key"": 9172, ""new_key"": 9174}"
2023-11-15 19:59,9174,L,ORDER_CANCEL,"{""key"": 9172, ""reason"": ""R_REPLACED"", ""level"": 35588.1154}"
2023-11-15 19:59,9174,L,R_CONFIRM_POS_FROZEN,"{""signal_id"": ""L-2023-10-20 19:59-107""}"
2023-11-15 20:00,9175,L,ORDER_CREATE,"{""key"": 9174, ""level"": 36232.8454, ""stop"": 35486.221, ""atr_idx"": 9174, ""atr_end_time"": 1700078399999, ""r_confirm_time"": 1700078399999}"
2023-11-15 20:00,9175,L,SIGNAL,"{""key"": 9174}"
2023-11-16 00:00,9176,L,D_DISARM,"{""day"": ""2023-11-15"", ""P0"": 29883.6, ""H1"": 37972.24}"
2023-11-16 00:00,9176,L,ORDER_CANCEL,"{""key"": 9174, ""reason"": ""D_DISARMED"", ""level"": 36232.8454}"
2023-11-16 03:59,9176,L,R_CONFIRM_POS_FROZEN,"{""signal_id"": ""L-2023-10-20 19:59-107""}"
2023-11-16 19:59,9180,L,R_CONFIRM_POS_FROZEN,"{""signal_id"": ""L-2023-10-20 19:59-107""}"
2023-11-17 00:00,9182,L,D_ARM,"{""day"": ""2023-11-16"", ""P0"": 34800.0, ""H1"": 37980.0}"
2023-11-17 03:59,9182,L,R_CONFIRM_POS_FROZEN,"{""signal_id"": ""L-2023-10-20 19:59-107""}"
2023-11-17 04:00,9183,L,ORDER_CREATE,"{""key"": 9182, ""level"": 35876.9156, ""stop"": 35379.6417, ""atr_idx"": 9182, ""atr_end_time"": 1700193599999, ""r_confirm_time"": 1700193599999}"
2023-11-17 04:00,9183,L,SIGNAL,"{""key"": 9182}"
2023-11-17 19:59,9186,L,R_REPLACED,"{""old_key"": 9182, ""new_key"": 9186}"
2023-11-17 19:59,9186,L,ORDER_CANCEL,"{""key"": 9182, ""reason"": ""R_REPLACED"", ""level"": 35876.9156}"
2023-11-17 19:59,9186,L,R_CONFIRM_POS_FROZEN,"{""signal_id"": ""L-2023-10-20 19:59-107""}"
2023-11-17 20:00,9187,L,ORDER_CREATE,"{""key"": 9186, ""level"": 36248.6399, ""stop"": 35760.6951, ""atr_idx"": 9186, ""atr_end_time"": 1700251199999, ""r_confirm_time"": 1700251199999}"
2023-11-17 20:00,9187,L,SIGNAL,"{""key"": 9186}"
2023-11-18 03:59,9188,L,R_REPLACED,"{""old_key"": 9186, ""new_key"": 9188}"
2023-11-18 03:59,9188,L,ORDER_CANCEL,"{""key"": 9186, ""reason"": ""R_REPLACED"", ""level"": 36248.6399}"
2023-11-18 03:59,9188,L,R_CONFIRM_POS_FROZEN,"{""signal_id"": ""L-2023-10-20 19:59-107""}"
2023-11-18 04:00,9189,L,ORDER_CREATE,"{""key"": 9188, ""level"": 36224.9879, ""stop"": 35809.3487, ""atr_idx"": 9188, ""atr_end_time"": 1700279999999, ""r_confirm_time"": 1700279999999}"
2023-11-18 04:00,9189,L,SIGNAL,"{""key"": 9188}"
2023-11-18 19:59,9192,L,R_REPLACED,"{""old_key"": 9188, ""new_key"": 9192}"
2023-11-18 19:59,9192,L,ORDER_CANCEL,"{""key"": 9188, ""reason"": ""R_REPLACED"", ""level"": 36224.9879}"
2023-11-18 19:59,9192,L,R_CONFIRM_POS_FROZEN,"{""signal_id"": ""L-2023-10-20 19:59-107""}"
2023-11-18 20:00,9193,L,ORDER_CREATE,"{""key"": 9192, ""level"": 36471.2304, ""stop"": 36087.412, ""atr_idx"": 9192, ""atr_end_time"": 1700337599999, ""r_confirm_time"": 1700337599999}"
2023-11-18 20:00,9193,L,SIGNAL,"{""key"": 9192}"
2023-11-19 19:59,9198,L,R_REPLACED,"{""old_key"": 9192, ""new_key"": 9198}"
2023-11-19 19:59,9198,L,ORDER_CANCEL,"{""key"": 9192, ""reason"": ""R_REPLACED"", ""level"": 36471.2304}"
2023-11-19 19:59,9198,L,R_CONFIRM_POS_FROZEN,"{""signal_id"": ""L-2023-10-20 19:59-107""}"
2023-11-19 20:00,9199,L,ORDER_CREATE,"{""key"": 9198, ""level"": 36635.899, ""stop"": 36270.86, ""atr_idx"": 9198, ""atr_end_time"": 1700423999999, ""r_confirm_time"": 1700423999999}"
2023-11-19 20:00,9199,L,SIGNAL,"{""key"": 9198}"
2023-11-20 03:59,9200,L,R_REPLACED,"{""old_key"": 9198, ""new_key"": 9200}"
2023-11-20 03:59,9200,L,ORDER_CANCEL,"{""key"": 9198, ""reason"": ""R_REPLACED"", ""level"": 36635.899}"
2023-11-20 03:59,9200,L,R_CONFIRM_POS_FROZEN,"{""signal_id"": ""L-2023-10-20 19:59-107""}"
2023-11-20 04:00,9201,L,ORDER_CREATE,"{""key"": 9200, ""level"": 36864.7607, ""stop"": 36405.9535, ""atr_idx"": 9200, ""atr_end_time"": 1700452799999, ""r_confirm_time"": 1700452799999}"
2023-11-20 04:00,9201,L,SIGNAL,"{""key"": 9200}"
2023-11-20 11:59,9202,L,R_REPLACED,"{""old_key"": 9200, ""new_key"": 9202}"
2023-11-20 11:59,9202,L,ORDER_CANCEL,"{""key"": 9200, ""reason"": ""R_REPLACED"", ""level"": 36864.7607}"
2023-11-20 11:59,9202,L,R_CONFIRM_POS_FROZEN,"{""signal_id"": ""L-2023-10-20 19:59-107""}"
2023-11-20 12:00,9203,L,ORDER_CREATE,"{""key"": 9202, ""level"": 37254.768, ""stop"": 36938.85, ""atr_idx"": 9202, ""atr_end_time"": 1700481599999, ""r_confirm_time"": 1700481599999}"
2023-11-20 12:00,9203,L,SIGNAL,"{""key"": 9202}"
2023-11-20 14:14,9203,L,R_INVALID,"{""key"": 9202, ""mode"": ""5M""}"
2023-11-20 14:14,9203,L,ORDER_CANCEL,"{""key"": 9202, ""reason"": ""R_INVALID"", ""level"": 37254.768}"
2023-11-20 19:59,9204,L,R_CONFIRM_POS_FROZEN,"{""signal_id"": ""L-2023-10-20 19:59-107""}"
2023-11-20 20:00,9205,L,ORDER_CREATE,"{""key"": 9204, ""level"": 36990.228, ""stop"": 36490.2, ""atr_idx"": 9204, ""atr_end_time"": 1700510399999, ""r_confirm_time"": 1700510399999}"
2023-11-20 20:00,9205,L,SIGNAL,"{""key"": 9204}"
2023-11-21 03:59,9206,L,R_REPLACED,"{""old_key"": 9204, ""new_key"": 9206}"
2023-11-21 03:59,9206,L,ORDER_CANCEL,"{""key"": 9204, ""reason"": ""R_REPLACED"", ""level"": 36990.228}"
2023-11-21 03:59,9206,L,R_CONFIRM_POS_FROZEN,"{""signal_id"": ""L-2023-10-20 19:59-107""}"
2023-11-21 04:00,9207,L,ORDER_CREATE,"{""key"": 9206, ""level"": 37102.1937, ""stop"": 36669.66, ""atr_idx"": 9206, ""atr_end_time"": 1700539199999, ""r_confirm_time"": 1700539199999}"
2023-11-21 04:00,9207,L,SIGNAL,"{""key"": 9206}"
2023-11-21 14:44,9209,L,R_INVALID,"{""key"": 9206, ""mode"": ""5M""}"
2023-11-21 14:44,9209,L,ORDER_CANCEL,"{""key"": 9206, ""reason"": ""R_INVALID"", ""level"": 37102.1937}"
2023-11-21 19:59,9210,L,R_CONFIRM_POS_FROZEN,"{""signal_id"": ""L-2023-10-20 19:59-107""}"
2023-11-21 20:00,9211,L,ORDER_CREATE,"{""key"": 9210, ""level"": 36633.0071, ""stop"": 36103.5634, ""atr_idx"": 9210, ""atr_end_time"": 1700596799999, ""r_confirm_time"": 1700596799999}"
2023-11-21 20:00,9211,L,SIGNAL,"{""key"": 9210}"
2023-11-21 23:09,9211,L,R_INVALID,"{""key"": 9210, ""mode"": ""5M""}"
2023-11-21 23:09,9211,L,ORDER_CANCEL,"{""key"": 9210, ""reason"": ""R_INVALID"", ""level"": 36633.0071}"
2023-11-22 03:59,9212,L,R_CONFIRM_POS_FROZEN,"{""signal_id"": ""L-2023-10-20 19:59-107""}"
2023-11-22 04:00,9213,L,ORDER_CREATE,"{""key"": 9212, ""level"": 36175.1208, ""stop"": 35612.84, ""atr_idx"": 9212, ""atr_end_time"": 1700625599999, ""r_confirm_time"": 1700625599999}"
2023-11-22 04:00,9213,L,SIGNAL,"{""key"": 9212}"
2023-11-22 11:59,9214,L,R_REPLACED,"{""old_key"": 9212, ""new_key"": 9214}"
2023-11-22 11:59,9214,L,ORDER_CANCEL,"{""key"": 9212, ""reason"": ""R_REPLACED"", ""level"": 36175.1208}"
2023-11-22 11:59,9214,L,R_CONFIRM_POS_FROZEN,"{""signal_id"": ""L-2023-10-20 19:59-107""}"
2023-11-22 12:00,9215,L,ORDER_CREATE,"{""key"": 9214, ""level"": 35994.0781, ""stop"": 35503.8679, ""atr_idx"": 9214, ""atr_end_time"": 1700654399999, ""r_confirm_time"": 1700654399999}"
2023-11-22 12:00,9215,L,SIGNAL,"{""key"": 9214}"
2023-11-23 03:59,9218,L,R_REPLACED,"{""old_key"": 9214, ""new_key"": 9218}"
2023-11-23 03:59,9218,L,ORDER_CANCEL,"{""key"": 9214, ""reason"": ""R_REPLACED"", ""level"": 35994.0781}"
2023-11-23 03:59,9218,L,R_CONFIRM_POS_FROZEN,"{""signal_id"": ""L-2023-10-20 19:59-107""}"
2023-11-23 04:00,9219,L,ORDER_CREATE,"{""key"": 9218, ""level"": 36837.4586, ""stop"": 36262.0864, ""atr_idx"": 9218, ""atr_end_time"": 1700711999999, ""r_confirm_time"": 1700711999999}"
2023-11-23 04:00,9219,L,SIGNAL,"{""key"": 9218}"
2023-11-23 19:59,9222,L,R_REPLACED,"{""old_key"": 9218, ""new_key"": 9222}"
2023-11-23 19:59,9222,L,ORDER_CANCEL,"{""key"": 9218, ""reason"": ""R_REPLACED"", ""level"": 36837.4586}"
2023-11-23 19:59,9222,L,R_CONFIRM_POS_FROZEN,"{""signal_id"": ""L-2023-10-20 19:59-107""}"
2023-11-23 20:00,9223,L,ORDER_CREATE,"{""key"": 9222, ""level"": 37129.866, ""stop"": 36745.7311, ""atr_idx"": 9222, ""atr_end_time"": 1700769599999, ""r_confirm_time"": 1700769599999}"
2023-11-23 20:00,9223,L,SIGNAL,"{""key"": 9222}"
2023-11-24 03:59,9224,L,R_REPLACED,"{""old_key"": 9222, ""new_key"": 9224}"
2023-11-24 03:59,9224,L,ORDER_CANCEL,"{""key"": 9222, ""reason"": ""R_REPLACED"", ""level"": 37129.866}"
2023-11-24 03:59,9224,L,R_CONFIRM_POS_FROZEN,"{""signal_id"": ""L-2023-10-20 19:59-107""}"
2023-11-24 04:00,9225,L,ORDER_CREATE,"{""key"": 9224, ""level"": 37166.1995, ""stop"": 36810.8352, ""atr_idx"": 9224, ""atr_end_time"": 1700798399999, ""r_confirm_time"": 1700798399999}"
2023-11-24 04:00,9225,L,SIGNAL,"{""key"": 9224}"
2023-11-24 19:59,9228,L,R_REPLACED,"{""old_key"": 9224, ""new_key"": 9228}"
2023-11-24 19:59,9228,L,ORDER_CANCEL,"{""key"": 9224, ""reason"": ""R_REPLACED"", ""level"": 37166.1995}"
2023-11-24 19:59,9228,L,R_CONFIRM_POS_FROZEN,"{""signal_id"": ""L-2023-10-20 19:59-107""}"
2023-11-24 20:00,9229,L,ORDER_CREATE,"{""key"": 9228, ""level"": 37775.7455, ""stop"": 37315.0181, ""atr_idx"": 9228, ""atr_end_time"": 1700855999999, ""r_confirm_time"": 1700855999999}"
2023-11-24 20:00,9229,L,SIGNAL,"{""key"": 9228}"
2023-11-25 19:59,9234,L,R_REPLACED,"{""old_key"": 9228, ""new_key"": 9234}"
2023-11-25 19:59,9234,L,ORDER_CANCEL,"{""key"": 9228, ""reason"": ""R_REPLACED"", ""level"": 37775.7455}"
2023-11-25 19:59,9234,L,R_CONFIRM_POS_FROZEN,"{""signal_id"": ""L-2023-10-20 19:59-107""}"
2023-11-25 20:00,9235,L,ORDER_CREATE,"{""key"": 9234, ""level"": 37755.9218, ""stop"": 37438.347, ""atr_idx"": 9234, ""atr_end_time"": 1700942399999, ""r_confirm_time"": 1700942399999}"
2023-11-25 20:00,9235,L,SIGNAL,"{""key"": 9234}"
2023-11-26 12:24,9239,L,R_INVALID,"{""key"": 9234, ""mode"": ""5M""}"
2023-11-26 12:24,9239,L,ORDER_CANCEL,"{""key"": 9234, ""reason"": ""R_INVALID"", ""level"": 37755.9218}"
2023-11-26 19:59,9240,L,R_CONFIRM_POS_FROZEN,"{""signal_id"": ""L-2023-10-20 19:59-107""}"
2023-11-26 20:00,9241,L,ORDER_CREATE,"{""key"": 9240, ""level"": 37459.5874, ""stop"": 37136.256, ""atr_idx"": 9240, ""atr_end_time"": 1701028799999, ""r_confirm_time"": 1701028799999}"
2023-11-26 20:00,9241,L,SIGNAL,"{""key"": 9240}"
2023-11-27 02:44,9242,L,R_INVALID,"{""key"": 9240, ""mode"": ""5M""}"
2023-11-27 02:44,9242,L,ORDER_CANCEL,"{""key"": 9240, ""reason"": ""R_INVALID"", ""level"": 37459.5874}"
2023-11-27 03:59,9242,L,R_CONFIRM_POS_FROZEN,"{""signal_id"": ""L-2023-10-20 19:59-107""}"
2023-11-27 04:00,9243,L,ORDER_CREATE,"{""key"": 9242, ""level"": 37383.8766, ""stop"": 37014.622, ""atr_idx"": 9242, ""atr_end_time"": 1701057599999, ""r_confirm_time"": 1701057599999}"
2023-11-27 04:00,9243,L,SIGNAL,"{""key"": 9242}"
2023-11-27 07:34,9243,L,R_INVALID,"{""key"": 9242, ""mode"": ""5M""}"
2023-11-27 07:34,9243,L,ORDER_CANCEL,"{""key"": 9242, ""reason"": ""R_INVALID"", ""level"": 37383.8766}"
2023-11-27 11:59,9244,L,R_CONFIRM_POS_FROZEN,"{""signal_id"": ""L-2023-10-20 19:59-107""}"
2023-11-27 12:00,9245,L,ORDER_CREATE,"{""key"": 9244, ""level"": 37223.007, ""stop"": 36893.985, ""atr_idx"": 9244, ""atr_end_time"": 1701086399999, ""r_confirm_time"": 1701086399999}"
2023-11-27 12:00,9245,L,SIGNAL,"{""key"": 9244}"
2023-11-27 12:04,9245,L,R_INVALID,"{""key"": 9244, ""mode"": ""5M""}"
2023-11-27 12:04,9245,L,ORDER_CANCEL,"{""key"": 9244, ""reason"": ""R_INVALID"", ""level"": 37223.007}"
2023-11-27 19:59,9246,L,R_CONFIRM_POS_FROZEN,"{""signal_id"": ""L-2023-10-20 19:59-107""}"
2023-11-27 20:00,9247,L,ORDER_CREATE,"{""key"": 9246, ""level"": 36934.7637, ""stop"": 36614.9247, ""atr_idx"": 9246, ""atr_end_time"": 1701115199999, ""r_confirm_time"": 1701115199999}"
2023-11-27 20:00,9247,L,SIGNAL,"{""key"": 9246}"
2023-11-28 03:59,9248,L,R_REPLACED,"{""old_key"": 9246, ""new_key"": 9248}"
2023-11-28 03:59,9248,L,ORDER_CANCEL,"{""key"": 9246, ""reason"": ""R_REPLACED"", ""level"": 36934.7637}"
2023-11-28 03:59,9248,L,R_CONFIRM_POS_FROZEN,"{""signal_id"": ""L-2023-10-20 19:59-107""}"
2023-11-28 04:00,9249,L,ORDER_CREATE,"{""key"": 9248, ""level"": 36961.1197, ""stop"": 36589.9, ""atr_idx"": 9248, ""atr_end_time"": 1701143999999, ""r_confirm_time"": 1701143999999}"
2023-11-28 04:00,9249,L,SIGNAL,"{""key"": 9248}"
2023-11-28 11:59,9250,L,R_REPLACED,"{""old_key"": 9248, ""new_key"": 9250}"
2023-11-28 11:59,9250,L,ORDER_CANCEL,"{""key"": 9248, ""reason"": ""R_REPLACED"", ""level"": 36961.1197}"
2023-11-28 11:59,9250,L,R_CONFIRM_POS_FROZEN,"{""signal_id"": ""L-2023-10-20 19:59-107""}"
2023-11-28 12:00,9251,L,ORDER_CREATE,"{""key"": 9250, ""level"": 37062.1033, ""stop"": 36745.432, ""atr_idx"": 9250, ""atr_end_time"": 1701172799999, ""r_confirm_time"": 1701172799999}"
2023-11-28 12:00,9251,L,SIGNAL,"{""key"": 9250}"
2023-11-28 20:00,9253,L,ORDER_CANCEL,"{""key"": 9250, ""reason"": ""R_CHANGED"", ""level"": 37062.1033}"
2023-11-29 03:59,9254,L,R_CONFIRM_POS_FROZEN,"{""signal_id"": ""L-2023-10-20 19:59-107""}"
2023-11-29 04:00,9255,L,ORDER_CREATE,"{""key"": 9254, ""level"": 37796.3744, ""stop"": 37389.5937, ""atr_idx"": 9254, ""atr_end_time"": 1701230399999, ""r_confirm_time"": 1701230399999}"
2023-11-29 04:00,9255,L,SIGNAL,"{""key"": 9254}"
2023-11-29 11:59,9256,L,R_REPLACED,"{""old_key"": 9254, ""new_key"": 9256}"
2023-11-29 11:59,9256,L,ORDER_CANCEL,"{""key"": 9254, ""reason"": ""R_REPLACED"", ""level"": 37796.3744}"
2023-11-29 11:59,9256,L,R_CONFIRM_POS_FROZEN,"{""signal_id"": ""L-2023-10-20 19:59-107""}"
2023-11-29 12:00,9257,L,ORDER_CREATE,"{""key"": 9256, ""level"": 37974.2669, ""stop"": 37550.2104, ""atr_idx"": 9256, ""atr_end_time"": 1701259199999, ""r_confirm_time"": 1701259199999}"
2023-11-29 12:00,9257,L,SIGNAL,"{""key"": 9256}"
2023-11-29 15:09,9257,L,R_INVALID,"{""key"": 9256, ""mode"": ""5M""}"
2023-11-29 15:09,9257,L,ORDER_CANCEL,"{""key"": 9256, ""reason"": ""R_INVALID"", ""level"": 37974.2669}"
2023-11-29 19:59,9258,L,R_CONFIRM_POS_FROZEN,"{""signal_id"": ""L-2023-10-20 19:59-107""}"
2023-11-29 20:00,9259,L,ORDER_CREATE,"{""key"": 9258, ""level"": 37838.0097, ""stop"": 37439.1446, ""atr_idx"": 9258, ""atr_end_time"": 1701287999999, ""r_confirm_time"": 1701287999999}"
2023-11-29 20:00,9259,L,SIGNAL,"{""key"": 9258}"
2023-11-30 03:59,9260,L,R_REPLACED,"{""old_key"": 9258, ""new_key"": 9260}"
2023-11-30 03:59,9260,L,ORDER_CANCEL,"{""key"": 9258, ""reason"": ""R_REPLACED"", ""level"": 37838.0097}"
2023-11-30 03:59,9260,L,R_CONFIRM_POS_FROZEN,"{""signal_id"": ""L-2023-10-20 19:59-107""}"
2023-11-30 04:00,9261,L,ORDER_CREATE,"{""key"": 9260, ""level"": 37788.3347, ""stop"": 37451.5074, ""atr_idx"": 9260, ""atr_end_time"": 1701316799999, ""r_confirm_time"": 1701316799999}"
2023-11-30 04:00,9261,L,SIGNAL,"{""key"": 9260}"
2023-11-30 14:04,9263,L,R_INVALID,"{""key"": 9260, ""mode"": ""5M""}"
2023-11-30 14:04,9263,L,ORDER_CANCEL,"{""key"": 9260, ""reason"": ""R_INVALID"", ""level"": 37788.3347}"
2023-11-30 19:59,9264,L,R_CONFIRM_POS_FROZEN,"{""signal_id"": ""L-2023-10-20 19:59-107""}"
2023-11-30 20:00,9265,L,ORDER_CREATE,"{""key"": 9264, ""level"": 37678.7193, ""stop"": 37330.5713, ""atr_idx"": 9264, ""atr_end_time"": 1701374399999, ""r_confirm_time"": 1701374399999}"
2023-11-30 20:00,9265,L,SIGNAL,"{""key"": 9264}"
2023-12-01 07:59,9267,L,R_REPLACED,"{""old_key"": 9264, ""new_key"": 9267}"
2023-12-01 07:59,9267,L,ORDER_CANCEL,"{""key"": 9264, ""reason"": ""R_REPLACED"", ""level"": 37678.7193}"
2023-12-01 07:59,9267,L,R_CONFIRM_POS_FROZEN,"{""signal_id"": ""L-2023-10-20 19:59-107""}"
2023-12-01 08:00,9268,L,ORDER_CREATE,"{""key"": 9267, ""level"": 37827.7968, ""stop"": 37407.44, ""atr_idx"": 9267, ""atr_end_time"": 1701417599999, ""r_confirm_time"": 1701417599999}"
2023-12-01 08:00,9268,L,SIGNAL,"{""key"": 9267}"
2023-12-01 19:59,9270,L,R_REPLACED,"{""old_key"": 9267, ""new_key"": 9270}"
2023-12-01 19:59,9270,L,ORDER_CANCEL,"{""key"": 9267, ""reason"": ""R_REPLACED"", ""level"": 37827.7968}"
2023-12-01 19:59,9270,L,R_CONFIRM_POS_FROZEN,"{""signal_id"": ""L-2023-10-20 19:59-107""}"
2023-12-01 20:00,9271,L,ORDER_CREATE,"{""key"": 9270, ""level"": 38505.3473, ""stop"": 38090.5844, ""atr_idx"": 9270, ""atr_end_time"": 1701460799999, ""r_confirm_time"": 1701460799999}"
2023-12-01 20:00,9271,L,SIGNAL,"{""key"": 9270}"
2023-12-02 03:59,9272,L,R_REPLACED,"{""old_key"": 9270, ""new_key"": 9272}"
2023-12-02 03:59,9272,L,ORDER_CANCEL,"{""key"": 9270, ""reason"": ""R_REPLACED"", ""level"": 38505.3473}"
2023-12-02 03:59,9272,L,R_CONFIRM_POS_FROZEN,"{""signal_id"": ""L-2023-10-20 19:59-107""}"
2023-12-02 04:00,9273,L,ORDER_CREATE,"{""key"": 9272, ""level"": 38617.6865, ""stop"": 38267.851, ""atr_idx"": 9272, ""atr_end_time"": 1701489599999, ""r_confirm_time"": 1701489599999}"
2023-12-02 04:00,9273,L,SIGNAL,"{""key"": 9272}"
2023-12-03 03:59,9278,L,R_REPLACED,"{""old_key"": 9272, ""new_key"": 9278}"
2023-12-03 03:59,9278,L,ORDER_CANCEL,"{""key"": 9272, ""reason"": ""R_REPLACED"", ""level"": 38617.6865}"
2023-12-03 03:59,9278,L,R_CONFIRM_POS_FROZEN,"{""signal_id"": ""L-2023-10-20 19:59-107""}"
2023-12-03 04:00,9279,L,ORDER_CREATE,"{""key"": 9278, ""level"": 39049.6068, ""stop"": 38572.0357, ""atr_idx"": 9278, ""atr_end_time"": 1701575999999, ""r_confirm_time"": 1701575999999}"
2023-12-03 04:00,9279,L,SIGNAL,"{""key"": 9278}"
2023-12-03 15:59,9281,L,R_REPLACED,"{""old_key"": 9278, ""new_key"": 9281}"
2023-12-03 15:59,9281,L,ORDER_CANCEL,"{""key"": 9278, ""reason"": ""R_REPLACED"", ""level"": 39049.6068}"
2023-12-03 15:59,9281,L,R_CONFIRM_POS_FROZEN,"{""signal_id"": ""L-2023-10-20 19:59-107""}"
2023-12-03 16:00,9282,L,ORDER_CREATE,"{""key"": 9281, ""level"": 39506.6583, ""stop"": 39137.4344, ""atr_idx"": 9281, ""atr_end_time"": 1701619199999, ""r_confirm_time"": 1701619199999}"
2023-12-03 16:00,9282,L,SIGNAL,"{""key"": 9281}"
2023-12-03 23:59,9283,L,R_REPLACED,"{""old_key"": 9281, ""new_key"": 9283}"
2023-12-03 23:59,9283,L,ORDER_CANCEL,"{""key"": 9281, ""reason"": ""R_REPLACED"", ""level"": 39506.6583}"
2023-12-03 23:59,9283,L,R_CONFIRM_POS_FROZEN,"{""signal_id"": ""L-2023-10-20 19:59-107""}"
2023-12-04 00:00,9284,L,ORDER_CREATE,"{""key"": 9283, ""level"": 39732.0111, ""stop"": 39248.899, ""atr_idx"": 9283, ""atr_end_time"": 1701647999999, ""r_confirm_time"": 1701647999999}"
2023-12-04 00:00,9284,L,SIGNAL,"{""key"": 9283}"
2023-12-04 07:59,9285,L,R_REPLACED,"{""old_key"": 9283, ""new_key"": 9285}"
2023-12-04 07:59,9285,L,ORDER_CANCEL,"{""key"": 9283, ""reason"": ""R_REPLACED"", ""level"": 39732.0111}"
2023-12-04 07:59,9285,L,R_CONFIRM_POS_FROZEN,"{""signal_id"": ""L-2023-10-20 19:59-107""}"
2023-12-04 08:00,9286,L,ORDER_CREATE,"{""key"": 9285, ""level"": 40192.7592, ""stop"": 39422.7758, ""atr_idx"": 9285, ""atr_end_time"": 1701676799999, ""r_confirm_time"": 1701676799999}"
2023-12-04 08:00,9286,L,SIGNAL,"{""key"": 9285}"
2023-12-04 15:59,9287,L,R_REPLACED,"{""old_key"": 9285, ""new_key"": 9287}"
2023-12-04 15:59,9287,L,ORDER_CANCEL,"{""key"": 9285, ""reason"": ""R_REPLACED"", ""level"": 40192.7592}"
2023-12-04 15:59,9287,L,R_CONFIRM_POS_FROZEN,"{""signal_id"": ""L-2023-10-20 19:59-107""}"
2023-12-04 16:00,9288,L,ORDER_CREATE,"{""key"": 9287, ""level"": 41167.2102, ""stop"": 40571.4195, ""atr_idx"": 9287, ""atr_end_time"": 1701705599999, ""r_confirm_time"": 1701705599999}"
2023-12-04 16:00,9288,L,SIGNAL,"{""key"": 9287}"
2023-12-04 23:59,9289,L,R_REPLACED,"{""old_key"": 9287, ""new_key"": 9289}"
2023-12-04 23:59,9289,L,ORDER_CANCEL,"{""key"": 9287, ""reason"": ""R_REPLACED"", ""level"": 41167.2102}"
2023-12-04 23:59,9289,L,R_CONFIRM_POS_FROZEN,"{""signal_id"": ""L-2023-10-20 19:59-107""}"
2023-12-05 00:00,9290,L,ORDER_CREATE,"{""key"": 9289, ""level"": 41555.8912, ""stop"": 40996.7397, ""atr_idx"": 9289, ""atr_end_time"": 1701734399999, ""r_confirm_time"": 1701734399999}"
2023-12-05 00:00,9290,L,SIGNAL,"{""key"": 9289}"
2023-12-05 15:59,9293,L,R_REPLACED,"{""old_key"": 9289, ""new_key"": 9293}"
2023-12-05 15:59,9293,L,ORDER_CANCEL,"{""key"": 9289, ""reason"": ""R_REPLACED"", ""level"": 41555.8912}"
2023-12-05 15:59,9293,L,R_CONFIRM_POS_FROZEN,"{""signal_id"": ""L-2023-10-20 19:59-107""}"
2023-12-05 16:00,9294,L,ORDER_CREATE,"{""key"": 9293, ""level"": 41789.5396, ""stop"": 41269.3195, ""atr_idx"": 9293, ""atr_end_time"": 1701791999999, ""r_confirm_time"": 1701791999999}"
2023-12-05 16:00,9294,L,SIGNAL,"{""key"": 9293}"
2023-12-05 23:59,9295,L,R_REPLACED,"{""old_key"": 9293, ""new_key"": 9295}"
2023-12-05 23:59,9295,L,ORDER_CANCEL,"{""key"": 9293, ""reason"": ""R_REPLACED"", ""level"": 41789.5396}"
2023-12-05 23:59,9295,L,R_CONFIRM_POS_FROZEN,"{""signal_id"": ""L-2023-10-20 19:59-107""}"
2023-12-06 00:00,9296,L,ORDER_CREATE,"{""key"": 9295, ""level"": 42489.9361, ""stop"": 41568.918, ""atr_idx"": 9295, ""atr_end_time"": 1701820799999, ""r_confirm_time"": 1701820799999}"
2023-12-06 00:00,9296,L,SIGNAL,"{""key"": 9295}"
2023-12-06 11:59,9298,L,R_REPLACED,"{""old_key"": 9295, ""new_key"": 9298}"
2023-12-06 11:59,9298,L,ORDER_CANCEL,"{""key"": 9295, ""reason"": ""R_REPLACED"", ""level"": 42489.9361}"
2023-12-06 11:59,9298,L,R_CONFIRM_POS_FROZEN,"{""signal_id"": ""L-2023-10-20 19:59-107""}"
2023-12-06 12:00,9299,L,ORDER_CREATE,"{""key"": 9298, ""level"": 43770.8109, ""stop"": 43290.3382, ""atr_idx"": 9298, ""atr_end_time"": 1701863999999, ""r_confirm_time"": 1701863999999}"
2023-12-06 12:00,9299,L,SIGNAL,"{""key"": 9298}"
2023-12-06 19:59,9300,L,R_REPLACED,"{""old_key"": 9298, ""new_key"": 9300}"
2023-12-06 19:59,9300,L,ORDER_CANCEL,"{""key"": 9298, ""reason"": ""R_REPLACED"", ""level"": 43770.8109}"
2023-12-06 19:59,9300,L,R_CONFIRM_POS_FROZEN,"{""signal_id"": ""L-2023-10-20 19:59-107""}"
2023-12-06 20:00,9301,L,ORDER_CREATE,"{""key"": 9300, ""level"": 43726.8197, ""stop"": 43246.869, ""atr_idx"": 9300, ""atr_end_time"": 1701892799999, ""r_confirm_time"": 1701892799999}"
2023-12-06 20:00,9301,L,SIGNAL,"{""key"": 9300}"
2023-12-07 09:19,9304,L,R_INVALID,"{""key"": 9300, ""mode"": ""5M""}"
2023-12-07 09:19,9304,L,ORDER_CANCEL,"{""key"": 9300, ""reason"": ""R_INVALID"", ""level"": 43726.8197}"
2023-12-07 15:59,9305,L,R_CONFIRM_POS_FROZEN,"{""signal_id"": ""L-2023-10-20 19:59-107""}"
2023-12-07 16:00,9306,L,ORDER_CREATE,"{""key"": 9305, ""level"": 43214.2626, ""stop"": 42686.555, ""atr_idx"": 9305, ""atr_end_time"": 1701964799999, ""r_confirm_time"": 1701964799999}"
2023-12-07 16:00,9306,L,SIGNAL,"{""key"": 9305}"
2023-12-07 23:59,9307,L,R_REPLACED,"{""old_key"": 9305, ""new_key"": 9307}"
2023-12-07 23:59,9307,L,ORDER_CANCEL,"{""key"": 9305, ""reason"": ""R_REPLACED"", ""level"": 43214.2626}"
2023-12-07 23:59,9307,L,R_CONFIRM_POS_FROZEN,"{""signal_id"": ""L-2023-10-20 19:59-107""}"
2023-12-08 00:00,9308,L,ORDER_CREATE,"{""key"": 9307, ""level"": 43288.2154, ""stop"": 42835.8059, ""atr_idx"": 9307, ""atr_end_time"": 1701993599999, ""r_confirm_time"": 1701993599999}"
2023-12-08 00:00,9308,L,SIGNAL,"{""key"": 9307}"
2023-12-08 11:59,9310,L,R_REPLACED,"{""old_key"": 9307, ""new_key"": 9310}"
2023-12-08 11:59,9310,L,ORDER_CANCEL,"{""key"": 9307, ""reason"": ""R_REPLACED"", ""level"": 43288.2154}"
2023-12-08 11:59,9310,L,R_CONFIRM_POS_FROZEN,"{""signal_id"": ""L-2023-10-20 19:59-107""}"
2023-12-08 12:00,9311,L,ORDER_CREATE,"{""key"": 9310, ""level"": 43397.0048, ""stop"": 42979.4736, ""atr_idx"": 9310, ""atr_end_time"": 1702036799999, ""r_confirm_time"": 1702036799999}"
2023-12-08 12:00,9311,L,SIGNAL,"{""key"": 9310}"
2023-12-08 19:59,9312,L,R_REPLACED,"{""old_key"": 9310, ""new_key"": 9312}"
2023-12-08 19:59,9312,L,ORDER_CANCEL,"{""key"": 9310, ""reason"": ""R_REPLACED"", ""level"": 43397.0048}"
2023-12-08 19:59,9312,L,R_CONFIRM_POS_FROZEN,"{""signal_id"": ""L-2023-10-20 19:59-107""}"
2023-12-08 20:00,9313,L,ORDER_CREATE,"{""key"": 9312, ""level"": 43461.6526, ""stop"": 42970.7, ""atr_idx"": 9312, ""atr_end_time"": 1702065599999, ""r_confirm_time"": 1702065599999}"
2023-12-08 20:00,9313,L,SIGNAL,"{""key"": 9312}"
2023-12-09 23:59,9319,L,R_REPLACED,"{""old_key"": 9312, ""new_key"": 9319}"
2023-12-09 23:59,9319,L,ORDER_CANCEL,"{""key"": 9312, ""reason"": ""R_REPLACED"", ""level"": 43461.6526}"
2023-12-09 23:59,9319,L,R_CONFIRM_POS_FROZEN,"{""signal_id"": ""L-2023-10-20 19:59-107""}"
2023-12-10 00:00,9320,L,ORDER_CREATE,"{""key"": 9319, ""level"": 43996.0738, ""stop"": 43617.8527, ""atr_idx"": 9319, ""atr_end_time"": 1702166399999, ""r_confirm_time"": 1702166399999}"
2023-12-10 00:00,9320,L,SIGNAL,"{""key"": 9319}"
2023-12-10 00:04,9320,L,R_INVALID,"{""key"": 9319, ""mode"": ""5M""}"
2023-12-10 00:04,9320,L,ORDER_CANCEL,"{""key"": 9319, ""reason"": ""R_INVALID"", ""level"": 43996.0738}"
2023-12-10 07:59,9321,L,R_CONFIRM_POS_FROZEN,"{""signal_id"": ""L-2023-10-20 19:59-107""}"
2023-12-10 08:00,9322,L,ORDER_CREATE,"{""key"": 9321, ""level"": 43801.1312, ""stop"": 43424.335, ""atr_idx"": 9321, ""atr_end_time"": 1702195199999, ""r_confirm_time"": 1702195199999}"
2023-12-10 08:00,9322,L,SIGNAL,"{""key"": 9321}"
2023-12-10 19:59,9324,L,R_REPLACED,"{""old_key"": 9321, ""new_key"": 9324}"
2023-12-10 19:59,9324,L,ORDER_CANCEL,"{""key"": 9321, ""reason"": ""R_REPLACED"", ""level"": 43801.1312}"
2023-12-10 19:59,9324,L,R_CONFIRM_POS_FROZEN,"{""signal_id"": ""L-2023-10-20 19:59-107""}"
2023-12-10 20:00,9325,L,ORDER_CREATE,"{""key"": 9324, ""level"": 43853.2715, ""stop"": 43493.128, ""atr_idx"": 9324, ""atr_end_time"": 1702238399999, ""r_confirm_time"": 1702238399999}"
2023-12-10 20:00,9325,L,SIGNAL,"{""key"": 9324}"
2023-12-10 23:19,9325,L,R_INVALID,"{""key"": 9324, ""mode"": ""5M""}"
2023-12-10 23:19,9325,L,ORDER_CANCEL,"{""key"": 9324, ""reason"": ""R_INVALID"", ""level"": 43853.2715}"
2023-12-11 07:59,9327,L,R_CONFIRM_POS_FROZEN,"{""signal_id"": ""L-2023-10-20 19:59-107""}"
2023-12-11 08:00,9328,L,ORDER_CREATE,"{""key"": 9327, ""level"": 41235.9045, ""stop"": 40151.2837, ""atr_idx"": 9327, ""atr_end_time"": 1702281599999, ""r_confirm_time"": 1702281599999}"
2023-12-11 08:00,9328,L,SIGNAL,"{""key"": 9327}"
2023-12-11 15:59,9329,L,R_REPLACED,"{""old_key"": 9327, ""new_key"": 9329}"
2023-12-11 15:59,9329,L,ORDER_CANCEL,"{""key"": 9327, ""reason"": ""R_REPLACED"", ""level"": 41235.9045}"
2023-12-11 15:59,9329,L,R_CONFIRM_POS_FROZEN,"{""signal_id"": ""L-2023-10-20 19:59-107""}"
2023-12-11 16:00,9330,L,ORDER_CREATE,"{""key"": 9329, ""level"": 41952.6768, ""stop"": 41497.4331, ""atr_idx"": 9329, ""atr_end_time"": 1702310399999, ""r_confirm_time"": 1702310399999}"
2023-12-11 16:00,9330,L,SIGNAL,"{""key"": 9329}"
2023-12-11 16:14,9330,L,R_INVALID,"{""key"": 9329, ""mode"": ""5M""}"
2023-12-11 16:14,9330,L,ORDER_CANCEL,"{""key"": 9329, ""reason"": ""R_INVALID"", ""level"": 41952.6768}"
2023-12-11 23:59,9331,L,R_CONFIRM_POS_FROZEN,"{""signal_id"": ""L-2023-10-20 19:59-107""}"
2023-12-12 00:00,9332,L,D_DISARM,"{""day"": ""2023-12-11"", ""P0"": 34800.0, ""H1"": 37980.0}"
2023-12-12 07:59,9333,L,R_CONFIRM_POS_FROZEN,"{""signal_id"": ""L-2023-10-20 19:59-107""}"
2023-12-12 19:59,9336,L,R_CONFIRM_POS_FROZEN,"{""signal_id"": ""L-2023-10-20 19:59-107""}"
2023-12-13 00:00,9338,L,D_ARM,"{""day"": ""2023-12-12"", ""P0"": 40222.0, ""H1"": 43804.5}"
2023-12-13 11:59,9340,L,R_CONFIRM_POS_FROZEN,"{""signal_id"": ""L-2023-10-20 19:59-107""}"
2023-12-13 12:00,9341,L,ORDER_CREATE,"{""key"": 9340, ""level"": 40906.8487, ""stop"": 40434.332, ""atr_idx"": 9340, ""atr_end_time"": 1702468799999, ""r_confirm_time"": 1702468799999}"
2023-12-13 12:00,9341,L,SIGNAL,"{""key"": 9340}"
2023-12-13 23:59,9343,L,R_REPLACED,"{""old_key"": 9340, ""new_key"": 9343}"
2023-12-13 23:59,9343,L,ORDER_CANCEL,"{""key"": 9340, ""reason"": ""R_REPLACED"", ""level"": 40906.8487}"
2023-12-13 23:59,9343,L,R_CONFIRM_POS_FROZEN,"{""signal_id"": ""L-2023-10-20 19:59-107""}"
2023-12-14 00:00,9344,L,ORDER_CREATE,"{""key"": 9343, ""level"": 41727.0588, ""stop"": 40887.5682, ""atr_idx"": 9343, ""atr_end_time"": 1702511999999, ""r_confirm_time"": 1702511999999}"
2023-12-14 00:00,9344,L,SIGNAL,"{""key"": 9343}"
2023-12-14 11:59,9346,L,R_REPLACED,"{""old_key"": 9343, ""new_key"": 9346}"
2023-12-14 11:59,9346,L,ORDER_CANCEL,"{""key"": 9343, ""reason"": ""R_REPLACED"", ""level"": 41727.0588}"
2023-12-14 11:59,9346,L,R_CONFIRM_POS_FROZEN,"{""signal_id"": ""L-2023-10-20 19:59-107""}"
2023-12-14 12:00,9347,L,ORDER_CREATE,"{""key"": 9346, ""level"": 42886.8569, ""stop"": 42452.26, ""atr_idx"": 9346, ""atr_end_time"": 1702555199999, ""r_confirm_time"": 1702555199999}"
2023-12-14 12:00,9347,L,SIGNAL,"{""key"": 9346}"
2023-12-14 13:29,9347,L,R_INVALID,"{""key"": 9346, ""mode"": ""5M""}"
2023-12-14 13:29,9347,L,ORDER_CANCEL,"{""key"": 9346, ""reason"": ""R_INVALID"", ""level"": 42886.8569}"
2023-12-14 19:59,9348,L,R_CONFIRM_POS_FROZEN,"{""signal_id"": ""L-2023-10-20 19:59-107""}"
2023-12-14 20:00,9349,L,ORDER_CREATE,"{""key"": 9348, ""level"": 41810.2392, ""stop"": 41016.58, ""atr_idx"": 9348, ""atr_end_time"": 1702583999999, ""r_confirm_time"": 1702583999999}"
2023-12-14 20:00,9349,L,SIGNAL,"{""key"": 9348}"
2023-12-15 19:59,9354,L,R_REPLACED,"{""old_key"": 9348, ""new_key"": 9354}"
2023-12-15 19:59,9354,L,ORDER_CANCEL,"{""key"": 9348, ""reason"": ""R_REPLACED"", ""level"": 41810.2392}"
2023-12-15 19:59,9354,L,R_CONFIRM_POS_FROZEN,"{""signal_id"": ""L-2023-10-20 19:59-107""}"
2023-12-15 20:00,9355,L,ORDER_CREATE,"{""key"": 9354, ""level"": 42063.2299, ""stop"": 41542.996, ""atr_idx"": 9354, ""atr_end_time"": 1702670399999, ""r_confirm_time"": 1702670399999}"
2023-12-15 20:00,9355,L,SIGNAL,"{""key"": 9354}"
2023-12-16 00:39,9356,L,R_INVALID,"{""key"": 9354, ""mode"": ""5M""}"
2023-12-16 00:39,9356,L,ORDER_CANCEL,"{""key"": 9354, ""reason"": ""R_INVALID"", ""level"": 42063.2299}"
2023-12-16 03:59,9356,L,R_CONFIRM_POS_FROZEN,"{""signal_id"": ""L-2023-10-20 19:59-107""}"
2023-12-16 04:00,9357,L,ORDER_CREATE,"{""key"": 9356, ""level"": 42013.7466, ""stop"": 41589.855, ""atr_idx"": 9356, ""atr_end_time"": 1702699199999, ""r_confirm_time"": 1702699199999}"
2023-12-16 04:00,9357,L,SIGNAL,"{""key"": 9356}"
2023-12-16 11:59,9358,L,R_REPLACED,"{""old_key"": 9356, ""new_key"": 9358}"
2023-12-16 11:59,9358,L,ORDER_CANCEL,"{""key"": 9356, ""reason"": ""R_REPLACED"", ""level"": 42013.7466}"
2023-12-16 11:59,9358,L,R_CONFIRM_POS_FROZEN,"{""signal_id"": ""L-2023-10-20 19:59-107""}"
2023-12-16 12:00,9359,L,ORDER_CREATE,"{""key"": 9358, ""level"": 41938.841, ""stop"": 41513.1857, ""atr_idx"": 9358, ""atr_end_time"": 1702727999999, ""r_confirm_time"": 1702727999999}"
2023-12-16 12:00,9359,L,SIGNAL,"{""key"": 9358}"
2023-12-17 14:39,9365,L,R_INVALID,"{""key"": 9358, ""mode"": ""5M""}"
2023-12-17 14:39,9365,L,ORDER_CANCEL,"{""key"": 9358, ""reason"": ""R_INVALID"", ""level"": 41938.841}"
2023-12-17 19:59,9366,L,R_CONFIRM_POS_FROZEN,"{""signal_id"": ""L-2023-10-20 19:59-107""}"
2023-12-17 20:00,9367,L,ORDER_CREATE,"{""key"": 9366, ""level"": 41852.4618, ""stop"": 41371.512, ""atr_idx"": 9366, ""atr_end_time"": 1702843199999, ""r_confirm_time"": 1702843199999}"
2023-12-17 20:00,9367,L,SIGNAL,"{""key"": 9366}"
2023-12-17 23:34,9367,L,R_INVALID,"{""key"": 9366, ""mode"": ""5M""}"
2023-12-17 23:34,9367,L,ORDER_CANCEL,"{""key"": 9366, ""reason"": ""R_INVALID"", ""level"": 41852.4618}"
2023-12-18 03:59,9368,L,R_CONFIRM_POS_FROZEN,"{""signal_id"": ""L-2023-10-20 19:59-107""}"
2023-12-18 04:00,9369,L,ORDER_CREATE,"{""key"": 9368, ""level"": 41603.6637, ""stop"": 41124.5551, ""atr_idx"": 9368, ""atr_end_time"": 1702871999999, ""r_confirm_time"": 1702871999999}"
2023-12-18 04:00,9369,L,SIGNAL,"{""key"": 9368}"
2023-12-18 04:04,9369,L,R_INVALID,"{""key"": 9368, ""mode"": ""5M""}"
2023-12-18 04:04,9369,L,ORDER_CANCEL,"{""key"": 9368, ""reason"": ""R_INVALID"", ""level"": 41603.6637}"
2023-12-18 11:59,9370,L,R_CONFIRM_POS_FROZEN,"{""signal_id"": ""L-2023-10-20 19:59-107""}"
2023-12-18 12:00,9371,L,ORDER_CREATE,"{""key"": 9370, ""level"": 41058.0373, ""stop"": 40688.1682, ""atr_idx"": 9370, ""atr_end_time"": 1702900799999, ""r_confirm_time"": 1702900799999}"
2023-12-18 12:00,9371,L,SIGNAL,"{""key"": 9370}"
2023-12-18 19:59,9372,L,R_REPLACED,"{""old_key"": 9370, ""new_key"": 9372}"
2023-12-18 19:59,9372,L,ORDER_CANCEL,"{""key"": 9370, ""reason"": ""R_REPLACED"", ""level"": 41058.0373}"
2023-12-18 19:59,9372,L,R_CONFIRM_POS_FROZEN,"{""signal_id"": ""L-2023-10-20 19:59-107""}"
2023-12-18 20:00,9373,L,ORDER_CREATE,"{""key"": 9372, ""level"": 40965.7127, ""stop"": 40432.1386, ""atr_idx"": 9372, ""atr_end_time"": 1702929599999, ""r_confirm_time"": 1702929599999}"
2023-12-18 20:00,9373,L,SIGNAL,"{""key"": 9372}"
2023-12-19 03:59,9374,L,R_REPLACED,"{""old_key"": 9372, ""new_key"": 9374}"
2023-12-19 03:59,9374,L,ORDER_CANCEL,"{""key"": 9372, ""reason"": ""R_REPLACED"", ""level"": 40965.7127}"
2023-12-19 03:59,9374,L,R_CONFIRM_POS_FROZEN,"{""signal_id"": ""L-2023-10-20 19:59-107""}"
2023-12-19 04:00,9375,L,ORDER_CREATE,"{""key"": 9374, ""level"": 41856.875, ""stop"": 41046.49, ""atr_idx"": 9374, ""atr_end_time"": 1702958399999, ""r_confirm_time"": 1702958399999}"
2023-12-19 04:00,9375,L,SIGNAL,"{""key"": 9374}"
2023-12-19 11:59,9376,L,R_REPLACED,"{""old_key"": 9374, ""new_key"": 9376}"
2023-12-19 11:59,9376,L,ORDER_CANCEL,"{""key"": 9374, ""reason"": ""R_REPLACED"", ""level"": 41856.875}"
2023-12-19 11:59,9376,L,R_CONFIRM_POS_FROZEN,"{""signal_id"": ""L-2023-10-20 19:59-107""}"
2023-12-19 12:00,9377,L,ORDER_CREATE,"{""key"": 9376, ""level"": 42889.0543, ""stop"": 42467.3147, ""atr_idx"": 9376, ""atr_end_time"": 1702987199999, ""r_confirm_time"": 1702987199999}"
2023-12-19 12:00,9377,L,SIGNAL,"{""key"": 9376}"
2023-12-19 14:14,9377,L,R_INVALID,"{""key"": 9376, ""mode"": ""5M""}"
2023-12-19 14:14,9377,L,ORDER_CANCEL,"{""key"": 9376, ""reason"": ""R_INVALID"", ""level"": 42889.0543}"
2023-12-19 19:59,9378,L,R_CONFIRM_POS_FROZEN,"{""signal_id"": ""L-2023-10-20 19:59-107""}"
2023-12-19 20:00,9379,L,ORDER_CREATE,"{""key"": 9378, ""level"": 42561.8364, ""stop"": 42111.9839, ""atr_idx"": 9378, ""atr_end_time"": 1703015999999, ""r_confirm_time"": 1703015999999}"
2023-12-19 20:00,9379,L,SIGNAL,"{""key"": 9378}"
2023-12-19 20:34,9379,L,R_INVALID,"{""key"": 9378, ""mode"": ""5M""}"
2023-12-19 20:34,9379,L,ORDER_CANCEL,"{""key"": 9378, ""reason"": ""R_INVALID"", ""level"": 42561.8364}"
2023-12-20 03:59,9380,L,R_CONFIRM_POS_FROZEN,"{""signal_id"": ""L-2023-10-20 19:59-107""}"
2023-12-20 04:00,9381,L,ORDER_CREATE,"{""key"": 9380, ""level"": 42131.6674, ""stop"": 41709.8938, ""atr_idx"": 9380, ""atr_end_time"": 1703044799999, ""r_confirm_time"": 1703044799999}"
2023-12-20 04:00,9381,L,SIGNAL,"{""key"": 9380}"
2023-12-20 15:59,9383,L,R_REPLACED,"{""old_key"": 9380, ""new_key"": 9383}"
2023-12-20 15:59,9383,L,ORDER_CANCEL,"{""key"": 9380, ""reason"": ""R_REPLACED"", ""level"": 42131.6674}"
2023-12-20 15:59,9383,L,R_CONFIRM_POS_FROZEN,"{""signal_id"": ""L-2023-10-20 19:59-107""}"
2023-12-20 16:00,9384,L,ORDER_CREATE,"{""key"": 9383, ""level"": 42992.2197, ""stop"": 42266.6186, ""atr_idx"": 9383, ""atr_end_time"": 1703087999999, ""r_confirm_time"": 1703087999999}"
2023-12-20 16:00,9384,L,SIGNAL,"{""key"": 9383}"
2023-12-20 23:59,9385,L,R_REPLACED,"{""old_key"": 9383, ""new_key"": 9385}"
2023-12-20 23:59,9385,L,ORDER_CANCEL,"{""key"": 9383, ""reason"": ""R_REPLACED"", ""level"": 42992.2197}"
2023-12-20 23:59,9385,L,R_CONFIRM_POS_FROZEN,"{""signal_id"": ""L-2023-10-20 19:59-107""}"
2023-12-21 00:00,9386,L,ORDER_CREATE,"{""key"": 9385, ""level"": 43265.8457, ""stop"": 42651.7597, ""atr_idx"": 9385, ""atr_end_time"": 1703116799999, ""r_confirm_time"": 1703116799999}"
2023-12-21 00:00,9386,L,SIGNAL,"{""key"": 9385}"
2023-12-21 07:59,9387,L,R_REPLACED,"{""old_key"": 9385, ""new_key"": 9387}"
2023-12-21 07:59,9387,L,ORDER_CANCEL,"{""key"": 9385, ""reason"": ""R_REPLACED"", ""level"": 43265.8457}"
2023-12-21 07:59,9387,L,R_CONFIRM_POS_FROZEN,"{""signal_id"": ""L-2023-10-20 19:59-107""}"
2023-12-21 08:00,9388,L,ORDER_CREATE,"{""key"": 9387, ""level"": 43546.0839, ""stop"": 43130.3197, ""atr_idx"": 9387, ""atr_end_time"": 1703145599999, ""r_confirm_time"": 1703145599999}"
2023-12-21 08:00,9388,L,SIGNAL,"{""key"": 9387}"
2023-12-21 19:59,9390,L,R_REPLACED,"{""old_key"": 9387, ""new_key"": 9390}"
2023-12-21 19:59,9390,L,ORDER_CANCEL,"{""key"": 9387, ""reason"": ""R_REPLACED"", ""level"": 43546.0839}"
2023-12-21 19:59,9390,L,R_CONFIRM_POS_FROZEN,"{""signal_id"": ""L-2023-10-20 19:59-107""}"
2023-12-21 20:00,9391,L,ORDER_CREATE,"{""key"": 9390, ""level"": 43729.6325, ""stop"": 43256.0414, ""atr_idx"": 9390, ""atr_end_time"": 1703188799999, ""r_confirm_time"": 1703188799999}"
2023-12-21 20:00,9391,L,SIGNAL,"{""key"": 9390}"
2023-12-22 03:59,9392,L,R_REPLACED,"{""old_key"": 9390, ""new_key"": 9392}"
2023-12-22 03:59,9392,L,ORDER_CANCEL,"{""key"": 9390, ""reason"": ""R_REPLACED"", ""level"": 43729.6325}"
2023-12-22 03:59,9392,L,R_CONFIRM_POS_FROZEN,"{""signal_id"": ""L-2023-10-20 19:59-107""}"
2023-12-22 04:00,9393,L,ORDER_CREATE,"{""key"": 9392, ""level"": 43743.3383, ""stop"": 43259.83, ""atr_idx"": 9392, ""atr_end_time"": 1703217599999, ""r_confirm_time"": 1703217599999}"
2023-12-22 04:00,9393,L,SIGNAL,"{""key"": 9392}"
2023-12-22 11:59,9394,L,R_REPLACED,"{""old_key"": 9392, ""new_key"": 9394}"
2023-12-22 11:59,9394,L,ORDER_CANCEL,"{""key"": 9392, ""reason"": ""R_REPLACED"", ""level"": 43743.3383}"
2023-12-22 11:59,9394,L,R_CONFIRM_POS_FROZEN,"{""signal_id"": ""L-2023-10-20 19:59-107""}"
2023-12-22 12:00,9395,L,ORDER_CREATE,"{""key"": 9394, ""level"": 43914.0726, ""stop"": 43435.4017, ""atr_idx"": 9394, ""atr_end_time"": 1703246399999, ""r_confirm_time"": 1703246399999}"
2023-12-22 12:00,9395,L,SIGNAL,"{""key"": 9394}"
2023-12-22 12:54,9395,L,R_INVALID,"{""key"": 9394, ""mode"": ""5M""}"
2023-12-22 12:54,9395,L,ORDER_CANCEL,"{""key"": 9394, ""reason"": ""R_INVALID"", ""level"": 43914.0726}"
2023-12-22 23:59,9397,L,R_CONFIRM_POS_FROZEN,"{""signal_id"": ""L-2023-10-20 19:59-107""}"
2023-12-23 00:00,9398,L,ORDER_CREATE,"{""key"": 9397, ""level"": 43715.877, ""stop"": 43300.1088, ""atr_idx"": 9397, ""atr_end_time"": 1703289599999, ""r_confirm_time"": 1703289599999}"
2023-12-23 00:00,9398,L,SIGNAL,"{""key"": 9397}"
2023-12-23 04:09,9399,L,R_INVALID,"{""key"": 9397, ""mode"": ""5M""}"
2023-12-23 04:09,9399,L,ORDER_CANCEL,"{""key"": 9397, ""reason"": ""R_INVALID"", ""level"": 43715.877}"
2023-12-23 07:59,9399,L,R_CONFIRM_POS_FROZEN,"{""signal_id"": ""L-2023-10-20 19:59-107""}"
2023-12-23 08:00,9400,L,ORDER_CREATE,"{""key"": 9399, ""level"": 43727.3248, ""stop"": 43334.4056, ""atr_idx"": 9399, ""atr_end_time"": 1703318399999, ""r_confirm_time"": 1703318399999}"
2023-12-23 08:00,9400,L,SIGNAL,"{""key"": 9399}"
2023-12-23 15:59,9401,L,R_REPLACED,"{""old_key"": 9399, ""new_key"": 9401}"
2023-12-23 15:59,9401,L,ORDER_CANCEL,"{""key"": 9399, ""reason"": ""R_REPLACED"", ""level"": 43727.3248}"
2023-12-23 15:59,9401,L,R_CONFIRM_POS_FROZEN,"{""signal_id"": ""L-2023-10-20 19:59-107""}"
2023-12-23 16:00,9402,L,ORDER_CREATE,"{""key"": 9401, ""level"": 43575.0959, ""stop"": 43174.2874, ""atr_idx"": 9401, ""atr_end_time"": 1703347199999, ""r_confirm_time"": 1703347199999}"
2023-12-23 16:00,9402,L,SIGNAL,"{""key"": 9401}"
2023-12-24 11:59,9406,L,R_REPLACED,"{""old_key"": 9401, ""new_key"": 9406}"
2023-12-24 11:59,9406,L,ORDER_CANCEL,"{""key"": 9401, ""reason"": ""R_REPLACED"", ""level"": 43575.0959}"
2023-12-24 11:59,9406,L,R_CONFIRM_POS_FROZEN,"{""signal_id"": ""L-2023-10-20 19:59-107""}"
2023-12-24 12:00,9407,L,ORDER_CREATE,"{""key"": 9406, ""level"": 43712.4503, ""stop"": 43323.7377, ""atr_idx"": 9406, ""atr_end_time"": 1703419199999, ""r_confirm_time"": 1703419199999}"
2023-12-24 12:00,9407,L,SIGNAL,"{""key"": 9406}"
2023-12-24 19:59,9408,L,R_REPLACED,"{""old_key"": 9406, ""new_key"": 9408}"
2023-12-24 19:59,9408,L,ORDER_CANCEL,"{""key"": 9406, ""reason"": ""R_REPLACED"", ""level"": 43712.4503}"
2023-12-24 19:59,9408,L,R_CONFIRM_POS_FROZEN,"{""signal_id"": ""L-2023-10-20 19:59-107""}"
2023-12-24 20:00,9409,L,ORDER_CREATE,"{""key"": 9408, ""level"": 43666.6108, ""stop"": 43290.737, ""atr_idx"": 9408, ""atr_end_time"": 1703447999999, ""r_confirm_time"": 1703447999999}"
2023-12-24 20:00,9409,L,SIGNAL,"{""key"": 9408}"
2023-12-24 22:14,9409,L,R_INVALID,"{""key"": 9408, ""mode"": ""5M""}"
2023-12-24 22:14,9409,L,ORDER_CANCEL,"{""key"": 9408, ""reason"": ""R_INVALID"", ""level"": 43666.6108}"
2023-12-25 03:59,9410,L,R_CONFIRM_POS_FROZEN,"{""signal_id"": ""L-2023-10-20 19:59-107""}"
2023-12-25 04:00,9411,L,ORDER_CREATE,"{""key"": 9410, ""level"": 42938.5496, ""stop"": 42422.35, ""atr_idx"": 9410, ""atr_end_time"": 1703476799999, ""r_confirm_time"": 1703476799999}"
2023-12-25 04:00,9411,L,SIGNAL,"{""key"": 9410}"
2023-12-25 11:59,9412,L,R_REPLACED,"{""old_key"": 9410, ""new_key"": 9412}"
2023-12-25 11:59,9412,L,ORDER_CANCEL,"{""key"": 9410, ""reason"": ""R_REPLACED"", ""level"": 42938.5496}"
2023-12-25 11:59,9412,L,R_CONFIRM_POS_FROZEN,"{""signal_id"": ""L-2023-10-20 19:59-107""}"
2023-12-25 12:00,9413,L,ORDER_CREATE,"{""key"": 9412, ""level"": 43026.8745, ""stop"": 42627.1338, ""atr_idx"": 9412, ""atr_end_time"": 1703505599999, ""r_confirm_time"": 1703505599999}"
2023-12-25 12:00,9413,L,SIGNAL,"{""key"": 9412}"
2023-12-25 23:59,9415,L,R_REPLACED,"{""old_key"": 9412, ""new_key"": 9415}"
2023-12-25 23:59,9415,L,ORDER_CANCEL,"{""key"": 9412, ""reason"": ""R_REPLACED"", ""level"": 43026.8745}"
2023-12-25 23:59,9415,L,R_CONFIRM_POS_FROZEN,"{""signal_id"": ""L-2023-10-20 19:59-107""}"
2023-12-26 00:00,9416,L,ORDER_CREATE,"{""key"": 9415, ""level"": 43402.4146, ""stop"": 42988.9451, ""atr_idx"": 9415, ""atr_end_time"": 1703548799999, ""r_confirm_time"": 1703548799999}"
2023-12-26 00:00,9416,L,SIGNAL,"{""key"": 9415}"
2023-12-26 05:29,9417,L,R_INVALID,"{""key"": 9415, ""mode"": ""5M""}"
2023-12-26 05:29,9417,L,ORDER_CANCEL,"{""key"": 9415, ""reason"": ""R_INVALID"", ""level"": 43402.4146}"
2023-12-26 11:59,9418,L,R_CONFIRM_POS_FROZEN,"{""signal_id"": ""L-2023-10-20 19:59-107""}"
2023-12-26 12:00,9419,L,ORDER_CREATE,"{""key"": 9418, ""level"": 42906.6285, ""stop"": 42424.6431, ""atr_idx"": 9418, ""atr_end_time"": 1703591999999, ""r_confirm_time"": 1703591999999}"
2023-12-26 12:00,9419,L,SIGNAL,"{""key"": 9418}"
2023-12-26 15:09,9419,L,R_INVALID,"{""key"": 9418, ""mode"": ""5M""}"
2023-12-26 15:09,9419,L,ORDER_CANCEL,"{""key"": 9418, ""reason"": ""R_INVALID"", ""level"": 42906.6285}"
2023-12-26 19:59,9420,L,R_CONFIRM_POS_FROZEN,"{""signal_id"": ""L-2023-10-20 19:59-107""}"
2023-12-26 20:00,9421,L,ORDER_CREATE,"{""key"": 9420, ""level"": 42415.4618, ""stop"": 41982.673, ""atr_idx"": 9420, ""atr_end_time"": 1703620799999, ""r_confirm_time"": 1703620799999}"
2023-12-26 20:00,9421,L,SIGNAL,"{""key"": 9420}"
2023-12-26 20:04,9421,L,R_INVALID,"{""key"": 9420, ""mode"": ""5M""}"
2023-12-26 20:04,9421,L,ORDER_CANCEL,"{""key"": 9420, ""reason"": ""R_INVALID"", ""level"": 42415.4618}"
2023-12-27 03:59,9422,L,R_CONFIRM_POS_FROZEN,"{""signal_id"": ""L-2023-10-20 19:59-107""}"
2023-12-27 04:00,9423,L,ORDER_CREATE,"{""key"": 9422, ""level"": 41966.405, ""stop"": 41472.209, ""atr_idx"": 9422, ""atr_end_time"": 1703649599999, ""r_confirm_time"": 1703649599999}"
2023-12-27 04:00,9423,L,SIGNAL,"{""key"": 9422}"
2023-12-27 19:59,9426,L,R_REPLACED,"{""old_key"": 9422, ""new_key"": 9426}"
2023-12-27 19:59,9426,L,ORDER_CANCEL,"{""key"": 9422, ""reason"": ""R_REPLACED"", ""level"": 41966.405}"
2023-12-27 19:59,9426,L,R_CONFIRM_POS_FROZEN,"{""signal_id"": ""L-2023-10-20 19:59-107""}"
2023-12-27 20:00,9427,L,ORDER_CREATE,"{""key"": 9426, ""level"": 42764.6663, ""stop"": 42315.671, ""atr_idx"": 9426, ""atr_end_time"": 1703707199999, ""r_confirm_time"": 1703707199999}"
2023-12-27 20:00,9427,L,SIGNAL,"{""key"": 9426}"
2023-12-28 11:59,9430,L,R_REPLACED,"{""old_key"": 9426, ""new_key"": 9430}"
2023-12-28 11:59,9430,L,ORDER_CANCEL,"{""key"": 9426, ""reason"": ""R_REPLACED"", ""level"": 42764.6663}"
2023-12-28 11:59,9430,L,R_CONFIRM_POS_FROZEN,"{""signal_id"": ""L-2023-10-20 19:59-107""}"
2023-12-28 12:00,9431,L,ORDER_CREATE,"{""key"": 9430, ""level"": 43150.2861, ""stop"": 42692.537, ""atr_idx"": 9430, ""atr_end_time"": 1703764799999, ""r_confirm_time"": 1703764799999}"
2023-12-28 12:00,9431,L,SIGNAL,"{""key"": 9430}"
2023-12-28 12:59,9431,L,R_INVALID,"{""key"": 9430, ""mode"": ""5M""}"
2023-12-28 12:59,9431,L,ORDER_CANCEL,"{""key"": 9430, ""reason"": ""R_INVALID"", ""level"": 43150.2861}"
2023-12-28 19:59,9432,L,R_CONFIRM_POS_FROZEN,"{""signal_id"": ""L-2023-10-20 19:59-107""}"
2023-12-28 20:00,9433,L,ORDER_CREATE,"{""key"": 9432, ""level"": 42742.4378, ""stop"": 42312.2812, ""atr_idx"": 9432, ""atr_end_time"": 1703793599999, ""r_confirm_time"": 1703793599999}"
2023-12-28 20:00,9433,L,SIGNAL,"{""key"": 9432}"
2023-12-28 20:34,9433,L,R_INVALID,"{""key"": 9432, ""mode"": ""5M""}"
2023-12-28 20:34,9433,L,ORDER_CANCEL,"{""key"": 9432, ""reason"": ""R_INVALID"", ""level"": 42742.4378}"
2023-12-29 07:59,9435,L,R_CONFIRM_POS_FROZEN,"{""signal_id"": ""L-2023-10-20 19:59-107""}"
2023-12-29 08:00,9436,L,ORDER_CREATE,"{""key"": 9435, ""level"": 42418.9522, ""stop"": 41996.7307, ""atr_idx"": 9435, ""atr_end_time"": 1703836799999, ""r_confirm_time"": 1703836799999}"
2023-12-29 08:00,9436,L,SIGNAL,"{""key"": 9435}"
2023-12-29 15:59,9437,L,R_REPLACED,"{""old_key"": 9435, ""new_key"": 9437}"
2023-12-29 15:59,9437,L,ORDER_CANCEL,"{""key"": 9435, ""reason"": ""R_REPLACED"", ""level"": 42418.9522}"
2023-12-29 15:59,9437,L,R_CONFIRM_POS_FROZEN,"{""signal_id"": ""L-2023-10-20 19:59-107""}"
2023-12-29 16:00,9438,L,ORDER_CREATE,"{""key"": 9437, ""level"": 42597.4232, ""stop"": 42126.4404, ""atr_idx"": 9437, ""atr_end_time"": 1703865599999, ""r_confirm_time"": 1703865599999}"
2023-12-29 16:00,9438,L,SIGNAL,"{""key"": 9437}"
2023-12-29 16:04,9438,L,R_INVALID,"{""key"": 9437, ""mode"": ""5M""}"
2023-12-29 16:04,9438,L,ORDER_CANCEL,"{""key"": 9437, ""reason"": ""R_INVALID"", ""level"": 42597.4232}"
2023-12-29 23:59,9439,L,R_CONFIRM_POS_FROZEN,"{""signal_id"": ""L-2023-10-20 19:59-107""}"
2023-12-30 00:00,9440,L,ORDER_CREATE,"{""key"": 9439, ""level"": 41972.866, ""stop"": 41554.96, ""atr_idx"": 9439, ""atr_end_time"": 1703894399999, ""r_confirm_time"": 1703894399999}"
2023-12-30 00:00,9440,L,SIGNAL,"{""key"": 9439}"
2023-12-30 07:59,9441,L,R_REPLACED,"{""old_key"": 9439, ""new_key"": 9441}"
2023-12-30 07:59,9441,L,ORDER_CANCEL,"{""key"": 9439, ""reason"": ""R_REPLACED"", ""level"": 41972.866}"
2023-12-30 07:59,9441,L,R_CONFIRM_POS_FROZEN,"{""signal_id"": ""L-2023-10-20 19:59-107""}"
2023-12-30 08:00,9442,L,ORDER_CREATE,"{""key"": 9441, ""level"": 41635.8989, ""stop"": 41159.3504, ""atr_idx"": 9441, ""atr_end_time"": 1703923199999, ""r_confirm_time"": 1703923199999}"
2023-12-30 08:00,9442,L,SIGNAL,"{""key"": 9441}"
2023-12-30 15:59,9443,L,R_REPLACED,"{""old_key"": 9441, ""new_key"": 9443}"
2023-12-30 15:59,9443,L,ORDER_CANCEL,"{""key"": 9441, ""reason"": ""R_REPLACED"", ""level"": 41635.8989}"
2023-12-30 15:59,9443,L,R_CONFIRM_POS_FROZEN,"{""signal_id"": ""L-2023-10-20 19:59-107""}"
2023-12-30 16:00,9444,L,ORDER_CREATE,"{""key"": 9443, ""level"": 41893.2262, ""stop"": 41425.35, ""atr_idx"": 9443, ""atr_end_time"": 1703951999999, ""r_confirm_time"": 1703951999999}"
2023-12-30 16:00,9444,L,SIGNAL,"{""key"": 9443}"
2023-12-31 07:59,9447,L,R_REPLACED,"{""old_key"": 9443, ""new_key"": 9447}"
2023-12-31 07:59,9447,L,ORDER_CANCEL,"{""key"": 9443, ""reason"": ""R_REPLACED"", ""level"": 41893.2262}"
2023-12-31 07:59,9447,L,R_CONFIRM_POS_FROZEN,"{""signal_id"": ""L-2023-10-20 19:59-107""}"
2023-12-31 08:00,9448,L,ORDER_CREATE,"{""key"": 9447, ""level"": 42299.3738, ""stop"": 41874.997, ""atr_idx"": 9447, ""atr_end_time"": 1704009599999, ""r_confirm_time"": 1704009599999}"
2023-12-31 08:00,9448,L,SIGNAL,"{""key"": 9447}"
2024-01-01 03:59,9452,L,R_REPLACED,"{""old_key"": 9447, ""new_key"": 9452}"
2024-01-01 03:59,9452,L,ORDER_CANCEL,"{""key"": 9447, ""reason"": ""R_REPLACED"", ""level"": 42299.3738}"
2024-01-01 03:59,9452,L,R_CONFIRM_POS_FROZEN,"{""signal_id"": ""L-2023-10-20 19:59-107""}"
2024-01-01 04:00,9453,L,ORDER_CREATE,"{""key"": 9452, ""level"": 42386.6199, ""stop"": 41956.8507, ""atr_idx"": 9452, ""atr_end_time"": 1704081599999, ""r_confirm_time"": 1704081599999}"
2024-01-01 04:00,9453,L,SIGNAL,"{""key"": 9452}"
2024-01-01 11:59,9454,L,R_REPLACED,"{""old_key"": 9452, ""new_key"": 9454}"
2024-01-01 11:59,9454,L,ORDER_CANCEL,"{""key"": 9452, ""reason"": ""R_REPLACED"", ""level"": 42386.6199}"
2024-01-01 11:59,9454,L,R_CONFIRM_POS_FROZEN,"{""signal_id"": ""L-2023-10-20 19:59-107""}"
2024-01-01 12:00,9455,L,ORDER_CREATE,"{""key"": 9454, ""level"": 42474.6785, ""stop"": 42081.2763, ""atr_idx"": 9454, ""atr_end_time"": 1704110399999, ""r_confirm_time"": 1704110399999}"
2024-01-01 12:00,9455,L,SIGNAL,"{""key"": 9454}"
2024-01-02 03:59,9458,L,R_REPLACED,"{""old_key"": 9454, ""new_key"": 9458}"
2024-01-02 03:59,9458,L,ORDER_CANCEL,"{""key"": 9454, ""reason"": ""R_REPLACED"", ""level"": 42474.6785}"
2024-01-02 03:59,9458,L,R_CONFIRM_POS_FROZEN,"{""signal_id"": ""L-2023-10-20 19:59-107""}"
2024-01-02 04:00,9459,L,ORDER_CREATE,"{""key"": 9458, ""level"": 43500.981, ""stop"": 42565.0207, ""atr_idx"": 9458, ""atr_end_time"": 1704167999999, ""r_confirm_time"": 1704167999999}"
2024-01-02 04:00,9459,L,SIGNAL,"{""key"": 9458}"
2024-01-02 11:59,9460,L,R_REPLACED,"{""old_key"": 9458, ""new_key"": 9460}"
2024-01-02 11:59,9460,L,ORDER_CANCEL,"{""key"": 9458, ""reason"": ""R_REPLACED"", ""level"": 43500.981}"
2024-01-02 11:59,9460,L,R_CONFIRM_POS_FROZEN,"{""signal_id"": ""L-2023-10-20 19:59-107""}"
2024-01-02 12:00,9461,L,ORDER_CREATE,"{""key"": 9460, ""level"": 44747.5287, ""stop"": 44068.2973, ""atr_idx"": 9460, ""atr_end_time"": 1704196799999, ""r_confirm_time"": 1704196799999}"
2024-01-02 12:00,9461,L,SIGNAL,"{""key"": 9460}"
2024-01-02 19:59,9462,L,R_REPLACED,"{""old_key"": 9460, ""new_key"": 9462}"
2024-01-02 19:59,9462,L,ORDER_CANCEL,"{""key"": 9460, ""reason"": ""R_REPLACED"", ""level"": 44747.5287}"
2024-01-02 19:59,9462,L,R_CONFIRM_POS_FROZEN,"{""signal_id"": ""L-2023-10-20 19:59-107""}"
2024-01-02 20:00,9463,L,ORDER_CREATE,"{""key"": 9462, ""level"": 45235.1279, ""stop"": 44733.4957, ""atr_idx"": 9462, ""atr_end_time"": 1704225599999, ""r_confirm_time"": 1704225599999}"
2024-01-02 20:00,9463,L,SIGNAL,"{""key"": 9462}"
2024-01-02 20:44,9463,L,R_INVALID,"{""key"": 9462, ""mode"": ""5M""}"
2024-01-02 20:44,9463,L,ORDER_CANCEL,"{""key"": 9462, ""reason"": ""R_INVALID"", ""level"": 45235.1279}"
2024-01-03 03:59,9464,L,R_CONFIRM_POS_FROZEN,"{""signal_id"": ""L-2023-10-20 19:59-107""}"
2024-01-03 04:00,9465,L,ORDER_CREATE,"{""key"": 9464, ""level"": 44936.6648, ""stop"": 44464.206, ""atr_idx"": 9464, ""atr_end_time"": 1704254399999, ""r_confirm_time"": 1704254399999}"
2024-01-03 04:00,9465,L,SIGNAL,"{""key"": 9464}"
2024-01-03 11:24,9466,L,R_INVALID,"{""key"": 9464, ""mode"": ""5M""}"
2024-01-03 11:24,9466,L,ORDER_CANCEL,"{""key"": 9464, ""reason"": ""R_INVALID"", ""level"": 44936.6648}"
2024-01-03 15:59,9467,L,R_CONFIRM_POS_FROZEN,"{""signal_id"": ""L-2023-10-20 19:59-107""}"
2024-01-03 16:00,9468,L,ORDER_CREATE,"{""key"": 9467, ""level"": 44123.3971, ""stop"": 43369.5, ""atr_idx"": 9467, ""atr_end_time"": 1704297599999, ""r_confirm_time"": 1704297599999}"
2024-01-03 16:00,9468,L,SIGNAL,"{""key"": 9467}"
2024-01-03 16:04,9468,L,R_INVALID,"{""key"": 9467, ""mode"": ""5M""}"
2024-01-03 16:04,9468,L,ORDER_CANCEL,"{""key"": 9467, ""reason"": ""R_INVALID"", ""level"": 44123.3971}"
2024-01-03 23:59,9469,L,R_CONFIRM_POS_FROZEN,"{""signal_id"": ""L-2023-10-20 19:59-107""}"
2024-01-04 00:00,9470,L,D_DISARM,"{""day"": ""2024-01-03"", ""P0"": 40222.0, ""H1"": 43804.5}"
2024-01-04 15:59,9473,L,R_CONFIRM_POS_FROZEN,"{""signal_id"": ""L-2023-10-20 19:59-107""}"
2024-01-04 23:59,9475,L,R_CONFIRM_POS_FROZEN,"{""signal_id"": ""L-2023-10-20 19:59-107""}"
2024-01-05 00:00,9476,L,D_ARM,"{""day"": ""2024-01-04"", ""P0"": 40750.0, ""H1"": 45500.0}"
2024-01-05 00:00,9476,L,ORDER_CREATE,"{""key"": 9475, ""level"": 43647.0318, ""stop"": 42978.0778, ""atr_idx"": 9475, ""atr_end_time"": 1704412799999, ""r_confirm_time"": 1704412799999}"
2024-01-05 00:00,9476,L,SIGNAL,"{""key"": 9475}"
2024-01-05 01:49,9476,L,R_INVALID,"{""key"": 9475, ""mode"": ""5M""}"
2024-01-05 01:49,9476,L,ORDER_CANCEL,"{""key"": 9475, ""reason"": ""R_INVALID"", ""level"": 43647.0318}"
2024-01-05 07:59,9477,L,R_CONFIRM_POS_FROZEN,"{""signal_id"": ""L-2023-10-20 19:59-107""}"
2024-01-05 08:00,9478,L,ORDER_CREATE,"{""key"": 9477, ""level"": 42896.5287, ""stop"": 42173.1, ""atr_idx"": 9477, ""atr_end_time"": 1704441599999, ""r_confirm_time"": 1704441599999}"
2024-01-05 08:00,9478,L,SIGNAL,"{""key"": 9477}"
2024-01-05 19:59,9480,L,R_REPLACED,"{""old_key"": 9477, ""new_key"": 9480}"
2024-01-05 19:59,9480,L,ORDER_CANCEL,"{""key"": 9477, ""reason"": ""R_REPLACED"", ""level"": 42896.5287}"
2024-01-05 19:59,9480,L,R_CONFIRM_POS_FROZEN,"{""signal_id"": ""L-2023-10-20 19:59-107""}"
2024-01-05 20:00,9481,L,ORDER_CREATE,"{""key"": 9480, ""level"": 43393.8999, ""stop"": 42871.0, ""atr_idx"": 9480, ""atr_end_time"": 1704484799999, ""r_confirm_time"": 1704484799999}"
2024-01-05 20:00,9481,L,SIGNAL,"{""key"": 9480}"
2024-01-06 03:59,9482,L,R_REPLACED,"{""old_key"": 9480, ""new_key"": 9482}"
2024-01-06 03:59,9482,L,ORDER_CANCEL,"{""key"": 9480, ""reason"": ""R_REPLACED"", ""level"": 43393.8999}"
2024-01-06 03:59,9482,L,R_CONFIRM_POS_FROZEN,"{""signal_id"": ""L-2023-10-20 19:59-107""}"
2024-01-06 04:00,9483,L,ORDER_CREATE,"{""key"": 9482, ""level"": 43553.0283, ""stop"": 42960.73, ""atr_idx"": 9482, ""atr_end_time"": 1704513599999, ""r_confirm_time"": 1704513599999}"
2024-01-06 04:00,9483,L,SIGNAL,"{""key"": 9482}"
2024-01-06 23:59,9487,L,R_REPLACED,"{""old_key"": 9482, ""new_key"": 9487}"
2024-01-06 23:59,9487,L,ORDER_CANCEL,"{""key"": 9482, ""reason"": ""R_REPLACED"", ""level"": 43553.0283}"
2024-01-06 23:59,9487,L,R_CONFIRM_POS_FROZEN,"{""signal_id"": ""L-2023-10-20 19:59-107""}"
2024-01-07 00:00,9488,L,ORDER_CREATE,"{""key"": 9487, ""level"": 43701.0406, ""stop"": 43261.1261, ""atr_idx"": 9487, ""atr_end_time"": 1704585599999, ""r_confirm_time"": 1704585599999}"
2024-01-07 00:00,9488,L,SIGNAL,"{""key"": 9487}"
2024-01-07 23:59,9493,L,R_REPLACED,"{""old_key"": 9487, ""new_key"": 9493}"
2024-01-07 23:59,9493,L,ORDER_CANCEL,"{""key"": 9487, ""reason"": ""R_REPLACED"", ""level"": 43701.0406}"
2024-01-07 23:59,9493,L,R_CONFIRM_POS_FROZEN,"{""signal_id"": ""L-2023-10-20 19:59-107""}"
2024-01-08 00:00,9494,L,ORDER_CREATE,"{""key"": 9493, ""level"": 43954.3045, ""stop"": 43555.8393, ""atr_idx"": 9493, ""atr_end_time"": 1704671999999, ""r_confirm_time"": 1704671999999}"
2024-01-08 00:00,9494,L,SIGNAL,"{""key"": 9493}"
2024-01-08 00:39,9494,L,R_INVALID,"{""key"": 9493, ""mode"": ""5M""}"
2024-01-08 00:39,9494,L,ORDER_CANCEL,"{""key"": 9493, ""reason"": ""R_INVALID"", ""level"": 43954.3045}"
2024-01-08 07:59,9495,L,R_CONFIRM_POS_FROZEN,"{""signal_id"": ""L-2023-10-20 19:59-107""}"
2024-01-08 08:00,9496,L,ORDER_CREATE,"{""key"": 9495, ""level"": 43588.9036, ""stop"": 43028.6257, ""atr_idx"": 9495, ""atr_end_time"": 1704700799999, ""r_confirm_time"": 1704700799999}"
2024-01-08 08:00,9496,L,SIGNAL,"{""key"": 9495}"
2024-01-08 15:59,9497,L,R_REPLACED,"{""old_key"": 9495, ""new_key"": 9497}"
2024-01-08 15:59,9497,L,ORDER_CANCEL,"{""key"": 9495, ""reason"": ""R_REPLACED"", ""level"": 43588.9036}"
2024-01-08 15:59,9497,L,R_CONFIRM_POS_FROZEN,"{""signal_id"": ""L-2023-10-20 19:59-107""}"
2024-01-08 16:00,9498,L,ORDER_CREATE,"{""key"": 9497, ""level"": 44026.7243, ""stop"": 43287.5466, ""atr_idx"": 9497, ""atr_end_time"": 1704729599999, ""r_confirm_time"": 1704729599999}"
2024-01-08 16:00,9498,L,SIGNAL,"{""key"": 9497}"
2024-01-09 03:59,9500,L,R_REPLACED,"{""old_key"": 9497, ""new_key"": 9500}"
2024-01-09 03:59,9500,L,ORDER_CANCEL,"{""key"": 9497, ""reason"": ""R_REPLACED"", ""level"": 44026.7243}"
2024-01-09 03:59,9500,L,R_CONFIRM_POS_FROZEN,"{""signal_id"": ""L-2023-10-20 19:59-107""}"
2024-01-09 04:00,9501,L,ORDER_CREATE,"{""key"": 9500, ""level"": 45184.1791, ""stop"": 44216.95, ""atr_idx"": 9500, ""atr_end_time"": 1704772799999, ""r_confirm_time"": 1704772799999}"
2024-01-09 04:00,9501,L,SIGNAL,"{""key"": 9500}"
2024-01-09 19:59,9504,L,R_REPLACED,"{""old_key"": 9500, ""new_key"": 9504}"
2024-01-09 19:59,9504,L,ORDER_CANCEL,"{""key"": 9500, ""reason"": ""R_REPLACED"", ""level"": 45184.1791}"
2024-01-09 19:59,9504,L,R_CONFIRM_POS_FROZEN,"{""signal_id"": ""L-2023-10-20 19:59-107""}"
2024-01-09 20:00,9505,L,ORDER_CREATE,"{""key"": 9504, ""level"": 45938.6036, ""stop"": 45263.8, ""atr_idx"": 9504, ""atr_end_time"": 1704830399999, ""r_confirm_time"": 1704830399999}"
2024-01-09 20:00,9505,L,SIGNAL,"{""key"": 9504}"
2024-01-09 21:29,9505,L,R_INVALID,"{""key"": 9504, ""mode"": ""5M""}"
2024-01-09 21:29,9505,L,ORDER_CANCEL,"{""key"": 9504, ""reason"": ""R_INVALID"", ""level"": 45938.6036}"
2024-01-10 00:00,9506,L,D_DISARM,"{""day"": ""2024-01-09"", ""P0"": 40750.0, ""H1"": 45500.0}"
2024-01-10 03:59,9506,L,R_CONFIRM_POS_FROZEN,"{""signal_id"": ""L-2023-10-20 19:59-107""}"
2024-01-10 19:59,9510,L,R_CONFIRM_POS_FROZEN,"{""signal_id"": ""L-2023-10-20 19:59-107""}"
2024-01-11 00:00,9512,L,D_ARM,"{""day"": ""2024-01-10"", ""P0"": 43175.0, ""H1"": 47972.0}"
2024-01-11 00:00,9512,L,ORDER_CREATE,"{""key"": 9510, ""level"": 45010.5819, ""stop"": 44158.6255, ""atr_idx"": 9511, ""atr_end_time"": 1704931199999, ""r_confirm_time"": 1704916799999}"
2024-01-11 00:00,9512,L,SIGNAL,"{""key"": 9510}"
2024-01-11 03:59,9512,L,R_REPLACED,"{""old_key"": 9510, ""new_key"": 9512}"
2024-01-11 03:59,9512,L,ORDER_CANCEL,"{""key"": 9510, ""reason"": ""R_REPLACED"", ""level"": 45010.5819}"
2024-01-11 03:59,9512,L,R_CONFIRM_POS_FROZEN,"{""signal_id"": ""L-2023-10-20 19:59-107""}"
2024-01-11 04:00,9513,L,ORDER_CREATE,"{""key"": 9512, ""level"": 45559.3841, ""stop"": 44585.84, ""atr_idx"": 9512, ""atr_end_time"": 1704945599999, ""r_confirm_time"": 1704945599999}"
2024-01-11 04:00,9513,L,SIGNAL,"{""key"": 9512}"
2024-01-11 11:59,9514,L,R_REPLACED,"{""old_key"": 9512, ""new_key"": 9514}"
2024-01-11 11:59,9514,L,ORDER_CANCEL,"{""key"": 9512, ""reason"": ""R_REPLACED"", ""level"": 45559.3841}"
2024-01-11 11:59,9514,L,R_CONFIRM_POS_FROZEN,"{""signal_id"": ""L-2023-10-20 19:59-107""}"
2024-01-11 12:00,9515,L,ORDER_CREATE,"{""key"": 9514, ""level"": 46116.4078, ""stop"": 45473.2697, ""atr_idx"": 9514, ""atr_end_time"": 1704974399999, ""r_confirm_time"": 1704974399999}"
2024-01-11 12:00,9515,L,SIGNAL,"{""key"": 9514}"
2024-01-11 17:29,9516,L,R_INVALID,"{""key"": 9514, ""mode"": ""5M""}"
2024-01-11 17:29,9516,L,ORDER_CANCEL,"{""key"": 9514, ""reason"": ""R_INVALID"", ""level"": 46116.4078}"
2024-01-11 23:59,9517,L,R_CONFIRM_POS_FROZEN,"{""signal_id"": ""L-2023-10-20 19:59-107""}"
2024-01-12 00:00,9518,L,ORDER_CREATE,"{""key"": 9517, ""level"": 46083.7666, ""stop"": 45463.2, ""atr_idx"": 9517, ""atr_end_time"": 1705017599999, ""r_confirm_time"": 1705017599999}"
2024-01-12 00:00,9518,L,SIGNAL,"{""key"": 9517}"
2024-01-12 09:29,9520,L,R_INVALID,"{""key"": 9517, ""mode"": ""5M""}"
2024-01-12 09:29,9520,L,ORDER_CANCEL,"{""key"": 9517, ""reason"": ""R_INVALID"", ""level"": 46083.7666}"
2024-01-12 19:59,9522,L,R_CONFIRM_POS_FROZEN,"{""signal_id"": ""L-2023-10-20 19:59-107""}"
2024-01-12 20:00,9523,L,ORDER_CREATE,"{""key"": 9522, ""level"": 44910.2991, ""stop"": 44227.7176, ""atr_idx"": 9522, ""atr_end_time"": 1705089599999, ""r_confirm_time"": 1705089599999}"
2024-01-12 20:00,9523,L,SIGNAL,"{""key"": 9522}"
2024-01-12 20:04,9523,L,R_INVALID,"{""key"": 9522, ""mode"": ""5M""}"
2024-01-12 20:04,9523,L,ORDER_CANCEL,"{""key"": 9522, ""reason"": ""R_INVALID"", ""level"": 44910.2991}"
2024-01-12 22:04,9523,L,V,"{""P0"": 43175.0, ""mode"": ""5M""}"
2024-01-12 22:05,9523,L,EXIT,"{""exit_kind"": ""v"", ""px"": 42529.9, ""frac"": 0.5, ""signal_id"": ""L-2023-10-20 19:59-107""}"
2024-03-02 00:00,9818,L,D_ARM,"{""day"": ""2024-03-01"", ""P0"": 56691.85, ""H1"": 63676.35}"
2024-03-02 00:00,9818,L,ORDER_CREATE,"{""key"": 9815, ""level"": 61305.8182, ""stop"": 60437.8409, ""atr_idx"": 9817, ""atr_end_time"": 1709337599999, ""r_confirm_time"": 1709308799999}"
2024-03-02 00:00,9818,L,SIGNAL,"{""key"": 9815}"
2024-03-03 11:59,9826,L,R_REPLACED,"{""old_key"": 9815, ""new_key"": 9826}"
2024-03-03 11:59,9826,L,ORDER_CANCEL,"{""key"": 9815, ""reason"": ""R_REPLACED"", ""level"": 61305.8182}"
2024-03-03 12:00,9827,L,ORDER_CREATE,"{""key"": 9826, ""level"": 61722.7556, ""stop"": 61155.4815, ""atr_idx"": 9826, ""atr_end_time"": 1709467199999, ""r_confirm_time"": 1709467199999}"
2024-03-03 12:00,9827,L,SIGNAL,"{""key"": 9826}"
2024-03-03 23:59,9829,L,R_REPLACED,"{""old_key"": 9826, ""new_key"": 9829}"
2024-03-03 23:59,9829,L,ORDER_CANCEL,"{""key"": 9826, ""reason"": ""R_REPLACED"", ""level"": 61722.7556}"
2024-03-04 00:00,9830,L,ORDER_CREATE,"{""key"": 9829, ""level"": 62413.3709, ""stop"": 61699.9432, ""atr_idx"": 9829, ""atr_end_time"": 1709510399999, ""r_confirm_time"": 1709510399999}"
2024-03-04 00:00,9830,L,SIGNAL,"{""key"": 9829}"
2024-03-04 00:45,9830,L,FILL,"{""signal_id"": ""L-2024-03-03 23:59-108"", ""expected"": 62413.3709, ""entry"": 62413.3709, ""stop"": 61699.9432, ""key"": 9829}"
2024-03-04 01:29,9830,L,EXIT,"{""exit_kind"": ""tp"", ""px"": 63840.2262, ""frac"": 0.5, ""signal_id"": ""L-2024-03-03 23:59-108""}"
2024-03-04 07:59,9831,L,R_CONFIRM_POS_FROZEN,"{""signal_id"": ""L-2024-03-03 23:59-108""}"
2024-03-04 14:39,9833,L,EXIT,"{""exit_kind"": ""tp"", ""px"": 65912.3898, ""frac"": 0.125, ""signal_id"": ""L-2024-03-03 23:59-108""}"
2024-03-04 15:59,9833,L,R_CONFIRM_POS_FROZEN,"{""signal_id"": ""L-2024-03-03 23:59-108""}"
2024-03-04 17:24,9834,L,EXIT,"{""exit_kind"": ""tp"", ""px"": 67091.2602, ""frac"": 0.125, ""signal_id"": ""L-2024-03-03 23:59-108""}"
2024-03-04 23:59,9835,L,R_CONFIRM_POS_FROZEN,"{""signal_id"": ""L-2024-03-03 23:59-108""}"
2024-03-05 07:59,9837,L,R_CONFIRM_POS_FROZEN,"{""signal_id"": ""L-2024-03-03 23:59-108""}"
2024-03-05 15:04,9839,L,EXIT,"{""exit_kind"": ""tp"", ""px"": 69003.6499, ""frac"": 0.125, ""signal_id"": ""L-2024-03-03 23:59-108""}"
2024-03-05 15:59,9839,L,R_CONFIRM_POS_FROZEN,"{""signal_id"": ""L-2024-03-03 23:59-108""}"
2024-03-05 19:39,9840,L,EXIT,"{""exit_kind"": ""stop"", ""px"": 62538.1976, ""frac"": 0.125, ""signal_id"": ""L-2024-03-03 23:59-108""}"
2024-03-07 00:00,9848,L,D_ARM,"{""day"": ""2024-03-06"", ""P0"": 59005.0, ""H1"": 69000.0}"
2024-03-07 00:00,9848,L,ORDER_CREATE,"{""key"": 9847, ""level"": 65508.7003, ""stop"": 64421.6535, ""atr_idx"": 9847, ""atr_end_time"": 1709769599999, ""r_confirm_time"": 1709769599999}"
2024-03-07 00:00,9848,L,SIGNAL,"{""key"": 9847}"
2024-03-08 00:00,9854,L,D_DISARM,"{""day"": ""2024-03-07"", ""P0"": 59005.0, ""H1"": 69000.0}"
2024-03-08 00:00,9854,L,ORDER_CANCEL,"{""key"": 9847, ""reason"": ""D_DISARMED"", ""level"": 65508.7003}"
2024-03-09 00:00,9860,L,D_ARM,"{""day"": ""2024-03-08"", ""P0"": 62779.14, ""H1"": 69990.0}"
2024-03-09 00:00,9860,L,ORDER_CREATE,"{""key"": 9859, ""level"": 67105.8875, ""stop"": 65921.64, ""atr_idx"": 9859, ""atr_end_time"": 1709942399999, ""r_confirm_time"": 1709942399999}"
2024-03-09 00:00,9860,L,SIGNAL,"{""key"": 9859}"
2024-03-10 03:59,9866,L,R_REPLACED,"{""old_key"": 9859, ""new_key"": 9866}"
2024-03-10 03:59,9866,L,ORDER_CANCEL,"{""key"": 9859, ""reason"": ""R_REPLACED"", ""level"": 67105.8875}"
2024-03-10 04:00,9867,L,ORDER_CREATE,"{""key"": 9866, ""level"": 68384.203, ""stop"": 67616.54, ""atr_idx"": 9866, ""atr_end_time"": 1710043199999, ""r_confirm_time"": 1710043199999}"
2024-03-10 04:00,9867,L,SIGNAL,"{""key"": 9866}"
2024-03-10 11:59,9868,L,R_REPLACED,"{""old_key"": 9866, ""new_key"": 9868}"
2024-03-10 11:59,9868,L,ORDER_CANCEL,"{""key"": 9866, ""reason"": ""R_REPLACED"", ""level"": 68384.203}"
2024-03-10 12:00,9869,L,ORDER_CREATE,"{""key"": 9868, ""level"": 68878.5203, ""stop"": 68057.7125, ""atr_idx"": 9868, ""atr_end_time"": 1710071999999, ""r_confirm_time"": 1710071999999}"
2024-03-10 12:00,9869,L,SIGNAL,"{""key"": 9868}"
2024-03-10 14:40,9869,L,FILL,"{""signal_id"": ""L-2024-03-10 11:59-109"", ""expected"": 68878.5203, ""entry"": 68878.5203, ""stop"": 68057.7125, ""key"": 9868}"
2024-03-10 19:59,9870,L,R_CONFIRM_POS_FROZEN,"{""signal_id"": ""L-2024-03-10 11:59-109""}"
2024-03-11 00:54,9872,L,EXIT,"{""exit_kind"": ""stop"", ""px"": 68057.7125, ""frac"": 1.0, ""signal_id"": ""L-2024-03-10 11:59-109""}"
2024-03-17 00:00,9908,L,D_ARM,"{""day"": ""2024-03-16"", ""P0"": 65600.0, ""H1"": 72419.71}"
2024-03-17 00:04,9908,L,V,"{""P0"": 65600.0, ""mode"": ""5M""}"
2024-03-22 00:00,9938,S,D_ARM,"{""day"": ""2024-03-21"", ""P0"": -68124.11, ""H1"": -60775.0}"
2024-03-22 00:00,9938,S,ORDER_CREATE,"{""key"": 9934, ""level"": -67579.6346, ""stop"": -68498.7817, ""atr_idx"": 9937, ""atr_end_time"": 1711065599999, ""r_confirm_time"": 1711022399999}"
2024-03-22 00:00,9938,S,SIGNAL,"{""key"": 9934}"
2024-03-22 03:59,9938,S,R_REPLACED,"{""old_key"": 9934, ""new_key"": 9938}"
2024-03-22 03:59,9938,S,ORDER_CANCEL,"{""key"": 9934, ""reason"": ""R_REPLACED"", ""level"": -67579.6346}"
2024-03-22 04:00,9939,S,ORDER_CREATE,"{""key"": 9938, ""level"": -66273.2879, ""stop"": -67267.7998, ""atr_idx"": 9938, ""atr_end_time"": 1711079999999, ""r_confirm_time"": 1711079999999}"
2024-03-22 04:00,9939,S,SIGNAL,"{""key"": 9938}"
2024-03-22 04:50,9939,S,SKIP_V,"{""key"": 9938}"
2024-03-22 04:50,9939,S,ORDER_CANCEL,"{""key"": 9938, ""reason"": ""SKIP_V"", ""level"": -66273.2879}"
2024-03-22 12:00,9941,S,ORDER_CREATE,"{""key"": 9940, ""level"": -65882.4415, ""stop"": -66891.9757, ""atr_idx"": 9940, ""atr_end_time"": 1711108799999, ""r_confirm_time"": 1711108799999}"
2024-03-22 12:00,9941,S,SIGNAL,"{""key"": 9940}"
2024-03-22 19:59,9942,S,R_REPLACED,"{""old_key"": 9940, ""new_key"": 9942}"
2024-03-22 19:59,9942,S,ORDER_CANCEL,"{""key"": 9940, ""reason"": ""R_REPLACED"", ""level"": -65882.4415}"
2024-03-22 20:00,9943,S,ORDER_CREATE,"{""key"": 9942, ""level"": -65320.0043, ""stop"": -66612.239, ""atr_idx"": 9942, ""atr_end_time"": 1711137599999, ""r_confirm_time"": 1711137599999}"
2024-03-22 20:00,9943,S,SIGNAL,"{""key"": 9942}"
2024-03-23 00:00,9944,S,D_DISARM,"{""day"": ""2024-03-22"", ""P0"": -68124.11, ""H1"": -60775.0}"
2024-03-23 00:00,9944,S,ORDER_CANCEL,"{""key"": 9942, ""reason"": ""D_DISARMED"", ""level"": -65320.0043}"
2024-04-07 00:00,10034,L,D_ARM,"{""day"": ""2024-04-06"", ""P0"": 64493.07, ""H1"": 69692.0}"
2024-04-07 00:00,10034,L,ORDER_CREATE,"{""key"": 10027, ""level"": 66737.2284, ""stop"": 65768.102, ""atr_idx"": 10033, ""atr_end_time"": 1712447999999, ""r_confirm_time"": 1712361599999}"
2024-04-07 00:00,10034,L,SIGNAL,"{""key"": 10027}"
2024-04-07 07:59,10035,L,R_REPLACED,"{""old_key"": 10027, ""new_key"": 10035}"
2024-04-07 07:59,10035,L,ORDER_CANCEL,"{""key"": 10027, ""reason"": ""R_REPLACED"", ""level"": 66737.2284}"
2024-04-07 08:00,10036,L,ORDER_CREATE,"{""key"": 10035, ""level"": 68751.5317, ""stop"": 67954.0245, ""atr_idx"": 10035, ""atr_end_time"": 1712476799999, ""r_confirm_time"": 1712476799999}"
2024-04-07 08:00,10036,L,SIGNAL,"{""key"": 10035}"
2024-04-07 23:59,10039,L,R_REPLACED,"{""old_key"": 10035, ""new_key"": 10039}"
2024-04-07 23:59,10039,L,ORDER_CANCEL,"{""key"": 10035, ""reason"": ""R_REPLACED"", ""level"": 68751.5317}"
2024-04-08 00:00,10040,L,ORDER_CREATE,"{""key"": 10039, ""level"": 69446.2488, ""stop"": 68674.6561, ""atr_idx"": 10039, ""atr_end_time"": 1712534399999, ""r_confirm_time"": 1712534399999}"
2024-04-08 00:00,10040,L,SIGNAL,"{""key"": 10039}"
2024-04-08 00:00,10040,L,FILL,"{""signal_id"": ""L-2024-04-07 23:59-110"", ""expected"": 69446.2488, ""entry"": 69446.2488, ""stop"": 68674.6561, ""key"": 10039}"
2024-04-08 07:59,10041,L,R_CONFIRM_POS_FROZEN,"{""signal_id"": ""L-2024-04-07 23:59-110""}"
2024-04-08 08:04,10042,L,EXIT,"{""exit_kind"": ""tp"", ""px"": 70989.4342, ""frac"": 0.5, ""signal_id"": ""L-2024-04-07 23:59-110""}"
2024-04-08 08:54,10042,L,EXIT,"{""exit_kind"": ""tp"", ""px"": 72280.3234, ""frac"": 0.125, ""signal_id"": ""L-2024-04-07 23:59-110""}"
2024-04-08 15:59,10043,L,R_CONFIRM_POS_FROZEN,"{""signal_id"": ""L-2024-04-07 23:59-110""}"
2024-04-09 08:09,10048,L,EXIT,"{""exit_kind"": ""stop"", ""px"": 69585.1413, ""frac"": 0.375, ""signal_id"": ""L-2024-04-07 23:59-110""}"
2024-04-14 00:00,10076,L,D_ARM,"{""day"": ""2024-04-13"", ""P0"": 65086.86, ""H1"": 71227.46}"
2024-04-14 00:00,10076,L,ORDER_CREATE,"{""key"": 10075, ""level"": 64724.2319, ""stop"": 63339.41, ""atr_idx"": 10075, ""atr_end_time"": 1713052799999, ""r_confirm_time"": 1713052799999}"
2024-04-14 00:00,10076,L,SIGNAL,"{""key"": 10075}"
2024-04-14 00:00,10076,L,FILL,"{""signal_id"": ""L-2024-04-13 23:59-111"", ""expected"": 64724.2319, ""entry"": 64724.2319, ""stop"": 63339.41, ""key"": 10075}"
2024-04-14 00:04,10076,L,V_POS,"{""P0"": 65086.86, ""signal_id"": ""L-2024-04-13 23:59-111""}"
2024-04-14 00:05,10076,L,EXIT,"{""exit_kind"": ""v"", ""px"": 64192.9, ""frac"": 1.0, ""signal_id"": ""L-2024-04-13 23:59-111""}"
2024-04-18 00:00,10100,S,D_ARM,"{""day"": ""2024-04-17"", ""P0"": -66867.07, ""H1"": -59678.16}"
2024-04-18 00:00,10100,S,ORDER_CREATE,"{""key"": 10099, ""level"": -61984.2884, ""stop"": -63146.0716, ""atr_idx"": 10099, ""atr_end_time"": 1713398399999, ""r_confirm_time"": 1713398399999}"
2024-04-18 00:00,10100,S,SIGNAL,"{""key"": 10099}"
2024-04-18 03:05,10100,S,FILL,"{""signal_id"": ""S-2024-04-17 23:59-112"", ""expected"": -61984.2884, ""entry"": -61984.2884, ""stop"": -63146.0716, ""key"": 10099}"
2024-04-18 14:14,10103,S,EXIT,"{""exit_kind"": ""stop"", ""px"": -63146.0716, ""frac"": 1.0, ""signal_id"": ""S-2024-04-17 23:59-112""}"
2024-04-21 00:00,10118,S,D_ARM,"{""day"": ""2024-04-20"", ""P0"": -65450.0, ""H1"": -59600.01}"
2024-04-21 00:00,10118,S,ORDER_CREATE,"{""key"": 10110, ""level"": -64812.3878, ""stop"": -65676.44, ""atr_idx"": 10117, ""atr_end_time"": 1713657599999, ""r_confirm_time"": 1713556799999}"
2024-04-21 00:00,10118,S,SIGNAL,"{""key"": 10110}"
2024-04-21 00:00,10118,S,FILL,"{""signal_id"": ""S-2024-04-19 19:59-113"", ""expected"": -64812.3878, ""entry"": -64812.3878, ""stop"": -65676.44, ""key"": 10110}"
2024-04-21 03:09,10118,S,EXIT,"{""exit_kind"": ""stop"", ""px"": -65676.44, ""frac"": 1.0, ""signal_id"": ""S-2024-04-19 19:59-113""}"
2024-05-04 00:00,10196,S,D_ARM,"{""day"": ""2024-05-03"", ""P0"": -64734.0, ""H1"": -56552.82}"
2024-05-04 04:00,10197,S,ORDER_CREATE,"{""key"": 10196, ""level"": -62813.1451, ""stop"": -63522.999, ""atr_idx"": 10196, ""atr_end_time"": 1714795199999, ""r_confirm_time"": 1714795199999}"
2024-05-04 04:00,10197,S,SIGNAL,"{""key"": 10196}"
2024-05-04 04:00,10197,S,FILL,"{""signal_id"": ""S-2024-05-04 03:59-114"", ""expected"": -62813.1451, ""entry"": -62813.1451, ""stop"": -63522.999, ""key"": 10196}"
2024-05-04 10:44,10198,S,EXIT,"{""exit_kind"": ""stop"", ""px"": -63522.999, ""frac"": 1.0, ""signal_id"": ""S-2024-05-04 03:59-114""}"
2024-05-16 00:00,10268,L,D_ARM,"{""day"": ""2024-05-15"", ""P0"": 60187.12, ""H1"": 66444.16}"
2024-05-16 00:00,10268,L,ORDER_CREATE,"{""key"": 10266, ""level"": 63136.5812, ""stop"": 61701.1396, ""atr_idx"": 10267, ""atr_end_time"": 1715817599999, ""r_confirm_time"": 1715803199999}"
2024-05-16 00:00,10268,L,SIGNAL,"{""key"": 10266}"
2024-05-16 03:59,10268,L,R_REPLACED,"{""old_key"": 10266, ""new_key"": 10268}"
2024-05-16 03:59,10268,L,ORDER_CANCEL,"{""key"": 10266, ""reason"": ""R_REPLACED"", ""level"": 63136.5812}"
2024-05-16 04:00,10269,L,ORDER_CREATE,"{""key"": 10268, ""level"": 65340.084, ""stop"": 64487.4555, ""atr_idx"": 10268, ""atr_end_time"": 1715831999999, ""r_confirm_time"": 1715831999999}"
2024-05-16 04:00,10269,L,SIGNAL,"{""key"": 10268}"
2024-05-16 15:00,10271,L,FILL,"{""signal_id"": ""L-2024-05-16 03:59-115"", ""expected"": 65340.084, ""entry"": 65340.084, ""stop"": 64487.4555, ""key"": 10268}"
2024-05-16 15:59,10271,L,R_CONFIRM_POS_FROZEN,"{""signal_id"": ""L-2024-05-16 03:59-115""}"
2024-05-16 23:59,10273,L,R_CONFIRM_POS_FROZEN,"{""signal_id"": ""L-2024-05-16 03:59-115""}"
2024-05-17 15:19,10277,L,EXIT,"{""exit_kind"": ""tp"", ""px"": 67045.3409, ""frac"": 0.5, ""signal_id"": ""L-2024-05-16 03:59-115""}"
2024-05-17 15:19,10277,L,EXIT,"{""exit_kind"": ""tp"", ""px"": 66275.6805, ""frac"": 0.125, ""signal_id"": ""L-2024-05-16 03:59-115""}"
2024-05-17 15:19,10277,L,EXIT,"{""exit_kind"": ""tp"", ""px"": 66753.8397, ""frac"": 0.125, ""signal_id"": ""L-2024-05-16 03:59-115""}"
2024-05-17 15:59,10277,L,R_CONFIRM_POS_FROZEN,"{""signal_id"": ""L-2024-05-16 03:59-115""}"
2024-05-17 23:59,10279,L,R_CONFIRM_POS_FROZEN,"{""signal_id"": ""L-2024-05-16 03:59-115""}"
2024-05-19 03:59,10286,L,R_CONFIRM_POS_FROZEN,"{""signal_id"": ""L-2024-05-16 03:59-115""}"
2024-05-19 10:34,10288,L,EXIT,"{""exit_kind"": ""tp"", ""px"": 67529.5202, ""frac"": 0.125, ""signal_id"": ""L-2024-05-16 03:59-115""}"
2024-05-19 19:59,10290,L,R_CONFIRM_POS_FROZEN,"{""signal_id"": ""L-2024-05-16 03:59-115""}"
2024-05-20 03:59,10292,L,R_CONFIRM_POS_FROZEN,"{""signal_id"": ""L-2024-05-16 03:59-115""}"
2024-05-20 11:59,10294,L,R_CONFIRM_POS_FROZEN,"{""signal_id"": ""L-2024-05-16 03:59-115""}"
2024-05-20 19:24,10296,L,EXIT,"{""exit_kind"": ""tp"", ""px"": 68783.3598, ""frac"": 0.125, ""signal_id"": ""L-2024-05-16 03:59-115""}"
2024-07-05 00:00,10568,S,D_ARM,"{""day"": ""2024-07-04"", ""P0"": -63861.76, ""H1"": -56771.0}"
2024-07-05 04:00,10569,S,ORDER_CREATE,"{""key"": 10568, ""level"": -57710.267, ""stop"": -58976.4, ""atr_idx"": 10568, ""atr_end_time"": 1720151999999, ""r_confirm_time"": 1720151999999}"
2024-07-05 04:00,10569,S,SIGNAL,"{""key"": 10568}"
2024-07-05 11:59,10570,S,R_REPLACED,"{""old_key"": 10568, ""new_key"": 10570}"
2024-07-05 11:59,10570,S,ORDER_CANCEL,"{""key"": 10568, ""reason"": ""R_REPLACED"", ""level"": -57710.267}"
2024-07-05 12:00,10571,S,ORDER_CREATE,"{""key"": 10570, ""level"": -56371.6558, ""stop"": -57706.0002, ""atr_idx"": 10570, ""atr_end_time"": 1720180799999, ""r_confirm_time"": 1720180799999}"
2024-07-05 12:00,10571,S,SIGNAL,"{""key"": 10570}"
2024-07-05 15:05,10571,S,FILL,"{""signal_id"": ""S-2024-07-05 11:59-116"", ""expected"": -56371.6558, ""entry"": -56371.6558, ""stop"": -57706.0002, ""key"": 10570}"
2024-07-05 19:59,10572,S,R_CONFIRM_POS_FROZEN,"{""signal_id"": ""S-2024-07-05 11:59-116""}"
2024-07-06 16:29,10578,S,EXIT,"{""exit_kind"": ""stop"", ""px"": -57706.0002, ""frac"": 1.0, ""signal_id"": ""S-2024-07-05 11:59-116""}"
2024-08-29 00:00,10898,L,D_ARM,"{""day"": ""2024-08-28"", ""P0"": 58034.01, ""H1"": 63212.0}"
2024-08-29 00:00,10898,L,ORDER_CREATE,"{""key"": 10896, ""level"": 58984.9415, ""stop"": 58224.8, ""atr_idx"": 10897, ""atr_end_time"": 1724889599999, ""r_confirm_time"": 1724875199999}"
2024-08-29 00:00,10898,L,SIGNAL,"{""key"": 10896}"
2024-08-29 00:00,10898,L,FILL,"{""signal_id"": ""L-2024-08-28 19:59-117"", ""expected"": 58984.9415, ""entry"": 58984.9415, ""stop"": 58224.8, ""key"": 10896}"
2024-08-29 03:59,10898,L,R_CONFIRM_POS_FROZEN,"{""signal_id"": ""L-2024-08-28 19:59-117""}"
2024-08-29 13:39,10901,L,EXIT,"{""exit_kind"": ""tp"", ""px"": 60505.2246, ""frac"": 0.5, ""signal_id"": ""L-2024-08-28 19:59-117""}"
2024-08-29 18:49,10902,L,EXIT,"{""exit_kind"": ""stop"", ""px"": 59102.9114, ""frac"": 0.5, ""signal_id"": ""L-2024-08-28 19:59-117""}"
2024-10-15 00:00,11180,L,D_ARM,"{""day"": ""2024-10-14"", ""P0"": 58946.0, ""H1"": 66500.0}"
2024-10-15 00:00,11180,L,ORDER_CREATE,"{""key"": 11178, ""level"": 64968.7629, ""stop"": 64113.9793, ""atr_idx"": 11179, ""atr_end_time"": 1728950399999, ""r_confirm_time"": 1728935999999}"
2024-10-15 00:00,11180,L,SIGNAL,"{""key"": 11178}"
2024-10-15 07:59,11181,L,R_REPLACED,"{""old_key"": 11178, ""new_key"": 11181}"
2024-10-15 07:59,11181,L,ORDER_CANCEL,"{""key"": 11178, ""reason"": ""R_REPLACED"", ""level"": 64968.7629}"
2024-10-15 08:00,11182,L,ORDER_CREATE,"{""key"": 11181, ""level"": 65735.5432, ""stop"": 65104.1, ""atr_idx"": 11181, ""atr_end_time"": 1728979199999, ""r_confirm_time"": 1728979199999}"
2024-10-15 08:00,11182,L,SIGNAL,"{""key"": 11181}"
2024-10-15 08:00,11182,L,FILL,"{""signal_id"": ""L-2024-10-15 07:59-118"", ""expected"": 65735.5432, ""entry"": 65735.5432, ""stop"": 65104.1, ""key"": 11181}"
2024-10-15 13:54,11183,L,EXIT,"{""exit_kind"": ""tp"", ""px"": 66998.4295, ""frac"": 0.5, ""signal_id"": ""L-2024-10-15 07:59-118""}"
2024-10-15 13:54,11183,L,EXIT,"{""exit_kind"": ""tp"", ""px"": 66591.4866, ""frac"": 0.125, ""signal_id"": ""L-2024-10-15 07:59-118""}"
2024-10-15 14:04,11183,L,EXIT,"{""exit_kind"": ""tp"", ""px"": 67897.0834, ""frac"": 0.125, ""signal_id"": ""L-2024-10-15 07:59-118""}"
2024-10-15 14:39,11183,L,EXIT,"{""exit_kind"": ""stop"", ""px"": 65867.0143, ""frac"": 0.25, ""signal_id"": ""L-2024-10-15 07:59-118""}"
2024-11-07 00:00,11318,L,D_ARM,"{""day"": ""2024-11-06"", ""P0"": 66835.0, ""H1"": 76400.0}"
2024-11-07 00:00,11318,L,ORDER_CREATE,"{""key"": 11315, ""level"": 73431.9225, ""stop"": 72503.3355, ""atr_idx"": 11317, ""atr_end_time"": 1730937599999, ""r_confirm_time"": 1730908799999}"
2024-11-07 00:00,11318,L,SIGNAL,"{""key"": 11315}"
2024-11-07 03:59,11318,L,R_REPLACED,"{""old_key"": 11315, ""new_key"": 11318}"
2024-11-07 03:59,11318,L,ORDER_CANCEL,"{""key"": 11315, ""reason"": ""R_REPLACED"", ""level"": 73431.9225}"
2024-11-07 04:00,11319,L,ORDER_CREATE,"{""key"": 11318, ""level"": 74897.8996, ""stop"": 73912.0965, ""atr_idx"": 11318, ""atr_end_time"": 1730951999999, ""r_confirm_time"": 1730951999999}"
2024-11-07 04:00,11319,L,SIGNAL,"{""key"": 11318}"
2024-11-07 04:05,11319,L,FILL,"{""signal_id"": ""L-2024-11-07 03:59-119"", ""expected"": 74897.8996, ""entry"": 74897.8996, ""stop"": 73912.0965, ""key"": 11318}"
2024-11-07 19:59,11322,L,R_CONFIRM_POS_FROZEN,"{""signal_id"": ""L-2024-11-07 03:59-119""}"
2024-11-07 20:24,11323,L,EXIT,"{""exit_kind"": ""tp"", ""px"": 76869.5059, ""frac"": 0.5, ""signal_id"": ""L-2024-11-07 03:59-119""}"
2024-11-07 20:24,11323,L,EXIT,"{""exit_kind"": ""tp"", ""px"": 75966.131, ""frac"": 0.125, ""signal_id"": ""L-2024-11-07 03:59-119""}"
2024-11-08 15:59,11327,L,R_CONFIRM_POS_FROZEN,"{""signal_id"": ""L-2024-11-07 03:59-119""}"
2024-11-09 03:59,11330,L,R_CONFIRM_POS_FROZEN,"{""signal_id"": ""L-2024-11-07 03:59-119""}"
2024-11-09 23:59,11335,L,R_CONFIRM_POS_FROZEN,"{""signal_id"": ""L-2024-11-07 03:59-119""}"
2024-11-10 02:29,11336,L,EXIT,"{""exit_kind"": ""tp"", ""px"": 77415.499, ""frac"": 0.125, ""signal_id"": ""L-2024-11-07 03:59-119""}"
2024-11-10 11:59,11338,L,R_CONFIRM_POS_FROZEN,"{""signal_id"": ""L-2024-11-07 03:59-119""}"
2024-11-10 19:59,11340,L,R_CONFIRM_POS_FROZEN,"{""signal_id"": ""L-2024-11-07 03:59-119""}"
2024-11-11 00:00,11342,L,D_ARM,"{""day"": ""2024-11-10"", ""P0"": 69298.0, ""H1"": 81500.0}"
2024-11-11 03:59,11342,L,R_CONFIRM_POS_FROZEN,"{""signal_id"": ""L-2024-11-07 03:59-119""}"
2024-11-11 04:00,11343,L,ORDER_CREATE,"{""key"": 11342, ""level"": 79588.5659, ""stop"": 78313.5524, ""atr_idx"": 11342, ""atr_end_time"": 1731297599999, ""r_confirm_time"": 1731297599999}"
2024-11-11 04:00,11343,L,SIGNAL,"{""key"": 11342}"
2024-11-11 11:59,11344,L,R_REPLACED,"{""old_key"": 11342, ""new_key"": 11344}"
2024-11-11 11:59,11344,L,ORDER_CANCEL,"{""key"": 11342, ""reason"": ""R_REPLACED"", ""level"": 79588.5659}"
2024-11-11 11:59,11344,L,R_CONFIRM_POS_FROZEN,"{""signal_id"": ""L-2024-11-07 03:59-119""}"
2024-11-11 12:00,11345,L,ORDER_CREATE,"{""key"": 11344, ""level"": 81015.6873, ""stop"": 80020.4164, ""atr_idx"": 11344, ""atr_end_time"": 1731326399999, ""r_confirm_time"": 1731326399999}"
2024-11-11 12:00,11345,L,SIGNAL,"{""key"": 11344}"
2024-11-11 23:59,11347,L,R_REPLACED,"{""old_key"": 11344, ""new_key"": 11347}"
2024-11-11 23:59,11347,L,ORDER_CANCEL,"{""key"": 11344, ""reason"": ""R_REPLACED"", ""level"": 81015.6873}"
2024-11-11 23:59,11347,L,R_CONFIRM_POS_FROZEN,"{""signal_id"": ""L-2024-11-07 03:59-119""}"
2024-11-12 00:00,11348,L,ORDER_CREATE,"{""key"": 11347, ""level"": 83684.2719, ""stop"": 81223.0975, ""atr_idx"": 11347, ""atr_end_time"": 1731369599999, ""r_confirm_time"": 1731369599999}"
2024-11-12 00:00,11348,L,SIGNAL,"{""key"": 11347}"
2024-11-12 07:59,11349,L,R_REPLACED,"{""old_key"": 11347, ""new_key"": 11349}"
2024-11-12 07:59,11349,L,ORDER_CANCEL,"{""key"": 11347, ""reason"": ""R_REPLACED"", ""level"": 83684.2719}"
2024-11-12 07:59,11349,L,R_CONFIRM_POS_FROZEN,"{""signal_id"": ""L-2024-11-07 03:59-119""}"
2024-11-12 08:00,11350,L,ORDER_CREATE,"{""key"": 11349, ""level"": 87315.7558, ""stop"": 85864.7307, ""atr_idx"": 11349, ""atr_end_time"": 1731398399999, ""r_confirm_time"": 1731398399999}"
2024-11-12 08:00,11350,L,SIGNAL,"{""key"": 11349}"
2024-11-12 10:49,11350,L,R_INVALID,"{""key"": 11349, ""mode"": ""5M""}"
2024-11-12 10:49,11350,L,ORDER_CANCEL,"{""key"": 11349, ""reason"": ""R_INVALID"", ""level"": 87315.7558}"
2024-11-12 15:59,11351,L,R_CONFIRM_POS_FROZEN,"{""signal_id"": ""L-2024-11-07 03:59-119""}"
2024-11-12 16:00,11352,L,ORDER_CREATE,"{""key"": 11351, ""level"": 86724.6831, ""stop"": 85243.5, ""atr_idx"": 11351, ""atr_end_time"": 1731427199999, ""r_confirm_time"": 1731427199999}"
2024-11-12 16:00,11352,L,SIGNAL,"{""key"": 11351}"
2024-11-12 23:59,11353,L,R_REPLACED,"{""old_key"": 11351, ""new_key"": 11353}"
2024-11-12 23:59,11353,L,ORDER_CANCEL,"{""key"": 11351, ""reason"": ""R_REPLACED"", ""level"": 86724.6831}"
2024-11-12 23:59,11353,L,R_CONFIRM_POS_FROZEN,"{""signal_id"": ""L-2024-11-07 03:59-119""}"
2024-11-13 00:00,11354,L,D_DISARM,"{""day"": ""2024-11-12"", ""P0"": 69298.0, ""H1"": 81500.0}"
2024-11-13 15:59,11357,L,R_CONFIRM_POS_FROZEN,"{""signal_id"": ""L-2024-11-07 03:59-119""}"
2024-11-13 23:59,11359,L,R_CONFIRM_POS_FROZEN,"{""signal_id"": ""L-2024-11-07 03:59-119""}"
2024-11-14 00:00,11360,L,D_ARM,"{""day"": ""2024-11-13"", ""P0"": 80216.01, ""H1"": 93265.64}"
2024-11-14 00:00,11360,L,ORDER_CREATE,"{""key"": 11359, ""level"": 89203.1526, ""stop"": 87288.347, ""atr_idx"": 11359, ""atr_end_time"": 1731542399999, ""r_confirm_time"": 1731542399999}"
2024-11-14 00:00,11360,L,SIGNAL,"{""key"": 11359}"
2024-11-14 07:59,11361,L,R_REPLACED,"{""old_key"": 11359, ""new_key"": 11361}"
2024-11-14 07:59,11361,L,ORDER_CANCEL,"{""key"": 11359, ""reason"": ""R_REPLACED"", ""level"": 89203.1526}"
2024-11-14 07:59,11361,L,R_CONFIRM_POS_FROZEN,"{""signal_id"": ""L-2024-11-07 03:59-119""}"
2024-11-14 08:00,11362,L,ORDER_CREATE,"{""key"": 11361, ""level"": 88954.3613, ""stop"": 87741.0847, ""atr_idx"": 11361, ""atr_end_time"": 1731571199999, ""r_confirm_time"": 1731571199999}"
2024-11-14 08:00,11362,L,SIGNAL,"{""key"": 11361}"
2024-11-14 15:59,11363,L,R_INVALID,"{""key"": 11361, ""mode"": ""5M""}"
2024-11-14 15:59,11363,L,ORDER_CANCEL,"{""key"": 11361, ""reason"": ""R_INVALID"", ""level"": 88954.3613}"
2024-11-14 19:59,11364,L,R_CONFIRM_POS_FROZEN,"{""signal_id"": ""L-2024-11-07 03:59-119""}"
2024-11-14 20:00,11365,L,ORDER_CREATE,"{""key"": 11364, ""level"": 89063.2903, ""stop"": 87591.435, ""atr_idx"": 11364, ""atr_end_time"": 1731614399999, ""r_confirm_time"": 1731614399999}"
2024-11-14 20:00,11365,L,SIGNAL,"{""key"": 11364}"
2024-11-14 20:49,11365,L,R_INVALID,"{""key"": 11364, ""mode"": ""5M""}"
2024-11-14 20:49,11365,L,ORDER_CANCEL,"{""key"": 11364, ""reason"": ""R_INVALID"", ""level"": 89063.2903}"
2024-11-15 03:59,11366,L,R_CONFIRM_POS_FROZEN,"{""signal_id"": ""L-2024-11-07 03:59-119""}"
2024-11-15 04:00,11367,L,ORDER_CREATE,"{""key"": 11366, ""level"": 87634.2259, ""stop"": 86453.858, ""atr_idx"": 11366, ""atr_end_time"": 1731643199999, ""r_confirm_time"": 1731643199999}"
2024-11-15 04:00,11367,L,SIGNAL,"{""key"": 11366}"
2024-11-15 11:59,11368,L,R_REPLACED,"{""old_key"": 11366, ""new_key"": 11368}"
2024-11-15 11:59,11368,L,ORDER_CANCEL,"{""key"": 11366, ""reason"": ""R_REPLACED"", ""level"": 87634.2259}"
2024-11-15 11:59,11368,L,R_CONFIRM_POS_FROZEN,"{""signal_id"": ""L-2024-11-07 03:59-119""}"
2024-11-15 12:00,11369,L,ORDER_CREATE,"{""key"": 11368, ""level"": 88016.2024, ""stop"": 86849.667, ""atr_idx"": 11368, ""atr_end_time"": 1731671999999, ""r_confirm_time"": 1731671999999}"
2024-11-15 12:00,11369,L,SIGNAL,"{""key"": 11368}"
2024-11-15 23:59,11371,L,R_REPLACED,"{""old_key"": 11368, ""new_key"": 11371}"
2024-11-15 23:59,11371,L,ORDER_CANCEL,"{""key"": 11368, ""reason"": ""R_REPLACED"", ""level"": 88016.2024}"
2024-11-15 23:59,11371,L,R_CONFIRM_POS_FROZEN,"{""signal_id"": ""L-2024-11-07 03:59-119""}"
2024-11-16 00:00,11372,L,ORDER_CREATE,"{""key"": 11371, ""level"": 89050.4864, ""stop"": 87551.555, ""atr_idx"": 11371, ""atr_end_time"": 1731715199999, ""r_confirm_time"": 1731715199999}"
2024-11-16 00:00,11372,L,SIGNAL,"{""key"": 11371}"
2024-11-17 07:59,11379,L,R_REPLACED,"{""old_key"": 11371, ""new_key"": 11379}"
2024-11-17 07:59,11379,L,ORDER_CANCEL,"{""key"": 11371, ""reason"": ""R_REPLACED"", ""level"": 89050.4864}"
2024-11-17 07:59,11379,L,R_CONFIRM_POS_FROZEN,"{""signal_id"": ""L-2024-11-07 03:59-119""}"
2024-11-17 08:00,11380,L,ORDER_CREATE,"{""key"": 11379, ""level"": 90036.3339, ""stop"": 89131.8997, ""atr_idx"": 11379, ""atr_end_time"": 1731830399999, ""r_confirm_time"": 1731830399999}"
2024-11-17 08:00,11380,L,SIGNAL,"{""key"": 11379}"
2024-11-17 19:59,11382,L,R_REPLACED,"{""old_key"": 11379, ""new_key"": 11382}"
2024-11-17 19:59,11382,L,ORDER_CANCEL,"{""key"": 11379, ""reason"": ""R_REPLACED"", ""level"": 90036.3339}"
2024-11-17 19:59,11382,L,R_CONFIRM_POS_FROZEN,"{""signal_id"": ""L-2024-11-07 03:59-119""}"
2024-11-17 20:00,11383,L,ORDER_CREATE,"{""key"": 11382, ""level"": 90516.6124, ""stop"": 89665.8929, ""atr_idx"": 11382, ""atr_end_time"": 1731873599999, ""r_confirm_time"": 1731873599999}"
2024-11-17 20:00,11383,L,SIGNAL,"{""key"": 11382}"
2024-11-17 20:24,11383,L,R_INVALID,"{""key"": 11382, ""mode"": ""5M""}"
2024-11-17 20:24,11383,L,ORDER_CANCEL,"{""key"": 11382, ""reason"": ""R_INVALID"", ""level"": 90516.6124}"
2024-11-18 03:59,11384,L,R_CONFIRM_POS_FROZEN,"{""signal_id"": ""L-2024-11-07 03:59-119""}"
2024-11-18 04:00,11385,L,ORDER_CREATE,"{""key"": 11384, ""level"": 89538.1915, ""stop"": 88469.8917, ""atr_idx"": 11384, ""atr_end_time"": 1731902399999, ""r_confirm_time"": 1731902399999}"
2024-11-18 04:00,11385,L,SIGNAL,"{""key"": 11384}"
2024-11-18 11:59,11386,L,R_REPLACED,"{""old_key"": 11384, ""new_key"": 11386}"
2024-11-18 11:59,11386,L,ORDER_CANCEL,"{""key"": 11384, ""reason"": ""R_REPLACED"", ""level"": 89538.1915}"
2024-11-18 11:59,11386,L,R_CONFIRM_POS_FROZEN,"{""signal_id"": ""L-2024-11-07 03:59-119""}"
2024-11-18 12:00,11387,L,ORDER_CREATE,"{""key"": 11386, ""level"": 90586.3743, ""stop"": 89397.8993, ""atr_idx"": 11386, ""atr_end_time"": 1731931199999, ""r_confirm_time"": 1731931199999}"
2024-11-18 12:00,11387,L,SIGNAL,"{""key"": 11386}"
2024-11-18 13:04,11387,L,R_INVALID,"{""key"": 11386, ""mode"": ""5M""}"
2024-11-18 13:04,11387,L,ORDER_CANCEL,"{""key"": 11386, ""reason"": ""R_INVALID"", ""level"": 90586.3743}"
2024-11-18 19:59,11388,L,R_CONFIRM_POS_FROZEN,"{""signal_id"": ""L-2024-11-07 03:59-119""}"
2024-11-18 20:00,11389,L,ORDER_CREATE,"{""key"": 11388, ""level"": 90466.2715, ""stop"": 89153.8337, ""atr_idx"": 11388, ""atr_end_time"": 1731959999999, ""r_confirm_time"": 1731959999999}"
2024-11-18 20:00,11389,L,SIGNAL,"{""key"": 11388}"
2024-11-19 03:59,11390,L,R_REPLACED,"{""old_key"": 11388, ""new_key"": 11390}"
2024-11-19 03:59,11390,L,ORDER_CANCEL,"{""key"": 11388, ""reason"": ""R_REPLACED"", ""level"": 90466.2715}"
2024-11-19 03:59,11390,L,R_CONFIRM_POS_FROZEN,"{""signal_id"": ""L-2024-11-07 03:59-119""}"
2024-11-19 04:00,11391,L,ORDER_CREATE,"{""key"": 11390, ""level"": 90538.3286, ""stop"": 89437.0814, ""atr_idx"": 11390, ""atr_end_time"": 1731988799999, ""r_confirm_time"": 1731988799999}"
2024-11-19 04:00,11391,L,SIGNAL,"{""key"": 11390}"
2024-11-19 11:59,11392,L,R_REPLACED,"{""old_key"": 11390, ""new_key"": 11392}"
2024-11-19 11:59,11392,L,ORDER_CANCEL,"{""key"": 11390, ""reason"": ""R_REPLACED"", ""level"": 90538.3286}"
2024-11-19 11:59,11392,L,R_CONFIRM_POS_FROZEN,"{""signal_id"": ""L-2024-11-07 03:59-119""}"
2024-11-19 12:00,11393,L,ORDER_CREATE,"{""key"": 11392, ""level"": 91083.5048, ""stop"": 90134.3832, ""atr_idx"": 11392, ""atr_end_time"": 1732017599999, ""r_confirm_time"": 1732017599999}"
2024-11-19 12:00,11393,L,SIGNAL,"{""key"": 11392}"
2024-11-19 23:59,11395,L,R_REPLACED,"{""old_key"": 11392, ""new_key"": 11395}"
2024-11-19 23:59,11395,L,ORDER_CANCEL,"{""key"": 11392, ""reason"": ""R_REPLACED"", ""level"": 91083.5048}"
2024-11-19 23:59,11395,L,R_CONFIRM_POS_FROZEN,"{""signal_id"": ""L-2024-11-07 03:59-119""}"
2024-11-20 00:00,11396,L,ORDER_CREATE,"{""key"": 11395, ""level"": 91991.7406, ""stop"": 90742.5532, ""atr_idx"": 11395, ""atr_end_time"": 1732060799999, ""r_confirm_time"": 1732060799999}"
2024-11-20 00:00,11396,L,SIGNAL,"{""key"": 11395}"
2024-11-20 11:59,11398,L,R_REPLACED,"{""old_key"": 11395, ""new_key"": 11398}"
2024-11-20 11:59,11398,L,ORDER_CANCEL,"{""key"": 11395, ""reason"": ""R_REPLACED"", ""level"": 91991.7406}"
2024-11-20 11:59,11398,L,R_CONFIRM_POS_FROZEN,"{""signal_id"": ""L-2024-11-07 03:59-119""}"
2024-11-20 12:00,11399,L,ORDER_CREATE,"{""key"": 11398, ""level"": 92171.3185, ""stop"": 91060.3968, ""atr_idx"": 11398, ""atr_end_time"": 1732103999999, ""r_confirm_time"": 1732103999999}"
2024-11-20 12:00,11399,L,SIGNAL,"{""key"": 11398}"
2024-11-20 23:59,11401,L,R_REPLACED,"{""old_key"": 11398, ""new_key"": 11401}"
2024-11-20 23:59,11401,L,ORDER_CANCEL,"{""key"": 11398, ""reason"": ""R_REPLACED"", ""level"": 92171.3185}"
2024-11-20 23:59,11401,L,R_CONFIRM_POS_FROZEN,"{""signal_id"": ""L-2024-11-07 03:59-119""}"
2024-11-21 00:00,11402,L,ORDER_CREATE,"{""key"": 11401, ""level"": 93786.0378, ""stop"": 92814.0201, ""atr_idx"": 11401, ""atr_end_time"": 1732147199999, ""r_confirm_time"": 1732147199999}"
2024-11-21 00:00,11402,L,SIGNAL,"{""key"": 11401}"
2024-11-21 11:59,11404,L,R_REPLACED,"{""old_key"": 11401, ""new_key"": 11404}"
2024-11-21 11:59,11404,L,ORDER_CANCEL,"{""key"": 11401, ""reason"": ""R_REPLACED"", ""level"": 93786.0378}"
2024-11-21 11:59,11404,L,R_CONFIRM_POS_FROZEN,"{""signal_id"": ""L-2024-11-07 03:59-119""}"
2024-11-21 12:00,11405,L,ORDER_CREATE,"{""key"": 11404, ""level"": 95339.3899, ""stop"": 93726.6739, ""atr_idx"": 11404, ""atr_end_time"": 1732190399999, ""r_confirm_time"": 1732190399999}"
2024-11-21 12:00,11405,L,SIGNAL,"{""key"": 11404}"
2024-11-21 19:59,11406,L,R_REPLACED,"{""old_key"": 11404, ""new_key"": 11406}"
2024-11-21 19:59,11406,L,ORDER_CANCEL,"{""key"": 11404, ""reason"": ""R_REPLACED"", ""level"": 95339.3899}"
2024-11-21 19:59,11406,L,R_CONFIRM_POS_FROZEN,"{""signal_id"": ""L-2024-11-07 03:59-119""}"
2024-11-21 20:00,11407,L,ORDER_CREATE,"{""key"": 11406, ""level"": 96734.4353, ""stop"": 95338.125, ""atr_idx"": 11406, ""atr_end_time"": 1732219199999, ""r_confirm_time"": 1732219199999}"
2024-11-21 20:00,11407,L,SIGNAL,"{""key"": 11406}"
2024-11-22 03:59,11408,L,R_REPLACED,"{""old_key"": 11406, ""new_key"": 11408}"
2024-11-22 03:59,11408,L,ORDER_CANCEL,"{""key"": 11406, ""reason"": ""R_REPLACED"", ""level"": 96734.4353}"
2024-11-22 03:59,11408,L,R_CONFIRM_POS_FROZEN,"{""signal_id"": ""L-2024-11-07 03:59-119""}"
2024-11-22 04:00,11409,L,ORDER_CREATE,"{""key"": 11408, ""level"": 97334.4379, ""stop"": 96022.067, ""atr_idx"": 11408, ""atr_end_time"": 1732247999999, ""r_confirm_time"": 1732247999999}"
2024-11-22 04:00,11409,L,SIGNAL,"{""key"": 11408}"
2024-11-22 19:59,11412,L,R_REPLACED,"{""old_key"": 11408, ""new_key"": 11412}"
2024-11-22 19:59,11412,L,ORDER_CANCEL,"{""key"": 11408, ""reason"": ""R_REPLACED"", ""level"": 97334.4379}"
2024-11-22 19:59,11412,L,R_CONFIRM_POS_FROZEN,"{""signal_id"": ""L-2024-11-07 03:59-119""}"
2024-11-22 20:00,11413,L,ORDER_CREATE,"{""key"": 11412, ""level"": 98073.8251, ""stop"": 96908.3003, ""atr_idx"": 11412, ""atr_end_time"": 1732305599999, ""r_confirm_time"": 1732305599999}"
2024-11-22 20:00,11413,L,SIGNAL,"{""key"": 11412}"
2024-11-23 20:29,11419,L,R_INVALID,"{""key"": 11412, ""mode"": ""5M""}"
2024-11-23 20:29,11419,L,ORDER_CANCEL,"{""key"": 11412, ""reason"": ""R_INVALID"", ""level"": 98073.8251}"
2024-11-23 23:59,11419,L,R_CONFIRM_POS_FROZEN,"{""signal_id"": ""L-2024-11-07 03:59-119""}"
2024-11-24 07:59,11421,L,R_CONFIRM_POS_FROZEN,"{""signal_id"": ""L-2024-11-07 03:59-119""}"
2024-11-24 08:00,11422,L,ORDER_CREATE,"{""key"": 11421, ""level"": 97818.3072, ""stop"": 96881.9795, ""atr_idx"": 11421, ""atr_end_time"": 1732435199999, ""r_confirm_time"": 1732435199999}"
2024-11-24 08:00,11422,L,SIGNAL,"{""key"": 11421}"
2024-11-24 12:29,11423,L,R_INVALID,"{""key"": 11421, ""mode"": ""5M""}"
2024-11-24 12:29,11423,L,ORDER_CANCEL,"{""key"": 11421, ""reason"": ""R_INVALID"", ""level"": 97818.3072}"
2024-11-24 15:59,11423,L,R_CONFIRM_POS_FROZEN,"{""signal_id"": ""L-2024-11-07 03:59-119""}"
2024-11-24 23:59,11425,L,R_CONFIRM_POS_FROZEN,"{""signal_id"": ""L-2024-11-07 03:59-119""}"
2024-11-25 00:00,11426,L,ORDER_CREATE,"{""key"": 11425, ""level"": 96726.8061, ""stop"": 95534.6337, ""atr_idx"": 11425, ""atr_end_time"": 1732492799999, ""r_confirm_time"": 1732492799999}"
2024-11-25 00:00,11426,L,SIGNAL,"{""key"": 11425}"
2024-11-25 07:59,11427,L,R_REPLACED,"{""old_key"": 11425, ""new_key"": 11427}"
2024-11-25 07:59,11427,L,ORDER_CANCEL,"{""key"": 11425, ""reason"": ""R_REPLACED"", ""level"": 96726.8061}"
2024-11-25 07:59,11427,L,R_CONFIRM_POS_FROZEN,"{""signal_id"": ""L-2024-11-07 03:59-119""}"
2024-11-25 08:00,11428,L,ORDER_CREATE,"{""key"": 11427, ""level"": 97064.3561, ""stop"": 95976.3047, ""atr_idx"": 11427, ""atr_end_time"": 1732521599999, ""r_confirm_time"": 1732521599999}"
2024-11-25 08:00,11428,L,SIGNAL,"{""key"": 11427}"
2024-11-25 14:49,11429,L,R_INVALID,"{""key"": 11427, ""mode"": ""5M""}"
2024-11-25 14:49,11429,L,ORDER_CANCEL,"{""key"": 11427, ""reason"": ""R_INVALID"", ""level"": 97064.3561}"
2024-11-25 19:59,11430,L,R_CONFIRM_POS_FROZEN,"{""signal_id"": ""L-2024-11-07 03:59-119""}"
2024-11-25 20:00,11431,L,ORDER_CREATE,"{""key"": 11430, ""level"": 95831.0388, ""stop"": 94381.4038, ""atr_idx"": 11430, ""atr_end_time"": 1732564799999, ""r_confirm_time"": 1732564799999}"
2024-11-25 20:00,11431,L,SIGNAL,"{""key"": 11430}"
2024-11-25 20:04,11431,L,R_INVALID,"{""key"": 11430, ""mode"": ""5M""}"
2024-11-25 20:04,11431,L,ORDER_CANCEL,"{""key"": 11430, ""reason"": ""R_INVALID"", ""level"": 95831.0388}"
2024-11-26 03:59,11432,L,R_CONFIRM_POS_FROZEN,"{""signal_id"": ""L-2024-11-07 03:59-119""}"
2024-11-26 04:00,11433,L,ORDER_CREATE,"{""key"": 11432, ""level"": 93583.299, ""stop"": 92388.002, ""atr_idx"": 11432, ""atr_end_time"": 1732593599999, ""r_confirm_time"": 1732593599999}"
2024-11-26 04:00,11433,L,SIGNAL,"{""key"": 11432}"
2024-11-26 08:24,11434,L,R_INVALID,"{""key"": 11432, ""mode"": ""5M""}"
2024-11-26 08:24,11434,L,ORDER_CANCEL,"{""key"": 11432, ""reason"": ""R_INVALID"", ""level"": 93583.299}"
2024-11-26 11:59,11434,L,R_CONFIRM_POS_FROZEN,"{""signal_id"": ""L-2024-11-07 03:59-119""}"
2024-11-26 12:00,11435,L,ORDER_CREATE,"{""key"": 11434, ""level"": 93614.3835, ""stop"": 92521.6997, ""atr_idx"": 11434, ""atr_end_time"": 1732622399999, ""r_confirm_time"": 1732622399999}"
2024-11-26 12:00,11435,L,SIGNAL,"{""key"": 11434}"
2024-11-26 12:04,11435,L,R_INVALID,"{""key"": 11434, ""mode"": ""5M""}"
2024-11-26 12:04,11435,L,ORDER_CANCEL,"{""key"": 11434, ""reason"": ""R_INVALID"", ""level"": 93614.3835}"
2024-11-26 19:59,11436,L,R_CONFIRM_POS_FROZEN,"{""signal_id"": ""L-2024-11-07 03:59-119""}"
2024-11-26 20:00,11437,L,ORDER_CREATE,"{""key"": 11436, ""level"": 92583.2783, ""stop"": 91278.341, ""atr_idx"": 11436, ""atr_end_time"": 1732651199999, ""r_confirm_time"": 1732651199999}"
2024-11-26 20:00,11437,L,SIGNAL,"{""key"": 11436}"
2024-11-26 20:09,11437,L,R_INVALID,"{""key"": 11436, ""mode"": ""5M""}"
2024-11-26 20:09,11437,L,ORDER_CANCEL,"{""key"": 11436, ""reason"": ""R_INVALID"", ""level"": 92583.2783}"
2024-11-27 00:00,11438,L,D_DISARM,"{""day"": ""2024-11-26"", ""P0"": 80216.01, ""H1"": 93265.64}"
2024-11-27 03:59,11438,L,R_CONFIRM_POS_FROZEN,"{""signal_id"": ""L-2024-11-07 03:59-119""}"
2024-11-27 23:59,11443,L,R_CONFIRM_POS_FROZEN,"{""signal_id"": ""L-2024-11-07 03:59-119""}"
2024-11-28 07:59,11445,L,R_CONFIRM_POS_FROZEN,"{""signal_id"": ""L-2024-11-07 03:59-119""}"
2024-11-28 19:59,11448,L,R_CONFIRM_POS_FROZEN,"{""signal_id"": ""L-2024-11-07 03:59-119""}"
2024-11-29 03:59,11450,L,R_CONFIRM_POS_FROZEN,"{""signal_id"": ""L-2024-11-07 03:59-119""}"
2024-11-29 11:59,11452,L,R_CONFIRM_POS_FROZEN,"{""signal_id"": ""L-2024-11-07 03:59-119""}"
2024-11-29 19:59,11454,L,R_CONFIRM_POS_FROZEN,"{""signal_id"": ""L-2024-11-07 03:59-119""}"
2024-11-30 00:00,11456,L,D_ARM,"{""day"": ""2024-11-29"", ""P0"": 90791.1, ""H1"": 98619.99}"
2024-11-30 00:00,11456,L,ORDER_CREATE,"{""key"": 11454, ""level"": 96692.7859, ""stop"": 95403.0297, ""atr_idx"": 11455, ""atr_end_time"": 1732924799999, ""r_confirm_time"": 1732910399999}"
2024-11-30 00:00,11456,L,SIGNAL,"{""key"": 11454}"
2024-12-01 11:59,11464,L,R_REPLACED,"{""old_key"": 11454, ""new_key"": 11464}"
2024-12-01 11:59,11464,L,ORDER_CANCEL,"{""key"": 11454, ""reason"": ""R_REPLACED"", ""level"": 96692.7859}"
2024-12-01 11:59,11464,L,R_CONFIRM_POS_FROZEN,"{""signal_id"": ""L-2024-11-07 03:59-119""}"
2024-12-01 12:00,11465,L,ORDER_CREATE,"{""key"": 11464, ""level"": 96381.9671, ""stop"": 95449.2905, ""atr_idx"": 11464, ""atr_end_time"": 1733054399999, ""r_confirm_time"": 1733054399999}"
2024-12-01 12:00,11465,L,SIGNAL,"{""key"": 11464}"
2024-12-02 07:59,11469,L,R_REPLACED,"{""old_key"": 11464, ""new_key"": 11469}"
2024-12-02 07:59,11469,L,ORDER_CANCEL,"{""key"": 11464, ""reason"": ""R_REPLACED"", ""level"": 96381.9671}"
2024-12-02 07:59,11469,L,R_CONFIRM_POS_FROZEN,"{""signal_id"": ""L-2024-11-07 03:59-119""}"
2024-12-02 08:00,11470,L,ORDER_CREATE,"{""key"": 11469, ""level"": 97132.8129, ""stop"": 96113.2925, ""atr_idx"": 11469, ""atr_end_time"": 1733126399999, ""r_confirm_time"": 1733126399999}"
2024-12-02 08:00,11470,L,SIGNAL,"{""key"": 11469}"
2024-12-02 08:04,11470,L,R_INVALID,"{""key"": 11469, ""mode"": ""5M""}"
2024-12-02 08:04,11470,L,ORDER_CANCEL,"{""key"": 11469, ""reason"": ""R_INVALID"", ""level"": 97132.8129}"
2024-12-02 15:59,11471,L,R_CONFIRM_POS_FROZEN,"{""signal_id"": ""L-2024-11-07 03:59-119""}"
2024-12-02 16:00,11472,L,ORDER_CREATE,"{""key"": 11471, ""level"": 95739.5708, ""stop"": 94602.339, ""atr_idx"": 11471, ""atr_end_time"": 1733155199999, ""r_confirm_time"": 1733155199999}"
2024-12-02 16:00,11472,L,SIGNAL,"{""key"": 11471}"
2024-12-02 17:59,11472,L,R_INVALID,"{""key"": 11471, ""mode"": ""5M""}"
2024-12-02 17:59,11472,L,ORDER_CANCEL,"{""key"": 11471, ""reason"": ""R_INVALID"", ""level"": 95739.5708}"
2024-12-02 23:59,11473,L,R_CONFIRM_POS_FROZEN,"{""signal_id"": ""L-2024-11-07 03:59-119""}"
2024-12-03 00:00,11474,L,ORDER_CREATE,"{""key"": 11473, ""level"": 95401.6088, ""stop"": 94116.8, ""atr_idx"": 11473, ""atr_end_time"": 1733183999999, ""r_confirm_time"": 1733183999999}"
2024-12-03 00:00,11474,L,SIGNAL,"{""key"": 11473}"
2024-12-03 13:49,11477,L,R_INVALID,"{""key"": 11473, ""mode"": ""5M""}"
2024-12-03 13:49,11477,L,ORDER_CANCEL,"{""key"": 11473, ""reason"": ""R_INVALID"", ""level"": 95401.6088}"
2024-12-03 15:59,11477,L,R_CONFIRM_POS_FROZEN,"{""signal_id"": ""L-2024-11-07 03:59-119""}"
2024-12-03 16:00,11478,L,ORDER_CREATE,"{""key"": 11477, ""level"": 95336.8463, ""stop"": 94377.3161, ""atr_idx"": 11477, ""atr_end_time"": 1733241599999, ""r_confirm_time"": 1733241599999}"
2024-12-03 16:00,11478,L,SIGNAL,"{""key"": 11477}"
2024-12-03 23:59,11479,L,R_REPLACED,"{""old_key"": 11477, ""new_key"": 11479}"
2024-12-03 23:59,11479,L,ORDER_CANCEL,"{""key"": 11477, ""reason"": ""R_REPLACED"", ""level"": 95336.8463}"
2024-12-03 23:59,11479,L,R_CONFIRM_POS_FROZEN,"{""signal_id"": ""L-2024-11-07 03:59-119""}"
2024-12-04 00:00,11480,L,ORDER_CREATE,"{""key"": 11479, ""level"": 94508.6648, ""stop"": 93324.185, ""atr_idx"": 11479, ""atr_end_time"": 1733270399999, ""r_confirm_time"": 1733270399999}"
2024-12-04 00:00,11480,L,SIGNAL,"{""key"": 11479}"
2024-12-04 19:59,11484,L,R_REPLACED,"{""old_key"": 11479, ""new_key"": 11484}"
2024-12-04 19:59,11484,L,ORDER_CANCEL,"{""key"": 11479, ""reason"": ""R_REPLACED"", ""level"": 94508.6648}"
2024-12-04 19:59,11484,L,R_CONFIRM_POS_FROZEN,"{""signal_id"": ""L-2024-11-07 03:59-119""}"
2024-12-04 20:00,11485,L,ORDER_CREATE,"{""key"": 11484, ""level"": 96136.9273, ""stop"": 95111.9057, ""atr_idx"": 11484, ""atr_end_time"": 1733342399999, ""r_confirm_time"": 1733342399999}"
2024-12-04 20:00,11485,L,SIGNAL,"{""key"": 11484}"
2024-12-05 03:59,11486,L,R_REPLACED,"{""old_key"": 11484, ""new_key"": 11486}"
2024-12-05 03:59,11486,L,ORDER_CANCEL,"{""key"": 11484, ""reason"": ""R_REPLACED"", ""level"": 96136.9273}"
2024-12-05 03:59,11486,L,R_CONFIRM_POS_FROZEN,"{""signal_id"": ""L-2024-11-07 03:59-119""}"
2024-12-05 04:00,11487,L,ORDER_CREATE,"{""key"": 11486, ""level"": 97297.0036, ""stop"": 94366.8476, ""atr_idx"": 11486, ""atr_end_time"": 1733371199999, ""r_confirm_time"": 1733371199999}"
2024-12-05 04:00,11487,L,SIGNAL,"{""key"": 11486}"
2024-12-05 11:59,11488,L,R_REPLACED,"{""old_key"": 11486, ""new_key"": 11488}"
2024-12-05 11:59,11488,L,ORDER_CANCEL,"{""key"": 11486, ""reason"": ""R_REPLACED"", ""level"": 97297.0036}"
2024-12-05 11:59,11488,L,R_CONFIRM_POS_FROZEN,"{""signal_id"": ""L-2024-11-07 03:59-119""}"
2024-12-05 12:00,11489,L,ORDER_CREATE,"{""key"": 11488, ""level"": 99619.8488, ""stop"": 97676.5885, ""atr_idx"": 11488, ""atr_end_time"": 1733399999999, ""r_confirm_time"": 1733399999999}"
2024-12-05 12:00,11489,L,SIGNAL,"{""key"": 11488}"
2024-12-05 19:59,11490,L,R_REPLACED,"{""old_key"": 11488, ""new_key"": 11490}"
2024-12-05 19:59,11490,L,ORDER_CANCEL,"{""key"": 11488, ""reason"": ""R_REPLACED"", ""level"": 99619.8488}"
2024-12-05 19:59,11490,L,R_CONFIRM_POS_FROZEN,"{""signal_id"": ""L-2024-11-07 03:59-119""}"
2024-12-05 20:00,11491,L,ORDER_CREATE,"{""key"": 11490, ""level"": 101881.3976, ""stop"": 100629.8022, ""atr_idx"": 11490, ""atr_end_time"": 1733428799999, ""r_confirm_time"": 1733428799999}"
2024-12-05 20:00,11491,L,SIGNAL,"{""key"": 11490}"
2024-12-05 20:04,11491,L,R_INVALID,"{""key"": 11490, ""mode"": ""5M""}"
2024-12-05 20:04,11491,L,ORDER_CANCEL,"{""key"": 11490, ""reason"": ""R_INVALID"", ""level"": 101881.3976}"
2024-12-05 22:29,11491,L,V,"{""P0"": 90791.1, ""mode"": ""5M""}"
2024-12-05 22:30,11491,L,EXIT,"{""exit_kind"": ""v"", ""px"": 94101.9, ""frac"": 0.25, ""signal_id"": ""L-2024-11-07 03:59-119""}"
2024-12-31 00:00,11642,S,D_ARM,"{""day"": ""2024-12-30"", ""P0"": -99963.7, ""H1"": -91530.45}"
2024-12-31 00:00,11642,S,ORDER_CREATE,"{""key"": 11641, ""level"": -93699.7477, ""stop"": -94952.5055, ""atr_idx"": 11641, ""atr_end_time"": 1735603199999, ""r_confirm_time"": 1735603199999}"
2024-12-31 00:00,11642,S,SIGNAL,"{""key"": 11641}"
2024-12-31 07:59,11643,S,R_REPLACED,"{""old_key"": 11641, ""new_key"": 11643}"
2024-12-31 07:59,11643,S,ORDER_CANCEL,"{""key"": 11641, ""reason"": ""R_REPLACED"", ""level"": -93699.7477}"
2024-12-31 08:00,11644,S,ORDER_CREATE,"{""key"": 11643, ""level"": -94033.194, ""stop"": -95316.6948, ""atr_idx"": 11643, ""atr_end_time"": 1735631999999, ""r_confirm_time"": 1735631999999}"
2024-12-31 08:00,11644,S,SIGNAL,"{""key"": 11643}"
2024-12-31 08:25,11644,S,SKIP_V,"{""key"": 11643}"
2024-12-31 08:25,11644,S,ORDER_CANCEL,"{""key"": 11643, ""reason"": ""SKIP_V"", ""level"": -94033.194}"
2024-12-31 16:00,11646,S,ORDER_CREATE,"{""key"": 11645, ""level"": -93998.0948, ""stop"": -95022.6152, ""atr_idx"": 11645, ""atr_end_time"": 1735660799999, ""r_confirm_time"": 1735660799999}"
2024-12-31 16:00,11646,S,SIGNAL,"{""key"": 11645}"
2024-12-31 16:00,11646,S,FILL,"{""signal_id"": ""S-2024-12-31 15:59-120"", ""expected"": -93998.0948, ""entry"": -93998.0948, ""stop"": -95022.6152, ""key"": 11645}"
2024-12-31 16:04,11646,S,EXIT,"{""exit_kind"": ""stop"", ""px"": -95022.6152, ""frac"": 1.0, ""signal_id"": ""S-2024-12-31 15:59-120""}"
2025-02-01 00:00,11834,L,D_ARM,"{""day"": ""2025-01-31"", ""P0"": 97777.77, ""H1"": 106457.44}"
2025-02-01 00:00,11834,L,ORDER_CREATE,"{""key"": 11833, ""level"": 103219.8654, ""stop"": 101793.7, ""atr_idx"": 11833, ""atr_end_time"": 1738367999999, ""r_confirm_time"": 1738367999999}"
2025-02-01 00:00,11834,L,SIGNAL,"{""key"": 11833}"
2025-02-01 00:00,11834,L,FILL,"{""signal_id"": ""L-2025-01-31 23:59-121"", ""expected"": 103219.8654, ""entry"": 103219.8654, ""stop"": 101793.7, ""key"": 11833}"
2025-02-01 08:54,11836,L,EXIT,"{""exit_kind"": ""stop"", ""px"": 101793.7, ""frac"": 1.0, ""signal_id"": ""L-2025-01-31 23:59-121""}"
2025-02-13 00:00,11906,S,D_ARM,"{""day"": ""2025-02-12"", ""P0"": -102500.01, ""H1"": -94088.23}"
2025-02-13 00:00,11906,S,ORDER_CREATE,"{""key"": 11905, ""level"": -96789.0232, ""stop"": -97993.1, ""atr_idx"": 11905, ""atr_end_time"": 1739404799999, ""r_confirm_time"": 1739404799999}"
2025-02-13 00:00,11906,S,SIGNAL,"{""key"": 11905}"
2025-02-13 00:00,11906,S,FILL,"{""signal_id"": ""S-2025-02-12 23:59-122"", ""expected"": -96789.0232, ""entry"": -96789.0232, ""stop"": -97993.1, ""key"": 11905}"
2025-02-13 01:49,11906,S,EXIT,"{""exit_kind"": ""stop"", ""px"": -97993.1, ""frac"": 1.0, ""signal_id"": ""S-2025-02-12 23:59-122""}"
2025-03-01 00:00,12002,S,D_ARM,"{""day"": ""2025-02-28"", ""P0"": -89414.15, ""H1"": -78258.52}"
2025-03-01 16:00,12006,S,ORDER_CREATE,"{""key"": 12005, ""level"": -85731.8964, ""stop"": -86776.0495, ""atr_idx"": 12005, ""atr_end_time"": 1740844799999, ""r_confirm_time"": 1740844799999}"
2025-03-01 16:00,12006,S,SIGNAL,"{""key"": 12005}"
2025-03-01 21:45,12007,S,FILL,"{""signal_id"": ""S-2025-03-01 15:59-123"", ""expected"": -85731.8964, ""entry"": -85731.8964, ""stop"": -86776.0495, ""key"": 12005}"
2025-03-02 15:29,12011,S,EXIT,"{""exit_kind"": ""stop"", ""px"": -86776.0495, ""frac"": 1.0, ""signal_id"": ""S-2025-03-01 15:59-123""}"
2025-03-06 00:00,12032,S,D_ARM,"{""day"": ""2025-03-05"", ""P0"": -94416.46, ""H1"": -81500.0}"
2025-03-06 00:00,12032,S,ORDER_CREATE,"{""key"": 12031, ""level"": -89838.7452, ""stop"": -91169.7913, ""atr_idx"": 12031, ""atr_end_time"": 1741219199999, ""r_confirm_time"": 1741219199999}"
2025-03-06 00:00,12032,S,SIGNAL,"{""key"": 12031}"
2025-03-06 00:00,12032,S,FILL,"{""signal_id"": ""S-2025-03-05 23:59-124"", ""expected"": -89838.7452, ""entry"": -89838.7452, ""stop"": -91169.7913, ""key"": 12031}"
2025-03-06 01:49,12032,S,EXIT,"{""exit_kind"": ""stop"", ""px"": -91169.7913, ""frac"": 1.0, ""signal_id"": ""S-2025-03-05 23:59-124""}"
2025-03-12 00:00,12068,S,D_ARM,"{""day"": ""2025-03-11"", ""P0"": -86500.0, ""H1"": -76606.0}"
2025-03-12 00:00,12068,S,ORDER_CREATE,"{""key"": 12067, ""level"": -82643.324, ""stop"": -83850.8, ""atr_idx"": 12067, ""atr_end_time"": 1741737599999, ""r_confirm_time"": 1741737599999}"
2025-03-12 00:00,12068,S,SIGNAL,"{""key"": 12067}"
2025-03-12 00:00,12068,S,FILL,"{""signal_id"": ""S-2025-03-11 23:59-125"", ""expected"": -82643.324, ""entry"": -82643.324, ""stop"": -83850.8, ""key"": 12067}"
2025-03-12 07:59,12069,S,R_CONFIRM_POS_FROZEN,"{""signal_id"": ""S-2025-03-11 23:59-125""}"
2025-03-12 12:34,12071,S,EXIT,"{""exit_kind"": ""stop"", ""px"": -83850.8, ""frac"": 1.0, ""signal_id"": ""S-2025-03-11 23:59-125""}"
2025-04-03 00:00,12200,L,D_ARM,"{""day"": ""2025-04-02"", ""P0"": 81278.52, ""H1"": 88500.0}"
2025-04-03 00:00,12200,L,ORDER_CREATE,"{""key"": 12199, ""level"": 85642.1704, ""stop"": 84170.8277, ""atr_idx"": 12199, ""atr_end_time"": 1743638399999, ""r_confirm_time"": 1743638399999}"
2025-04-03 00:00,12200,L,SIGNAL,"{""key"": 12199}"
2025-04-03 00:00,12200,L,FILL,"{""signal_id"": ""L-2025-04-02 23:59-126"", ""expected"": 85642.1704, ""entry"": 85642.1704, ""stop"": 84170.8277, ""key"": 12199}"
2025-04-03 00:04,12200,L,EXIT,"{""exit_kind"": ""stop"", ""px"": 84170.8277, ""frac"": 1.0, ""signal_id"": ""L-2025-04-02 23:59-126""}"
2025-04-09 00:00,12236,S,D_ARM,"{""day"": ""2025-04-08"", ""P0"": -83817.63, ""H1"": -74508.0}"
2025-04-09 00:00,12236,S,ORDER_CREATE,"{""key"": 12233, ""level"": -79955.2329, ""stop"": -81074.5963, ""atr_idx"": 12235, ""atr_end_time"": 1744156799999, ""r_confirm_time"": 1744127999999}"
2025-04-09 00:00,12236,S,SIGNAL,"{""key"": 12233}"
2025-04-09 11:59,12238,S,R_REPLACED,"{""old_key"": 12233, ""new_key"": 12238}"
2025-04-09 11:59,12238,S,ORDER_CANCEL,"{""key"": 12233, ""reason"": ""R_REPLACED"", ""level"": -79955.2329}"
2025-04-09 12:00,12239,S,ORDER_CREATE,"{""key"": 12238, ""level"": -76977.6865, ""stop"": -78140.3198, ""atr_idx"": 12238, ""atr_end_time"": 1744199999999, ""r_confirm_time"": 1744199999999}"
2025-04-09 12:00,12239,S,SIGNAL,"{""key"": 12238}"
2025-04-09 12:55,12239,S,FILL,"{""signal_id"": ""S-2025-04-09 11:59-127"", ""expected"": -76977.6865, ""entry"": -76977.6865, ""stop"": -78140.3198, ""key"": 12238}"
2025-04-09 14:04,12239,S,EXIT,"{""exit_kind"": ""stop"", ""px"": -78140.3198, ""frac"": 1.0, ""signal_id"": ""S-2025-04-09 11:59-127""}"
2025-04-12 00:00,12254,L,D_ARM,"{""day"": ""2025-04-11"", ""P0"": 74620.0, ""H1"": 84300.0}"
2025-04-12 00:00,12254,L,ORDER_CREATE,"{""key"": 12252, ""level"": 81758.8694, ""stop"": 80449.2261, ""atr_idx"": 12253, ""atr_end_time"": 1744415999999, ""r_confirm_time"": 1744401599999}"
2025-04-12 00:00,12254,L,SIGNAL,"{""key"": 12252}"
2025-04-12 03:59,12254,L,R_REPLACED,"{""old_key"": 12252, ""new_key"": 12254}"
2025-04-12 03:59,12254,L,ORDER_CANCEL,"{""key"": 12252, ""reason"": ""R_REPLACED"", ""level"": 81758.8694}"
2025-04-12 04:00,12255,L,ORDER_CREATE,"{""key"": 12254, ""level"": 82765.9071, ""stop"": 81722.096, ""atr_idx"": 12254, ""atr_end_time"": 1744430399999, ""r_confirm_time"": 1744430399999}"
2025-04-12 04:00,12255,L,SIGNAL,"{""key"": 12254}"
2025-04-12 15:59,12257,L,R_REPLACED,"{""old_key"": 12254, ""new_key"": 12257}"
2025-04-12 15:59,12257,L,ORDER_CANCEL,"{""key"": 12254, ""reason"": ""R_REPLACED"", ""level"": 82765.9071}"
2025-04-12 16:00,12258,L,ORDER_CREATE,"{""key"": 12257, ""level"": 83627.2835, ""stop"": 82507.732, ""atr_idx"": 12257, ""atr_end_time"": 1744473599999, ""r_confirm_time"": 1744473599999}"
2025-04-12 16:00,12258,L,SIGNAL,"{""key"": 12257}"
2025-04-12 23:59,12259,L,R_REPLACED,"{""old_key"": 12257, ""new_key"": 12259}"
2025-04-12 23:59,12259,L,ORDER_CANCEL,"{""key"": 12257, ""reason"": ""R_REPLACED"", ""level"": 83627.2835}"
2025-04-13 00:00,12260,L,ORDER_CREATE,"{""key"": 12259, ""level"": 84263.2111, ""stop"": 83182.3022, ""atr_idx"": 12259, ""atr_end_time"": 1744502399999, ""r_confirm_time"": 1744502399999}"
2025-04-13 00:00,12260,L,SIGNAL,"{""key"": 12259}"
2025-04-13 08:10,12262,L,FILL,"{""signal_id"": ""L-2025-04-12 23:59-128"", ""expected"": 84263.2111, ""entry"": 84263.2111, ""stop"": 83182.3022, ""key"": 12259}"
2025-04-13 19:44,12264,L,EXIT,"{""exit_kind"": ""stop"", ""px"": 83182.3022, ""frac"": 1.0, ""signal_id"": ""L-2025-04-12 23:59-128""}"
2025-06-10 00:00,12608,L,D_ARM,"{""day"": ""2025-06-09"", ""P0"": 100372.26, ""H1"": 110530.17}"
2025-06-10 00:00,12608,L,ORDER_CREATE,"{""key"": 12606, ""level"": 106541.4419, ""stop"": 105112.9124, ""atr_idx"": 12607, ""atr_end_time"": 1749513599999, ""r_confirm_time"": 1749499199999}"
2025-06-10 00:00,12608,L,SIGNAL,"{""key"": 12606}"
2025-06-10 03:59,12608,L,R_REPLACED,"{""old_key"": 12606, ""new_key"": 12608}"
2025-06-10 03:59,12608,L,ORDER_CANCEL,"{""key"": 12606, ""reason"": ""R_REPLACED"", ""level"": 106541.4419}"
2025-06-10 04:00,12609,L,ORDER_CREATE,"{""key"": 12608, ""level"": 108617.5653, ""stop"": 107240.7098, ""atr_idx"": 12608, ""atr_end_time"": 1749527999999, ""r_confirm_time"": 1749527999999}"
2025-06-10 04:00,12609,L,SIGNAL,"{""key"": 12608}"
2025-06-10 14:30,12611,L,FILL,"{""signal_id"": ""L-2025-06-10 03:59-129"", ""expected"": 108617.5653, ""entry"": 108617.5653, ""stop"": 107240.7098, ""key"": 12608}"
2025-06-10 19:59,12612,L,R_CONFIRM_POS_FROZEN,"{""signal_id"": ""L-2025-06-10 03:59-129""}"
2025-06-11 03:59,12614,L,R_CONFIRM_POS_FROZEN,"{""signal_id"": ""L-2025-06-10 03:59-129""}"
2025-06-11 19:59,12618,L,R_CONFIRM_POS_FROZEN,"{""signal_id"": ""L-2025-06-10 03:59-129""}"
2025-06-12 03:59,12620,L,R_CONFIRM_POS_FROZEN,"{""signal_id"": ""L-2025-06-10 03:59-129""}"
2025-06-12 10:29,12622,L,EXIT,"{""exit_kind"": ""stop"", ""px"": 107240.7098, ""frac"": 1.0, ""signal_id"": ""L-2025-06-10 03:59-129""}"
2025-08-12 00:00,12986,L,D_ARM,"{""day"": ""2025-08-11"", ""P0"": 111920.0, ""H1"": 122335.16}"
2025-08-12 16:00,12990,L,ORDER_CREATE,"{""key"": 12989, ""level"": 118848.664, ""stop"": 117695.85, ""atr_idx"": 12989, ""atr_end_time"": 1755014399999, ""r_confirm_time"": 1755014399999}"
2025-08-12 16:00,12990,L,SIGNAL,"{""key"": 12989}"
2025-08-12 23:59,12991,L,R_REPLACED,"{""old_key"": 12989, ""new_key"": 12991}"
2025-08-12 23:59,12991,L,ORDER_CANCEL,"{""key"": 12989, ""reason"": ""R_REPLACED"", ""level"": 118848.664}"
2025-08-13 00:00,12992,L,ORDER_CREATE,"{""key"": 12991, ""level"": 119071.2525, ""stop"": 117880.0956, ""atr_idx"": 12991, ""atr_end_time"": 1755043199999, ""r_confirm_time"": 1755043199999}"
2025-08-13 00:00,12992,L,SIGNAL,"{""key"": 12991}"
2025-08-13 02:15,12992,L,FILL,"{""signal_id"": ""L-2025-08-12 23:59-130"", ""expected"": 119071.2525, ""entry"": 119071.2525, ""stop"": 117880.0956, ""key"": 12991}"
2025-08-13 11:59,12994,L,R_CONFIRM_POS_FROZEN,"{""signal_id"": ""L-2025-08-12 23:59-130""}"
2025-08-13 13:54,12995,L,EXIT,"{""exit_kind"": ""tp"", ""px"": 121453.5664, ""frac"": 0.5, ""signal_id"": ""L-2025-08-12 23:59-130""}"
2025-08-13 13:54,12995,L,EXIT,"{""exit_kind"": ""tp"", ""px"": 120283.6321, ""frac"": 0.125, ""signal_id"": ""L-2025-08-12 23:59-130""}"
2025-08-13 13:54,12995,L,EXIT,"{""exit_kind"": ""tp"", ""px"": 120883.132, ""frac"": 0.125, ""signal_id"": ""L-2025-08-12 23:59-130""}"
2025-08-13 13:54,12995,L,EXIT,"{""exit_kind"": ""tp"", ""px"": 121855.654, ""frac"": 0.125, ""signal_id"": ""L-2025-08-12 23:59-130""}"
2025-08-13 19:59,12996,L,R_CONFIRM_POS_FROZEN,"{""signal_id"": ""L-2025-08-12 23:59-130""}"
2025-08-13 22:44,12997,L,EXIT,"{""exit_kind"": ""tp"", ""px"": 123427.676, ""frac"": 0.125, ""signal_id"": ""L-2025-08-12 23:59-130""}"
2025-10-31 00:00,13466,S,D_ARM,"{""day"": ""2025-10-30"", ""P0"": -116400.0, ""H1"": -106304.34}"
2025-10-31 00:00,13466,S,ORDER_CREATE,"{""key"": 13465, ""level"": -108575.028, ""stop"": -110065.5089, ""atr_idx"": 13465, ""atr_end_time"": 1761868799999, ""r_confirm_time"": 1761868799999}"
2025-10-31 00:00,13466,S,SIGNAL,"{""key"": 13465}"
2025-10-31 00:10,13466,S,FILL,"{""signal_id"": ""S-2025-10-30 23:59-131"", ""expected"": -108575.028, ""entry"": -108575.028, ""stop"": -110065.5089, ""key"": 13465}"
2025-10-31 04:44,13467,S,EXIT,"{""exit_kind"": ""stop"", ""px"": -110065.5089, ""frac"": 1.0, ""signal_id"": ""S-2025-10-30 23:59-131""}"
2025-11-14 00:00,13550,S,D_ARM,"{""day"": ""2025-11-13"", ""P0"": -107500.0, ""H1"": -98000.4}"
2025-11-14 00:00,13550,S,ORDER_CREATE,"{""key"": 13549, ""level"": -101852.2319, ""stop"": -103766.368, ""atr_idx"": 13549, ""atr_end_time"": 1763078399999, ""r_confirm_time"": 1763078399999}"
2025-11-14 00:00,13550,S,SIGNAL,"{""key"": 13549}"
2025-11-14 07:59,13551,S,R_REPLACED,"{""old_key"": 13549, ""new_key"": 13551}"
2025-11-14 07:59,13551,S,ORDER_CANCEL,"{""key"": 13549, ""reason"": ""R_REPLACED"", ""level"": -101852.2319}"
2025-11-14 08:00,13552,S,ORDER_CREATE,"{""key"": 13551, ""level"": -99091.4348, ""stop"": -100787.2574, ""atr_idx"": 13551, ""atr_end_time"": 1763107199999, ""r_confirm_time"": 1763107199999}"
2025-11-14 08:00,13552,S,SIGNAL,"{""key"": 13551}"
2025-11-14 15:59,13553,S,R_REPLACED,"{""old_key"": 13551, ""new_key"": 13553}"
2025-11-14 15:59,13553,S,ORDER_CANCEL,"{""key"": 13551, ""reason"": ""R_REPLACED"", ""level"": -99091.4348}"
2025-11-14 16:00,13554,S,ORDER_CREATE,"{""key"": 13553, ""level"": -97759.9656, ""stop"": -99449.456, ""atr_idx"": 13553, ""atr_end_time"": 1763135999999, ""r_confirm_time"": 1763135999999}"
2025-11-14 16:00,13554,S,SIGNAL,"{""key"": 13553}"
2025-11-14 23:59,13555,S,R_REPLACED,"{""old_key"": 13553, ""new_key"": 13555}"
2025-11-14 23:59,13555,S,ORDER_CANCEL,"{""key"": 13553, ""reason"": ""R_REPLACED"", ""level"": -97759.9656}"
2025-11-15 00:00,13556,S,ORDER_CREATE,"{""key"": 13555, ""level"": -96280.1568, ""stop"": -97669.7328, ""atr_idx"": 13555, ""atr_end_time"": 1763164799999, ""r_confirm_time"": 1763164799999}"
2025-11-15 00:00,13556,S,SIGNAL,"{""key"": 13555}"
2025-11-15 02:55,13556,S,FILL,"{""signal_id"": ""S-2025-11-14 23:59-132"", ""expected"": -96280.1568, ""entry"": -96280.1568, ""stop"": -97669.7328, ""key"": 13555}"
2025-11-15 07:59,13557,S,R_CONFIRM_POS_FROZEN,"{""signal_id"": ""S-2025-11-14 23:59-132""}"
2025-11-16 03:59,13562,S,R_CONFIRM_POS_FROZEN,"{""signal_id"": ""S-2025-11-14 23:59-132""}"
2025-11-16 15:59,13565,S,R_CONFIRM_POS_FROZEN,"{""signal_id"": ""S-2025-11-14 23:59-132""}"
2025-11-16 21:44,13567,S,EXIT,"{""exit_kind"": ""tp"", ""px"": -93501.0048, ""frac"": 0.5, ""signal_id"": ""S-2025-11-14 23:59-132""}"
2025-11-16 21:44,13567,S,EXIT,"{""exit_kind"": ""tp"", ""px"": -94434.6055, ""frac"": 0.125, ""signal_id"": ""S-2025-11-14 23:59-132""}"
2025-11-16 23:59,13567,S,R_CONFIRM_POS_FROZEN,"{""signal_id"": ""S-2025-11-14 23:59-132""}"
2025-11-17 07:59,13569,S,R_CONFIRM_POS_FROZEN,"{""signal_id"": ""S-2025-11-14 23:59-132""}"
2025-11-17 15:59,13571,S,R_CONFIRM_POS_FROZEN,"{""signal_id"": ""S-2025-11-14 23:59-132""}"
2025-11-17 19:49,13572,S,EXIT,"{""exit_kind"": ""tp"", ""px"": -91648.4745, ""frac"": 0.125, ""signal_id"": ""S-2025-11-14 23:59-132""}"
2025-11-18 03:59,13574,S,R_CONFIRM_POS_FROZEN,"{""signal_id"": ""S-2025-11-14 23:59-132""}"
2025-11-18 11:59,13576,S,R_CONFIRM_POS_FROZEN,"{""signal_id"": ""S-2025-11-14 23:59-132""}"
2025-11-18 19:59,13578,S,R_CONFIRM_POS_FROZEN,"{""signal_id"": ""S-2025-11-14 23:59-132""}"
2025-11-19 03:59,13580,S,R_CONFIRM_POS_FROZEN,"{""signal_id"": ""S-2025-11-14 23:59-132""}"
2025-11-19 15:59,13583,S,R_CONFIRM_POS_FROZEN,"{""signal_id"": ""S-2025-11-14 23:59-132""}"
2025-11-19 23:59,13585,S,R_CONFIRM_POS_FROZEN,"{""signal_id"": ""S-2025-11-14 23:59-132""}"
2025-11-20 11:59,13588,S,R_CONFIRM_POS_FROZEN,"{""signal_id"": ""S-2025-11-14 23:59-132""}"
2025-11-20 23:59,13591,S,R_CONFIRM_POS_FROZEN,"{""signal_id"": ""S-2025-11-14 23:59-132""}"
2025-11-21 07:59,13593,S,R_CONFIRM_POS_FROZEN,"{""signal_id"": ""S-2025-11-14 23:59-132""}"
2025-11-21 15:59,13595,S,R_CONFIRM_POS_FROZEN,"{""signal_id"": ""S-2025-11-14 23:59-132""}"
2025-11-21 23:59,13597,S,R_CONFIRM_POS_FROZEN,"{""signal_id"": ""S-2025-11-14 23:59-132""}"
2025-11-23 00:00,13604,S,D_ARM,"{""day"": ""2025-11-22"", ""P0"": -93160.0, ""H1"": -80600.0}"
2025-11-24 00:00,13610,S,D_DISARM,"{""day"": ""2025-11-23"", ""P0"": -93160.0, ""H1"": -80600.0}"
2025-11-24 03:59,13610,S,R_CONFIRM_POS_FROZEN,"{""signal_id"": ""S-2025-11-14 23:59-132""}"
2025-11-24 11:59,13612,S,R_CONFIRM_POS_FROZEN,"{""signal_id"": ""S-2025-11-14 23:59-132""}"
2025-11-24 19:59,13614,S,R_CONFIRM_POS_FROZEN,"{""signal_id"": ""S-2025-11-14 23:59-132""}"
2025-11-25 00:00,13616,S,EXIT,"{""exit_kind"": ""dexit"", ""px"": -88247.1, ""frac"": 0.25, ""signal_id"": ""S-2025-11-14 23:59-132""}"
2025-12-03 00:00,13664,L,D_ARM,"{""day"": ""2025-12-02"", ""P0"": 83822.76, ""H1"": 92307.65}"
2025-12-03 00:00,13664,L,ORDER_CREATE,"{""key"": 13663, ""level"": 88513.0401, ""stop"": 86743.985, ""atr_idx"": 13663, ""atr_end_time"": 1764719999999, ""r_confirm_time"": 1764719999999}"
2025-12-03 00:00,13664,L,SIGNAL,"{""key"": 13663}"
2025-12-03 11:59,13666,L,R_REPLACED,"{""old_key"": 13663, ""new_key"": 13666}"
2025-12-03 11:59,13666,L,ORDER_CANCEL,"{""key"": 13663, ""reason"": ""R_REPLACED"", ""level"": 88513.0401}"
2025-12-03 12:00,13667,L,ORDER_CREATE,"{""key"": 13666, ""level"": 91932.5572, ""stop"": 90681.9356, ""atr_idx"": 13666, ""atr_end_time"": 1764763199999, ""r_confirm_time"": 1764763199999}"
2025-12-03 12:00,13667,L,SIGNAL,"{""key"": 13666}"
2025-12-03 14:00,13667,L,FILL,"{""signal_id"": ""L-2025-12-03 11:59-133"", ""expected"": 91932.5572, ""entry"": 91932.5572, ""stop"": 90681.9356, ""key"": 13666}"
2025-12-03 19:59,13668,L,R_CONFIRM_POS_FROZEN,"{""signal_id"": ""L-2025-12-03 11:59-133""}"
2025-12-04 03:59,13670,L,R_CONFIRM_POS_FROZEN,"{""signal_id"": ""L-2025-12-03 11:59-133""}"
2025-12-04 23:59,13675,L,R_CONFIRM_POS_FROZEN,"{""signal_id"": ""L-2025-12-03 11:59-133""}"
2025-12-05 13:29,13679,L,EXIT,"{""exit_kind"": ""stop"", ""px"": 90681.9356, ""frac"": 1.0, ""signal_id"": ""L-2025-12-03 11:59-133""}"
2026-01-08 00:00,13880,L,D_ARM,"{""day"": ""2026-01-07"", ""P0"": 84450.01, ""H1"": 94789.08}"
2026-01-08 12:00,13883,L,ORDER_CREATE,"{""key"": 13882, ""level"": 90228.3775, ""stop"": 89319.3357, ""atr_idx"": 13882, ""atr_end_time"": 1767873599999, ""r_confirm_time"": 1767873599999}"
2026-01-08 12:00,13883,L,SIGNAL,"{""key"": 13882}"
2026-01-08 12:00,13883,L,FILL,"{""signal_id"": ""L-2026-01-08 11:59-134"", ""expected"": 90228.3775, ""entry"": 90228.3775, ""stop"": 89319.3357, ""key"": 13882}"
2026-01-08 14:29,13883,L,EXIT,"{""exit_kind"": ""stop"", ""px"": 89319.3357, ""frac"": 1.0, ""signal_id"": ""L-2026-01-08 11:59-134""}"
2026-02-03 00:00,14036,S,D_ARM,"{""day"": ""2026-02-02"", ""P0"": -84270.02, ""H1"": -74604.0}"
2026-02-03 04:00,14037,S,ORDER_CREATE,"{""key"": 14036, ""level"": -78650.6237, ""stop"": -79548.933, ""atr_idx"": 14036, ""atr_end_time"": 1770091199999, ""r_confirm_time"": 1770091199999}"
2026-02-03 04:00,14037,S,SIGNAL,"{""key"": 14036}"
2026-02-03 04:00,14037,S,FILL,"{""signal_id"": ""S-2026-02-03 03:59-135"", ""expected"": -78650.6237, ""entry"": -78650.6237, ""stop"": -79548.933, ""key"": 14036}"
2026-02-03 15:59,14039,S,R_CONFIRM_POS_FROZEN,"{""signal_id"": ""S-2026-02-03 03:59-135""}"
2026-02-03 16:24,14040,S,EXIT,"{""exit_kind"": ""tp"", ""px"": -76854.0052, ""frac"": 0.5, ""signal_id"": ""S-2026-02-03 03:59-135""}"
2026-02-03 18:49,14040,S,EXIT,"{""exit_kind"": ""tp"", ""px"": -73524.6, ""frac"": 0.125, ""signal_id"": ""S-2026-02-03 03:59-135""}"
2026-02-04 03:59,14042,S,R_CONFIRM_POS_FROZEN,"{""signal_id"": ""S-2026-02-03 03:59-135""}"
2026-02-04 15:59,14045,S,R_CONFIRM_POS_FROZEN,"{""signal_id"": ""S-2026-02-03 03:59-135""}"
2026-02-04 17:44,14046,S,EXIT,"{""exit_kind"": ""tp"", ""px"": -72183.6, ""frac"": 0.125, ""signal_id"": ""S-2026-02-03 03:59-135""}"
2026-02-04 23:59,14047,S,R_CONFIRM_POS_FROZEN,"{""signal_id"": ""S-2026-02-03 03:59-135""}"
2026-02-05 07:59,14049,S,R_CONFIRM_POS_FROZEN,"{""signal_id"": ""S-2026-02-03 03:59-135""}"
2026-02-05 11:24,14050,S,EXIT,"{""exit_kind"": ""tp"", ""px"": -70008.2, ""frac"": 0.125, ""signal_id"": ""S-2026-02-03 03:59-135""}"
2026-02-05 17:24,14052,S,EXIT,"{""exit_kind"": ""tp"", ""px"": -66491.8, ""frac"": 0.125, ""signal_id"": ""S-2026-02-03 03:59-135""}"
2026-02-06 00:00,14054,S,D_ARM,"{""day"": ""2026-02-05"", ""P0"": -79186.81, ""H1"": -62345.0}"
2026-02-06 00:00,14054,S,ORDER_CREATE,"{""key"": 14053, ""level"": -68608.943, ""stop"": -71061.1458, ""atr_idx"": 14053, ""atr_end_time"": 1770335999999, ""r_confirm_time"": 1770335999999}"
2026-02-06 00:00,14054,S,SIGNAL,"{""key"": 14053}"
2026-02-06 07:59,14055,S,R_REPLACED,"{""old_key"": 14053, ""new_key"": 14055}"
2026-02-06 07:59,14055,S,ORDER_CANCEL,"{""key"": 14053, ""reason"": ""R_REPLACED"", ""level"": -68608.943}"
2026-02-06 08:00,14056,S,ORDER_CREATE,"{""key"": 14055, ""level"": -64319.9575, ""stop"": -66167.4085, ""atr_idx"": 14055, ""atr_end_time"": 1770364799999, ""r_confirm_time"": 1770364799999}"
2026-02-06 08:00,14056,S,SIGNAL,"{""key"": 14055}"
2026-02-06 08:00,14056,S,FILL,"{""signal_id"": ""S-2026-02-06 07:59-136"", ""expected"": -64319.9575, ""entry"": -64319.9575, ""stop"": -66167.4085, ""key"": 14055}"
2026-02-06 10:24,14056,S,EXIT,"{""exit_kind"": ""stop"", ""px"": -66167.4085, ""frac"": 1.0, ""signal_id"": ""S-2026-02-06 07:59-136""}"
2026-02-08 00:00,14066,S,D_ARM,"{""day"": ""2026-02-07"", ""P0"": -73341.18, ""H1"": -60000.0}"
2026-02-08 00:00,14066,S,ORDER_CREATE,"{""key"": 14063, ""level"": -70500.8682, ""stop"": -71905.07, ""atr_idx"": 14065, ""atr_end_time"": 1770508799999, ""r_confirm_time"": 1770479999999}"
2026-02-08 00:00,14066,S,SIGNAL,"{""key"": 14063}"
2026-02-08 08:30,14068,S,FILL,"{""signal_id"": ""S-2026-02-07 15:59-137"", ""expected"": -70500.8682, ""entry"": -70500.8682, ""stop"": -71905.07, ""key"": 14063}"
2026-02-08 23:09,14071,S,EXIT,"{""exit_kind"": ""stop"", ""px"": -71905.07, ""frac"": 1.0, ""signal_id"": ""S-2026-02-07 15:59-137""}"
2026-02-24 00:00,14162,S,D_ARM,"{""day"": ""2026-02-23"", ""P0"": -70983.0, ""H1"": -63888.79}"
2026-02-24 00:00,14162,S,ORDER_CREATE,"{""key"": 14160, ""level"": -65780.7818, ""stop"": -66774.2235, ""atr_idx"": 14161, ""atr_end_time"": 1771891199999, ""r_confirm_time"": 1771876799999}"
2026-02-24 00:00,14162,S,SIGNAL,"{""key"": 14160}"
2026-02-24 03:59,14162,S,R_REPLACED,"{""old_key"": 14160, ""new_key"": 14162}"
2026-02-24 03:59,14162,S,ORDER_CANCEL,"{""key"": 14160, ""reason"": ""R_REPLACED"", ""level"": -65780.7818}"
2026-02-24 04:00,14163,S,ORDER_CREATE,"{""key"": 14162, ""level"": -64940.0309, ""stop"": -65898.3036, ""atr_idx"": 14162, ""atr_end_time"": 1771905599999, ""r_confirm_time"": 1771905599999}"
2026-02-24 04:00,14163,S,SIGNAL,"{""key"": 14162}"
2026-02-24 11:59,14164,S,R_REPLACED,"{""old_key"": 14162, ""new_key"": 14164}"
2026-02-24 11:59,14164,S,ORDER_CANCEL,"{""key"": 14162, ""reason"": ""R_REPLACED"", ""level"": -64940.0309}"
2026-02-24 12:00,14165,S,ORDER_CREATE,"{""key"": 14164, ""level"": -64238.0061, ""stop"": -65174.94, ""atr_idx"": 14164, ""atr_end_time"": 1771934399999, ""r_confirm_time"": 1771934399999}"
2026-02-24 12:00,14165,S,SIGNAL,"{""key"": 14164}"
2026-02-24 16:00,14166,S,FILL,"{""signal_id"": ""S-2026-02-24 11:59-138"", ""expected"": -64238.0061, ""entry"": -64238.0061, ""stop"": -65174.94, ""key"": 14164}"
2026-02-24 19:59,14166,S,R_CONFIRM_POS_FROZEN,"{""signal_id"": ""S-2026-02-24 11:59-138""}"
2026-02-25 01:14,14168,S,EXIT,"{""exit_kind"": ""stop"", ""px"": -65174.94, ""frac"": 1.0, ""signal_id"": ""S-2026-02-24 11:59-138""}"
2026-03-07 00:00,14228,L,D_ARM,"{""day"": ""2026-03-06"", ""P0"": 67400.0, ""H1"": 73558.15}"
2026-03-07 19:19,14232,L,V,"{""P0"": 67400.0, ""mode"": ""5M""}"
2026-06-25 00:00,14888,S,D_ARM,"{""day"": ""2026-06-24"", ""P0"": -67292.15, ""H1"": -59102.7}"
2026-06-25 00:00,14888,S,ORDER_CREATE,"{""key"": 14887, ""level"": -61837.7138, ""stop"": -63128.1179, ""atr_idx"": 14887, ""atr_end_time"": 1782345599999, ""r_confirm_time"": 1782345599999}"
2026-06-25 00:00,14888,S,SIGNAL,"{""key"": 14887}"
2026-06-25 07:15,14889,S,SKIP_V,"{""key"": 14887}"
2026-06-25 07:15,14889,S,ORDER_CANCEL,"{""key"": 14887, ""reason"": ""SKIP_V"", ""level"": -61837.7138}"
2026-06-25 12:00,14891,S,ORDER_CREATE,"{""key"": 14890, ""level"": -61468.9092, ""stop"": -62116.8933, ""atr_idx"": 14890, ""atr_end_time"": 1782388799999, ""r_confirm_time"": 1782388799999}"
2026-06-25 12:00,14891,S,SIGNAL,"{""key"": 14890}"
2026-06-25 12:30,14891,S,FILL,"{""signal_id"": ""S-2026-06-25 11:59-139"", ""expected"": -61468.9092, ""entry"": -61468.9092, ""stop"": -62116.8933, ""key"": 14890}"
2026-06-25 13:44,14891,S,EXIT,"{""exit_kind"": ""tp"", ""px"": -60172.941, ""frac"": 0.5, ""signal_id"": ""S-2026-06-25 11:59-139""}"
2026-06-25 13:44,14891,S,EXIT,"{""exit_kind"": ""tp"", ""px"": -61087.3311, ""frac"": 0.125, ""signal_id"": ""S-2026-06-25 11:59-139""}"
2026-06-25 13:44,14891,S,EXIT,"{""exit_kind"": ""tp"", ""px"": -60354.3994, ""frac"": 0.125, ""signal_id"": ""S-2026-06-25 11:59-139""}"
2026-06-25 13:54,14891,S,EXIT,"{""exit_kind"": ""tp"", ""px"": -59169.6606, ""frac"": 0.125, ""signal_id"": ""S-2026-06-25 11:59-139""}"
2026-06-25 23:59,14893,S,R_CONFIRM_POS_FROZEN,"{""signal_id"": ""S-2026-06-25 11:59-139""}"
2026-06-26 11:59,14896,S,R_CONFIRM_POS_FROZEN,"{""signal_id"": ""S-2026-06-25 11:59-139""}"
2026-06-27 23:59,14905,S,R_CONFIRM_POS_FROZEN,"{""signal_id"": ""S-2026-06-25 11:59-139""}"
2026-06-28 15:59,14909,S,R_CONFIRM_POS_FROZEN,"{""signal_id"": ""S-2026-06-25 11:59-139""}"
2026-06-29 03:59,14912,S,R_CONFIRM_POS_FROZEN,"{""signal_id"": ""S-2026-06-25 11:59-139""}"
2026-06-29 11:59,14914,S,R_CONFIRM_POS_FROZEN,"{""signal_id"": ""S-2026-06-25 11:59-139""}"
2026-06-29 19:59,14916,S,R_CONFIRM_POS_FROZEN,"{""signal_id"": ""S-2026-06-25 11:59-139""}"
2026-06-30 03:59,14918,S,R_CONFIRM_POS_FROZEN,"{""signal_id"": ""S-2026-06-25 11:59-139""}"
2026-06-30 23:59,14923,S,R_CONFIRM_POS_FROZEN,"{""signal_id"": ""S-2026-06-25 11:59-139""}"
2026-07-01 07:59,14925,S,R_CONFIRM_POS_FROZEN,"{""signal_id"": ""S-2026-06-25 11:59-139""}"
2026-07-01 15:59,14927,S,R_CONFIRM_POS_FROZEN,"{""signal_id"": ""S-2026-06-25 11:59-139""}"
2026-07-02 03:59,14930,S,R_CONFIRM_POS_FROZEN,"{""signal_id"": ""S-2026-06-25 11:59-139""}"
2026-07-02 09:54,14932,S,EXIT,"{""exit_kind"": ""stop"", ""px"": -61345.9714, ""frac"": 0.125, ""signal_id"": ""S-2026-06-25 11:59-139""}"
2026-08-22 00:00,15236,L,D_ARM,"{""day"": ""2026-08-21"", ""P0"": 64166.0, ""H1"": 79500.0}"
2026-08-22 00:00,15236,L,ORDER_CREATE,"{""key"": 15235, ""level"": 77060.2742, ""stop"": 76008.289, ""atr_idx"": 15235, ""atr_end_time"": 1787356799999, ""r_confirm_time"": 1787356799999}"
2026-08-22 00:00,15236,L,SIGNAL,"{""key"": 15235}"
2026-08-22 05:10,15237,L,FILL,"{""signal_id"": ""L-2026-08-21 23:59-140"", ""expected"": 77060.2742, ""entry"": 77060.2742, ""stop"": 76008.289, ""key"": 15235}"
2026-08-22 07:59,15237,L,R_CONFIRM_POS_FROZEN,"{""signal_id"": ""L-2026-08-21 23:59-140""}"
2026-08-23 05:14,15243,L,EXIT,"{""exit_kind"": ""stop"", ""px"": 76008.289, ""frac"": 1.0, ""signal_id"": ""L-2026-08-21 23:59-140""}"
2026-08-25 00:00,15254,L,D_ARM,"{""day"": ""2026-08-24"", ""P0"": 73027.02, ""H1"": 80000.0}"
2026-08-25 00:00,15254,L,ORDER_CREATE,"{""key"": 15252, ""level"": 77784.1228, ""stop"": 76572.4913, ""atr_idx"": 15253, ""atr_end_time"": 1787615999999, ""r_confirm_time"": 1787601599999}"
2026-08-25 00:00,15254,L,SIGNAL,"{""key"": 15252}"
2026-08-25 03:59,15254,L,R_REPLACED,"{""old_key"": 15252, ""new_key"": 15254}"
2026-08-25 03:59,15254,L,ORDER_CANCEL,"{""key"": 15252, ""reason"": ""R_REPLACED"", ""level"": 77784.1228}"
2026-08-25 04:00,15255,L,ORDER_CREATE,"{""key"": 15254, ""level"": 79322.3332, ""stop"": 78174.77, ""atr_idx"": 15254, ""atr_end_time"": 1787630399999, ""r_confirm_time"": 1787630399999}"
2026-08-25 04:00,15255,L,SIGNAL,"{""key"": 15254}"
2026-08-25 07:50,15255,L,FILL,"{""signal_id"": ""L-2026-08-25 03:59-141"", ""expected"": 79322.3332, ""entry"": 79322.3332, ""stop"": 78174.77, ""key"": 15254}"
2026-08-25 11:59,15256,L,R_CONFIRM_POS_FROZEN,"{""signal_id"": ""L-2026-08-25 03:59-141""}"
2026-08-25 13:54,15257,L,EXIT,"{""exit_kind"": ""stop"", ""px"": 78174.77, ""frac"": 1.0, ""signal_id"": ""L-2026-08-25 03:59-141""}"
